match_id,winning_team,mid_boss.team_claimed,1,2,3,4,6,7,8,10,11,12,13,14,15,16,17,18,19,20,25,27,31,35,50,52,58,60,63,64,65,66,67,69,72,76,77,79,80,81
84031406,Team0,0,0,27798,0,-28656,0,0,0,0,24128,0,-27212,0,0,0,0,-22190,0,-23837,25651,0,-23750,25604,25963,0,0,0,0,29115,0,0,0,0,0,-25389,0,0,0,0
84031463,Team0,1,0,0,0,26992,24094,0,28893,0,0,-19692,0,0,0,0,0,0,0,23454,0,-20740,-20307,0,-27451,0,0,0,28046,0,-23151,0,0,0,0,28303,0,0,0,-25717
84031490,Team1,1,0,-26856,0,0,27105,0,32362,0,-23174,0,-23154,0,0,0,0,-25452,0,0,0,-28646,0,0,-26450,25818,0,0,34257,0,0,0,0,25541,0,0,0,0,25508,0
84031506,Team1,-1,-37622,0,21853,0,0,31311,0,-31731,0,0,0,0,0,0,-31433,0,22384,0,0,25832,0,0,-29139,-31103,0,0,0,0,0,-30465,12911,0,0,0,0,0,0,32618
84031547,Team1,-1,0,30585,0,0,0,21723,-28972,-28458,0,0,0,0,0,0,15842,0,0,0,0,0,19160,30028,0,-31462,0,0,-27264,24166,0,-33336,0,0,0,0,-28991,0,0,0
84031556,Team0,1,0,-29878,0,0,0,0,0,-23167,0,0,0,0,28478,0,0,0,25756,0,26683,-28088,25814,-21777,0,0,-29651,29738,27875,0,0,-24958,0,0,0,0,0,0,0,0
84031578,Team0,1,0,0,0,0,0,0,0,0,0,0,-26215,25860,23667,0,-26284,-29783,-23692,23348,25193,26367,-21395,0,0,0,-24452,0,0,25582,0,0,0,0,0,0,0,0,0,0
84031613,Team0,0,-21360,25342,0,-22733,0,0,0,0,0,0,28612,0,0,30499,-28150,24767,-23775,25312,0,0,-24043,0,0,0,0,0,0,0,0,0,0,0,0,0,0,-25313,28728,0
84031627,Team1,-1,0,0,-24157,0,27021,-30761,0,0,-25927,0,23898,0,24533,-26516,0,-31607,0,20867,0,0,0,0,0,0,0,0,0,25763,26290,0,0,0,0,0,-23231,0,0,0
84031640,Team0,-1,0,-24336,24731,29750,0,0,0,0,0,0,0,0,19433,0,0,0,-26407,0,22578,0,-24285,0,0,-28047,0,0,0,0,0,0,-25402,0,0,0,-27144,26625,0,22894
84031642,Team0,1,0,0,0,0,0,0,0,31781,29899,0,0,0,0,29544,0,0,0,0,27376,28386,0,0,-26020,0,0,-20860,27374,-19821,-31000,-31199,0,0,0,0,0,0,0,-19773
84031643,Team0,-1,0,0,0,-31173,0,26519,0,-24219,0,22136,-28623,0,0,0,0,-23373,25315,0,0,27400,-25422,0,0,0,0,28070,24389,-28575,0,0,0,0,0,0,0,0,0,0
84031680,Team1,0,0,0,0,25255,0,-29146,27146,0,23255,0,0,0,26890,0,-25124,0,0,0,-27971,0,25726,0,0,0,0,0,22995,0,0,-22782,-23201,0,0,0,-27484,0,0,0
84031687,Team1,-1,-23494,0,0,0,0,0,0,0,0,0,-26382,0,23028,0,-23856,-24003,0,0,-28134,0,-23293,0,20860,0,0,0,0,23582,0,25148,23593,0,0,0,0,0,0,21605
84031719,Team0,0,0,0,0,0,-15359,25646,0,0,0,-14324,-19698,23097,-17123,0,0,0,25040,0,0,0,0,0,0,0,0,-10751,0,0,-11386,0,0,0,26032,0,28222,24947,0,0
84031828,Team0,0,-26522,32822,0,0,21480,0,0,-24762,0,25049,24741,0,0,0,-27413,-30368,0,0,-25683,0,0,0,31166,0,0,0,0,-26026,0,0,0,0,0,0,24134,0,0,0
84031855,Team0,1,25069,0,0,0,0,-25469,22559,-5182,0,0,0,0,0,23436,21020,0,-20399,0,0,0,21932,-15695,0,0,0,0,0,0,-21067,29211,0,0,0,0,0,0,0,-22541
84031885,Team0,-1,30448,-26353,23522,0,0,0,0,22738,0,0,0,-24602,0,0,0,27353,0,0,0,-22028,26636,0,0,0,0,0,0,27432,-28999,-24055,-25507,0,0,0,0,0,0,0
84031915,Team0,1,0,33855,0,0,0,-31753,-27590,0,30080,0,28488,0,0,-20901,0,-20151,0,-21037,0,0,32570,0,0,-25428,0,0,0,0,0,0,0,0,28486,0,0,0,28487,0
84031989,Team1,0,0,0,0,-32362,21320,0,0,0,0,-25366,-30962,0,-26785,0,0,0,-35670,0,0,25754,22011,0,20945,0,0,0,0,0,20737,0,22801,-28354,0,0,0,0,0,0
84032034,Team1,0,0,0,0,0,0,-31156,0,0,25601,0,0,0,24496,24811,-28823,0,-27374,0,0,0,-24787,0,0,0,26185,-26115,0,0,27111,-31926,0,0,0,0,24859,0,0,0
84032137,Team1,0,28620,27071,0,0,0,25713,27951,0,0,0,0,0,0,0,-26052,28199,-24234,-23557,0,0,0,0,0,0,0,0,-22337,26333,0,-27349,0,0,0,-29747,0,0,0,0
84062396,Team0,1,30359,0,0,0,0,0,-23711,0,0,0,27440,-31107,28249,0,0,0,-24339,0,0,31841,0,0,0,0,-29811,0,0,0,-28069,27340,29670,0,0,0,0,0,0,-24748
84062422,Team1,0,-25609,27618,0,0,0,0,0,0,0,-24541,-23233,23367,-31340,0,-24014,0,30371,24192,0,0,0,0,0,0,0,0,0,0,31197,-28939,0,0,0,0,0,0,24606,0
84062451,Team1,0,24843,32564,0,0,0,0,0,0,-29736,0,-29811,0,-32815,0,0,0,23753,0,0,-33612,27017,0,-34876,0,0,0,0,23941,0,0,0,24481,0,0,-31521,0,0,0
84062493,Team1,0,0,30095,0,25811,24771,0,23483,-27749,0,0,-23738,24884,0,0,0,0,0,0,0,0,0,-23698,0,-23847,0,0,0,25650,0,-27336,0,0,0,0,0,0,-25611,0
84062516,Team0,1,0,0,-17854,0,-23963,0,-21585,-23353,0,30882,34731,0,30979,0,0,0,34603,0,0,-25710,32318,0,31008,-23275,0,0,0,0,0,0,0,0,0,0,0,0,0,0
84062519,Team0,0,-25608,-28333,25070,0,-27517,0,0,0,0,0,0,0,-24071,0,0,0,27901,0,0,0,0,0,0,26227,0,0,0,-27701,0,0,0,27201,0,-27753,0,0,28167,27971
84062561,Team1,1,0,-30546,0,28277,0,0,0,0,27331,0,27906,-18624,25764,28980,0,0,-18838,31359,-25763,0,0,0,0,0,0,0,-30545,0,0,0,0,0,0,0,-22408,0,0,0
84062568,Team0,0,-26926,25550,0,0,0,0,0,23919,0,0,-21934,0,-23499,0,0,0,24026,-21861,0,0,0,25024,0,35586,27451,0,0,-20569,0,0,0,0,-30189,0,0,0,0,0
84062629,Team1,-1,0,0,-29142,-28579,0,26589,0,0,0,0,0,20115,-29931,0,0,0,0,0,-30331,-32518,0,0,27810,0,31677,20948,29294,0,0,0,-29592,0,0,0,0,0,0,0
84062638,Team0,0,0,0,26943,22847,0,-30212,0,0,0,0,0,0,0,0,-24277,20950,0,0,0,-27516,0,0,0,0,0,-25240,24414,0,0,-24613,0,30952,24447,0,-22932,0,0,0
84062648,Team1,-1,0,0,0,0,0,20839,0,0,0,0,-34034,0,-30374,22251,0,0,-30859,0,0,20820,18994,0,-31996,0,0,0,24783,0,0,-30231,0,-28822,0,0,0,23556,0,0
84062673,Team1,0,0,0,0,0,0,30165,0,24250,0,0,0,0,0,0,0,0,22384,26450,0,0,-24791,0,-29140,27271,0,0,-31827,-27648,0,0,0,0,-27824,0,23911,0,-25008,0
84062712,Team0,-1,0,-28630,0,-25586,0,0,0,-24579,0,25231,30008,0,0,0,0,0,0,-25111,27857,0,23237,0,-29773,0,0,0,0,28963,0,0,0,0,-33303,0,0,0,0,28812
84062725,Team1,-1,0,0,22766,0,-28483,-38134,0,-29225,0,0,0,0,0,-28095,0,0,25363,0,0,24933,22435,0,23787,-32200,0,0,0,-27471,0,0,0,0,0,0,0,0,0,25535
84062765,Team0,0,-24940,0,0,0,0,32303,0,-25327,0,29997,0,0,-26541,0,0,0,0,0,0,28412,0,0,0,0,0,0,-35077,-32248,27877,-31745,0,27921,0,0,0,0,26593,0
84062782,Team1,-1,0,-30470,0,23047,0,0,0,-29648,32158,0,28067,-35529,24385,0,27901,0,26037,0,0,0,0,0,0,0,0,0,0,0,-30505,-36589,0,0,0,0,-27234,0,0,0
84062806,Team1,-1,-24921,0,-29121,0,0,0,-24399,-24517,21425,0,34088,0,0,29251,0,22259,-27774,0,0,0,0,0,0,0,0,0,0,22189,0,0,0,0,0,20871,-26796,0,0,0
84062823,Team1,0,0,0,0,-25017,0,0,0,0,0,0,0,0,19932,-25512,0,0,0,-26216,0,0,22931,0,0,0,0,0,28765,0,0,23676,0,-26727,0,27196,-23947,0,24543,-23647
84062862,Team0,0,0,0,-26768,23457,0,26414,0,0,-25607,0,25688,0,-33881,0,0,29318,0,0,0,-30110,0,22480,0,0,18832,0,0,0,-24622,0,0,0,0,0,-25869,0,0,0
84062890,Team0,1,0,0,0,0,0,-23947,0,0,0,-21772,30506,0,0,-24604,0,0,0,26600,-24417,0,-24294,0,0,25547,0,26779,0,-30033,0,33076,0,0,0,0,0,0,23698,0
84062891,Team1,-1,26269,0,-32326,0,0,27140,0,-32275,0,0,0,23788,0,0,0,0,0,0,0,0,-26829,0,0,24871,0,0,25671,0,0,-28275,17321,0,0,0,-28477,0,0,-26829
84062977,Team0,1,0,-31960,0,0,-27633,0,-24331,24175,0,0,26521,0,0,0,0,26289,-31252,0,0,0,0,0,-24633,0,0,0,26691,30682,0,32840,0,0,0,-27842,0,0,0,0
84032141,Team0,1,0,-25176,0,0,-25554,0,-25684,0,0,0,-27589,0,0,32890,0,-23357,27448,0,0,0,32755,0,-32329,0,0,0,0,0,29009,0,0,0,0,27351,0,26563,0,0
84032152,Team0,1,0,-26530,0,26633,0,0,0,-28012,0,0,0,0,0,-23448,0,29328,0,-27051,-21889,-23466,0,0,26634,0,0,0,0,26294,35839,0,0,0,0,0,0,30380,0,0
84032167,Team1,0,0,0,23406,28465,0,-27039,0,-23984,0,0,0,0,-23639,0,0,0,-24460,0,0,0,0,25833,0,23301,0,0,0,-25245,0,25967,0,24322,0,0,-23824,0,0,0
84032246,Team0,0,0,0,0,-25005,0,0,22814,23139,0,0,0,0,0,0,0,0,-22523,0,24120,0,-21796,0,0,22071,0,0,0,27358,-25357,0,-25743,-22379,0,0,0,0,0,32677
84063181,Team0,0,0,-28816,24824,0,0,-27039,0,30555,0,-27271,0,0,-24629,-30485,0,0,29755,25316,0,-33259,0,0,0,0,0,0,0,24381,0,0,0,0,32104,0,0,0,0,0
84063357,Team0,1,0,0,30294,0,-21572,0,0,0,28786,-22038,-20355,0,0,0,28973,0,0,-29200,0,29233,28250,0,-35849,0,0,0,0,0,-19564,29257,0,0,0,0,0,0,0,0
84122036,Team1,0,0,-30773,-22713,0,0,26323,0,0,0,0,0,0,0,0,-25907,-26627,0,0,-28357,27069,0,23559,24733,25234,0,0,0,0,0,0,0,0,0,0,-24458,0,20712,0
84122050,Team1,1,-23242,0,0,0,0,0,0,0,0,0,22755,0,26567,0,-20674,0,0,0,0,0,0,0,0,-24690,0,0,0,27667,30970,26197,-21520,0,-26317,0,0,25672,0,-21073
84122090,Team1,-1,0,-40740,0,0,-28575,25616,0,-29054,0,0,24222,0,0,0,0,30997,28967,0,0,0,0,0,-29653,0,0,0,0,0,25669,-34623,0,0,0,-37284,0,22362,0,0
84122116,Team0,1,0,0,0,0,0,-29151,29631,0,-23681,0,29588,0,0,-24061,0,-23594,29221,0,28547,0,0,0,0,0,0,0,-21261,33956,0,0,0,0,0,27344,-23587,0,0,0
84122136,Team1,-1,0,-35253,0,-27626,24657,0,0,0,0,0,22362,0,27887,-36503,27161,0,-30426,-32106,24660,0,0,0,0,0,0,0,0,27169,0,0,0,-28998,0,0,0,0,0,0
84122145,Team1,0,-26350,0,0,0,0,0,20918,0,19726,0,-31515,0,-21879,20139,0,0,-26362,0,0,0,19427,0,0,0,0,0,0,0,28174,0,0,0,0,0,-24033,-24833,0,26721
84122187,Team1,1,0,0,0,26205,16173,0,0,0,0,0,-29354,16741,-30569,0,-22457,0,20778,0,0,-28971,0,0,22557,0,0,0,0,0,-33785,0,0,0,-28762,0,0,17904,0,0
84122212,Team1,0,0,-30144,0,-25062,0,0,0,0,23394,0,0,0,0,21710,-18651,0,-23435,0,0,24838,0,-24302,0,0,27747,23299,0,0,0,0,0,0,0,-26771,0,0,0,22895
84122249,Team0,0,0,-27339,26448,0,0,0,0,0,0,-24244,29669,0,-23207,-22623,0,24946,0,0,31171,-21151,24173,0,0,31661,0,0,0,0,0,0,0,0,0,-29273,0,0,0,0
84122277,Team0,0,0,31627,0,27335,29792,0,0,0,0,0,-27408,0,0,0,0,-26113,0,-24818,0,-29623,0,0,0,30931,0,0,-25049,0,-27886,0,0,30764,0,26903,0,0,0,0
84122296,Team0,1,29234,0,0,0,0,0,0,0,0,0,26371,0,0,-22658,0,28875,0,0,0,-28504,-30344,30747,-29731,0,0,0,47650,0,0,0,-28073,0,-25838,0,0,0,25437,0
84122307,Team1,0,-25597,0,-23680,0,-32232,32594,0,0,18908,0,21922,0,0,0,20897,22470,-30175,0,29254,0,0,0,0,0,0,0,0,0,0,0,0,-23394,0,0,0,-25550,0,0
84122323,Team0,1,0,0,0,0,24562,0,0,-23395,0,0,0,0,0,-24836,24647,0,0,0,0,-23282,24451,-29032,0,26035,0,0,0,0,0,31577,23995,0,-24423,0,0,-24710,0,0
84122324,Team0,1,0,0,0,0,0,0,0,0,0,0,0,0,0,0,-16890,0,33676,0,0,0,0,0,0,0,0,0,0,0,0,0,0,0,0,0,0,0,0,0
84032412,Team1,0,26640,0,0,-25554,0,0,20902,0,-25940,0,0,0,0,0,24709,0,0,0,22381,19266,22785,0,0,-22381,0,0,-22244,-22732,0,0,0,0,0,0,0,0,0,-29709
84032448,Team1,1,0,27603,0,0,0,-36743,0,0,0,0,0,0,0,0,-24682,0,27921,0,-28998,0,23304,0,-31495,26827,0,0,0,0,0,-27485,0,0,0,0,0,25649,22982,-28957
84032482,Team0,1,-22200,0,0,28454,-23463,34443,0,-22851,0,30358,-26852,0,0,0,0,0,0,0,0,0,29894,0,0,-20683,0,0,0,0,0,0,0,0,0,28364,28568,0,0,-22539
84032494,Team0,1,33286,0,0,29433,0,0,0,0,0,-27105,0,-26385,24910,0,26501,0,0,0,-24669,-27880,0,0,0,0,0,0,-28127,0,0,29906,0,0,0,0,0,30429,0,-24060
84032507,Team0,1,0,29100,0,0,-27238,0,40401,-25312,0,0,-27282,0,0,0,-26342,0,0,-26450,0,28571,27881,0,0,0,0,0,36287,0,0,-28406,0,0,26979,0,0,0,0,0
84032537,Team1,-1,26210,0,0,0,21204,0,0,-25946,0,0,-30176,0,0,26320,0,0,-30732,-27199,-28016,0,-27196,0,0,0,0,0,0,0,25772,0,24304,0,0,21367,0,0,0,0
84032571,Team0,1,0,0,32499,0,0,-24909,0,0,0,0,0,0,0,0,0,0,-18157,-20920,0,39027,-19450,0,0,0,0,0,0,0,-24415,37587,28567,31092,31242,-23897,0,0,0,0
84063411,Team1,-1,0,0,0,0,0,0,0,0,20043,-24616,26216,0,0,0,0,0,0,0,-21590,-27178,17740,0,27485,0,0,-20241,-27387,0,28325,0,0,0,19245,0,0,0,-20455,0
84063473,Team0,1,27816,-19550,0,0,-15977,0,0,-19150,0,0,0,0,0,0,27478,0,-21451,33855,0,0,0,0,0,0,0,0,0,-9191,0,29803,-17600,28464,0,0,0,0,27850,0
84063486,Team1,-1,25626,-33290,0,0,-26049,0,0,28215,0,0,0,0,29020,0,0,0,0,0,0,27572,0,0,0,0,0,-28894,0,-27320,27730,-33803,-29661,0,0,26871,0,0,0,0
84093774,Team1,-1,0,18183,0,-39172,0,0,0,0,0,0,0,0,22680,0,0,0,26327,-29850,0,-23055,-22581,0,26389,0,0,0,0,0,0,22834,-27187,0,0,0,-24175,22917,0,0
84093787,Team0,1,32815,0,0,0,0,0,-22756,0,0,0,0,-21868,0,0,0,0,-19951,0,26321,35730,-20996,0,0,0,0,22531,0,-23589,-34249,0,0,0,24892,0,0,23755,0,0
84093801,Team0,-1,-26945,29112,0,0,0,29682,0,0,0,0,0,0,28081,0,0,0,28850,27655,0,-22779,0,-21800,0,0,-24318,0,0,27585,0,0,0,0,0,-24158,0,0,0,-25173
84093802,Team0,-1,27017,-32734,0,-32505,-22539,0,0,0,0,0,30369,0,0,0,0,25476,0,0,0,0,0,0,-25718,0,0,-22372,0,-24499,33666,0,0,24037,0,0,0,0,25338,0
84093803,Team1,-1,-26906,0,25178,0,0,0,0,0,0,0,-28819,0,-21681,0,0,0,24827,20880,0,22533,0,0,0,0,0,0,-26979,0,0,0,0,32236,0,-22267,0,-27992,0,29526
84093807,Team1,-1,0,0,0,0,-29327,0,0,25955,-22293,0,0,0,26954,0,-24888,0,0,27659,0,-28705,27438,0,0,0,0,-28097,0,27590,-33421,26756,0,0,0,0,0,0,0,0
84093878,Team0,1,0,-30525,0,0,0,-31018,0,25911,0,0,0,28208,0,0,31559,0,-19042,0,0,0,26304,0,0,0,0,-20964,0,29130,40914,0,0,0,0,-20586,-20140,0,0,0
84093903,Team1,-1,-30801,0,0,0,-24038,-27575,0,0,29380,0,0,0,0,0,0,0,0,0,0,28513,-30481,-25687,0,0,0,26279,26663,-28870,29393,0,0,0,0,0,0,0,25833,0
84122324,Team0,1,0,0,0,39315,0,0,30448,-19406,0,0,0,31216,0,0,0,0,0,0,0,-16611,31151,0,0,0,0,27451,0,0,0,-17552,0,0,0,0,0,-17395,0,-17915
84122356,Team0,1,0,0,0,0,0,34820,0,0,-25703,19368,0,-28924,-26576,0,0,0,0,0,-44093,22528,0,0,29538,0,-28407,0,0,-30593,0,0,0,0,0,23966,0,0,21873,0
84122357,Team1,0,0,38468,0,0,32323,0,0,0,-27178,0,-32628,0,25877,28818,-29474,-22264,0,0,0,-24583,0,0,0,0,0,0,0,-26567,23808,0,0,0,0,0,0,24068,0,0
84122360,Team0,1,23496,-22841,0,0,23170,28279,-21178,0,0,0,26911,0,22910,0,-21726,0,-22035,0,0,0,-23921,22788,0,0,0,0,0,0,0,0,0,0,0,0,0,0,-23697,0
84122408,Team1,0,0,0,-22196,23786,0,0,0,0,21246,21989,0,25752,0,0,0,0,-23612,0,0,24377,21950,-22577,0,-34391,0,0,-25795,-23757,0,0,0,0,0,0,0,0,0,0
84122454,Team0,0,-23164,-32052,0,0,32223,30612,0,26107,0,0,-26282,0,0,0,0,-19170,28853,25289,0,0,0,-22033,0,-20417,0,0,0,0,0,0,0,0,0,30681,0,0,0,0
84122516,Team0,0,21715,35375,0,0,0,-34889,-26706,-23375,0,29223,22646,0,0,0,0,23331,-23726,0,0,-28678,-24517,0,0,0,27936,0,0,0,0,0,0,0,0,0,0,0,0,0
84032656,Team0,1,0,-26591,0,0,23518,0,0,-22718,0,0,0,0,-25063,0,23606,0,-21093,0,0,0,0,0,30868,28189,0,-25564,0,0,0,25208,0,0,0,27352,0,0,-24321,0
84032703,Team0,0,0,0,0,0,0,0,0,0,0,23586,26819,0,-23675,0,0,25684,0,0,0,25748,0,0,0,-23429,0,0,0,0,32680,-24333,-22048,24143,0,-23735,0,0,0,-26455
84032704,Team0,0,-19979,0,0,0,-19518,32846,-27449,0,0,-22333,0,0,0,0,0,28196,24718,0,0,0,0,0,0,0,0,0,30753,-17919,0,0,22906,-25305,0,0,0,0,0,23254
84032733,Team0,0,0,0,0,-25535,0,0,0,0,-22256,0,-25318,-20892,0,0,0,0,19825,0,0,0,23012,0,24400,0,0,0,0,0,0,34297,20828,0,0,25962,0,0,-29084,-23360
84032739,Team0,0,0,23679,0,-27205,0,0,0,23313,23607,0,0,0,0,0,27844,0,0,0,-26285,-27449,0,0,0,0,-38520,0,0,0,0,26737,0,-24425,0,0,24166,-23522,0,0
84032760,Team0,-1,0,28258,0,0,25537,0,0,0,26709,0,30829,0,-22110,27952,-19941,0,37282,0,0,0,-22574,0,0,0,0,0,-24688,0,0,-34025,0,0,0,0,0,0,-19007,0
84032768,Team1,0,-29299,0,0,0,0,-32134,0,0,0,27617,28802,0,21933,-24369,-25655,0,25126,0,0,0,26274,-25016,24350,0,0,0,0,0,0,-26326,0,0,0,0,0,0,0,0
84093906,Team0,1,0,-28059,-26413,0,0,29575,0,0,0,23002,0,0,27744,0,0,-30686,27440,0,0,-26251,0,-25788,0,0,0,0,0,-26250,0,0,0,0,0,26334,0,0,0,19698
84093907,Team0,1,0,0,0,0,-25344,0,25473,24772,0,0,0,-30872,0,-25180,0,0,0,0,-27839,0,0,0,0,24343,-27667,0,0,0,30980,0,0,0,23328,26005,0,-24234,0,0
84093908,Team0,0,-20052,-31107,24191,0,-21364,34064,0,26589,-27880,0,0,-26068,0,0,24660,0,0,0,0,0,0,0,0,-24633,0,0,0,26744,0,0,0,0,0,0,0,24149,0,0
84093962,Team0,0,0,0,0,0,0,0,0,0,0,0,28867,0,0,0,-24741,26621,0,0,0,26151,26023,0,-24160,34764,0,-24121,0,0,0,-25158,0,0,0,-27723,0,24055,0,-23520
84093975,Team0,0,23718,-28751,0,0,23440,0,0,0,0,0,0,0,0,0,0,-27295,0,0,0,-24907,0,23412,0,0,-33232,23244,0,0,30088,0,-27982,0,0,24763,0,0,-25088,0
84093993,Team0,1,0,-28516,0,0,-20990,0,23772,-22326,0,0,0,0,0,0,0,0,0,0,0,-22377,0,28719,0,0,0,0,25951,-26149,0,31982,-21045,0,0,33660,28880,0,0,0
84094017,Team1,-1,0,0,0,0,25075,0,0,0,0,0,0,0,26354,0,0,0,0,0,0,-30628,0,0,0,-23458,0,-23175,27904,24334,-38910,-23393,-23549,0,0,0,0,25278,21208,0
84032819,Team1,-1,30530,22171,0,0,0,0,0,0,0,-29644,24097,0,-23931,-27708,0,20443,24499,0,-27624,0,0,0,-24601,0,-36820,0,0,0,0,0,0,22182,0,0,0,0,0,0
84032827,Team0,0,27967,-28881,0,0,0,0,0,-25075,0,0,32048,0,0,0,25035,0,0,0,0,-25201,0,27063,0,0,0,0,0,0,27898,0,0,0,26096,-24485,-24002,0,-23593,0
84032884,Team0,0,-27527,27782,0,0,28779,0,0,-23777,0,0,0,0,0,0,0,0,0,0,0,0,-20508,0,0,0,0,0,26432,0,0,-27612,27767,0,0,0,31787,-23336,24494,-21626
84032894,Team1,1,0,-36069,0,0,-38316,28652,-25157,0,0,0,0,0,-24906,0,0,22684,0,25819,0,23415,0,0,29486,0,29791,0,-23101,0,0,0,0,0,0,0,-24680,0,0,0
84032953,Team1,1,0,-28006,0,-33766,0,0,0,0,24210,-24695,0,-28349,0,0,0,0,0,0,0,30015,0,0,0,0,0,0,27355,29898,0,0,0,0,23922,26316,-23552,0,-24503,0
84033016,Team1,-1,-25778,0,0,0,21515,0,26829,25319,0,0,0,0,-25768,0,0,0,0,0,0,-26834,-28076,0,0,0,23967,0,23844,0,-36268,0,0,0,0,0,0,-26386,22687,0
84033049,Team1,0,0,28883,18777,0,0,0,0,0,0,-28402,0,0,0,25816,0,0,0,0,28421,0,-26106,0,-28466,0,0,0,-30326,-25096,0,-22038,0,24931,0,0,37058,0,0,0
84033055,Team1,1,25340,0,0,0,0,0,0,26065,29518,0,0,0,-24025,0,0,0,0,0,0,0,0,0,22699,0,-25784,0,0,0,0,0,0,-27250,0,0,0,0,0,24373
84152266,Team0,0,0,0,0,0,27348,0,0,-30318,-25990,0,-26967,-29907,23204,0,0,0,-26363,0,0,0,0,23525,0,0,0,0,24173,0,27056,0,0,0,0,27464,0,0,-28184,0
84152296,Team1,-1,24236,0,0,0,-32672,23066,0,-29001,0,0,-34713,0,25415,0,0,0,0,-32112,0,26941,25163,25935,0,0,0,0,0,0,0,0,0,0,0,0,0,0,-28653,-33698
84152315,Team1,-1,33202,-29127,0,-32969,0,0,-25611,0,0,0,34011,0,0,-28381,0,0,26431,-28501,0,0,0,0,0,0,0,0,0,0,-29206,30753,0,29164,0,0,0,27725,0,0
84152319,Team1,0,0,-24162,-25264,27805,0,27215,-33429,0,0,0,0,-26566,27321,0,0,0,-23674,0,0,0,0,0,0,27946,0,0,0,0,0,0,0,0,-27705,0,0,28303,29659,0
84152358,Team0,1,0,-29380,0,28424,0,0,0,0,0,0,0,0,-23998,0,0,0,28383,0,0,-26334,25510,28343,0,0,0,0,24547,-23227,0,0,0,26407,0,-27098,0,-23674,0,0
84152486,Team1,1,-24935,0,0,0,23806,-32987,0,29931,0,0,0,-27025,0,-29071,0,0,-28622,0,22087,0,0,-26177,0,0,0,21468,0,0,0,0,0,0,0,25948,0,0,21498,0
84152488,Team1,-1,0,-29982,0,26815,22942,0,0,26182,0,0,0,0,-25181,0,26837,0,-27843,0,0,0,24713,0,0,0,0,0,-30954,23866,0,0,0,0,-25462,0,0,-26877,0,0
84122263,Team0,0,0,0,0,0,0,0,25477,28867,0,0,0,0,0,0,0,0,0,28274,28921,36550,0,0,0,0,-27059,0,0,0,-28134,0,0,0,-25335,-25807,23303,-19446,0,-20397
84094089,Team1,-1,31095,19684,0,0,0,-31817,0,0,0,0,0,0,17295,0,-29843,0,-30001,0,0,19338,0,22659,-27576,17194,0,0,0,0,0,0,0,0,-31092,-31968,0,0,0,0
84094091,Team1,0,0,0,0,23130,-22700,0,0,22672,0,23836,-24783,0,-22501,22928,24547,0,0,0,-26487,0,0,0,0,0,0,0,0,-25962,0,0,0,0,0,-27548,0,0,0,28071
84094108,Team1,-1,0,29859,0,0,0,0,0,0,-28130,0,0,0,0,0,-26292,0,0,0,-31370,28794,23110,0,-28991,0,0,0,-28426,0,29166,0,0,0,-29272,24642,0,0,26441,0
84094155,Team0,0,0,-22723,0,0,0,-30324,-22652,0,0,0,0,0,0,0,27200,0,-21666,26654,0,26611,0,0,0,-27553,0,0,0,0,28975,0,0,26806,26691,0,0,0,0,-18063
84094159,Team0,0,20281,0,0,0,0,0,0,0,23543,0,26011,0,0,-23301,0,0,25247,0,0,0,25277,0,0,-27440,0,0,0,-23776,-27496,0,-20745,0,-26530,26509,0,0,0,0
84094204,Team0,1,0,0,0,0,0,0,0,28520,-24321,0,0,0,0,0,0,0,26159,25551,0,-20223,24619,0,-23366,28054,0,0,0,29830,-21502,0,0,0,0,-19819,0,0,0,-25041
84094226,Team1,-1,0,0,0,0,0,0,0,0,26450,-26740,26092,0,26973,-30974,0,0,0,0,0,27047,0,0,0,0,-36758,0,-31320,27453,27043,0,0,0,0,0,0,0,-25878,-24516
84094240,Team0,1,0,0,0,31229,-17236,-25757,-19986,0,0,0,28834,0,30874,0,0,0,-20895,-20232,32655,0,0,0,0,0,0,-23466,0,0,0,0,0,0,0,0,0,28840,29152,0
84032655,Team0,1,0,-26345,0,0,0,28826,0,29742,22157,0,0,0,25839,0,0,0,24543,0,-28356,-21414,0,-24708,0,0,-25851,0,25736,0,0,0,0,-23046,0,0,0,0,0,0
84033097,Team1,0,0,0,24642,0,0,-37058,0,0,-25595,0,-27394,0,-21856,0,24666,23813,0,0,0,-23399,0,0,0,0,0,0,24432,0,0,25478,0,0,0,0,-20009,0,0,25033
84181536,Team0,-1,0,-29377,0,0,0,29733,0,-26141,0,0,0,0,0,0,0,0,0,0,0,0,0,23951,-28894,0,0,0,0,0,27433,-27909,0,0,-29146,26219,0,-26689,22499,23171
84181604,Team1,-1,0,0,0,0,-25058,31620,0,-25618,20810,0,0,0,0,0,-24269,22556,0,-25981,0,-30032,0,0,28593,22745,0,0,0,25261,-30373,0,0,0,0,0,0,0,0,0
84181679,Team0,1,0,37876,0,27827,28842,0,0,-20559,-21151,0,-23497,0,0,0,0,0,0,0,0,0,28782,0,0,32217,0,0,-24879,0,0,-22981,0,0,0,0,0,28331,-20559,0
84181687,Team0,0,0,26970,0,0,0,0,-21308,28104,28686,0,-32186,0,26065,0,0,-20237,-26430,0,0,29686,0,0,0,0,0,0,-27496,25158,0,0,0,0,0,-24295,0,0,0,0
84181729,Team1,-1,0,23186,0,0,22098,0,0,-31421,0,0,0,0,-31160,0,0,0,-32309,0,0,20597,-39951,0,0,0,-33095,0,0,-32892,0,0,0,0,0,27055,0,21067,22343,0
84181749,Team1,0,0,0,21972,-38286,0,0,0,0,24489,0,-26759,0,25285,0,0,-28536,28650,0,0,0,27727,0,0,0,0,0,-23696,0,0,0,0,0,0,27463,0,-27238,-26851,0
84214924,Team0,0,0,0,0,0,23848,0,0,27435,-19796,0,0,0,0,0,0,0,0,0,-25437,-28871,-23126,0,0,0,24790,-30310,26251,-23503,0,28001,24798,0,0,0,0,0,0,0
84214930,Team1,-1,-27138,0,0,0,24122,25776,-25890,0,0,0,0,29843,0,25044,-25014,21014,0,0,0,0,0,0,0,0,0,0,0,0,0,0,0,0,-28586,-22449,-25063,25654,0,0
84214977,Team1,-1,0,0,0,0,18681,29686,0,-30252,-28278,0,0,0,0,0,0,0,0,21218,0,-27104,20673,0,0,31659,0,0,-30236,20060,0,-28955,0,0,0,-36857,0,0,0,0
84152498,Team1,-1,0,0,0,-26681,0,0,0,0,-24500,0,0,0,26426,0,0,0,0,0,0,-27266,-27216,0,0,0,-32510,-26179,28289,24736,0,23196,0,0,24403,0,0,23195,0,0
84152535,Team1,-1,23693,-29861,24879,0,19705,0,0,26294,0,0,0,0,0,0,0,0,0,0,0,0,-33190,0,0,0,0,0,0,-28424,0,-26832,0,0,0,26488,24174,-31644,-28531,0
84152546,Team1,0,0,-26640,21519,0,23908,0,0,0,0,0,-26778,0,0,0,0,-26644,-25593,0,0,0,0,0,0,0,0,0,0,20753,27238,0,0,0,0,20605,0,-28533,19779,-26106
84152613,Team1,-1,23936,-7868,0,0,0,0,0,0,0,0,4672,0,0,0,0,28172,26446,0,0,0,-25176,0,-35377,0,0,27780,0,0,0,0,21638,0,-23226,-34442,0,0,-28414,0
84152637,Team0,1,0,26489,0,-24107,28116,0,0,0,0,0,-29761,0,0,0,26699,0,24678,28218,0,-22362,0,0,0,0,0,-23019,0,0,0,0,-23352,26197,-21957,0,0,0,0,0
84152640,Team1,1,0,0,0,0,0,0,0,0,0,0,0,0,0,0,0,-25407,0,0,26961,-23046,29493,32149,30297,0,-32595,0,-28885,-25449,0,0,-23507,0,0,25032,0,0,25442,0
84152683,Team0,1,0,0,0,0,0,0,0,25716,0,-25313,18496,0,-25002,-27525,0,26126,0,0,26609,0,-26965,0,-25649,-29072,0,0,0,21765,0,0,0,0,0,23590,0,0,0,0
84152693,Team0,0,22925,0,0,0,0,0,0,0,-27756,0,27675,0,0,0,26138,0,0,0,0,0,0,0,0,-30297,-23658,0,31222,0,0,0,0,-23983,0,25116,0,21524,-30928,-30862
84122583,Team0,0,28027,0,0,-27156,0,0,0,0,-21783,0,0,0,0,-20313,-20962,27582,0,-22700,0,0,0,-22314,24290,26189,0,0,0,24668,0,0,0,0,0,0,26136,0,0,0
84122613,Team0,1,0,0,0,-27330,0,33837,0,-23216,0,0,25256,0,0,0,0,22925,26025,0,0,0,21213,-23461,-25895,0,0,0,0,0,-22708,0,0,0,0,0,0,27681,-29819,0
84122636,Team1,-1,0,0,22608,0,25452,0,0,23565,0,0,0,0,0,0,24525,0,0,0,-31972,-27901,0,0,0,-32083,0,0,-34910,22712,0,0,0,0,25762,0,0,-31634,-31043,0
84122680,Team0,0,27910,27307,0,0,0,-27214,0,0,-29878,0,30047,0,-23511,0,0,28502,0,0,0,-23981,-27717,0,0,0,0,0,0,-25362,0,30419,0,22125,0,0,0,0,0,0
84122711,Team1,-1,0,-25520,0,0,21039,0,0,0,0,0,0,0,-23885,0,27269,0,0,23177,0,-25019,-25495,0,-34960,0,0,0,22548,24667,0,23190,-27309,0,0,0,0,0,0,0
84122759,Team1,-1,0,-44136,0,0,0,31506,0,0,0,0,22429,0,19109,0,0,-30792,0,0,0,0,0,23239,0,0,0,0,21610,0,0,0,0,0,0,22361,-27191,-27959,-26625,-27079
84122788,Team0,0,23835,0,23555,0,0,0,0,30528,-23996,0,0,0,0,0,0,0,23491,0,0,-24784,-28582,0,-26295,-26611,0,0,0,-31438,0,0,0,0,0,27729,0,0,23921,0
84063621,Team1,-1,-30901,0,0,0,0,-39861,-28886,-27379,0,0,21111,0,0,0,0,28103,21621,0,0,-27145,0,0,20912,22858,0,0,0,0,0,0,26977,0,-30089,0,0,0,0,0
84063632,Team0,0,-22866,26170,-20841,0,0,0,0,-24248,0,0,31841,0,0,0,0,29060,-19806,0,-23866,0,0,0,0,0,0,0,0,28261,0,0,0,0,0,-25084,28738,0,0,26608
84063652,Team1,0,0,0,20031,0,-27623,0,-28601,0,0,22363,-23628,0,25535,0,0,0,0,0,-27319,0,-22228,-22641,0,0,0,24032,0,0,22691,22135,0,0,0,0,0,0,0,0
84063664,Team0,1,-21727,28866,0,0,0,0,0,0,0,0,-17027,0,28867,0,0,0,-19696,0,0,-18819,-19661,0,0,28379,0,0,0,0,0,0,-19163,0,0,0,34242,0,29102,30045
84063676,Team1,0,7615,0,8084,-13169,0,0,0,0,-14883,0,0,0,0,0,-12874,-12618,0,7521,0,0,0,0,0,0,0,0,-14867,0,0,0,0,0,10218,-13453,0,0,5906,7357
84063714,Team1,0,0,29338,0,-26508,28457,-25942,0,23246,0,-24860,0,0,-21710,0,0,0,0,0,0,0,-23851,0,0,27650,0,0,20090,0,0,0,0,0,23950,0,-20092,0,0,0
84063720,Team1,-1,0,0,0,0,0,0,0,0,-32750,20343,-28217,-24690,-25837,0,0,19988,-26053,0,0,0,0,0,0,22405,0,0,24185,25580,29666,0,0,0,0,0,0,0,-22122,0
84063732,Team1,0,0,0,0,27820,0,23597,0,0,0,0,-24475,0,25433,0,25086,0,23992,-33517,0,0,-23725,0,0,0,0,0,0,-29143,0,-32868,0,0,0,26488,-23029,0,0,0
84063747,Team1,-1,0,0,0,0,0,0,0,0,0,-28545,27487,0,0,-31984,0,0,0,22128,-29898,22932,-29028,0,0,0,0,0,-30141,0,0,0,0,0,25135,20791,24212,0,-28428,0
84063753,Team0,0,0,29379,0,0,26524,-23504,26011,0,0,0,-22187,0,-22283,0,26594,-20917,0,0,0,0,-23017,0,0,-28309,0,0,0,0,0,30235,0,27804,0,0,0,0,0,0
84063774,Team1,0,-6633,0,0,3177,0,-8820,0,0,0,2968,0,0,0,0,0,0,0,10763,-10469,-7907,0,-9828,0,0,0,-8936,4545,0,0,2588,0,2843,0,0,0,0,0,0
84094269,Team1,-1,-31443,26185,0,0,-26635,0,0,0,0,0,25611,-25742,0,0,0,0,0,0,0,0,21983,0,-27309,23504,-35735,0,0,0,0,0,0,0,0,0,-26633,20929,0,22365
84094270,Team0,-1,0,38181,0,0,27020,0,23447,0,0,0,0,-26228,27330,0,0,0,0,-25804,0,-23509,24768,0,0,-26746,0,0,0,26438,0,0,0,0,-25046,-27823,0,0,0,0
84094272,Team1,0,0,0,0,0,0,0,0,0,0,0,-25431,28420,-23245,26143,23429,0,-30036,0,0,0,-22161,0,0,0,0,0,0,26107,33731,0,0,0,23005,0,0,-24592,-20520,0
84094282,Team1,0,0,-37618,-29912,25691,0,30885,0,0,25312,0,0,29696,0,0,0,0,0,0,0,27242,0,0,0,-32427,0,0,0,25211,0,0,-31554,0,0,-35000,0,0,0,-29549
84094321,Team0,0,-24198,0,0,0,26916,-27712,0,0,0,0,-25080,0,0,0,0,-19666,0,0,0,0,0,-18317,32471,-16045,0,0,28244,0,0,32930,28768,0,0,0,0,0,0,39789
84094386,Team1,-1,0,0,0,0,-22740,0,0,-23286,0,0,27421,0,0,0,0,22516,24127,0,0,-21709,0,0,-29302,0,0,0,24858,0,-25078,0,22103,0,0,0,0,-21494,0,23644
84094388,Team1,-1,0,28301,0,0,27724,0,0,0,0,0,-28221,0,0,0,26655,-29544,0,0,0,0,0,0,0,0,-26428,0,0,0,-26887,0,0,-28182,11343,0,0,24886,-27467,23575
84094411,Team0,-1,-23398,0,0,0,0,0,0,28927,0,24684,0,0,-29275,0,-26435,0,25948,0,27784,0,0,-25003,0,0,0,0,25662,0,-34009,0,0,0,-27073,30192,0,0,0,0
84094436,Team1,-1,28123,0,24431,24847,25946,-32321,24946,0,0,0,-26638,0,-27241,0,0,0,0,-27642,0,0,0,0,0,0,0,0,0,0,0,0,0,0,-25853,29246,0,0,-26642,0
84094441,Team0,1,0,-28210,0,0,-21952,0,24517,0,0,0,0,0,0,0,28349,0,0,-25169,0,0,29926,0,0,0,0,0,-23728,-21055,0,27731,0,0,-20190,30175,0,31583,0,0
84248186,Team1,-1,26639,0,0,0,0,0,0,0,13993,0,0,0,0,10901,19866,-25830,0,0,0,-28622,18878,0,-32002,14469,-30453,0,0,0,0,0,0,0,0,-34599,0,-32327,0,0
84248231,Team1,0,0,0,-26406,23174,-27193,-31521,0,0,0,0,0,0,0,0,-30512,0,0,0,0,0,0,-25433,21812,0,0,0,0,26247,0,0,0,22240,22127,34099,0,0,0,-28598
84248306,Team1,1,0,36611,0,0,0,0,-23461,0,0,0,0,0,-21046,0,0,0,24136,28152,-33298,25914,0,0,-21788,0,-36224,0,0,31417,0,0,0,0,0,0,0,28289,-29228,0
84248307,Team1,-1,0,25827,0,0,-22530,0,0,-23041,24610,0,21888,0,0,0,0,25904,0,0,0,0,-33009,0,30513,0,0,0,0,-25873,-30497,0,0,0,0,-25593,25968,0,0,0
84248311,Team1,-1,0,-37107,0,0,0,28165,0,23967,0,0,19727,27794,0,0,0,0,0,0,0,-30581,-32466,23575,0,0,25570,0,0,-28304,0,0,0,0,-39168,0,0,-28426,0,0
84248345,Team0,1,27077,-27166,0,33719,26579,0,0,0,-23981,0,0,30101,0,0,0,0,0,0,0,-27074,-23308,0,0,0,26605,0,0,0,0,0,0,25043,0,-24028,-20612,0,0,0
84248380,Team0,0,24889,0,0,24768,0,-31762,0,0,-26522,0,0,0,0,0,-20711,0,0,0,0,0,0,0,0,-25377,0,25699,-21317,25195,0,0,0,-21069,27110,26143,0,0,0,0
84248386,Team1,-1,24286,23831,0,0,0,-31751,0,23617,0,0,-30001,0,0,0,0,36163,0,0,0,0,0,0,0,0,0,0,0,0,21255,0,0,-29551,-34430,31370,-29552,0,-34625,0
84248394,Team0,0,0,0,-22259,-19977,0,0,0,0,0,0,31695,29369,0,0,0,0,22139,0,0,-22606,-27844,0,0,0,0,0,22933,0,0,0,22581,-28121,0,0,0,0,-23054,25796
84248405,Team0,0,0,0,26488,0,0,0,0,0,27230,0,0,-23381,0,24901,-22027,0,23256,0,-23012,0,24886,0,28147,-24017,0,0,0,-25491,0,0,0,0,-30391,0,0,0,0,0
84033073,Team0,1,0,-26197,0,0,0,26926,0,25975,-20998,0,25041,0,0,0,0,-21603,0,0,0,-29652,0,0,-22847,0,0,0,-31303,28181,0,0,0,0,31166,0,25972,0,0,0
84033080,Team0,1,-21056,0,0,0,0,0,0,0,0,0,0,-22352,0,-24009,0,0,25423,0,-32429,23614,0,0,0,-27888,0,0,0,24803,25770,0,0,25499,0,26380,-23275,0,0,0
84033101,Team0,-1,0,29144,0,0,0,0,0,0,0,0,-30767,0,23905,21682,0,-24754,0,0,0,0,0,0,0,-25425,24392,-29842,0,-25781,0,32218,19120,0,0,0,0,0,-25730,0
84033235,Team0,1,35151,0,-23668,0,0,0,0,0,0,0,0,0,27909,0,0,0,0,0,-27842,-22145,0,0,30846,0,0,27356,0,25178,0,0,-24173,0,26912,0,-26878,0,0,-23457
84033237,Team0,1,0,0,0,0,0,-27504,0,0,0,26006,0,0,27714,-28247,29299,-25145,0,0,26314,26597,0,0,0,0,-26667,0,30878,-24096,0,0,0,0,0,0,0,0,0,-23954
84033250,Team1,0,0,-27694,-25481,24279,0,0,0,-24164,0,0,0,0,0,0,0,-21748,23172,0,0,0,0,0,0,0,-29554,0,24704,0,0,31749,22568,-28878,0,0,0,26045,0,0
84033263,Team1,0,0,0,0,-25940,0,0,0,0,-19291,0,10603,0,-20091,0,-18673,14205,9198,11986,0,0,-18211,0,0,0,0,0,0,0,-21899,0,10648,0,0,0,0,0,0,12777
84181803,Team0,1,0,0,28156,0,25834,0,-24361,0,0,0,0,-22393,0,0,0,0,25896,0,-24987,-22507,0,0,0,0,27153,0,0,0,-30394,0,0,28128,0,29015,0,0,0,-19435
84181804,Team0,-1,0,0,0,0,-26148,0,0,24981,-25870,25126,-30388,0,0,26670,0,0,0,0,0,0,0,0,25550,0,0,0,0,-22255,31801,0,0,0,0,-23196,-23877,0,22997,0
84181805,Team0,1,0,0,-22053,32182,28100,0,0,0,0,0,0,0,0,27717,-21451,0,0,0,-24801,-21459,-24056,0,0,0,0,27941,0,0,33535,0,0,0,0,0,0,27652,-24019,0
84181871,Team1,0,0,20423,0,0,-33433,0,0,26080,0,0,0,0,0,0,27178,0,0,0,0,0,0,-30525,-28408,0,0,0,-30756,-32061,0,35244,0,0,24631,23570,0,0,-28019,0
84181898,Team0,0,27907,-30458,0,0,-23521,0,0,0,0,0,22612,-22452,0,0,-23215,0,0,0,0,0,0,20437,0,26154,0,0,0,-23813,-27567,31400,0,0,0,27030,0,0,0,0
84181901,Team1,1,0,27993,0,0,-23290,0,0,0,0,23993,0,0,22340,0,0,0,0,0,-31993,0,0,0,25381,0,0,0,-28415,0,0,0,0,0,24015,-29267,-23202,-26348,0,23681
84181970,Team0,1,0,-28329,-20848,0,-20750,36375,0,0,0,0,0,0,0,0,0,0,-21902,0,0,33965,28706,31047,31283,31140,0,-21453,0,0,0,0,0,0,0,-23675,0,0,0,0
84182010,Team1,-1,0,-34376,25465,0,20530,0,0,0,-25523,0,-29258,0,21020,0,0,0,0,0,0,21487,-27287,0,0,0,23011,0,0,-27612,0,0,18548,0,-25480,0,0,0,0,0
84182018,Team1,0,0,26454,-36133,0,0,36714,0,0,-25825,0,0,0,-27394,24967,25133,0,0,20419,0,-29569,0,0,0,0,0,0,0,-28823,0,0,0,0,0,23099,0,0,0,-25623
84182024,Team1,1,0,0,0,0,0,0,0,0,0,-23485,32694,0,25164,0,-27480,0,0,25541,0,-25020,-25366,0,31039,0,0,0,0,-28464,-29680,28281,0,0,0,0,0,0,0,25242
84152732,Team1,-1,26101,0,21769,0,19844,0,0,0,0,0,29233,0,-30174,0,22134,0,0,0,0,-31731,-29223,0,0,0,0,0,0,-38113,0,0,0,0,25386,-30359,0,0,-29179,0
84152750,Team1,-1,0,0,21763,0,-27410,21716,0,0,-30113,0,-35077,0,18820,0,0,0,0,0,0,20156,-28237,0,0,0,0,0,-37041,0,0,0,21181,0,21755,0,0,0,-30644,0
84152761,Team0,0,-25728,0,0,0,0,25852,-26545,0,0,0,-32150,0,-26417,0,0,0,28919,0,0,25281,0,0,0,0,0,0,0,0,-31039,0,32497,0,-18026,27428,0,0,0,22947
84152821,Team1,-1,0,28690,0,33035,0,0,0,0,0,0,0,25632,0,0,0,0,0,0,0,-26868,0,-27137,0,-26850,0,0,0,0,-22409,24250,0,0,0,-27970,27274,21030,0,-37716
84152838,Team0,1,0,0,0,0,-23182,0,-21999,0,0,27307,0,0,0,0,-21633,0,32260,0,-26970,0,-23771,0,0,0,-25272,0,0,0,32573,0,0,31383,0,26935,0,0,0,27577
84152847,Team1,0,0,0,-29237,0,-25741,24139,0,0,0,23497,0,0,0,22936,0,-31741,0,0,0,0,0,23473,0,0,0,0,0,-28239,26679,0,0,0,0,-30119,0,-29986,0,28823
84152862,Team0,0,21459,0,0,0,0,-32125,0,0,0,0,-28338,-24229,0,0,-23346,0,0,0,0,0,0,27635,-28321,0,0,23017,0,0,21127,22153,-24228,0,0,28631,0,0,0,0
84367125,Team1,0,-27803,0,0,0,0,0,25100,0,21758,-27306,0,0,0,0,-24056,0,0,0,0,0,0,0,0,0,0,0,0,21595,-29245,29321,0,22041,-29463,-26458,0,0,0,26040
84367133,Team1,-1,0,-30576,0,0,-26342,24750,0,20898,0,0,-29060,-28054,21635,0,0,-24950,0,0,0,0,0,0,23762,23012,0,0,0,0,0,0,0,0,0,0,0,19633,0,-26342
84367172,Team1,-1,0,0,21170,0,0,0,0,0,0,21542,20103,0,0,0,0,24459,-25761,0,0,0,0,0,0,29178,-27790,-32660,0,0,26917,0,0,0,0,-25989,0,0,-24918,-36423
84367173,Team1,1,0,0,0,0,-28734,-28182,-25899,23319,0,0,0,0,-27580,0,0,0,0,0,0,-26445,0,0,24413,0,0,0,0,0,27869,26185,0,25343,0,-27019,0,0,21063,0
84367193,Team1,-1,0,0,0,-29298,-27049,0,0,20974,-28087,23826,0,24675,0,0,-24819,0,22310,0,0,0,22742,0,0,0,0,0,0,-26758,28171,0,0,0,0,-35265,0,0,0,0
84367208,Team0,-1,0,-25952,0,0,-25319,0,0,0,0,0,0,0,0,0,0,0,-25400,0,0,0,0,0,0,-24649,0,-23116,23876,0,30449,26966,-23841,0,26113,22285,0,23252,0,0
84367229,Team1,-1,-31066,0,-23562,0,24187,0,0,0,0,24893,0,0,0,26590,28642,0,-26001,-23066,0,0,0,0,27620,0,27033,0,0,0,0,0,0,-27446,0,0,0,0,-27517,0
84367232,Team0,1,0,0,-31587,0,0,0,0,0,22904,0,0,0,0,23963,0,0,25974,0,0,-25665,0,0,25896,0,29530,0,0,-21297,0,0,-23441,25940,-26590,0,0,0,0,-28050
84122813,Team0,0,0,0,0,-21239,0,0,0,0,0,0,0,0,0,0,24466,0,22416,-22148,0,-27727,0,-22126,0,23111,0,0,0,-23315,0,28374,20628,-22083,0,0,0,22820,0,0
84122867,Team1,1,0,-26559,0,0,-22935,-29868,0,0,-21895,0,0,0,0,-23927,0,0,0,-22936,29843,28959,28904,0,0,0,0,0,0,27666,26682,0,0,0,0,0,0,27393,0,0
84122871,Team0,0,27868,0,0,0,0,-30136,-25545,0,0,0,0,0,0,-26589,0,26504,0,-28201,0,-22316,0,0,28830,0,0,0,29067,0,0,0,0,0,0,23179,0,0,24500,-26562
84122894,Team1,0,24915,0,-29103,-30969,0,-29783,0,0,0,0,0,0,0,25248,0,-27296,0,0,0,0,21910,25353,0,21866,24813,0,0,0,0,0,0,0,0,-27623,0,0,0,-29751
84122925,Team1,0,0,0,0,0,0,0,0,-23225,0,0,0,0,23372,0,0,0,22569,0,-22844,26807,0,-27839,0,0,29317,0,0,-28180,-28086,0,0,21612,0,0,-20717,20197,0,0
84122943,Team1,-1,0,0,0,-31003,17052,0,0,0,-27637,0,17121,-30420,0,0,-30191,0,0,0,0,19327,0,0,0,0,0,0,0,0,-35571,0,0,0,0,18819,17752,20698,-28372,0
84123018,Team1,1,0,0,0,0,-23702,0,0,0,0,0,0,27745,0,0,0,0,0,21320,31164,27102,26121,-21217,-27085,21905,0,0,-30084,-24066,0,0,0,0,0,0,0,0,-22162,0
84123046,Team0,1,-23076,-28968,0,0,-24406,0,0,-24712,0,30449,0,0,0,-19105,0,0,0,0,0,25824,33576,0,0,0,0,0,0,28425,32782,0,0,0,0,37689,-25644,0,0,0
84123061,Team1,0,0,-19750,0,-32070,0,0,-22143,0,0,0,21968,0,0,26380,0,0,0,0,28360,0,-26376,0,0,0,0,0,0,0,0,-23841,0,-19543,0,0,23633,25393,30488,0
84398338,Team0,1,-26767,29320,0,0,0,0,0,0,0,0,32363,0,0,0,0,35565,0,0,0,0,-22179,0,0,0,0,0,-22593,0,0,0,0,0,-20501,0,0,0,0,0
84278538,Team0,-1,0,0,0,0,-22088,-33840,0,0,0,0,-22134,0,30783,0,0,-19730,31408,0,0,0,0,0,0,0,0,-19808,30387,-19889,30246,0,0,29252,0,0,0,32470,0,0
84278611,Team0,0,0,0,0,0,0,0,0,-16856,28931,0,30230,0,24847,0,0,0,-31370,0,35063,25572,0,0,0,0,0,27987,0,0,0,-26134,0,0,0,-26921,0,-30071,0,-27352
84278682,Team0,0,25778,0,0,0,29855,0,0,25648,0,0,28540,0,0,0,-22614,0,0,0,-27757,-24257,0,0,0,0,0,0,0,-22719,0,0,0,-26015,23971,22115,0,0,-21898,0
84278685,Team0,-1,0,0,0,0,0,0,-31658,27053,0,0,-23924,0,-23512,0,0,0,30411,28985,0,0,0,0,0,0,26037,0,-24326,0,0,-24907,0,0,0,31042,0,0,-30141,23242
84278686,Team0,1,0,39154,0,0,0,0,0,0,0,0,0,0,-18935,-25432,-23892,0,0,0,-27751,30065,27717,0,0,0,0,0,0,26833,0,0,24221,0,0,-21138,0,0,-22231,29343
84278688,Team1,-1,-28043,-25785,0,0,-25464,0,0,0,0,-25202,-27413,0,-25734,0,24314,0,0,0,26926,20240,0,0,0,21232,0,0,0,0,0,0,0,0,0,0,27921,23442,0,0
84430308,Team0,0,24832,30584,0,0,0,0,-21674,0,0,0,0,23980,0,0,0,0,28036,0,0,-25976,-25477,25736,0,32302,0,0,-25355,0,0,-29800,0,0,0,0,0,-23740,0,0
84094535,Team0,0,0,0,0,0,28436,0,0,0,0,0,0,0,0,0,33710,0,0,0,27909,0,27593,0,0,0,0,0,-25345,-19947,-24108,0,-21640,-21143,0,0,-24793,23005,0,24372
84094541,Team1,-1,0,0,0,-26027,-27053,0,0,23709,0,0,0,0,0,0,-26680,0,0,0,0,-30204,-26414,0,25319,0,0,0,22100,18356,0,27422,-29485,0,21993,0,0,0,0,0
84094576,Team1,-1,0,29941,0,0,0,20956,0,0,0,0,-28996,-28824,0,0,0,0,0,0,0,-31862,24069,0,26000,0,0,0,0,22026,0,-28414,23645,0,0,-27779,0,0,-24747,0
84094579,Team0,0,0,0,0,0,0,0,27790,-24309,0,0,0,0,28826,0,0,0,0,0,27213,0,-25360,0,0,-24656,0,0,0,-29848,-30294,-29604,0,0,0,23662,0,0,26906,24704
84094600,Team0,-1,-30428,0,0,26177,-19534,-28097,0,0,0,28626,30184,0,-21455,0,0,0,0,0,0,34566,0,0,-25089,0,0,0,0,29481,0,0,0,0,0,34863,0,-24717,0,0
84309092,Team1,0,0,25037,0,0,0,0,0,23936,0,0,24899,-27009,24318,0,0,0,0,0,0,-24833,0,22511,0,0,0,0,0,0,-24909,0,-29795,0,29847,0,0,0,-30532,-22250
84309110,Team1,0,36366,-39535,-21588,0,23307,0,-19372,0,22376,0,0,0,0,0,0,-20947,0,0,0,29883,24780,0,0,25545,0,0,-27028,0,-20921,0,0,0,0,0,0,0,0,0
84309121,Team0,1,0,0,0,-29056,0,39537,0,24160,0,0,0,0,-22191,0,0,0,23813,31619,-28134,0,0,0,0,-26483,0,-21270,0,0,0,0,0,0,0,23949,0,-29116,29200,0
84309199,Team1,-1,24299,0,0,0,0,0,-28855,-34289,0,20434,0,0,0,0,24700,0,0,0,35467,23617,24102,0,0,0,0,0,-28855,-29723,0,-39331,0,0,0,0,0,0,-28693,0
84309203,Team1,1,29189,0,0,0,-19987,0,-21384,30053,27552,0,-22687,0,0,34935,0,0,0,0,-26989,0,0,0,0,-24171,0,0,0,0,32334,0,0,0,0,-35170,28082,0,0,0
84309219,Team1,-1,0,0,25412,0,-30426,0,0,0,0,0,24488,0,0,0,-26999,0,0,0,34901,19518,-29005,0,0,-28789,-34289,25966,0,0,0,0,0,0,24000,0,-29064,0,0,0
84309220,Team0,1,0,0,-27512,-27986,0,29136,0,0,0,0,-27035,0,0,0,29388,-27916,0,26697,0,-27323,0,0,0,0,0,-28165,0,0,30597,0,0,0,0,26359,0,0,0,26712
84309233,Team0,1,0,0,-20104,0,31897,0,0,27343,26729,0,26381,0,0,0,-25217,0,0,0,0,32714,0,0,0,-22742,0,0,37146,0,0,-19813,0,-24198,-22550,0,0,0,0,0
84309262,Team0,-1,0,0,0,0,0,-25384,-27065,0,27465,0,32219,0,0,0,0,-26240,0,0,0,-31205,24681,0,29973,0,0,0,-24168,-25988,27384,0,0,0,25691,0,0,0,0,0
84309315,Team1,1,0,31628,0,0,26688,0,0,0,0,27636,0,-23877,0,0,0,0,-24031,-25726,-26009,0,25017,0,28872,-29492,0,0,0,0,33520,0,0,0,0,-22947,0,0,0,0
84309333,Team1,-1,0,36140,-37280,0,0,22447,24134,0,0,0,0,0,0,0,19183,-31130,0,-29337,0,-31216,0,0,0,-35098,-29159,0,0,22327,0,0,0,22687,0,0,0,0,0,0
84498683,Team0,-1,-32293,31788,0,0,-27997,34069,0,0,0,-26978,-27426,0,0,0,0,23208,0,25127,0,26814,-27194,0,0,0,0,0,0,27648,0,0,0,0,0,-26479,0,0,0,0
84498694,Team0,1,-25473,31546,0,0,0,33252,0,0,0,31697,0,0,34430,0,0,0,0,0,-21632,0,-21047,0,0,0,0,0,0,0,0,0,0,0,-26511,-21329,0,-19468,34562,32217
84498728,Team1,-1,0,0,0,0,0,22969,0,0,0,-25697,-27464,0,0,0,0,-26886,0,0,24610,20714,-29251,0,0,-35981,0,0,0,0,-39978,0,0,0,21028,20855,0,22665,0,0
84498732,Team0,0,0,0,0,0,0,0,23315,0,0,0,0,0,21542,0,0,0,0,0,0,-28249,-24913,0,-22763,0,25856,23429,0,-24718,0,25384,-23721,0,-25777,0,0,0,31179,0
84498865,Team0,0,0,-29337,23733,-23139,24873,36250,0,0,24390,0,0,0,0,0,23898,0,-21020,0,0,24077,-22073,-20663,0,0,0,0,0,0,0,0,0,0,0,0,0,-26760,0,0
84499033,Team0,0,-26313,0,-24875,0,25980,0,0,-23910,0,0,30852,0,0,0,31787,0,0,26547,26003,25185,0,-24444,0,-27257,0,0,0,0,0,0,0,0,-23211,0,0,0,0,0
84499051,Team1,1,0,-29305,0,0,-31927,0,0,0,0,28909,25506,0,0,0,0,0,0,0,0,0,0,23478,-29654,0,0,0,29469,0,-30593,0,0,0,22714,0,0,-25092,-27209,24165
84248441,Team0,1,0,30688,25127,0,23739,0,0,0,0,0,-23059,28747,0,0,0,-25063,0,24900,0,-24990,-24857,0,0,-24310,0,0,0,0,0,0,0,0,27712,0,0,-22642,0,0
84248552,Team1,0,0,0,0,0,22012,27391,26442,0,0,0,0,0,0,-32704,0,0,0,0,-32417,-28987,28316,19367,0,0,0,0,0,25072,-31665,0,-28267,0,0,-28215,0,0,0,0
84248553,Team0,0,36055,0,0,0,24735,0,-25474,0,0,0,0,0,27505,0,0,0,0,0,-22621,0,-22766,0,23212,24817,0,0,0,-22800,-30446,0,0,0,0,0,0,25480,0,-25375
84248582,Team1,0,-25820,28212,0,0,0,0,0,0,0,0,25352,0,-30211,25728,0,0,0,0,0,0,-21858,0,0,0,0,0,26281,-27302,0,0,24224,25827,0,-25399,0,0,-22682,0
84248586,Team0,0,0,31643,0,28913,24876,0,-23400,0,-24097,25506,-26330,0,-24827,0,0,0,0,0,0,-22199,0,0,0,0,0,27812,25264,0,0,0,0,0,0,0,0,0,0,-26231
84248613,Team0,0,0,-17966,0,0,0,-19185,-13042,-15006,0,0,0,0,0,0,0,0,0,0,24537,20211,22227,0,-14106,0,0,0,0,21568,26869,0,21786,0,0,0,0,0,0,-14641
84248681,Team1,0,22420,0,0,0,27130,0,0,0,-24671,0,0,-28912,-23801,0,0,0,0,22383,0,0,0,0,0,22691,0,0,22409,23443,0,0,0,0,0,-29425,0,0,0,0
84033283,Team1,0,0,0,0,-22050,28003,29149,0,20149,0,0,22504,0,22941,0,0,0,-21288,0,0,0,0,0,-31510,0,0,0,0,0,-23322,0,-21819,-27931,0,0,0,0,23695,0
84033284,Team1,0,0,25921,24500,0,0,0,0,0,0,-23467,0,0,0,0,0,0,21451,17950,0,-28562,-25458,0,0,-24982,0,25637,0,0,-31780,23629,-23221,0,0,0,0,0,0,0
84033310,Team1,1,0,0,0,0,0,0,0,-29173,-28743,0,20050,0,0,-33576,-30486,23637,0,0,26907,27883,0,0,0,0,0,0,22073,0,-31623,0,0,0,-31179,0,0,25661,0,0
84033422,Team0,1,27258,31251,30634,0,25736,-25848,0,0,-22210,0,0,-29431,27168,0,0,0,-22496,0,0,0,27232,0,0,0,0,0,0,-20778,0,0,0,0,0,0,0,0,0,-21411
84033436,Team1,-1,0,26676,0,-28305,0,0,0,-29124,0,-26180,0,0,23440,0,-30018,0,28214,0,23190,0,0,0,28934,0,0,0,-32630,0,0,-31689,0,0,0,0,0,25543,0,0
84033486,Team0,0,0,0,31065,0,0,0,0,0,0,0,0,0,0,0,27888,0,0,0,0,-19777,26073,0,0,0,0,0,0,0,0,0,0,0,0,0,0,0,0,0
84531592,Team0,1,0,0,0,0,0,0,0,0,0,0,0,0,0,0,0,22287,0,0,0,0,0,0,0,0,0,0,0,0,0,0,0,0,0,0,0,0,0,0
84563371,Team0,1,0,0,0,0,0,37415,-25068,0,0,27289,0,0,-22154,0,32878,0,0,0,0,30334,-21703,0,0,0,-28291,0,0,0,0,0,0,30943,28717,0,0,0,-24657,-24189
84182026,Team1,0,-30590,-34113,0,0,-24194,34547,22333,0,0,0,0,0,0,-22359,0,29682,22367,0,0,0,0,0,26223,-25941,0,0,22529,0,0,0,-26781,0,0,0,0,0,0,0
84182035,Team1,-1,0,0,0,0,0,29572,0,0,0,0,-28949,0,0,0,0,0,0,0,0,25568,-25205,-24662,0,0,-26795,0,24224,20580,0,0,22822,0,-30280,22230,0,0,0,-23059
84182042,Team1,-1,0,-28943,0,0,-25774,25166,0,30605,0,0,0,0,21640,0,0,0,20891,0,0,33054,-31672,-29849,-33383,0,0,0,0,-29879,0,0,24226,0,0,0,0,0,0,0
84182056,Team1,-1,-41829,0,-29170,0,0,0,0,-33269,0,0,0,0,0,0,21590,0,-28191,0,22279,0,23068,0,0,25819,0,0,0,0,0,0,0,0,25305,-30994,0,21681,-32794,0
84182061,Team1,-1,0,35616,0,0,-27519,0,-37254,0,0,27855,0,0,-26035,23681,-28042,0,0,0,0,0,0,0,0,0,0,0,29225,-27651,-37225,0,0,0,21751,0,0,0,0,23402
84182092,Team0,1,0,29719,0,0,0,-24911,0,29898,0,0,33798,0,33499,0,0,0,0,0,0,-20143,0,0,0,0,0,0,0,0,0,-27528,-19853,0,31398,-18644,0,0,34229,-22351
84182102,Team0,1,-28865,32946,0,0,-24936,0,37667,41094,0,0,0,0,-25775,0,-28087,0,0,0,0,0,0,0,0,0,0,0,33555,-27737,0,0,0,0,0,-32750,0,30084,0,34990
84182117,Team1,-1,-27661,0,0,0,21454,22008,0,0,0,21233,24274,0,0,-28349,0,0,0,0,-32793,22835,0,-32156,0,0,-30063,0,0,0,0,0,0,-26087,0,31352,0,0,0,0
84182139,Team1,-1,0,37647,0,0,0,-38750,0,0,-30841,0,0,0,-29657,0,17539,0,21383,0,0,-30515,0,0,0,0,0,17310,0,0,-30693,26736,0,0,0,-29453,14838,0,0,0
84182161,Team0,0,29822,-26943,0,-24731,0,26403,0,24452,0,-27749,23013,0,0,0,0,0,0,0,0,0,0,0,26973,0,0,0,0,0,0,0,-26045,28865,0,0,-30229,0,0,-26732
84215342,Team1,-1,0,0,0,0,-26048,0,0,0,0,0,0,0,0,0,0,0,0,0,0,22132,23416,0,0,0,0,0,0,0,0,0,0,0,-29006,0,0,0,23597,0
84338190,Team1,-1,0,0,20744,0,0,0,0,0,19178,0,21443,0,20616,0,0,0,0,0,-33574,0,-32035,0,0,-30409,0,-30268,0,0,0,-33266,0,0,26021,0,0,-29248,0,19777
84338251,Team1,-1,20780,0,-26947,0,-28129,0,0,0,0,0,25023,0,-27781,0,16509,14772,0,18633,26020,0,0,0,-28080,0,0,0,0,0,0,-24110,0,0,0,0,0,-27589,0,0
84338257,Team1,0,0,-32950,0,23089,-26470,0,0,-27190,0,0,27055,0,-26443,0,21729,25253,0,0,0,0,0,0,0,0,0,0,0,-25474,-32617,0,0,0,0,27151,25283,0,0,0
84338332,Team0,0,-21245,0,0,0,-24723,0,0,0,0,0,0,0,25810,-24204,28051,0,24515,-21351,0,0,0,0,0,0,32763,0,26495,-19251,0,0,0,0,0,-29080,0,25166,0,0
84338373,Team0,1,0,0,0,0,-25884,0,0,26576,-23468,0,-28868,-30371,-23622,0,0,0,32663,0,0,26124,24391,0,0,-23467,0,23321,0,27270,0,0,0,0,0,0,0,0,0,0
84338374,Team1,0,0,0,0,0,-15595,-15354,0,0,0,8748,5344,0,0,0,0,0,23434,19492,-15354,0,6226,0,-15605,0,0,0,0,0,0,0,0,0,0,5342,0,-16677,0,-15781
84152735,Team1,-1,0,0,25794,0,-26423,0,0,0,23268,0,33909,0,0,-34413,-23745,19631,0,0,-32025,21270,0,0,0,0,0,0,0,-21802,26461,0,0,0,0,0,0,-22022,0,0
84593177,Team1,1,-26905,0,0,0,0,0,0,0,0,-26488,-25065,0,0,31181,0,0,21703,0,-28176,-28121,0,0,24729,0,0,-32703,0,0,0,0,21873,0,24825,35028,0,0,0,0
84624381,Team1,0,0,0,0,27612,0,0,-22058,0,30576,0,-28677,0,28981,0,0,-30228,0,0,0,-25139,0,0,0,0,0,0,0,27723,0,0,25367,0,0,0,24298,-23127,0,-30062
84624468,Team1,0,0,0,0,0,0,0,23379,-25011,-23821,0,-25023,-29276,28678,0,0,0,-23897,0,-30242,24744,21475,0,0,0,24145,0,0,0,0,0,0,0,0,0,0,0,0,24281
84624608,Team0,0,0,0,0,-21853,0,-29621,0,0,0,0,0,0,0,0,0,0,-20714,0,0,27003,0,-30600,28435,29727,0,0,0,-21744,0,0,0,-26235,33083,27966,0,27073,0,0
84624610,Team1,-1,-25859,25193,0,0,17012,-23526,0,0,0,24464,0,0,0,0,21624,-25137,0,-24699,0,20430,0,0,-25254,0,26316,0,0,-20607,0,0,0,0,0,0,0,0,0,0
84122452,Team1,-1,0,28596,0,0,-32614,0,0,0,0,27376,-31295,0,22706,-35991,0,0,0,0,0,23213,23528,-28807,0,0,0,0,0,22855,-28884,0,0,0,0,-28787,0,0,0,0
84122765,Team1,0,0,-30384,25113,0,30252,0,0,-26461,0,0,0,0,-22254,0,0,0,-19011,0,0,29679,0,-24584,0,0,0,0,26540,-28563,0,0,0,0,0,0,0,25347,28018,0
84122784,Team0,1,0,-16806,0,0,-21904,0,0,0,0,0,21365,0,0,0,0,0,0,27211,0,24879,0,0,0,0,0,0,0,-14455,0,-20892,0,25525,23150,-18873,0,-14617,25281,0
84122957,Team0,1,0,-28979,0,0,29101,0,0,0,0,29317,0,0,-18289,0,26668,0,-20921,0,0,0,0,-22482,0,0,30272,0,0,-19526,0,31277,0,27763,0,-29860,0,0,0,0
84122963,Team1,1,0,0,0,0,23319,31160,0,0,0,0,-31730,0,0,0,-33050,22474,24198,0,0,0,-27914,0,0,0,0,0,0,-26425,0,0,0,0,0,-28203,20624,24513,-24884,0
84063841,Team0,1,0,31073,0,0,-22465,0,0,0,0,34498,-23667,0,-24356,0,24801,29062,0,0,-31039,0,-24341,0,0,0,0,0,0,30916,0,0,0,0,0,0,0,-28553,0,25882
84063854,Team1,0,0,0,-19235,0,26236,26053,0,-21224,0,0,24496,0,0,0,0,0,-24716,0,0,0,23115,22594,0,22423,0,0,-25662,0,0,0,0,0,-29695,0,0,0,0,-26324
84063861,Team0,-1,0,24009,0,26023,0,0,0,0,0,0,31295,0,0,0,-16004,0,25674,0,-26899,0,-20361,22024,0,0,0,24069,0,-18431,0,0,0,0,0,0,-21568,0,-15154,0
84063863,Team0,0,-23682,0,0,0,0,0,0,0,25732,0,27976,0,0,0,0,-18971,26759,0,0,0,21871,0,0,-22530,0,-23511,-24500,0,-26769,0,0,0,0,24244,0,0,0,25601
84063928,Team0,0,-29258,0,0,0,22942,0,0,0,0,-21795,-23308,0,0,-23834,0,-23881,0,0,22180,0,-23353,0,25935,0,0,0,22939,0,0,0,0,0,0,0,0,23936,24084,0
84398093,Team0,1,38862,0,0,0,0,41260,28163,-23033,28455,0,-38229,0,0,0,28321,0,-24404,0,0,0,0,0,0,0,0,0,0,0,0,29411,0,0,-24135,-29529,0,-23732,0,0
84398108,Team1,-1,25588,33212,0,0,22225,0,-28368,-28449,0,0,26119,21717,-27642,0,0,0,0,0,0,0,-28013,0,0,0,0,0,0,0,-33027,-33255,0,0,30384,0,0,0,0,0
84398123,Team1,-1,0,0,-30124,28133,0,0,0,0,21796,0,0,0,25476,0,0,0,21578,0,-28184,-25895,0,0,0,0,0,23299,25934,0,0,-26043,0,0,0,-27258,0,-28207,0,0
84398138,Team1,0,0,-33344,0,0,-26947,27696,0,0,0,0,32043,0,-26340,0,0,24230,24457,0,0,0,0,22331,0,-29580,0,0,26905,-26640,0,0,0,0,0,-30774,0,0,0,0
84398141,Team1,-1,0,-30989,0,23699,0,0,0,23361,22174,-27797,0,0,-24979,0,0,0,0,0,0,22069,0,0,0,0,22856,0,0,0,0,0,0,23135,0,-25646,0,0,-24177,-27507
84398193,Team1,-1,0,24939,-25499,-30650,0,0,25113,-24671,0,0,0,20306,0,0,0,-24980,0,0,0,0,0,0,0,0,0,0,24874,0,0,26556,0,0,23832,-33091,-25021,0,0,0
84398216,Team0,1,0,-27647,0,0,0,28278,0,0,0,-23389,29024,0,26396,-24693,0,0,0,27644,0,0,0,0,0,30002,-24482,0,0,0,0,0,0,-22026,-23877,26736,0,0,0,0
84398217,Team0,-1,0,0,0,0,-28432,-35131,0,20603,0,0,0,0,0,23269,0,0,0,-24607,-24689,22113,0,-23194,-23165,0,0,0,0,0,30151,0,0,0,0,24848,0,22548,0,0
84398274,Team0,1,0,36075,0,0,27703,-28825,0,0,0,0,0,-20937,24826,0,25013,0,-24671,0,0,-23738,0,0,0,26284,0,-29944,0,31427,0,0,0,0,0,0,0,0,-29483,0
84398304,Team0,1,0,0,0,0,28074,0,-22034,0,0,27584,-25190,27293,0,0,0,-22033,0,0,0,-24931,0,0,0,0,31909,0,0,29145,-27302,0,0,0,0,-30106,0,0,0,34984
84278703,Team0,1,0,38754,0,0,0,-31063,0,0,0,0,0,0,28481,0,28219,0,25745,0,0,0,0,-23182,0,0,0,0,0,-24592,0,31377,24918,0,-22069,-22425,0,0,0,-27973
84278717,Team0,1,26184,0,0,25966,0,0,0,30429,0,0,0,0,31079,-17419,0,-18275,0,0,0,0,0,0,0,0,-24683,0,-18834,0,0,-15642,0,0,0,27036,0,-19570,24841,0
84278782,Team1,-1,22597,0,0,0,-28733,0,0,-30319,0,0,-31683,0,30440,0,0,0,0,0,0,-28543,0,0,26001,0,0,0,0,0,0,0,0,0,24537,-33731,0,20740,-26251,26460
84278856,Team0,1,29145,0,0,0,0,-20558,0,-24520,0,0,0,0,0,0,0,0,-24163,0,0,28085,-25698,-26336,28240,28389,-23052,0,0,0,0,0,0,25127,0,0,0,0,30624,0
84278896,Team1,0,0,0,0,0,-29885,0,0,-28666,0,0,-31175,25770,0,0,0,0,-31579,25727,0,0,19743,0,-32257,25444,0,0,0,0,0,0,0,0,23825,-35321,0,0,0,31478
84278958,Team0,-1,0,22227,0,0,-22151,-25504,-22933,0,0,0,36397,0,0,0,-24512,29160,-22462,0,0,0,24073,0,0,0,0,0,-28039,22200,0,0,0,0,0,0,0,0,22168,0
84687531,Team0,1,-26677,0,38544,0,0,0,0,0,26122,0,0,0,-19658,30387,27938,0,0,0,0,0,0,0,0,-18446,0,0,0,-25618,38836,0,0,0,35134,-20024,0,0,-20811,0
84687596,Team0,1,0,-25375,0,35483,0,0,0,0,0,-23306,-23138,0,0,-24710,0,-23065,0,0,32891,27336,0,0,0,0,0,0,0,26469,0,0,23485,27895,0,-28190,0,0,0,0
84687617,Team1,-1,0,23675,0,0,0,0,0,0,0,0,0,19787,0,0,0,0,-28151,0,-28864,0,20001,0,0,0,0,0,0,21632,-33826,0,0,-25940,23028,0,0,-25838,19974,-31852
84687642,Team1,0,0,0,0,0,0,26742,0,0,-24800,0,-26529,0,-25378,0,0,22703,0,0,0,21654,-24196,0,0,-28857,0,0,25383,0,0,0,0,0,-30658,0,0,22832,24629,0
84687662,Team0,1,-26679,0,0,0,0,31236,0,-25558,0,0,0,0,0,-28623,0,0,27185,-25754,0,-24539,0,0,27047,0,0,0,0,-26867,0,0,0,0,31096,32000,0,27904,0,0
84687674,Team0,1,-19265,35761,0,0,0,0,0,25878,0,0,-24409,0,0,0,0,-17740,0,-21996,0,24176,0,0,0,0,0,0,0,0,34587,29511,0,0,0,-25110,0,24235,-18301,0
84687685,Team0,1,-21772,0,0,-25896,0,0,0,0,0,0,29340,0,0,23319,25698,0,0,0,0,-28281,-27556,0,0,0,0,0,0,-25057,29398,0,0,-24891,0,32280,0,26912,0,0
84687686,Team1,1,0,-36223,-26411,0,0,38013,0,0,25623,0,0,0,0,0,-28358,-22063,28862,0,0,24381,0,0,-26823,0,0,25652,0,0,0,0,0,0,-24702,25506,0,0,0,0
84687688,Team0,1,23131,0,-26592,0,0,0,0,0,0,27283,0,0,0,0,0,0,0,0,-27847,-30946,21269,-28478,0,-31068,0,-29273,29745,0,0,27269,0,0,0,0,0,0,0,26356
84687700,Team0,1,0,27117,0,0,-19487,0,0,28187,0,0,-30332,0,27710,0,-22263,0,-26322,0,-25171,30334,0,0,0,0,0,0,0,29886,0,0,-22023,0,0,0,0,0,30880,0
84687707,Team1,-1,0,0,-26546,27919,27682,0,-27400,0,0,0,-29150,0,23246,0,23399,-31780,0,0,0,-30473,0,0,0,0,29707,0,0,0,-28908,0,0,0,0,0,0,24728,0,0
84687712,Team1,-1,0,-33224,0,28930,0,-31500,0,0,0,-26002,0,0,-27209,-28044,0,0,19776,0,0,-29564,21626,21493,0,0,0,20566,28556,0,0,0,0,0,0,0,0,0,0,0
84687771,Team1,0,0,-30502,0,0,23994,0,0,0,0,0,0,0,-20224,0,-23936,0,-24625,0,0,0,0,-20252,25960,0,0,0,23487,22966,0,27618,0,0,0,0,0,25044,0,-21318
84430325,Team1,0,0,0,0,0,0,0,-25483,-24909,0,0,26319,0,0,0,-31937,26668,0,23915,-26846,-30583,0,24299,0,0,0,0,0,0,26924,0,0,0,0,0,-28724,0,0,22869
84430339,Team1,-1,0,-39326,0,26666,0,0,0,0,0,-25623,0,0,0,0,-27422,0,22902,0,0,0,20073,0,0,0,0,0,0,-24633,25436,0,0,18467,-25571,0,0,19721,0,-25610
84430358,Team1,-1,19910,0,0,29566,0,0,-23863,-30085,24423,0,-30563,27978,0,0,0,0,0,0,-33118,29604,0,0,0,0,0,0,0,0,0,0,0,0,-24302,26672,0,0,0,-26657
84430499,Team1,-1,0,26759,0,0,0,0,0,0,-24354,0,-33083,0,23234,0,0,0,27921,-27499,0,0,25868,0,22922,-24762,0,0,0,-30224,0,0,0,0,0,0,0,0,-26691,27384
84430559,Team1,-1,36671,0,0,0,19114,0,-29042,0,0,20190,21221,0,21444,0,19476,0,0,-28323,0,-34305,-27838,0,0,0,0,0,0,0,0,-29200,0,0,0,-29333,0,0,0,0
84430595,Team0,1,0,-17908,0,0,0,0,29408,0,-20644,0,0,0,0,0,0,29009,-24439,0,0,-21541,28531,0,34659,0,0,-22124,0,40865,29161,0,0,0,0,-22928,0,0,0,0
84430628,Team1,1,25236,-31262,0,0,0,0,0,26357,-24395,0,0,0,0,28927,-25927,0,25722,0,0,-29337,0,0,0,0,0,-24962,0,24433,0,0,30409,0,0,-26379,0,0,0,0
84430653,Team1,0,0,0,0,28498,-26574,0,0,0,22019,0,-23038,0,0,0,26032,-24521,0,-25836,0,0,27571,0,0,0,0,0,-30720,0,27387,0,0,0,0,-28128,0,0,0,30921
84430678,Team0,1,0,0,0,0,-26566,0,35082,33835,0,0,-24868,0,0,0,0,0,0,-22944,0,0,0,-20545,-27232,0,0,0,0,30729,30504,0,0,0,32721,27745,-20584,0,0,0
84430690,Team0,0,0,31526,0,-26054,-24640,0,0,0,-22123,0,24551,0,21498,0,0,0,0,27396,0,0,0,22552,-28636,0,0,-28342,0,0,0,27152,0,0,0,-26122,0,0,0,0
84464056,Team0,1,0,33478,0,0,0,0,0,0,0,0,0,0,0,-14434,0,-24639,27802,-25708,0,0,0,24461,36064,0,0,26268,-24257,0,-25511,0,0,0,24453,-26393,0,0,0,0
84464070,Team1,-1,26557,0,0,0,0,0,0,0,0,0,-31773,0,-27963,0,0,0,0,-27643,-32921,-28874,0,27379,0,0,0,0,23637,-28260,28071,0,0,0,21714,25365,0,0,0,0
84464091,Team1,0,0,26906,0,-28362,0,0,0,-24200,-25792,22586,-28559,0,24652,0,0,0,-23179,0,28362,0,0,0,29039,22710,0,0,0,0,0,0,0,0,0,-22714,0,0,0,0
84464166,Team1,1,29350,0,0,29698,-23469,0,0,0,-23549,0,-25614,0,0,0,0,25943,0,0,0,-32295,0,0,26463,32774,0,28464,-27884,0,0,0,0,0,0,-18220,0,0,0,0
84464172,Team1,-1,0,0,0,0,-34754,-27691,-26165,0,0,0,27712,0,0,0,0,25121,0,0,0,-23239,0,24191,0,25402,0,0,0,0,28118,0,-28364,0,0,23757,0,0,0,-26340
84464198,Team1,0,30315,0,0,-32196,26028,0,0,0,0,23092,26245,-24796,0,0,0,0,-22978,-24632,0,0,23434,-24503,0,0,0,0,-27450,27884,0,0,0,0,0,0,0,0,0,0
84464211,Team0,0,0,0,0,0,0,-23609,0,27333,0,0,-26375,0,24723,0,0,0,0,0,0,22785,0,0,-24552,0,26950,0,0,31145,0,0,0,0,0,0,-28615,-24053,27718,-33521
84464232,Team1,0,-34780,24482,24618,0,0,0,0,0,0,0,0,22380,-28557,0,27373,0,-26178,-25073,0,0,0,0,0,0,0,0,23086,-27405,0,0,0,0,0,-29945,0,22308,0,0
84464319,Team0,0,0,-30450,0,0,0,0,0,0,0,0,-21643,0,27308,0,0,0,0,0,0,0,0,0,0,0,0,0,24941,0,-22523,0,0,0,0,0,0,0,0,0
84723194,Team0,1,0,0,0,0,0,30374,0,0,0,0,0,28961,-19318,0,0,0,28328,0,0,-18064,24635,-21266,0,0,0,0,0,-21246,0,30854,0,0,0,-29008,0,25306,0,-21909
84723217,Team0,1,0,28216,0,0,0,0,24549,23513,0,0,0,0,0,0,0,0,23405,0,0,0,-26843,0,0,-26196,0,-27496,-28535,0,0,-24133,0,0,25220,27832,0,0,-23559,0
84723284,Team0,-1,0,-27522,0,0,-24391,27911,0,0,24088,0,23609,0,19996,0,0,0,-25201,0,-24654,0,0,-23645,0,0,0,0,-26395,0,0,0,0,0,28855,0,0,0,0,29216
84723302,Team1,-1,0,-34615,0,-29862,0,0,0,0,0,0,0,-29246,0,0,0,0,-29746,-27306,23543,21687,0,0,0,0,0,0,21213,20069,0,27499,21839,0,0,-25387,0,0,0,0
84723334,Team1,0,-32282,26227,22105,0,0,0,0,0,0,-23047,0,0,22409,0,0,0,23636,0,0,-32629,-22653,0,0,0,0,0,0,0,-25821,0,0,0,33523,-25405,0,20854,0,0
84723370,Team0,-1,24546,0,-21538,0,-23165,0,0,0,0,0,36002,-28623,38363,0,0,0,27562,0,0,-24441,26517,0,0,0,-23038,0,0,0,-26529,0,0,0,0,28384,0,0,0,0
84723391,Team0,1,27389,0,26733,0,-17994,0,0,0,0,0,0,0,0,0,-19157,0,0,-20787,0,0,-22333,0,29731,0,-32065,0,0,0,-28281,31109,0,30664,26656,0,0,0,0,0
84723411,Team1,-1,27459,-25998,0,0,0,-26596,0,29437,0,-20778,29538,0,0,0,0,-20638,0,29579,0,-21273,0,-22838,0,0,0,0,0,0,0,27133,0,0,0,0,0,26609,0,0
84723440,Team0,1,0,0,32030,0,-20882,0,0,-23252,26009,0,0,25544,0,0,0,0,30027,-21421,0,29148,-20310,0,0,-24684,0,0,0,-20851,36523,0,0,0,0,0,0,0,0,0
84755655,Team1,-1,-34961,0,0,0,0,-28901,0,-25898,0,-22280,0,28208,0,0,0,0,19143,0,28639,-25532,25520,22440,0,0,0,0,26229,0,0,0,0,0,0,0,0,0,0,-30330
84755664,Team1,-1,0,-26990,0,0,0,-29467,0,0,0,0,27097,0,0,-29645,0,0,0,0,23309,-28469,23324,0,0,0,23117,-30961,0,-32209,0,0,0,0,28979,0,0,22662,0,0
84755671,Team1,-1,-32813,0,0,0,21692,-34264,-31635,0,0,0,22661,-32329,-31437,0,0,0,0,0,25249,24246,0,0,0,0,0,23870,0,0,0,0,23908,0,-31347,0,0,0,0,0
84755672,Team1,1,27446,-25246,0,0,0,0,-25877,0,0,0,28689,-28328,26185,0,0,-27166,0,0,0,0,0,0,0,0,0,0,0,-29510,31352,-27050,0,0,22436,0,0,26408,0,0
84755677,Team0,0,-26406,25218,0,0,0,0,0,-25286,0,0,-24221,0,0,27406,0,-24834,0,-25637,28561,-25835,0,0,0,21927,0,0,0,0,0,0,22565,0,20669,0,0,0,0,0
84755753,Team0,1,30209,37236,0,0,0,0,0,0,-24345,0,0,29294,27333,0,0,0,29891,31283,0,-29858,-21447,0,0,0,0,0,0,-23399,-26379,0,0,0,0,-24318,0,0,0,0
84755793,Team1,0,23525,21269,0,20369,0,-37269,0,0,0,0,0,0,0,-23882,0,-19790,0,-24733,0,0,0,0,0,0,0,0,-22874,0,-30802,0,0,0,23784,30119,0,18497,0,0
84755794,Team0,1,0,36847,0,0,0,-28793,0,0,-21033,0,-24287,0,0,0,0,27072,-19695,0,0,0,0,0,0,0,0,-20405,0,27411,26644,-26957,0,0,0,0,0,26989,0,22401
84755802,Team1,-1,-32596,26421,0,0,-28880,34849,0,0,0,0,0,0,0,0,0,0,0,0,0,-34775,0,17964,0,0,0,0,0,17254,-32319,0,-28897,0,18180,-31482,20578,0,0,0
84755851,Team0,1,0,0,0,0,0,-25576,-26217,26759,0,0,0,0,0,26899,0,0,-26220,0,0,0,0,0,26380,-22536,27925,0,0,0,28037,0,0,-19075,26271,0,0,0,-25942,0
84755853,Team1,1,0,-27777,24291,0,0,28339,0,24671,0,0,0,0,22882,0,-32233,-21718,21752,0,0,23704,-26483,0,0,0,0,0,0,-27514,0,-24286,0,0,0,0,0,0,0,0
84755855,Team0,1,30917,0,26655,0,0,33855,0,0,0,27232,0,0,28395,0,-21828,0,0,-23757,0,-21830,0,0,0,0,0,0,0,0,-30738,-25499,0,0,0,-30297,0,0,25637,0
84755858,Team0,-1,-25576,0,0,0,0,0,0,0,0,-24481,22486,0,23694,0,0,0,0,0,0,-24155,-26296,0,-25085,0,0,0,0,-30938,0,29178,0,0,27067,0,0,0,0,0
84094695,Team1,1,29283,0,0,0,29477,-32926,0,0,0,0,0,0,34888,-30314,26390,0,0,0,0,0,-31932,0,0,0,0,0,0,28921,0,0,0,0,-28777,26567,-26843,-27657,0,0
84094703,Team1,-1,-27095,0,0,0,0,0,0,0,24813,0,0,-28091,0,0,0,23562,0,0,28372,30068,-26639,-27683,0,0,0,0,0,23561,-31500,0,0,0,-29197,28955,0,0,0,0
84094713,Team1,-1,26149,0,0,29411,0,0,0,0,0,0,0,-25006,-27379,25946,0,20537,0,21703,0,0,0,0,0,0,-29394,0,0,-24569,0,0,0,0,-28160,0,-22953,22056,0,0
84094793,Team1,1,0,-32908,0,0,0,0,-22979,25625,0,0,0,0,29612,0,0,0,0,27527,32462,0,0,0,0,0,0,-22976,0,28442,-26669,-29791,0,0,0,0,0,0,28022,-22796
84094807,Team0,1,0,24291,0,0,-25187,0,0,0,0,0,0,26292,0,-29768,24383,0,0,0,0,-24967,0,0,0,0,25821,0,0,30114,-31318,0,0,-24465,0,25183,0,-24792,0,0
84094818,Team0,0,0,0,0,0,0,0,0,0,0,-25315,-24383,0,0,30055,0,0,26027,23944,0,0,-23801,0,0,0,0,0,-27660,0,30215,0,0,23089,-24576,24623,-25339,0,0,0
84094947,Team1,-1,18980,0,0,-32784,-29903,0,0,-32547,0,0,30992,0,0,18885,0,21964,0,0,0,0,20369,0,0,0,17483,0,0,0,-29944,0,0,0,0,-30036,0,-30326,0,0
84094967,Team1,1,0,0,0,0,0,-33607,0,0,-23741,0,0,0,-23131,0,0,0,-28481,0,0,0,0,0,34474,-24581,0,0,27108,0,0,0,22611,0,29519,-33444,21513,0,29441,0
84094973,Team1,-1,0,-31229,0,-27749,0,0,0,22986,0,0,24236,0,0,0,0,0,0,0,0,24296,24102,0,0,0,0,0,0,28841,-32873,0,0,0,0,0,0,-31288,0,0
84309382,Team0,1,0,0,-21845,0,0,30653,0,32170,-22081,0,-22393,30689,0,0,0,0,44145,0,0,-20957,-25338,0,0,0,0,0,0,0,0,33578,0,0,-21567,28972,0,0,0,0
84309447,Team1,0,-27945,25724,0,0,24284,36700,0,22490,0,0,0,29239,-27823,0,-29444,0,22581,0,0,-30737,0,0,0,0,0,0,0,0,0,-25939,0,0,0,-23672,0,0,0,0
84309452,Team0,1,0,0,0,-23655,0,-25148,0,29829,0,0,0,0,0,0,0,0,-24288,-23346,32620,29051,-23176,0,0,0,0,0,0,30690,0,0,0,-22590,0,30729,0,0,0,28957
84309506,Team1,-1,0,-24218,0,0,20405,32425,0,0,0,0,0,0,-25496,-31268,0,0,-26744,0,0,24450,0,22157,0,0,-27390,0,30951,0,0,0,0,0,0,-25084,0,24192,0,0
84309531,Team0,1,0,33921,0,0,29733,0,26515,-22097,25183,0,0,0,0,-23662,0,0,0,0,-26265,0,0,-20532,40083,0,0,0,0,25542,0,0,0,0,0,-24454,0,0,-20489,0
84817341,Team1,0,0,0,0,22569,0,0,0,0,18869,0,22202,22602,-28750,0,0,0,-25696,-25282,0,0,0,0,0,0,-29145,0,-26396,0,26704,0,0,0,0,24733,0,0,0,-34737
84786945,Team0,1,0,-28623,0,0,-22670,30191,0,0,0,0,28453,0,20940,0,0,0,24883,-21543,27063,0,0,0,0,0,0,0,0,-22611,-22318,0,0,0,0,-21171,0,24200,0,0
84787020,Team1,0,0,0,-25471,0,-40553,0,0,-30054,-26592,0,0,0,0,0,20651,25091,0,0,28333,26199,0,0,23885,0,0,0,-27550,0,0,-23024,26231,0,0,0,0,0,0,0
84787030,Team0,1,0,-27760,29386,0,0,38958,0,0,31391,-21413,0,0,0,0,0,0,0,0,-21179,-20722,0,0,-18456,0,0,0,31336,0,0,0,30523,29389,0,-21459,0,0,0,0
84845384,Team1,-1,-26925,26693,0,0,23334,23206,0,22634,0,0,-30483,0,0,0,0,0,23112,-26285,0,0,-25367,0,0,0,0,0,0,-29136,0,0,0,0,-29893,0,0,21092,0,0
84845406,Team0,0,0,38194,0,0,0,-29766,0,0,0,25581,26823,0,0,0,25271,24453,0,0,0,0,0,-23147,0,0,0,0,0,0,-29628,25365,0,0,-21669,0,0,-23702,0,-21277
84845426,Team1,0,0,27530,0,0,29148,0,-28183,0,23454,0,0,27552,28981,0,0,0,0,0,0,0,-23012,-24294,0,0,0,0,0,28015,-25222,0,0,0,0,0,0,0,-29617,-26505
84845506,Team1,0,0,-20152,0,32981,0,0,0,0,-23315,0,-23504,0,23124,0,0,22530,-19848,-21267,0,0,0,-22842,0,0,0,0,0,23727,0,0,0,0,0,24323,0,20769,0,0
84845515,Team1,0,0,0,0,0,0,0,0,-28462,25857,0,0,0,0,0,-26514,0,0,0,0,0,0,23273,0,0,0,0,0,24930,22124,-26568,0,0,0,-30575,19795,17411,-24193,-28960
84498883,Team0,0,0,-21045,0,0,0,0,0,0,0,0,0,0,15884,0,-9381,0,-10839,15372,0,15179,0,0,0,0,-9284,0,0,0,15724,0,0,-10280,-14679,17343,0,0,0,16893
84498931,Team0,0,-23969,0,0,0,24655,0,0,20524,0,0,0,0,28926,0,0,0,0,23720,0,0,0,-24487,0,0,0,0,-23968,26277,25236,0,0,0,-26258,-26527,0,0,-23808,0
84499032,Team0,0,-23797,0,0,0,-22304,0,0,-24130,26750,0,30482,0,-26894,0,0,0,0,33912,0,28649,30276,0,0,0,0,0,0,-28714,0,0,0,0,0,-31712,0,0,0,27452
84499050,Team1,1,0,0,0,0,0,26277,-33687,-28827,0,0,-31667,0,0,0,26069,29469,-26913,0,0,34530,0,25861,0,0,0,0,0,27636,0,0,0,0,-28376,-29402,0,0,0,0
84499281,Team0,-1,0,0,0,33003,0,0,0,0,-21677,22298,32077,0,-21910,0,0,0,0,0,0,21531,-21042,0,0,-23916,0,0,0,-29569,-32920,0,0,21826,0,0,0,0,26205,0
84655697,Team0,1,0,39711,0,0,0,-19950,0,0,0,0,0,-20945,0,0,0,0,0,0,0,0,-17329,24485,-18058,-21559,26802,0,0,-16146,0,29855,0,29227,0,0,0,0,0,26802
84655699,Team1,0,0,0,0,-28565,0,0,0,-25974,0,0,0,0,0,0,23172,23220,0,0,23970,0,-24874,-25293,25338,-25908,0,0,0,-24911,27309,0,0,0,0,0,0,0,26697,0
84655806,Team1,-1,20602,0,0,0,0,30538,0,-27894,0,0,0,0,0,0,-29135,0,0,0,0,21286,0,0,25294,0,0,0,-29711,0,0,-31580,0,0,22736,0,-26854,19636,-31576,0
84655824,Team0,1,0,0,0,-28460,0,0,0,22997,0,27983,31503,0,0,0,0,0,23101,-21147,0,-10613,29040,-21827,0,0,0,0,0,0,0,0,0,0,0,-22834,25118,0,0,-22239
84655842,Team0,-1,0,25517,0,0,-24300,0,22960,-26157,0,0,0,0,0,0,0,0,-26227,0,0,0,0,0,0,0,-25953,26152,-31679,0,23610,32365,0,0,0,0,0,-26052,0,23008
84248681,Team1,0,0,0,0,0,0,0,0,0,0,0,0,0,0,0,0,0,-23801,0,0,0,0,0,0,0,-25726,0,0,0,0,0,0,0,0,0,0,0,0,0
84248685,Team0,1,0,0,0,-35753,0,31847,0,0,0,0,0,0,0,0,0,33543,29823,-24627,0,-26349,-25087,0,-24605,0,30530,0,34925,0,0,0,0,0,0,0,0,32431,0,-29563
84248707,Team1,1,-29547,35548,0,0,0,0,0,20907,0,0,-27754,20685,0,0,-32729,-30227,0,0,-28989,0,-27453,0,0,0,0,0,21669,0,0,24450,0,0,28176,0,0,0,0,0
84248709,Team1,1,0,-32069,0,0,27643,0,0,-22967,31155,0,26886,0,24393,0,0,0,0,0,0,-26288,26858,0,30582,0,0,0,0,-23359,0,0,0,0,-23905,-21403,0,0,0,0
84248739,Team1,-1,0,0,0,0,0,-40748,24338,0,0,0,23197,0,0,0,0,-24054,-27705,0,0,25753,0,0,-27373,0,0,0,0,0,32209,20820,0,21667,0,-24964,0,-29631,0,0
84248755,Team0,0,0,0,0,0,0,15110,0,0,0,0,-5827,0,13213,13505,0,-5742,0,0,0,0,0,0,0,0,0,0,-7739,-7417,11675,-1677,0,0,11156,-6254,0,8017,0,0
84248806,Team0,1,-27012,-33997,0,0,-23159,0,0,31324,0,0,0,0,0,-27477,0,0,26606,0,28159,-21759,0,0,0,0,0,33746,0,0,29357,0,0,0,0,35262,0,-23714,0,0
84248854,Team0,1,0,0,0,-27612,0,0,0,-20565,0,0,0,0,0,0,23620,0,24436,0,0,0,-23267,-17339,-29216,-20322,27063,0,26950,0,0,0,22311,0,27779,0,0,0,0,0
84248855,Team0,1,-24304,30990,0,0,-26912,0,0,0,25315,0,-27729,25833,23644,0,0,0,23643,0,0,-25060,0,-22614,-26132,0,22999,0,0,0,0,0,0,0,0,0,0,0,0,0
84248858,Team0,1,0,37318,0,0,25694,-30079,0,-24147,26655,0,0,0,-24130,21574,0,0,-26632,30510,0,0,0,0,0,0,0,0,0,-25613,0,0,0,23950,0,0,0,0,-22938,0
84248859,Team1,-1,26354,0,-26879,-25886,0,25229,0,-29472,0,0,0,0,28618,0,0,0,0,0,0,25900,-26401,0,0,0,0,0,0,0,0,-36276,0,0,27454,0,0,32274,0,-28004
84248919,Team1,0,0,-25778,0,0,-22674,0,0,29116,0,0,-28058,0,0,0,-21629,-23029,0,-26099,31563,27479,30141,0,0,0,0,0,0,26379,0,0,0,0,0,25691,0,0,0,0
84248946,Team1,1,0,0,0,0,0,31365,0,0,0,0,0,0,0,0,0,0,0,0,0,0,0,0,0,0,0,0,0,0,0,0,0,0,0,0,0,0,0,0
84033486,Team0,0,-28252,0,0,0,0,0,0,-25403,-20026,23784,-30721,0,0,0,0,0,27493,0,25926,0,0,0,0,-23841,0,0,0,0,0,0,0,0,0,0,0,0,0,0
84033547,Team1,-1,22482,0,0,0,0,0,0,0,25064,0,-30966,0,20992,0,0,-24913,0,-27195,0,0,29745,0,0,0,-33734,-31197,0,21836,0,0,0,0,0,0,21765,0,-27579,0
84033548,Team1,1,0,0,0,0,22949,23737,-24324,0,0,0,30083,0,0,0,0,0,24890,0,0,0,22769,-22565,0,-23128,0,0,-25130,0,0,-28600,0,0,0,-25303,0,24967,0,0
84033593,Team0,0,0,-34014,0,0,0,0,-25861,0,0,30827,0,0,0,0,0,0,0,0,35574,0,-22615,0,28558,0,0,0,0,-23296,30273,-36770,0,22618,0,0,25726,0,0,-23003
84033648,Team0,0,0,0,0,0,0,24640,31139,-26614,0,0,0,0,26137,0,0,0,-25767,0,-26049,23120,-26880,0,0,0,0,-29178,0,-29018,0,0,0,0,0,24427,0,0,22340,0
84033685,Team0,1,0,0,0,28033,-18350,0,0,0,25883,0,0,25282,0,0,28766,25890,0,0,0,0,0,-21597,0,-23427,30125,-25694,0,0,-25062,0,0,0,0,-29579,0,0,0,0
84033691,Team0,0,26161,0,0,0,0,25972,23188,0,0,0,27174,0,23020,0,0,21360,0,-25075,-25438,0,0,0,0,0,0,0,0,-22899,0,-25551,0,0,-22072,0,0,0,0,-23245
84033703,Team1,0,22860,0,0,-24349,0,0,0,22886,0,-26005,0,0,0,0,0,0,0,0,0,23495,-26818,-23534,0,0,0,0,-25157,20213,0,0,0,0,32216,0,-24139,24181,0,0
84531494,Team0,1,0,28024,0,0,0,0,31592,-22951,0,0,0,0,22488,0,0,-24632,0,0,0,-28747,0,0,26034,0,-24826,0,0,-24296,0,37769,0,0,0,-27892,0,0,27018,0
84531524,Team1,-1,0,-28768,0,0,0,-27702,24811,0,0,0,0,0,0,0,0,0,25541,0,0,-24646,26461,-27230,0,0,21859,21217,0,-31207,0,0,0,0,-22560,0,0,0,25422,0
84531551,Team1,0,25348,0,24482,0,0,0,-29196,-29200,0,0,25809,0,0,0,0,0,0,0,0,0,22778,0,0,-25876,0,0,29759,0,-27359,0,0,0,-26341,-26198,0,21911,0,0
84531612,Team0,-1,0,0,-24322,0,-26419,-24076,0,0,0,-23423,0,0,0,0,-23752,0,27644,0,0,0,0,0,0,0,0,0,0,0,30024,26693,0,26695,-28623,31293,0,28685,0,0
84531660,Team1,-1,0,0,0,0,23658,-36604,0,0,0,0,0,0,0,0,0,0,0,0,0,0,0,0,0,23219,-27001,-31928,0,25462,27136,-29237,20944,0,-26237,27388,0,-27471,0,0
84531745,Team1,0,25931,0,0,0,0,0,0,28600,-25256,0,0,0,0,0,-24825,0,0,0,0,-29220,-24195,0,0,0,0,0,-23781,20808,26092,-38861,0,0,24104,25654,0,0,0,0
84531756,Team1,-1,0,24104,0,0,0,0,24427,-27122,0,0,-29212,0,22860,0,0,0,-23167,0,0,24052,25038,0,0,0,0,0,-23539,0,0,0,-23365,0,-24107,0,0,0,26305,0
84182324,Team1,-1,-30733,30524,0,0,22687,0,0,0,0,0,0,0,0,-32519,0,0,0,-30843,0,20417,-27753,-30982,0,0,0,0,23067,-34159,0,0,0,0,0,0,29456,23880,0,0
84182351,Team0,1,25666,0,0,0,0,-25144,27278,24354,0,-20248,-32035,0,-23217,0,0,-23892,0,0,0,0,23465,0,38017,0,0,0,0,-25108,0,0,0,0,0,0,25540,0,0,0
84182367,Team1,0,0,28031,0,0,26639,-37840,0,26380,-28587,0,0,0,0,-32361,26612,-28855,0,0,0,22475,-25618,0,0,0,0,0,0,-30079,0,0,0,0,0,0,0,0,23366,0
84182408,Team0,1,0,0,0,0,0,-25706,0,0,0,0,-26852,27967,0,0,0,-21513,0,0,0,0,-18302,0,0,0,0,0,31760,-21644,29481,33625,0,0,26546,0,0,28126,-21467,0
84182443,Team0,0,0,0,0,0,0,-30739,29680,0,0,0,0,30375,0,0,0,-13656,0,-25017,29554,31575,26544,0,-24801,-25838,0,0,0,-20923,28649,0,0,0,0,0,0,0,0,0
84182477,Team0,0,0,-26613,0,0,27997,0,0,-23979,0,0,0,29487,0,0,-22382,0,0,0,0,0,32327,0,26917,0,-29431,-25878,0,27066,-25644,0,0,0,0,0,0,0,25357,0
84182520,Team1,-1,31307,0,25724,0,0,-30775,0,0,0,0,0,0,0,0,0,28759,0,0,0,25764,0,-25784,-30570,-26480,26430,0,0,-27340,0,0,23642,0,-35665,0,0,0,0,0
84182552,Team1,1,0,-25863,0,22579,-28042,0,0,0,0,0,-26043,0,0,0,-24758,0,0,0,0,0,-24952,0,0,0,0,0,0,21080,30437,0,-30018,24671,22748,31639,0,0,0,0
84182554,Team1,-1,0,0,-31263,0,-29181,31539,0,20474,0,0,20324,0,0,0,0,0,0,-33142,0,-30333,0,0,-39000,0,-36515,0,0,0,0,0,0,0,0,28721,0,30056,0,23282
84182555,Team0,1,-22253,0,0,0,0,0,0,-23800,0,27922,31091,0,0,0,0,30851,0,0,0,0,-20998,0,0,0,0,0,0,28730,0,-25365,0,0,0,25756,30612,-24334,0,-24678
84182574,Team0,1,-26590,0,0,0,0,38749,0,0,0,0,0,0,28992,0,-22181,0,0,-20664,0,-29274,0,0,0,0,33538,-22389,29655,0,0,-27288,0,0,0,30366,0,27184,0,0
84338489,Team1,0,0,0,0,0,0,-23480,0,0,-25991,0,-25403,0,0,26558,0,-24484,0,0,25135,-21771,0,0,0,0,0,0,0,21043,0,29110,23162,21738,0,0,0,-22544,0,0
84338492,Team0,1,0,0,0,29676,-23594,0,0,28706,0,0,0,0,0,28019,-26871,0,0,0,-27812,-24240,-20222,0,0,0,0,0,0,-21241,0,29384,0,0,0,34069,0,27873,0,0
84338566,Team0,1,27893,-29218,0,0,31431,0,30421,0,0,-17661,0,0,0,0,0,0,0,0,0,-23773,29808,0,0,28953,0,-20761,0,0,-19320,0,0,0,0,28919,0,0,-21971,0
84338616,Team1,-1,0,0,0,0,0,0,0,0,0,0,0,-33110,26825,0,-25384,0,0,0,0,0,-30485,0,-30485,0,27584,0,0,20759,-30444,0,0,0,24786,0,0,23326,-33711,19806
84152979,Team1,-1,-31066,0,0,0,0,0,-26805,-29529,0,0,-25936,0,0,0,0,-27381,19318,0,0,0,23288,0,0,-27294,23764,0,0,0,0,0,0,0,28387,22904,0,23414,0,0
84152992,Team1,0,0,0,0,22450,0,29643,-27179,0,22380,0,0,0,24890,0,23321,0,0,0,23118,-23790,-22902,0,0,-29020,0,0,0,0,0,0,0,0,0,-23096,0,0,-24146,0
84153022,Team1,-1,0,0,0,0,-26415,0,0,22658,0,0,23994,0,0,0,0,19184,0,0,0,0,-20951,0,0,-26523,-27237,19289,22632,0,-28260,0,21872,0,0,0,0,-20871,0,0
84153055,Team0,-1,0,27663,0,-26520,0,40337,0,-31270,-28170,0,0,32026,0,0,0,0,0,0,0,-28456,22755,0,-25954,0,0,0,0,23669,0,0,0,0,0,-27043,0,0,19758,0
84153062,Team0,-1,0,0,30346,0,26173,34351,0,-23817,-22677,25545,-29757,0,0,-21225,26480,0,0,0,32264,0,0,0,0,0,0,0,-25020,-28625,0,0,0,0,0,0,0,0,0,0
84153095,Team0,1,-17434,0,0,0,0,0,0,0,0,0,30595,0,0,0,30653,0,29301,0,30821,0,-18474,0,0,-21838,-21456,0,0,0,-25884,0,0,0,31253,39715,0,0,-17814,0
84153101,Team0,0,0,0,0,0,0,-24059,27333,0,0,0,29370,0,0,0,0,-27342,27942,0,0,-25737,27597,0,0,0,0,26728,0,0,0,0,0,0,27842,-29333,0,-24374,0,-26003
84153166,Team1,-1,0,0,0,23708,0,-36086,0,0,0,0,25968,0,-25616,0,0,0,-22337,0,0,-33427,24027,23964,0,0,0,21335,0,-27257,0,35819,-24510,0,0,0,0,0,0,0
84153171,Team0,1,0,0,0,0,0,0,0,0,0,0,0,0,0,0,0,26178,0,0,0,0,32081,0,0,0,0,0,0,0,0,0,0,0,0,23491,0,0,0,23622
84000019,Team0,1,0,-27750,-23499,0,0,0,0,0,31086,-28147,25852,25563,-25836,0,0,0,31543,0,43065,-25379,0,0,28399,0,0,0,0,0,0,0,0,0,0,0,0,0,0,-24133
84000118,Team1,0,27770,18763,-20553,0,-25074,-34403,0,0,0,0,0,0,0,25496,0,-22178,0,0,0,0,23591,0,0,0,0,0,-29963,-22731,0,31232,26070,0,0,0,0,0,0,0
84000125,Team0,0,-23981,33207,0,0,0,0,0,0,-22483,0,0,-34493,-22482,0,0,0,24458,0,0,-22632,0,0,0,24828,0,25228,0,-23087,0,34695,0,27558,0,0,0,0,0,0
84000195,Team0,1,0,-24127,0,-23291,0,0,0,30797,0,0,0,0,0,0,0,-24795,32536,0,30738,0,0,0,-22991,0,0,0,0,34166,-22018,0,0,0,0,37993,0,-18876,0,28261
84000214,Team1,0,23632,0,0,0,0,34701,-29002,23582,0,0,0,0,-23486,0,-24401,0,22679,0,0,0,0,22182,23322,-23899,0,0,0,-22729,0,-34589,0,0,0,0,0,0,0,0
84000226,Team1,-1,-26704,0,0,0,0,0,-25367,-24616,0,0,0,0,0,-27201,22358,0,0,21026,25686,23022,0,0,0,0,0,0,0,23090,0,0,0,0,0,0,24180,0,-23294,-26155
84000248,Team1,-1,0,0,0,0,0,-33163,25782,0,-27133,0,0,0,-25302,-28626,26845,0,24985,0,0,0,27060,0,0,0,25354,0,0,-26087,0,0,0,0,0,0,27387,0,0,-25798
84000262,Team0,1,0,0,0,0,32001,-28967,0,-27733,-23036,0,0,0,25770,-24766,0,0,0,0,0,0,0,0,30485,26282,0,0,0,28009,0,0,0,0,0,0,-24590,33377,0,-19399
84000265,Team1,-1,0,0,0,0,0,0,0,0,0,0,0,0,23236,0,0,0,0,0,0,0,0,0,0,0,0,0,0,0,0,0,-20313,0,0,0,0,0,0,0
84215057,Team1,1,0,0,22171,0,0,0,0,0,23105,0,0,-20406,0,0,0,0,-24773,0,0,33813,0,0,0,0,24944,0,0,0,-26436,-31203,-21933,24083,26903,-27275,0,0,0,0
84215073,Team0,1,31050,0,27718,0,0,-24011,0,-21479,-19478,33406,0,0,0,0,0,0,-15626,0,0,-19002,27714,0,-17146,0,0,0,30981,0,0,0,0,0,0,0,0,32260,0,0
84215190,Team0,0,0,0,0,-21332,0,0,0,29221,0,0,0,0,-23462,27569,23089,0,0,26211,0,-25896,-24148,0,0,0,-26933,0,27763,27601,0,0,0,0,0,0,0,-25466,0,0
84215279,Team0,0,30559,0,0,32311,0,23527,0,0,0,0,-29478,-24778,0,0,27341,25925,0,25913,-20605,0,0,0,0,0,0,0,0,0,-22462,0,0,0,0,0,0,-23800,0,-30032
84215284,Team1,-1,25537,0,0,32713,25081,0,-30012,28756,0,0,0,0,-36879,0,0,0,0,0,0,-32395,23128,0,-31950,0,0,0,0,0,-27037,0,0,0,0,0,0,30187,0,-27893
84215328,Team0,1,0,0,0,-27863,0,0,0,0,0,0,0,0,-23116,27047,23791,0,0,0,34028,0,25674,24527,-29933,0,0,0,0,0,0,0,0,0,-26429,-21137,27282,-22099,0,0
84367303,Team1,-1,0,0,0,-36493,-29031,0,0,22381,0,-29340,0,-30319,0,0,-30290,0,0,28684,0,0,0,0,-32810,0,22766,0,0,0,0,25997,0,0,0,21048,21037,0,0,0
84367326,Team1,1,0,-32350,0,0,25003,0,0,0,0,0,0,24247,0,-25705,0,0,0,-25910,0,-24172,0,0,0,22167,0,0,0,23970,27419,0,22163,0,0,-26111,0,0,-25692,0
84367359,Team0,1,0,-27702,0,0,0,0,0,28453,0,-22011,29000,0,0,-25557,0,0,-20284,28451,33866,0,0,0,-24007,0,0,0,0,31555,0,0,0,0,28997,-20044,0,0,0,0
84367466,Team0,1,0,0,0,0,0,0,0,0,0,0,37451,0,-20348,0,25887,0,-25035,0,31745,24700,-22448,0,-22612,0,0,0,0,-21059,0,0,27363,0,0,-29618,0,21577,0,0
84367484,Team1,0,0,29649,0,0,-25294,0,0,25374,27101,0,0,0,0,0,25429,0,0,0,0,0,-24168,0,0,-30358,0,-23615,0,-25377,-28828,32457,0,0,0,0,22300,0,0,0
84367573,Team0,1,0,28477,0,0,26150,0,0,-25510,0,0,30679,0,-27480,0,0,0,0,-28451,-25002,-23941,27856,0,0,-25105,0,0,0,0,0,0,0,0,28883,0,0,26048,0,0
84593122,Team0,1,0,32556,0,0,0,0,0,27647,27873,-24375,-25697,0,-25243,26475,0,0,0,0,29958,28860,0,0,0,0,0,-23594,0,0,-23517,0,0,0,-22037,0,0,0,0,0
84593173,Team0,1,0,0,0,30630,0,0,0,0,0,0,0,0,0,0,0,0,30419,0,40956,-18443,0,0,0,0,0,0,0,-19254,-24851,0,-19361,27697,0,27715,0,29073,-16905,-29375
84593261,Team0,-1,0,-27116,-27232,0,24722,25756,0,0,0,0,18938,-25332,0,0,0,0,0,0,0,-27279,24721,0,0,0,0,0,0,0,-27907,0,0,0,21088,-29451,0,25523,0,0
84593280,Team1,0,34040,-33827,0,0,0,0,0,-27281,0,-24265,0,0,0,0,0,0,22208,0,0,-27140,-25808,0,0,0,0,0,0,0,0,24830,0,24275,0,24146,0,0,-25775,26924
84593337,Team1,-1,-27436,0,0,-28627,0,0,0,20589,0,-29110,0,-27370,0,0,0,0,20481,20601,-38808,0,0,21581,0,0,0,0,24937,0,25162,0,0,0,0,0,0,-27952,0,0
84593353,Team1,0,0,0,0,0,-23415,0,0,26786,0,0,-34825,0,0,0,0,0,-23136,0,0,0,-21690,27835,-33702,0,0,0,29371,0,0,26892,0,0,24419,28755,0,-22985,0,0
84593381,Team0,-1,0,0,0,24076,0,0,0,-25027,0,0,-26135,22389,0,-30425,0,0,0,-30016,0,0,-28117,24363,0,0,0,0,0,0,34679,0,0,-25908,0,26729,0,0,0,30399
84593383,Team1,-1,-30915,29901,0,0,0,0,-24923,-32114,24768,0,0,0,0,0,26031,0,0,21466,0,0,-28211,0,0,0,0,0,0,-25968,0,24983,0,0,-30272,0,0,0,23333,0
84593407,Team0,0,-31664,33576,0,0,0,0,0,0,27161,0,28184,24996,28087,0,0,0,0,0,-26237,-22654,-28424,0,0,0,0,0,29034,0,0,0,0,0,0,0,0,-25801,0,-22862
84593412,Team0,1,-30025,0,0,0,0,29929,23206,-23781,-24300,0,0,0,0,0,0,25289,0,0,0,-22422,0,0,-30064,0,0,0,26235,27779,0,0,0,0,26525,0,0,0,0,-23157
84593452,Team1,-1,0,26504,0,0,0,0,20978,0,0,0,0,-29890,0,0,0,22314,0,-30910,0,20878,0,0,-32613,0,21922,21129,-27275,0,0,-33696,0,0,-29819,0,0,0,0,0
84624339,Team1,0,0,26952,0,0,0,0,0,0,-21585,0,29367,-28568,0,0,0,24551,0,0,0,-30390,0,0,0,-29293,0,0,0,26711,0,0,0,0,24582,-24373,0,25242,-21923,0
84624382,Team1,-1,0,27077,22297,0,0,-30344,0,0,0,0,0,0,22831,0,0,0,23666,0,0,-26356,0,25222,0,0,-25225,0,0,0,0,0,0,0,-28411,0,0,-26665,22471,-24838
84624506,Team0,1,0,0,0,0,0,0,0,-31914,-25473,0,-21883,-25039,30371,0,0,0,0,29146,0,-20944,0,0,0,32236,27908,0,0,27775,0,0,0,0,0,-23884,27499,0,0,0
84624515,Team0,1,0,0,22337,0,22073,36571,0,0,0,0,0,0,-27953,0,-25737,31655,0,0,-30228,0,0,0,0,0,0,0,0,25782,30240,0,0,0,-25657,0,0,-25367,-27725,0
84624524,Team0,1,25297,-20888,0,0,0,0,0,26221,29766,0,29483,0,33399,0,0,0,-19855,0,0,0,-22702,0,0,0,0,0,-23736,0,0,25424,0,0,-19931,0,0,-19933,0,0
84624528,Team1,0,0,0,0,0,0,0,0,23017,-23221,0,-25886,0,-25445,0,0,-28819,27506,0,20750,0,25691,28304,25142,0,0,0,-25605,-27551,0,0,0,0,0,0,0,0,0,0
84624659,Team1,-1,0,0,0,0,24668,0,-25739,22021,0,0,21792,0,0,0,0,0,0,21935,21511,0,-24698,0,0,21547,0,-25326,-28131,0,0,-35174,0,0,-25452,0,0,0,0,0
84063981,Team0,-1,0,38373,0,0,0,0,0,0,24296,0,22783,0,-25571,28051,-26851,0,0,0,0,0,23374,-27158,0,0,0,0,0,-33831,-27024,27735,0,0,0,0,0,0,-26254,0
84063995,Team1,0,0,0,0,0,0,4688,0,-9397,0,0,9322,0,-9608,0,11341,4689,0,0,0,-10028,-12363,0,0,0,0,0,0,-11757,0,4687,0,0,0,0,5763,0,-13437,0
84064018,Team0,-1,0,31998,20062,0,0,0,0,0,-26228,0,-36797,-25984,-27757,0,0,24880,-30081,0,0,28861,0,0,0,0,0,19855,0,0,0,0,0,0,0,0,23043,0,0,-26731
84064076,Team1,1,0,0,26427,0,23791,-34845,-24066,0,0,-23711,0,0,0,0,23751,0,0,0,-23557,0,29128,0,0,0,0,0,0,-24293,28948,0,0,0,0,0,25777,0,0,-23914
84064092,Team0,1,-19669,-31305,0,0,31672,32428,-18168,0,0,0,0,0,-18898,0,32422,0,30585,0,0,0,0,0,0,0,0,0,0,0,50415,-19770,28479,0,0,-25686,0,0,0,0
84398053,Team1,-1,0,0,0,0,23876,0,0,0,0,0,0,24222,0,0,0,0,-26531,-26071,-30950,26609,-25931,0,0,23414,33808,0,0,-25974,0,0,24225,0,0,-29807,0,0,0,0
84398224,Team1,0,0,0,0,0,0,0,0,26122,0,-22275,0,0,0,0,0,0,28274,23750,-33774,0,0,-23824,0,-33999,0,25611,-21188,25522,27994,0,0,0,0,-27124,0,0,0,0
84398421,Team0,1,0,0,0,0,28180,30969,24881,0,0,-22429,0,0,0,0,-25646,0,-24238,0,0,26564,34327,0,0,0,-33118,0,31240,0,0,0,0,0,0,-26592,0,0,0,-24447
84123116,Team1,0,0,0,0,0,-31026,0,0,0,0,0,34581,0,0,0,0,0,0,18350,0,0,22354,0,0,23995,-24749,0,-25530,-26310,27798,0,0,0,20703,-23131,0,0,-22728,0
84123124,Team0,1,0,28013,0,0,-24343,0,0,0,30029,0,-27623,35213,-23887,0,0,28389,0,0,0,0,0,0,0,0,0,0,-25088,0,0,0,-22763,0,27181,-33999,0,25703,0,0
84123313,Team0,1,0,0,22879,0,0,0,0,0,-20103,0,-23918,0,0,0,0,20531,-22924,0,0,30239,-20297,0,0,0,0,0,0,0,0,0,0,0,0,-21958,22159,22988,-23873,29252
84123317,Team0,1,29850,0,0,0,28714,0,-23328,0,0,0,-36140,28242,-23567,30915,0,0,0,0,-21110,0,-20214,0,0,0,28699,0,0,0,-20944,0,0,0,0,28947,0,0,0,0
84123382,Team0,1,0,-30662,0,0,-22472,0,0,0,24736,0,31712,0,0,0,26102,0,0,25256,0,0,0,-24151,0,0,0,0,-22113,0,0,0,0,0,26043,-22874,25614,0,-25042,0
84278999,Team0,1,-22962,0,0,0,0,0,0,23012,25109,0,31165,-23623,0,0,-25459,0,22840,0,0,31804,0,-27352,0,0,0,28942,-23613,0,-28045,0,0,0,0,0,0,0,0,0
84279002,Team0,1,0,-30287,28560,-26152,0,0,0,0,0,23531,23398,0,22508,0,0,0,-24952,0,32178,24505,-23352,0,0,0,0,0,0,0,0,0,0,0,0,0,-22307,-24445,0,0
84279019,Team0,-1,27430,0,0,-25674,0,0,0,-27499,0,0,24703,0,-24859,0,0,0,32748,34637,0,24831,-25990,0,0,0,0,0,0,-26541,0,0,0,27614,0,0,0,0,-26554,0
84279047,Team0,1,28113,0,0,0,27855,0,0,28998,0,0,0,0,23958,0,0,0,-18106,-24576,0,0,-26007,-18508,32330,0,28145,0,-22370,0,-26173,0,0,0,0,0,0,0,0,0
84279082,Team0,1,-23950,27688,0,0,27093,-27900,-19864,0,0,27467,0,0,0,0,0,0,0,0,0,25012,-22980,0,0,0,0,0,30875,-21619,0,0,0,24933,-21519,0,0,0,0,0
84279175,Team1,-1,0,0,0,0,0,0,0,0,20721,0,-34735,0,-25448,0,25520,-25913,28951,-24468,0,-26606,0,0,0,0,0,0,0,-23973,0,0,0,0,0,28084,0,22447,21447,0
84279241,Team1,-1,-34317,31913,0,0,29993,0,0,0,0,0,-31100,0,19783,0,0,0,0,0,0,-27909,-30528,0,21489,22096,0,0,0,20137,0,0,0,0,-26131,0,0,-25139,0,0
84279242,Team1,0,0,-25584,0,28794,0,0,0,0,21175,0,28037,0,22204,0,-24980,0,0,0,0,-27986,21914,0,0,0,0,0,0,0,26283,0,0,0,-30286,0,0,-27879,-35839,0
84279244,Team1,-1,0,-28253,0,0,0,0,0,0,0,0,30604,0,0,0,23018,22008,18626,-22974,0,-24585,0,0,0,0,-29246,-27841,0,0,0,0,19682,0,0,0,18882,-24076,0,0
84279247,Team0,1,0,26488,26749,-24841,-25952,0,0,-27949,26229,0,0,0,26786,0,0,0,0,0,32094,27817,0,0,0,0,0,-30788,0,0,-26095,0,0,0,0,-25131,0,0,0,0
84279257,Team0,1,0,0,0,0,27999,38204,0,0,0,0,0,33227,0,-25909,-22947,0,0,0,-22028,0,0,28885,0,0,0,0,41309,0,0,0,0,0,28064,-23513,0,0,-21939,-27814
84279276,Team1,-1,0,0,0,-30129,0,0,0,-25343,19731,0,-25976,0,0,29736,0,-25179,0,0,0,0,-24278,0,0,30628,0,0,0,-25195,0,23064,0,23016,0,26091,0,0,0,0
84688266,Team0,1,0,0,0,0,-18902,0,0,-19123,0,0,-30831,-21898,26368,0,0,0,0,0,0,29989,27227,25732,0,0,0,0,28025,-21039,35605,-26094,0,0,0,0,0,0,0,0
84309549,Team0,0,0,0,0,0,0,0,0,28388,0,0,29721,0,-22800,27934,-20969,0,-23548,0,0,-32885,0,33365,0,0,-26158,0,0,0,0,0,-23455,0,0,0,27014,0,29664,0
84309600,Team0,1,0,31621,0,0,0,35454,0,0,0,0,0,0,32053,0,0,0,31075,0,-25263,-21171,0,0,-22999,-18824,0,35164,0,0,0,33885,-18719,0,0,0,-22184,0,0,0
84309634,Team0,0,29794,33578,0,0,26325,0,0,-25960,0,0,-23906,0,0,0,-30189,0,0,0,-23959,21414,-18806,-27622,0,0,0,0,0,0,0,0,0,0,0,25534,0,24343,0,0
84309711,Team0,0,0,0,0,28271,0,-23766,22545,0,0,0,23747,0,0,-27224,26669,0,0,0,-26824,0,0,0,21800,0,0,0,0,-28019,0,0,0,-23304,0,23179,0,-25952,0,0
84309718,Team0,1,0,31063,0,0,-18485,-25654,-31815,0,0,0,27625,0,0,0,0,0,0,0,0,-26645,32908,0,0,0,0,0,31459,0,-25498,0,0,-22579,22926,0,0,30417,0,0
84309719,Team0,0,0,0,27154,0,0,-26628,0,0,-24919,0,0,28250,0,0,-22361,0,-22890,0,0,0,0,0,0,0,28768,0,0,0,0,27662,26714,0,0,-20708,-25989,0,0,33577
84309720,Team1,1,0,0,0,0,24690,-38872,0,-27588,0,0,26974,0,0,0,0,-29097,0,0,0,-30792,25518,0,25496,0,0,0,0,0,-25415,0,23776,0,25876,0,0,-25928,0,0
84309734,Team0,0,0,26408,0,-28901,0,31521,0,27002,0,0,-30694,0,0,0,24118,0,0,0,-30017,0,-21961,-32561,0,0,0,0,0,0,28967,0,0,0,0,-30881,0,24439,0,0
84309773,Team0,1,30202,27994,0,-20411,30228,0,0,0,0,0,0,0,-20117,0,0,0,0,0,-22306,0,0,0,0,0,0,28721,0,27931,0,0,0,0,0,-19825,30147,-24264,0,-20673
84309776,Team0,-1,0,0,0,0,0,30097,-22822,0,0,0,0,0,0,20771,0,0,-25807,0,0,19138,-22307,0,-35154,0,0,0,-23371,0,0,0,0,0,22993,30223,0,24399,-22378,0
84309798,Team0,0,-31617,36784,0,0,0,0,0,0,0,0,25683,0,-23508,-20974,-18101,-20801,0,0,0,0,0,0,0,0,0,0,0,0,0,0,26716,0,0,24510,0,26882,0,0
84723505,Team0,-1,-26255,0,0,29217,0,0,0,0,0,0,-30974,0,-28477,0,0,-27420,26453,0,0,23158,28750,0,0,0,0,0,0,0,0,0,0,23465,0,-27381,0,26891,-25896,0
84094973,Team1,-1,0,0,0,0,-26813,0,0,0,0,0,0,0,0,0,0,0,0,0,22944,0,0,0,0,0,0,0,0,0,0,0,0,0,0,-27566,0,0,0,0
84094997,Team0,1,0,0,0,26397,0,0,0,-20674,0,23219,0,0,0,0,0,-21276,-23131,0,0,0,0,0,0,0,0,24647,-19520,33306,-27719,0,0,0,30836,26859,0,-27099,0,0
84095053,Team1,1,-27272,0,0,0,26550,0,-28486,26445,0,19772,24261,0,0,0,0,0,-37868,-29400,0,20578,0,0,0,0,0,0,24769,-28675,0,0,0,0,0,0,0,-28246,0,0
84095114,Team1,0,25128,0,0,0,29813,32545,0,-25325,-27094,0,-27340,0,0,0,0,0,0,0,-36394,0,27265,0,0,28156,0,0,0,0,0,-28464,0,0,0,-28725,0,23720,0,0
84095116,Team0,0,36267,26816,0,-30821,0,0,0,0,0,22271,0,0,22422,0,19275,0,0,0,0,33390,-25687,0,0,0,0,0,-32535,0,0,0,0,0,-25572,0,0,-29233,0,-25089
84095135,Team0,1,0,0,0,0,0,0,0,0,0,-20844,29795,-21765,28732,0,0,0,0,29943,0,-21935,0,0,-27247,0,-20437,0,0,36300,28793,0,0,0,0,36335,0,0,-20103,0
84095171,Team1,0,0,0,0,0,-22733,0,0,0,0,21659,-35618,0,0,33061,0,0,0,-20077,0,-26163,-27339,0,27863,31629,0,0,0,0,0,0,0,0,0,27633,0,-21555,27098,0
84095232,Team0,0,0,0,0,-31966,0,0,0,0,25756,0,20043,0,0,0,0,23668,-25644,0,0,0,0,0,0,22635,0,22968,-23863,0,31614,0,0,-21513,0,0,-22217,-20145,0,0
84095287,Team1,-1,21869,-37152,24411,0,-33147,0,0,0,0,0,24487,-24907,0,0,0,28032,0,0,0,0,0,0,0,-25607,0,0,0,-37649,0,0,0,0,0,0,-25685,0,24631,24412
84787073,Team1,-1,0,0,0,0,0,25101,0,0,0,-27960,0,0,-30792,0,0,0,23981,0,20149,0,0,0,-39892,-26299,0,0,0,21477,-33914,0,0,20634,0,0,0,0,-42352,20665
84787102,Team0,1,0,0,0,0,0,-28481,22968,0,0,0,0,0,0,0,0,-23271,30715,23798,0,-25657,0,-23009,30100,0,0,0,25899,-25156,0,0,0,0,30244,-22116,0,0,0,0
84787131,Team0,-1,0,-29218,0,31313,0,30667,0,28490,0,0,23174,0,0,-26501,-28340,23426,0,0,0,-26866,0,21567,0,0,0,0,0,0,0,0,-26889,0,0,0,0,0,0,-31190
84787166,Team1,1,0,0,-23794,0,-24544,-33400,0,0,22499,0,25982,0,0,0,-23970,-25013,24214,0,24607,0,21240,0,0,0,-29692,22563,0,0,0,0,0,0,0,0,0,0,0,0
84787168,Team0,1,27222,0,0,0,23828,-27493,0,0,0,0,33528,0,0,0,-21068,0,0,0,0,0,0,24265,0,0,0,0,-20489,0,25746,0,-21447,0,-31615,28314,-20190,0,0,0
84787231,Team1,0,0,-29547,0,0,0,-25319,0,0,22920,-19218,23638,-23826,29162,0,0,0,0,0,24830,22064,0,0,0,0,0,22657,0,0,0,-19293,0,0,0,-28265,0,0,0,0
84787253,Team0,0,0,0,0,30792,23729,0,0,-24195,0,0,-21681,0,25173,0,-23416,0,-19896,0,0,0,0,0,0,24439,0,0,32939,0,-21781,0,22402,0,0,0,0,0,-18690,0
84787258,Team0,1,-29430,0,0,0,25937,0,0,0,0,0,0,0,0,0,0,0,-19025,26037,0,0,-22744,-23128,0,0,-20691,25717,28761,0,0,26606,0,-22347,0,25705,0,0,0,0
84787313,Team0,1,0,-24255,21905,0,0,0,0,-23478,0,24679,0,0,-20481,0,0,0,0,0,0,-27671,33510,0,0,31200,0,0,0,0,0,-21942,0,0,33036,27952,0,-20744,0,0
84787353,Team0,1,0,0,0,0,0,27004,0,30048,0,0,0,0,-21704,0,-22502,0,24118,-30135,-31749,0,0,0,0,35661,0,0,0,0,-18770,0,0,26272,25603,0,0,0,-20854,0
84787355,Team0,0,0,-23870,0,0,0,0,0,-26344,0,24235,0,0,0,-22978,0,0,-25952,-21066,0,23388,22673,-22317,0,0,0,0,0,0,27285,0,0,0,0,0,0,25664,0,29714
84755858,Team0,-1,0,34816,0,0,0,0,0,0,0,0,0,0,0,0,0,0,0,0,0,0,0,0,0,0,0,0,0,0,0,0,0,0,0,0,0,23902,0,0
84755882,Team1,0,0,0,0,0,0,28306,-26843,0,-26022,0,25305,0,22328,0,0,0,0,0,0,22621,-26415,0,0,0,0,0,-28469,0,0,22913,0,0,0,0,0,24726,-30825,-26581
84755885,Team0,0,-22205,0,0,-23202,29690,0,0,0,0,-21578,-28345,0,27650,0,29128,0,0,0,33821,-23845,0,0,0,0,0,0,0,31282,0,0,0,-21908,0,0,0,27558,0,0
84755927,Team0,1,0,0,-22456,0,31466,0,0,0,-17048,0,33563,0,0,-20536,0,0,-16996,0,0,0,0,0,0,29230,0,0,0,0,0,28597,34168,0,0,28932,0,-12403,0,-24278
84755936,Team1,-1,20974,-37568,0,0,21894,0,0,0,0,0,0,0,0,0,-27556,-28622,-28043,0,0,0,25100,0,0,0,0,0,0,21961,0,0,-26443,0,0,24902,28162,0,0,-30755
84756057,Team0,0,0,0,0,23562,30199,0,0,27273,0,0,-28108,0,-25535,0,22490,0,0,0,0,0,0,0,0,0,-25025,0,24914,-27313,0,0,0,0,-27319,0,0,0,24138,-23398
84756079,Team1,-1,0,-32679,0,0,0,-39297,0,24413,0,0,0,0,-25121,0,0,22518,0,0,0,-26055,0,0,0,0,0,0,22936,23505,27473,0,0,0,-24543,-29239,0,0,0,21742
84499137,Team1,1,0,27114,0,0,-25442,0,-25946,0,0,0,-24566,0,24431,0,0,0,22349,0,25298,0,-20231,0,22216,0,0,0,-28430,0,0,-26768,0,0,0,0,0,23480,0,0
84499200,Team0,0,-24674,0,0,0,0,-30807,0,30669,0,0,0,0,0,0,32195,0,25717,0,0,-21764,-23962,-21166,0,-27150,0,0,29155,0,29173,0,0,0,0,0,0,38886,0,0
84499274,Team0,-1,-29566,41434,-26052,0,0,36583,-24535,0,0,0,0,0,0,0,0,-30413,0,0,0,29679,0,26411,0,0,0,0,0,25430,-32814,0,0,0,0,0,-25851,0,27318,0
84499326,Team0,1,0,31308,0,27282,0,-30958,0,26863,0,0,0,0,26139,0,0,0,-23372,-24849,0,-23510,28267,0,-29488,0,0,0,0,0,0,0,0,-20572,0,0,0,0,28491,0
84499418,Team1,0,0,0,0,0,0,-33990,0,-25853,0,-26461,0,0,23486,0,-23727,0,18554,0,0,0,24891,0,0,0,0,0,0,27007,26377,0,0,0,-26879,0,0,16272,-26338,0
84499421,Team0,1,0,-24005,0,0,28085,-23098,0,0,25931,0,43640,0,-23050,0,23559,0,-23351,0,0,0,0,0,0,22970,0,0,0,0,0,0,0,0,-26288,0,0,-29970,0,32749
84499432,Team0,0,0,-26979,0,28223,0,33755,0,0,0,0,-27511,0,24618,0,0,30393,0,24461,-30622,0,0,-22977,0,0,0,0,0,0,0,0,0,0,-25274,25585,0,0,0,-24347
84904701,Team0,-1,47021,0,0,0,0,0,0,0,0,0,-34407,0,33049,0,0,0,-25014,0,-31112,0,-25394,28822,0,0,0,-25438,39638,29622,0,28963,0,0,0,0,-24989,0,0,0
84904708,Team1,0,-28984,-31260,0,0,0,0,0,0,26811,31284,36091,0,0,-31150,0,0,0,-33561,0,0,0,0,0,0,27573,36599,0,0,0,27481,0,0,-21624,-25151,0,0,0,0
84904737,Team0,0,0,0,0,0,-23007,0,0,0,0,0,24330,0,-22242,0,25968,0,0,0,0,0,20971,0,-26449,0,32064,0,22885,-26804,-31369,0,0,0,0,-23832,0,30112,0,0
84904830,Team0,0,0,0,0,0,-23522,32683,0,0,0,-23673,-22587,0,0,23882,0,0,24549,-24272,0,-24464,0,0,0,0,0,0,-36320,0,0,0,21092,0,21107,22409,0,0,0,0
84904904,Team0,1,0,0,0,0,26279,0,26982,-28951,-26982,0,0,0,0,0,0,0,0,0,34005,0,-23490,0,-26355,0,0,0,30443,-24541,29398,-25804,0,0,0,0,0,30373,0,0
84904920,Team0,-1,0,0,0,35153,25424,-34150,0,-25525,24067,0,24172,0,0,0,21646,-18750,0,0,0,-29267,27257,0,0,0,0,0,0,0,0,0,0,0,0,0,0,-20523,0,-21059
84248291,Team0,-1,0,0,0,-22765,0,0,-22299,-33231,0,0,32004,0,0,0,0,0,19789,-22581,26977,0,0,28074,0,0,0,0,0,24298,-32653,0,0,32018,0,0,0,0,0,-23245
84248432,Team1,-1,-29236,0,-25814,0,-22541,23179,-27621,0,0,0,0,23926,-24112,0,0,0,0,0,0,25059,0,0,0,-31198,24101,0,0,0,0,22524,0,21922,0,0,0,0,0,0
84033719,Team1,0,0,28332,0,0,0,0,0,26031,0,0,0,0,30066,0,0,-25636,27405,0,0,-34153,-22954,0,-26076,0,0,25650,0,0,-27890,0,-22126,0,0,0,24911,0,0,0
84033738,Team1,-1,21849,0,20329,-31856,0,0,0,0,0,0,0,0,-28625,-32249,0,0,0,0,0,0,22184,0,29872,0,0,0,26469,0,-27831,0,-32044,27429,0,0,0,0,0,-27831
84033746,Team0,1,0,0,0,0,26520,0,26628,0,0,0,0,-32828,0,0,0,0,-25397,-25407,0,29160,25475,0,0,0,32413,0,30404,-25953,0,0,0,0,0,-22823,0,0,-21107,0
84033753,Team0,0,-19901,0,0,0,0,39866,0,0,0,-21555,28447,0,20345,-18793,0,0,0,0,0,0,-13555,20696,20203,0,0,0,26585,-22817,0,0,0,0,0,0,0,0,0,-18914
84033758,Team1,-1,0,-34655,0,0,0,25990,0,19816,0,0,-28757,0,18836,0,0,0,0,0,28983,18566,-31483,0,0,0,0,0,0,19798,0,-28769,-28371,0,-36539,0,0,0,0,0
84033759,Team1,0,0,0,0,0,25925,0,0,-28196,-25315,0,-27269,0,0,24795,24478,0,0,26654,0,-23544,23339,0,0,25267,0,-23490,0,-24790,0,0,0,0,0,0,0,0,0,0
84033860,Team1,-1,0,0,0,0,0,30145,-25628,0,0,0,-29208,0,0,0,0,-25274,26292,-23872,0,0,28285,27378,0,0,0,0,-24748,0,0,0,0,0,-23914,0,0,27066,28519,0
84033877,Team0,0,0,0,0,23702,0,-29912,0,0,0,0,22585,0,0,0,22604,-24138,-21829,0,0,0,0,0,32666,0,-23759,0,-24352,0,20821,0,27842,0,0,0,0,-26953,0,0
84033889,Team1,-1,0,0,20708,0,-27104,0,0,0,22039,0,0,0,0,0,22111,0,23799,-24721,0,0,25990,0,0,24419,-27186,0,-24895,0,0,0,0,0,0,-24872,0,0,-24207,0
84033902,Team0,0,-27990,0,33951,24323,27192,32999,0,0,-23395,0,0,0,-22541,-30477,0,0,0,0,0,0,0,0,-25717,0,0,0,0,-22684,0,0,0,24226,0,0,0,0,24758,0
84033949,Team0,-1,0,0,0,0,-18547,-24729,0,30063,0,-20632,0,0,-20198,0,0,25540,0,30960,0,0,25643,0,-25053,-22035,0,27347,0,0,0,0,30692,0,0,0,0,0,0,0
84531519,Team1,-1,0,0,0,25033,0,-26437,0,0,0,-25737,22931,0,0,0,-25680,0,-23693,22862,0,-28384,0,0,0,0,33457,0,0,0,0,0,20710,0,21197,-34937,0,0,0,0
84531662,Team0,1,0,32386,25147,0,29071,0,-26353,28562,0,0,-23802,0,0,0,0,0,0,-26975,26036,0,-19865,26209,0,0,0,0,0,0,-19941,0,0,0,-24378,0,0,0,0,0
84531684,Team0,1,0,0,0,0,28540,30378,29656,0,0,0,0,0,28017,0,-23520,0,0,0,0,-27662,-21068,30636,0,-22066,0,0,36160,0,0,0,-21240,0,-24344,0,0,0,0,0
84531792,Team1,-1,0,-35779,0,0,21233,0,24830,0,0,0,-35695,0,0,21335,22878,0,0,0,0,0,-34852,0,0,0,0,0,-31876,18828,25397,0,0,0,0,0,0,-28714,0,-32613
84531851,Team1,-1,0,0,0,0,0,0,0,30431,-30334,21625,0,0,-29435,0,22006,0,0,0,0,-29042,0,0,0,0,22146,-26504,0,-25270,-32889,0,0,0,26746,0,0,0,0,27430
84563712,Team0,0,0,0,-21647,0,0,0,-22976,0,0,0,0,0,0,0,0,0,26868,-25084,26348,-26345,-21088,0,0,0,0,23627,26640,0,0,0,0,0,28122,0,0,23861,0,-20327
84563735,Team1,0,0,-29239,-29794,20577,0,40112,0,-25180,0,0,-26701,23596,0,0,0,0,0,18618,0,0,20391,0,0,0,0,0,0,0,0,26811,0,-26471,0,0,0,0,0,-28187
84563740,Team0,1,0,27781,0,0,0,0,0,-21706,-22222,23861,-28089,0,0,0,-21993,0,33911,0,0,-22059,0,0,0,0,0,0,0,29407,25700,-24360,0,27155,0,0,0,0,0,0
84563861,Team1,0,0,0,0,-28938,0,33486,0,0,0,0,0,0,0,0,20640,19885,24482,21546,0,0,-26536,0,0,0,0,0,24180,-28203,0,-24932,0,0,0,-26485,0,-23181,0,0
84563921,Team0,1,0,0,0,0,0,-30692,0,0,0,0,0,0,0,0,0,0,-23822,0,0,32872,28168,0,0,0,-27412,-28994,28404,0,28445,-26088,0,-23557,24418,0,0,27111,0,0
84338633,Team0,-1,-28093,0,0,0,0,0,-26523,23003,0,0,0,-25209,0,-28602,0,25323,-25292,31580,0,0,-26006,0,0,0,0,0,24617,29705,0,28416,0,0,0,0,0,0,0,0
84338646,Team0,-1,0,0,0,0,0,35458,-24415,0,25757,0,-29119,0,0,0,0,-25928,25181,0,0,24560,0,0,-25764,0,0,0,0,24604,0,0,0,0,0,-32767,0,24168,-23551,0
84338672,Team1,-1,0,0,0,0,0,-37154,32689,19589,0,0,0,0,0,-35041,0,18809,0,0,0,23451,0,0,-31938,0,0,0,24810,19288,0,0,0,0,-33372,0,0,-30348,-29931,0
84338688,Team0,1,0,-28024,0,0,0,0,0,0,0,-29107,-25428,0,-22309,-25961,36493,0,29584,0,0,0,0,0,0,0,0,0,37162,0,37324,-24765,31821,0,38245,0,0,0,0,0
84338730,Team0,1,0,-23689,0,32142,0,0,0,0,0,-22421,0,0,0,0,-26399,0,0,32571,0,-21465,-25086,0,0,0,0,29092,0,0,38660,0,0,0,0,0,31455,0,-23362,31551
84338734,Team0,1,0,30559,-23833,0,21721,0,-24697,0,0,0,0,0,-32600,0,0,-28248,0,0,0,-26171,20608,0,0,0,0,0,-26027,0,37526,0,0,0,0,0,21377,27091,0,0
84338737,Team1,0,0,0,0,0,0,0,0,-28681,0,0,23271,0,24347,0,0,0,24613,0,0,-29596,-23965,-25249,22791,-24481,0,0,0,-25854,0,0,0,0,27244,0,0,25124,0,0
84338742,Team0,1,27455,-24401,0,0,25079,-34437,0,0,0,0,0,25206,0,-24622,25086,0,-19550,-24551,0,24802,0,-17322,0,0,0,0,0,0,29532,0,0,0,0,0,0,0,0,0
84338753,Team1,-1,0,0,25453,0,-32358,0,0,0,-27822,24228,-28913,0,0,0,-25597,0,0,0,0,-31368,22429,0,0,0,0,0,0,24359,26688,0,0,0,25132,-27194,0,0,0,0
84338754,Team1,0,0,-26378,0,0,0,27303,0,25490,0,0,0,27802,0,0,0,-25429,22576,-22891,24087,0,0,0,0,0,0,0,-26831,-22415,28668,0,0,0,0,0,0,0,-19085,0
84338768,Team1,-1,0,-29341,0,-36640,0,0,0,30570,-29483,0,23919,-29979,0,0,0,0,0,27152,0,33471,0,0,26008,0,0,0,0,0,25016,0,0,0,0,0,-30160,0,0,-39272
84338769,Team0,0,0,-20754,0,29777,0,0,32959,0,0,0,0,0,24472,0,-22673,-18900,0,-27658,25791,0,24570,0,0,0,0,0,0,0,0,0,0,0,-22617,-24208,0,22368,0,0
84338785,Team0,1,0,0,0,27385,0,24959,-26487,0,28880,0,-20748,0,32952,0,0,-21157,0,0,0,0,25711,0,0,0,0,0,0,-29874,0,-28696,0,0,0,-23086,0,0,0,30696
84338808,Team0,1,0,0,0,0,0,0,0,29173,0,0,38649,0,-21699,0,0,0,25447,25085,0,-20958,0,0,0,0,-26865,-19306,0,-26159,0,33095,0,0,0,26325,0,0,-24136,0
84338809,Team0,1,0,0,0,0,0,0,0,0,-21639,0,0,0,-18065,0,28932,0,0,0,0,-11785,-20761,0,-25239,24953,-24687,0,40645,0,0,0,0,0,28397,29178,0,0,28302,0
84153171,Team0,1,0,0,0,0,-25627,0,0,0,0,0,0,-27194,0,0,-26003,0,0,-21806,0,-26572,0,0,0,0,31916,0,0,23814,-29359,0,0,0,0,0,0,0,0,0
84153225,Team1,0,0,28742,0,0,35204,-27376,21987,27680,0,-23615,0,-37511,29967,0,0,0,-26199,0,0,22942,-23668,0,0,0,0,0,0,-28305,0,0,0,0,0,0,0,0,0,0
84153226,Team0,-1,0,-18006,0,0,0,0,0,0,0,0,-21252,0,0,-26361,0,-22872,27057,0,0,-25934,0,25545,0,32518,0,0,0,0,27251,0,-21942,0,0,30857,0,27466,0,0
84153227,Team0,1,0,0,0,0,0,-27161,28380,28859,0,0,0,0,0,0,29649,0,-24552,29478,0,29585,0,0,-25712,0,0,0,0,-22359,31541,0,-23770,0,-25068,0,0,0,0,0
84153321,Team0,0,30881,0,-34338,0,0,0,0,0,0,0,0,28348,-29313,0,0,0,21321,0,24964,23173,-26369,0,0,-28896,0,0,0,-27330,0,0,0,0,-28912,0,0,24142,0,0
84153340,Team1,0,0,-27258,-25362,0,0,0,0,0,0,0,26813,0,0,0,0,-25721,26708,0,0,0,26630,0,0,-30634,0,0,0,-25966,31211,0,26629,0,27625,0,0,0,-25910,0
84153372,Team0,1,0,0,0,-22844,29434,0,0,0,0,0,0,0,0,0,0,0,0,0,0,-24152,0,0,36423,0,28029,0,0,0,0,29415,-21853,28583,0,-32268,0,28969,-24648,-23415
84153387,Team0,1,26387,0,-15686,-25549,-20981,0,0,0,0,26645,0,30928,0,0,0,0,0,0,0,31457,31670,-21607,0,0,-23880,-29689,0,0,38115,0,0,0,0,0,0,0,0,0
84153411,Team1,-1,0,-30453,24657,0,0,0,0,26157,-24125,0,26846,0,0,0,0,27757,0,0,-27358,-30920,0,0,0,0,0,0,0,0,27217,-28159,0,0,0,0,24584,0,-28911,0
84000265,Team1,-1,29083,0,0,-24564,23242,0,0,-24373,0,0,0,0,0,0,23008,0,-20205,0,0,-33442,0,0,0,0,22529,0,0,31611,0,0,0,0,0,-30350,0,0,0,0
84000275,Team1,-1,0,0,0,0,0,-26766,0,0,0,-26258,27626,0,0,0,-28725,22180,-25103,23250,0,0,-24343,0,0,0,24437,0,0,21871,-32671,0,0,0,0,0,25867,0,0,0
84000276,Team0,0,28038,0,-21736,0,0,-31526,0,0,0,0,0,0,0,-22483,0,-24469,25064,0,0,-25215,0,0,26878,0,0,25663,0,-20912,0,32760,0,0,0,24297,0,0,0,0
84000303,Team0,1,0,0,0,0,30150,0,0,0,0,0,35478,0,27072,-25175,0,0,0,0,0,0,28518,0,0,0,27532,0,-27950,0,0,-30248,-23776,0,0,0,-20287,0,37441,-24568
84000328,Team1,-1,0,26772,0,0,-30198,-37226,21301,0,0,0,-30740,0,29251,0,-31575,0,0,0,0,26174,-31589,0,0,0,21781,0,0,0,0,-35094,0,0,0,0,27038,0,0,0
84000329,Team1,-1,0,-29914,0,-26816,0,30790,0,0,-32051,27223,-31443,0,0,0,0,0,0,0,0,0,23841,0,0,29062,0,0,0,0,0,0,-27603,0,-26969,0,25090,0,0,24355
84000367,Team0,1,0,-28449,0,25467,0,33525,0,0,0,0,0,0,0,0,0,0,0,0,33234,0,0,36748,0,-28353,-26142,27500,0,-26482,0,0,0,-27819,0,0,25949,-21862,0,0
84000398,Team1,0,0,0,-26297,0,0,27322,-28209,0,17657,0,0,0,0,0,0,-27911,0,0,-31026,23305,23355,0,29120,-27729,0,0,-28502,0,0,0,0,0,0,0,0,0,25834,0
84000460,Team0,0,33021,0,0,0,0,28405,0,0,0,0,-26276,0,27643,32904,0,0,28267,28443,-28292,0,-25034,0,0,-23803,0,0,0,0,0,-27852,0,0,0,0,0,-22286,0,0
84000478,Team0,1,0,0,-21570,0,0,-25763,-21178,0,0,0,0,0,-22224,47299,-24035,0,28255,0,0,0,29216,0,26396,0,0,0,0,-27367,28256,0,31688,0,0,0,0,0,0,0
84000481,Team1,0,0,-25500,23150,28575,0,0,0,0,0,-26431,0,0,0,0,0,0,0,0,29251,-31160,29778,0,0,0,0,-23613,-24788,0,0,0,0,29233,-24347,0,0,0,23917,0
84000507,Team1,0,0,-29174,0,0,0,0,0,25122,0,0,0,0,0,0,-24498,0,0,0,-24563,-22646,0,-22677,24535,0,0,0,0,0,33288,26048,0,0,0,0,-24809,21735,24286,0
84000511,Team0,0,0,-26209,0,0,0,0,22558,0,0,-24586,0,0,20041,-29270,0,0,-25824,0,0,21449,0,0,0,0,0,0,18307,-35490,0,29915,0,-27093,0,0,0,29948,0,0
84000525,Team0,1,0,27772,25649,0,0,0,0,-27049,0,0,0,0,0,0,-25616,26455,0,0,-23689,-23566,0,0,-35023,24969,0,0,0,29510,0,0,0,0,0,0,33833,0,-29774,0
84000559,Team0,-1,0,0,0,0,0,32058,0,0,0,0,0,0,0,0,0,0,0,0,0,0,0,0,32930,0,0,0,0,0,0,0,0,28169,0,0,0,0,0,0
84215382,Team1,0,27194,0,0,0,-28890,0,0,23761,0,0,0,0,0,0,-27329,0,0,0,0,24673,21832,-33197,26562,0,0,0,0,-30993,0,0,0,0,31317,-26431,0,0,-26788,0
84215391,Team1,-1,0,0,0,-25512,0,0,0,0,0,0,26985,0,-21640,0,0,0,16084,0,16365,18493,-21780,0,0,0,0,0,0,0,-24454,0,0,16971,0,-22217,0,14955,-19457,0
84215461,Team1,1,-32050,0,0,0,0,0,0,-27944,23287,-38252,0,0,0,-26901,0,0,0,0,0,25844,26175,0,0,0,0,0,-32420,31331,23396,-31306,0,0,0,27654,0,0,0,0
84215474,Team0,1,34095,-26628,31057,0,0,0,0,0,0,0,31944,0,26360,0,0,28664,-33425,0,0,-27352,-25308,0,0,0,0,0,0,0,29026,0,0,0,0,0,0,-25572,0,-25072
84215486,Team1,-1,24966,0,0,0,0,0,0,0,17818,0,0,0,26447,-30690,0,-30350,0,0,0,19040,0,-35871,-32547,0,0,0,-29808,26070,-36874,0,0,16859,0,0,0,0,0,0
84215509,Team0,1,-31007,0,0,0,0,-33557,32561,0,-24178,0,0,0,-24983,0,-25222,0,0,0,0,-26759,0,0,0,0,36148,28216,0,31101,29732,0,0,0,29904,0,0,0,0,0
84215575,Team0,-1,-35804,29627,0,0,0,0,0,0,0,29669,0,-28898,33097,0,0,0,0,0,0,29527,-24351,0,26293,0,-25469,0,0,0,30086,0,0,0,0,-29249,0,0,0,-29783
84215580,Team0,1,-22021,0,33957,0,-27430,-29824,0,-27834,0,0,0,-25020,0,32424,0,0,0,0,32619,-25449,0,31552,0,0,0,0,0,34504,32010,0,0,0,0,0,0,0,0,0
84215598,Team0,0,0,0,0,-27524,0,0,0,25379,0,0,0,0,25037,0,0,-23247,0,0,0,24744,-27683,-23384,28125,0,0,0,-22842,-23257,0,23153,0,0,0,24253,0,0,0,0
84875524,Team0,0,0,29667,0,0,26006,0,-25093,0,0,28240,0,0,0,0,36808,0,0,0,0,25887,27412,0,-25654,0,0,0,-21269,0,0,0,0,0,-22452,0,0,0,-19068,-24000
84875539,Team1,1,-31063,-27294,0,0,24204,29684,0,0,-27185,0,0,-25277,0,0,30082,26537,0,0,0,-29429,0,0,0,0,27294,0,0,25080,0,0,0,0,-26254,0,0,0,0,0
84875607,Team0,0,0,0,0,0,0,0,0,0,0,0,-28114,0,0,0,0,0,0,-22138,0,0,-26249,-25771,0,0,0,23370,0,31000,27462,-27064,0,0,0,30740,24710,0,23636,-29191
84875614,Team1,0,0,0,-26065,0,0,0,0,0,25068,0,22268,0,27246,-27187,0,0,0,-30583,-36826,-29158,0,0,0,26556,0,0,0,0,0,0,0,0,27861,0,0,19097,0,-26211
84875615,Team1,-1,0,0,0,0,0,27228,0,0,0,0,0,0,-30750,0,22933,0,0,-31174,-38312,-28118,0,24268,-40651,0,0,0,25766,0,0,20705,0,0,27050,-31577,0,0,0,0
84875653,Team0,1,29621,0,0,0,-22781,0,0,23451,0,0,0,0,0,0,23732,0,0,0,0,0,0,-24725,0,0,0,0,-21995,0,-27181,0,-28222,0,20047,26703,0,0,24800,-31236
84875685,Team1,0,0,0,0,0,-22669,0,0,0,0,26041,0,19929,0,0,23161,0,0,0,0,20168,-21510,0,0,-29499,0,0,0,0,23404,-35932,0,0,0,-22668,0,-21256,25194,0
84875701,Team0,1,0,-25644,0,0,0,34033,-23078,30717,0,0,0,0,0,37332,-23285,0,0,0,0,-26368,-18520,0,0,0,0,0,0,37194,37841,-21040,0,0,28990,0,0,0,0,0
84367262,Team0,-1,0,0,0,0,-22586,0,0,0,0,-27496,-30173,0,0,0,-27832,21637,0,0,0,23385,-25335,0,0,0,0,0,0,27496,23977,-23422,0,0,0,24932,0,22547,0,0
84593227,Team0,1,0,21013,0,0,0,0,0,0,0,0,0,-22731,0,0,0,0,0,17905,0,0,0,-22355,-29371,0,-23403,0,24028,0,37993,22928,0,-34354,24031,-27919,0,0,0,0
84593286,Team1,-1,0,27692,0,0,25428,-43329,-25731,-24324,0,0,0,0,0,-25888,0,0,-24256,0,0,0,-27306,0,0,0,24678,0,0,0,0,0,0,0,26594,23686,0,30652,0,0
84593316,Team0,1,34206,-26782,0,0,-24420,0,24730,0,0,0,0,0,0,0,0,0,0,0,28262,28575,31019,0,0,0,-23406,0,-26261,29724,0,0,0,0,-24968,0,0,-22436,0,0
84593463,Team0,1,0,38322,0,-27244,-27342,0,0,0,0,0,0,0,30188,33401,0,0,0,-24791,0,0,-21364,0,0,23970,0,0,-21584,0,0,0,0,0,24100,-23344,0,24923,0,0
84593482,Team1,-1,0,-35900,0,25329,0,0,0,0,0,0,21456,0,-32101,0,0,0,-33146,0,0,0,-28360,0,0,0,0,-30871,0,0,0,0,19572,0,25111,21456,-31203,0,28244,0
84593517,Team0,1,0,39023,0,-26705,0,0,0,-25440,29571,0,0,0,-21458,0,-23366,0,0,0,-22290,0,24067,0,0,28006,0,0,29838,0,-23991,0,0,0,0,0,0,28929,0,0
84593549,Team0,0,0,0,23343,0,0,0,0,0,22399,0,-22822,0,0,0,0,0,0,-21424,-28344,27132,24587,-21931,0,0,0,0,-22402,0,0,28891,0,23318,-21424,0,0,0,0,0
84593576,Team1,-1,22360,0,0,0,0,25040,0,0,0,0,-35123,0,0,0,0,-28402,0,-32732,0,-27351,0,20974,-27089,0,0,0,0,20227,0,20243,0,0,0,-35563,0,23950,0,0
84593653,Team0,1,0,0,0,0,0,28628,0,28833,0,0,0,0,0,0,0,0,27411,0,0,26884,-23721,-25209,30303,-24327,-25252,0,0,-29031,-25687,0,0,0,0,26010,0,0,0,0
84593670,Team1,0,0,0,0,0,0,-26955,0,0,0,24430,0,0,0,0,0,0,-24319,0,0,0,21413,23963,0,25503,0,0,30338,-24006,25738,0,0,-23779,-26149,0,0,-28785,0,0
84593700,Team1,0,0,0,0,20767,-30001,-33195,0,20038,0,0,0,0,0,-26401,0,0,0,0,0,0,0,0,-35333,0,0,0,0,0,25380,-35033,-29013,0,26669,21989,0,19640,0,0
84624836,Team0,1,0,40423,0,0,30712,-29513,0,28691,0,0,0,0,34780,0,0,-22658,0,0,0,-24300,0,0,-27943,-25037,0,0,0,31721,25394,0,0,0,0,-26276,0,0,0,0
84624844,Team1,1,0,-23561,0,0,0,0,-22097,0,0,-24561,0,0,0,0,0,25116,0,0,0,27432,0,0,30911,0,0,0,-25007,23889,27341,0,0,0,-22240,0,0,29933,0,-23043
84624891,Team0,0,0,0,0,0,0,0,22075,-25525,0,0,-19454,0,-20805,0,0,0,-19837,22361,0,20005,25066,0,0,0,0,0,-29924,0,34188,0,0,0,-23298,0,0,0,21967,0
84624954,Team1,-1,0,-30170,0,0,0,0,-30223,-26351,33161,0,24375,0,-33094,0,27630,0,0,0,23816,-26037,0,0,25487,0,0,0,0,0,-31452,0,0,0,22576,0,0,0,0,0
84625002,Team1,-1,0,0,0,23740,-22175,0,0,0,0,0,14865,0,0,0,-27788,0,17292,0,0,0,0,0,0,-25089,0,16058,0,-28156,-31843,0,12976,0,15784,-25063,0,0,0,0
84625031,Team1,-1,34118,23619,0,0,0,29516,0,0,0,0,0,0,-28130,0,23270,0,0,-32598,-30708,-28798,0,25193,0,0,0,0,0,-37287,0,0,0,-27665,0,23850,0,0,0,0
84398390,Team0,1,0,-25208,0,-27133,0,0,0,-20222,0,0,41910,0,0,0,0,0,-20853,0,0,-21836,26305,0,0,0,0,0,0,29191,0,27197,-19638,0,26640,0,0,29458,0,0
84398433,Team0,1,0,28420,0,0,0,0,0,0,0,0,31504,0,-23162,0,0,29635,0,0,0,-19568,-26918,0,34340,0,0,0,0,31963,-19709,0,0,0,30539,-22224,0,0,-17911,0
84398540,Team0,1,0,0,-25643,0,-24064,33798,0,0,0,26396,0,27062,0,0,-21862,0,-23869,0,0,25636,0,0,0,0,0,0,24403,0,-27804,34614,0,0,0,-27242,0,0,0,0
84398576,Team0,0,0,0,0,-24794,0,0,0,27537,0,0,26114,0,0,0,-21710,-20326,0,31730,0,26897,-23434,0,0,0,0,0,0,-28148,0,0,0,0,25877,-29573,0,0,0,28371
84398584,Team1,-1,18125,0,0,0,0,-35299,0,0,0,0,0,17590,0,-32885,17483,0,17677,22323,20762,0,0,0,0,0,-41313,0,0,0,0,0,0,0,-28797,0,0,-28893,0,-26534
84064166,Team0,1,0,0,0,0,32509,-36454,0,-26450,0,0,26335,0,25888,0,0,0,-20827,28616,0,0,0,0,0,0,27767,-24688,0,0,37438,-24596,0,0,0,0,0,0,0,-20593
84064232,Team0,-1,0,0,-25316,0,0,0,-24935,0,0,0,0,0,27311,0,0,0,28429,0,-26650,0,28138,0,0,0,30814,0,0,0,34867,-33550,0,0,0,-26413,0,27629,0,-24732
84064237,Team1,1,0,0,0,-22946,26799,0,22596,-25417,0,0,31374,-22714,0,0,0,0,0,0,32410,0,21003,0,22815,-27163,0,0,0,0,0,-27549,0,0,0,-25681,0,0,0,0
84064250,Team0,1,28657,0,0,0,0,-27304,0,-22606,0,0,0,0,-19783,-27078,0,0,-28678,-24115,0,0,0,0,22268,33039,0,0,0,22690,0,27490,0,0,0,22708,0,0,0,0
84064251,Team1,0,0,-3927,918,0,0,0,0,0,0,0,0,0,0,0,-19769,0,1158,0,0,1366,1478,0,-3925,0,0,921,-3925,0,1137,0,0,0,0,0,-3925,-3925,0,0
84064255,Team1,1,-21428,0,0,0,0,32370,0,-21913,0,0,0,-26352,27236,0,0,0,0,0,0,27472,0,24857,0,0,25479,0,0,-25893,0,-27675,0,0,0,0,-23439,0,0,26531
84123653,Team1,0,25210,-25942,0,0,0,0,0,0,22237,-27212,0,0,0,0,25243,0,24458,0,0,-29421,22415,0,0,-27549,0,0,0,18342,0,0,0,0,0,-27421,0,0,0,-25117
84430756,Team1,1,31003,0,0,0,0,0,0,0,0,0,0,27269,0,27069,0,27127,0,0,0,0,0,0,-23139,29108,28958,0,0,-23004,-21444,0,0,0,-21006,-23674,0,0,0,-26213
84430815,Team0,1,0,0,29228,0,0,-33135,0,0,0,34077,-24358,0,29718,-23017,28752,0,0,0,0,-19136,0,0,0,0,0,0,0,28663,0,31270,-17469,0,-21009,0,0,0,0,0
84430839,Team1,0,0,0,0,0,-27088,0,22856,0,0,0,0,0,0,0,-29187,0,24478,0,0,-24725,-28506,0,0,0,0,0,27365,0,-34346,0,0,24980,30019,23723,0,-28098,0,0
84430884,Team0,1,0,28188,0,0,22882,0,-26584,0,0,0,25905,24966,-27303,0,0,0,0,26687,0,0,-24831,0,0,0,0,0,0,0,0,0,0,0,24780,-26830,0,0,-26361,-27423
84430903,Team1,0,0,0,0,27016,22856,0,0,-26191,0,0,-28421,0,23583,0,0,-24193,0,0,0,0,28055,-22529,22631,0,0,0,-27945,0,0,-29531,0,0,0,0,0,25172,0,0
84430938,Team0,-1,0,0,0,25700,23485,-30797,0,0,-29942,0,0,0,20013,0,0,0,0,0,0,-25090,-26126,0,0,0,34120,0,36165,-23592,0,0,0,0,0,0,0,28520,0,-33627
84430974,Team0,1,0,0,27790,-27074,26753,0,0,0,0,0,37710,0,27083,-23872,25662,0,0,0,0,-26950,-23769,0,0,0,-23137,0,0,0,30877,0,0,0,0,0,0,-24748,0,0
84430981,Team1,1,0,0,0,-27061,0,0,0,0,0,-22419,27038,-22464,0,0,0,0,0,0,-28634,0,-22856,0,0,0,-29617,25583,0,0,28671,28672,0,0,25761,0,0,25696,0,0
84430982,Team0,1,-22655,0,0,0,0,0,0,0,29315,0,0,0,27638,0,0,0,-30373,0,0,28022,31519,0,0,-23862,0,-18781,34468,0,42115,0,0,0,0,-22443,0,0,-18495,0
84431011,Team0,-1,23130,0,0,0,-29338,-27361,0,0,0,0,0,0,0,0,-22074,0,26899,0,-24359,-25443,23903,0,0,0,0,0,0,0,0,29734,-24161,24664,0,0,0,24712,0,0
84431025,Team1,1,0,0,0,-31379,0,32112,26394,0,-22851,-23629,0,0,0,0,0,28770,0,0,0,0,-23615,25248,0,0,0,0,28713,-27259,0,0,0,0,0,0,0,-30136,0,23673
84687925,Team1,0,0,-29796,24038,0,0,0,0,23253,0,-27688,-27735,0,0,23360,0,0,0,0,0,0,-28820,27322,-28481,0,0,-28267,0,22542,31909,0,0,0,0,0,0,0,0,0
84687939,Team1,-1,0,0,-28110,32349,-27304,0,0,25019,0,0,0,0,0,23759,-27625,-31736,0,24157,0,30253,0,0,0,0,-27540,0,-27824,0,0,0,0,0,0,23348,0,0,0,0
84688038,Team0,1,23009,0,0,0,21644,21917,0,0,0,0,-14609,0,-16584,0,-2979,0,0,0,0,23973,-19131,0,30907,0,0,0,-21034,0,0,0,-24796,0,0,0,0,22613,0,0
84688056,Team0,-1,-33851,-28459,-27381,0,-26542,28302,0,0,0,0,0,20952,-25056,0,0,0,24502,0,0,0,-27055,0,0,0,0,0,0,0,28080,0,23756,0,24602,0,0,0,0,0
84688083,Team1,1,0,-29635,27928,0,0,0,0,-23648,0,-26559,-22807,24102,-25277,0,0,0,23089,0,0,0,29492,0,0,-26048,0,0,0,0,0,0,0,0,0,0,0,0,24077,30589
84688143,Team0,1,-22012,0,-21000,0,-24500,34404,0,0,0,0,0,0,31896,0,0,0,0,0,30637,-22564,0,0,-30255,0,0,0,0,30222,0,0,0,0,39568,-23974,0,26422,0,0
84688159,Team1,-1,0,-32038,0,-27307,0,0,0,0,0,0,25031,0,25570,-33471,0,0,0,0,0,-28758,-29189,0,0,0,0,0,0,0,28674,0,-28277,0,22069,0,0,22511,0,24851
84688168,Team0,1,0,32878,0,0,0,-26262,0,-30096,0,0,0,0,-25833,0,-24498,0,0,24334,-28744,0,0,24462,26765,0,23371,0,0,0,0,-35699,0,0,31889,0,0,0,0,0
84688288,Team1,0,-24803,-34099,26791,0,0,0,0,0,0,0,24871,0,-37093,0,0,0,0,0,0,0,24619,0,30112,0,0,0,29494,0,0,-29151,-22204,0,0,0,0,25045,0,-22189
84464319,Team0,0,34724,0,0,0,0,0,0,25360,0,0,0,-21350,0,0,0,0,0,0,0,0,0,26171,0,0,0,0,0,24726,0,0,0,0,-33395,0,0,-23270,0,0
84464350,Team0,1,23454,30835,0,-17785,23271,-25097,29544,-18655,-15758,0,0,0,23721,0,0,0,0,0,0,-17931,0,0,0,0,0,0,0,26089,0,0,0,0,0,-18563,0,0,0,0
84464369,Team1,0,0,0,0,0,25545,26343,0,0,0,21314,-26232,-27372,0,0,22715,0,0,0,-24262,23103,-20233,0,0,0,0,0,25669,-20948,0,0,0,0,0,-27893,0,0,0,0
84464389,Team1,-1,-27846,0,0,0,-24660,0,0,-23215,0,10528,13201,12669,-19921,0,-30159,0,0,0,0,0,0,0,0,-21612,17857,0,15050,0,0,0,0,0,0,11202,0,0,0,0
84464403,Team1,0,20587,-23192,0,0,-24337,0,0,23405,0,0,30601,0,-26603,24685,0,0,0,0,0,0,0,31953,0,-31134,0,0,0,0,0,0,0,0,14845,0,0,-25653,-25387,0
84464453,Team1,0,18141,-28921,0,0,0,0,19344,17252,-23243,0,0,0,-29054,0,14451,0,0,0,0,-24319,13885,0,0,0,0,0,14633,0,0,0,0,0,0,-25305,-24505,0,0,0
84464502,Team0,1,0,0,0,0,0,-33689,0,-23306,0,-22391,0,23808,25976,-23742,0,0,0,0,0,-22819,0,0,0,-26389,0,0,25690,24797,28355,0,24822,0,0,0,0,0,0,0
84464519,Team0,1,0,0,0,0,-25757,-31793,0,0,0,0,0,0,29153,0,-22223,0,0,-28386,0,24670,-25173,0,0,0,0,0,0,0,29405,0,0,0,0,31256,-26860,29737,29552,0
84464563,Team1,-1,0,33198,0,-26601,-32297,0,0,0,0,0,0,0,0,0,-28266,0,23038,0,-26933,0,0,0,0,0,0,0,-24282,0,26132,25970,-29819,23410,0,0,0,25838,0,0
84464611,Team0,1,0,-19432,-28428,0,0,40957,0,0,34091,0,33817,0,-18164,0,0,0,0,0,0,42769,-17659,0,0,0,0,-17438,0,0,0,0,0,0,32333,31784,0,0,-20667,0
84464719,Team1,-1,0,0,0,26003,0,0,-35967,24919,25881,0,-25916,0,-24821,0,0,0,0,0,-33600,0,0,21491,0,27159,0,0,0,0,0,0,0,0,0,-30938,0,0,-29740,23759
84464753,Team1,0,0,-7956,0,0,-8241,0,0,0,0,0,4035,0,0,0,0,0,-7852,0,0,2894,0,0,-7869,0,4183,0,0,0,0,0,0,3322,3317,-8222,0,-6853,5701,0
84464850,Team1,-1,0,0,0,0,0,0,0,0,26572,0,0,0,20742,22246,0,0,-23640,0,0,-24940,0,0,0,0,0,0,25045,20882,-33907,0,0,-25873,0,-33835,0,-21685,23539,0
84464855,Team1,-1,0,0,0,0,0,-27309,0,-33582,0,16799,17290,0,0,0,0,0,-29944,-24613,0,12160,13292,0,0,0,0,0,0,-27526,0,0,0,0,0,27379,0,0,11044,-28789
84309798,Team0,0,0,0,0,0,0,0,0,0,0,0,0,0,0,0,0,0,0,0,0,0,0,0,0,0,0,0,27914,0,0,0,0,0,0,0,0,0,-32365,0
84309804,Team0,0,27588,0,0,-31830,0,0,0,0,-24627,0,0,0,0,0,0,0,0,0,0,30637,34601,0,0,27281,0,0,-28294,-21028,31860,0,0,0,-25896,-23248,0,28058,0,0
84309906,Team0,1,0,0,0,0,0,29578,30074,0,0,28803,0,-22259,29638,0,0,0,0,0,0,-22348,0,0,0,0,-20377,0,0,27812,-33267,0,0,0,-23204,0,0,-19590,28437,0
84309986,Team1,-1,0,-38079,0,0,18731,19818,0,0,21754,0,27382,0,0,0,0,0,0,-35276,0,0,0,0,-31116,0,0,0,0,0,0,0,0,0,-35961,-30466,22783,0,-29467,25152
84310082,Team1,-1,19110,-34905,0,0,0,0,0,20006,0,0,0,0,0,0,-29424,0,0,0,0,0,0,0,0,0,0,0,0,0,0,0,-29162,0,0,0,0,18942,0,0
84723448,Team0,0,0,0,0,0,-20700,0,0,0,0,0,0,0,0,0,0,0,0,0,0,0,0,0,0,0,0,0,0,0,0,0,0,0,0,0,0,0,0,0
84723470,Team0,1,31716,31848,0,0,30018,0,0,0,0,0,0,0,-22289,0,0,0,0,0,0,28693,28551,0,0,0,0,0,-18543,0,0,0,-20539,0,-19330,0,0,29370,-16979,-18350
84723504,Team1,0,0,0,-26168,0,0,35089,19983,-33999,-25399,0,0,22037,0,0,0,0,-25154,0,0,-27062,19269,0,0,23526,18282,0,-27350,0,0,0,0,0,0,0,0,0,0,0
84723541,Team0,-1,0,31929,0,0,28290,0,-25932,0,0,25630,-25108,0,0,0,25938,0,0,0,0,-28316,0,0,0,0,0,0,25709,0,-22625,0,0,-23253,-28020,0,0,0,29191,0
84723601,Team0,1,24470,0,0,0,0,0,25402,0,0,0,-28135,21775,0,-26804,0,0,25905,0,25627,-21851,-18967,-18965,0,0,0,0,29083,0,0,0,0,0,0,0,0,0,-17902,0
84723637,Team0,0,-25395,27376,0,0,0,-28029,0,-27416,0,24509,28555,0,0,0,26825,0,23234,0,0,0,0,0,0,0,0,-22459,0,0,0,-23145,0,0,25853,0,0,0,-23792,0
84723673,Team1,-1,21192,24187,0,0,-26229,-25709,0,-26230,23406,0,0,0,28693,0,0,0,0,0,0,19301,-29562,0,0,0,0,0,0,-28159,0,-33211,0,0,0,25027,0,0,0,0
84723675,Team0,1,0,0,0,0,25594,-32015,0,25494,0,0,0,0,-23590,0,-23170,0,0,0,0,30099,0,0,24248,0,0,0,0,0,32006,0,25243,0,0,0,-25017,-24651,0,-26955
84756197,Team1,0,0,23212,0,23393,-27214,0,-24761,0,0,0,0,0,20959,0,-25192,0,0,-29172,-26137,29052,0,20904,0,0,0,0,0,0,0,0,0,0,0,-39697,0,25650,0,0
84756251,Team0,-1,0,0,-22605,0,-31990,0,0,0,0,0,-27453,0,27715,0,0,-24524,0,0,0,0,27794,0,0,0,-29487,0,30461,0,31442,0,0,0,0,-27043,0,31322,0,26216
84756281,Team0,1,0,0,0,0,0,0,-23851,0,27404,0,34143,-26000,22135,-30758,24966,0,-23030,0,0,0,-22281,0,0,0,0,0,0,0,-27802,0,0,0,28269,0,0,0,0,30350
84756314,Team0,0,0,0,0,32875,0,0,0,0,20673,0,0,0,-25789,-24545,21238,0,-22478,0,0,0,0,0,0,0,0,0,-27151,17896,0,0,-23251,0,19628,0,0,17718,-23417,0
84756324,Team0,1,0,0,30939,-24314,0,0,0,0,-23052,0,0,0,0,0,-22511,0,-16940,0,0,0,0,0,33524,0,0,-18335,0,0,31700,39774,0,0,32009,-25862,0,32983,0,0
84756362,Team1,0,26704,0,0,0,0,25335,-24465,0,0,0,0,0,-24081,0,0,0,-22579,-26607,0,22126,-21954,0,0,0,-27686,0,0,0,27034,0,0,23417,0,0,0,29775,0,0
84756399,Team1,1,0,-31866,0,0,0,32715,0,34689,0,0,28788,32336,0,-34687,0,0,0,-23407,0,-32589,0,0,29130,0,25097,0,0,0,0,0,0,0,0,-25791,0,0,-24084,0
84756403,Team0,0,0,-600,20062,0,2835,0,0,2836,0,0,0,0,0,0,-610,0,0,-610,3814,3803,-656,0,0,0,0,0,0,0,0,-609,0,0,-609,2836,0,0,0,0
84095363,Team0,1,0,0,0,0,0,32547,24873,0,0,0,0,-25527,0,0,25036,0,24925,0,0,-25065,-21727,0,0,0,-30433,0,0,0,-25963,28147,26008,0,0,0,0,0,-22226,0
84095366,Team0,-1,-27957,32173,0,-19997,-21078,0,0,0,0,0,0,0,-21941,0,30398,0,0,43826,0,0,0,0,0,0,0,-21738,0,34581,0,0,0,0,27084,-25267,0,0,32920,0
84095375,Team0,1,-28762,0,0,0,-24248,35496,0,28414,0,0,0,0,0,0,0,0,27132,0,0,26278,-29189,0,0,0,-23113,0,0,-25131,33180,0,0,0,0,-24844,0,28954,0,0
84095421,Team0,-1,0,0,0,0,0,-28804,0,0,0,0,0,0,-24562,26348,0,0,26519,0,0,0,-22622,0,0,-24621,0,0,22926,-22624,0,31433,0,0,0,29564,0,27859,-25888,0
84095426,Team0,1,0,25330,0,0,0,29154,0,-18117,0,0,-17570,0,0,0,0,0,0,-16705,26933,26232,0,24657,0,0,0,0,0,0,0,0,0,0,-16903,24543,-16366,0,0,-20814
84095428,Team0,0,0,0,0,-25406,0,28489,0,0,0,24352,0,0,27177,0,0,0,24403,24439,0,0,0,-30411,0,-20782,25748,0,0,0,0,0,0,0,0,-24423,-22246,0,-19574,0
84095448,Team1,0,0,29935,0,0,0,0,-27188,0,0,0,0,0,0,0,0,0,33479,0,0,-26048,0,-23754,-27777,30964,0,0,0,0,-31318,0,0,9458,28069,-22891,0,24394,0,0
84095456,Team0,1,0,33283,0,28010,0,-30684,-27803,0,28516,0,0,0,0,0,-22098,-23908,29315,0,0,0,0,0,0,0,0,24631,31146,0,0,0,0,0,0,-22887,0,0,-22591,0
84095457,Team0,1,0,0,0,0,-23907,0,0,0,-26699,0,-22606,27234,0,0,0,33743,0,0,0,-21856,-21706,0,0,0,27248,0,0,25374,26442,0,0,0,0,-31321,30557,0,0,0
84787203,Team0,-1,26056,21428,0,0,0,0,0,0,0,25044,0,0,26350,0,0,0,0,0,-24162,25067,-25868,0,0,0,0,-23160,0,-27515,-26726,0,0,0,0,23512,0,0,-22968,0
84817337,Team0,1,0,0,0,-24999,26125,39822,-27333,0,0,0,37598,0,0,0,0,0,26379,0,0,0,28897,0,0,0,0,0,0,0,-27814,0,28164,0,0,-31786,0,0,-24006,-18744
84817381,Team1,-1,0,0,0,0,22228,0,0,0,0,23743,28940,-22543,0,0,19537,0,0,-24575,0,-27419,0,0,0,24988,0,0,0,-24202,23733,0,0,0,-22262,-29757,0,0,0,0
84499504,Team1,-1,-37296,0,19973,-37537,0,21822,-29749,0,0,0,0,-31059,0,0,19841,0,0,21415,0,0,0,0,0,0,18687,0,0,0,0,0,0,0,0,24137,0,0,-39465,-29616
84499528,Team1,-1,0,0,0,-29165,0,0,0,0,0,0,0,0,-24812,0,0,0,0,-28157,-29280,0,-29392,23667,0,0,0,0,21440,-26789,25391,0,0,0,19223,27665,0,0,0,30450
84499607,Team0,1,0,-25422,0,0,0,0,0,26394,0,0,33627,0,-23267,0,0,0,26396,0,-34777,0,26282,0,0,0,0,0,0,-24179,0,0,0,0,-18175,-22304,0,0,30811,43489
84499699,Team0,1,0,0,0,27157,0,-35961,28541,0,0,0,0,-21954,27375,0,0,0,0,-24223,30432,-24516,0,0,0,0,0,0,31266,0,0,0,0,0,0,28612,0,0,-24130,-24545
84499748,Team1,-1,0,23432,0,0,18796,-33699,19926,0,0,0,0,0,-26285,0,0,0,0,0,-37264,-28099,0,0,0,-26690,0,0,0,0,27607,0,-25409,0,0,0,0,20852,0,19577
84845624,Team0,1,-23079,37773,0,0,0,-30847,0,28353,0,0,0,0,-20029,0,-21137,0,-19136,0,0,0,-22059,0,0,27953,0,0,0,0,25418,0,0,0,25561,0,0,24489,0,0
84845664,Team1,0,0,0,0,-24481,0,0,-26804,29752,23169,0,0,0,0,0,26160,0,24435,0,0,0,26120,0,-37193,0,-21572,-25448,0,0,23982,0,0,0,-27576,0,0,0,0,0
84845719,Team1,-1,-37569,27433,0,0,21470,0,-28234,-29385,0,0,0,0,-27304,0,0,21546,0,0,0,0,0,0,0,-26818,0,0,23808,0,0,0,0,0,0,24955,0,21358,-27187,0
84845750,Team1,0,0,-32971,0,0,-28955,0,0,25058,0,0,0,0,20957,0,0,0,24861,0,29841,0,0,0,31937,0,0,-25936,0,-28110,0,0,0,0,0,31353,-25489,0,0,-29865
84845791,Team0,1,0,0,0,0,-26274,-30503,0,0,0,0,41319,30517,28189,0,-24791,0,-22999,-27230,0,0,0,0,0,0,0,0,28822,0,0,0,28584,0,0,-23601,0,0,29603,0
84845852,Team0,1,0,-20557,0,0,0,36132,0,0,0,0,0,0,-20396,0,0,0,28439,28047,-22790,-22991,0,-20860,0,0,0,0,34572,0,0,0,33305,0,30629,0,0,-17389,0,0
84845867,Team1,0,0,-22073,28903,0,0,0,0,26069,-21841,0,-25089,0,0,0,0,-31315,26280,31858,0,-28244,0,0,0,0,0,0,0,0,0,23536,0,20988,0,-25596,0,0,0,0
84845882,Team0,1,0,0,0,0,-25536,0,27500,0,-22654,0,0,0,0,-23385,-21413,0,25971,0,0,0,27596,0,0,-32581,-20669,0,0,0,0,29849,0,26595,0,34820,0,0,0,0
84845889,Team1,0,-20391,0,0,0,24071,0,-26769,25148,23170,0,24324,0,0,0,23943,0,-24612,0,0,25495,0,0,-25573,0,0,-22755,0,0,-20441,0,0,0,0,0,0,0,0,0
84655899,Team0,1,25756,31111,0,0,0,0,0,0,0,0,0,0,-21746,0,0,0,28328,0,0,0,22304,0,0,0,-23922,0,0,-24938,-28970,0,23292,-22806,0,0,0,0,-25385,24738
84656003,Team1,-1,0,-31695,-26548,0,0,25155,0,-26276,0,0,-34801,0,-30319,0,0,27631,0,0,22002,-35672,0,0,0,0,0,0,0,0,0,0,20474,0,0,26936,0,0,22168,0
84656140,Team1,0,0,-31634,0,0,35280,25284,-26604,0,0,0,-24840,0,0,0,0,0,-23871,0,0,0,26554,0,0,0,0,0,0,25255,0,0,0,0,-29601,-27441,0,28232,22502,0
84656157,Team0,1,0,0,0,0,0,0,0,33141,0,0,0,0,0,0,0,0,-18060,0,29080,-18407,-17139,0,0,31555,0,0,-18045,28757,-21545,0,0,0,0,38589,0,-21635,28829,0
84904688,Team1,-1,0,27560,0,-30126,-32710,26393,-31122,0,0,0,-41467,0,-32985,0,0,31753,0,0,0,25037,0,0,0,0,0,0,-31121,21744,0,0,0,0,0,27833,0,0,0,0
84904718,Team0,1,-24425,-27832,0,0,0,33009,0,0,0,25941,0,-19382,0,0,26934,0,31595,0,0,-24154,27873,0,-22482,35364,0,0,0,0,0,0,-21161,0,0,0,0,0,0,0
84904924,Team1,1,0,0,24592,0,0,-32889,0,-27585,0,-27081,0,24588,-23644,0,0,0,0,23290,35921,-31118,0,0,0,0,0,0,0,26757,-24585,0,0,0,25389,0,0,0,0,0
84248946,Team1,1,-25348,41960,0,0,0,0,0,0,0,20299,-25506,-26063,0,0,0,25368,0,0,0,0,0,0,0,0,0,0,22206,0,0,0,22246,0,-37022,-25423,0,-27299,0,0
84248955,Team1,-1,-32980,0,0,0,0,0,0,0,0,23830,27424,0,0,0,0,-37094,0,-31593,24714,0,0,0,-34422,0,0,0,0,-29377,-29927,0,0,0,23506,29800,0,24275,0,0
84248970,Team1,0,0,0,0,-26745,0,0,0,0,0,0,27941,0,17873,0,-28155,-29019,23547,0,0,0,0,0,0,0,0,0,22767,0,-32168,24278,18502,0,0,-27412,0,-23812,0,0
84249061,Team1,-1,0,0,17221,0,0,28019,26141,25788,0,-25291,0,0,20194,0,-28274,0,0,0,-29552,-29699,0,0,0,28505,0,-30324,0,0,-28274,0,0,0,0,0,0,0,0,0
84249064,Team1,-1,0,-11173,0,0,22091,22907,0,0,0,7798,-34359,0,0,0,30960,-25376,0,0,0,0,-24854,0,32599,0,0,0,0,0,0,-42265,0,0,0,0,21254,-31978,0,0
84249066,Team0,1,0,0,-22193,-25993,0,27870,23933,-30104,0,0,32133,0,-27985,0,0,0,0,27791,0,25744,0,-25714,0,0,0,0,0,0,0,31485,0,0,0,0,0,0,-23460,0
84249144,Team0,1,-28490,0,0,0,0,28429,0,0,0,-24416,0,0,-24277,-25076,0,0,0,0,0,25813,0,0,0,0,0,0,29757,0,-22318,0,0,0,31269,-32574,0,26994,27593,0
84563563,Team0,1,-28836,27660,0,0,0,0,0,-26252,0,0,0,0,-26615,0,33131,0,0,0,27123,-28038,0,0,0,0,0,0,0,0,-30604,0,0,0,27385,-29727,30242,31047,0,0
84563574,Team0,1,0,29770,0,-22501,0,0,25693,27917,0,0,0,0,-23861,0,0,0,0,-20717,0,0,-26374,0,0,30053,0,0,0,29045,-27452,29169,0,0,0,-26334,0,0,0,0
84563707,Team1,0,0,31720,25221,0,0,0,24221,0,0,0,0,0,0,0,0,26837,0,0,0,-29743,-26251,0,0,25281,-27617,0,0,0,24912,-28502,-29767,0,0,-26662,0,0,0,0
84563744,Team1,0,0,-28868,0,0,-24180,0,0,-22539,-25578,0,-26862,0,0,0,0,0,21678,23770,26675,-25712,21776,0,0,0,0,0,0,24650,0,0,0,0,0,23383,0,0,0,0
84563925,Team1,0,24388,-30100,0,0,0,0,0,0,0,-28485,29646,0,23281,0,-22400,0,-21799,0,0,-8913,-26373,0,0,0,0,0,0,0,0,0,0,22184,24336,0,0,0,29656,0
84563990,Team1,-1,-25135,28460,0,-28723,0,0,0,-27328,0,0,0,0,-26980,0,0,0,0,-24632,24596,0,24942,0,25861,0,0,0,0,0,-32263,28657,0,0,0,0,0,24826,0,0
84564014,Team0,0,0,24020,0,0,0,-10302,0,0,0,0,18472,0,0,0,0,0,0,0,0,16861,16988,0,-8600,0,0,0,0,17882,0,0,15499,0,-11183,0,0,-10695,-10315,-10291
84564016,Team1,-1,0,0,0,0,0,0,0,0,0,21790,26078,0,0,0,0,0,18712,0,0,-26357,0,-27583,-29148,0,-26728,21173,0,0,26437,0,0,0,0,-34783,0,0,-32421,23042
84031488,Team0,0,0,0,0,0,0,0,0,0,-25783,0,0,21298,0,-20044,0,30665,25215,0,0,0,-19965,0,0,0,-20044,0,26822,34044,0,-29020,8986,-24027,0,0,0,0,0,0
84032278,Team1,1,0,-30606,0,0,-22769,0,0,24314,0,-25229,-29476,0,24731,-24067,28460,0,34047,0,0,0,0,0,0,0,0,0,0,0,0,0,0,0,0,0,-26696,0,23843,27651
84032681,Team0,0,0,0,0,0,0,0,0,0,-16720,24148,0,0,0,0,0,0,-17246,0,0,0,27991,0,-19974,0,0,0,24100,0,-14223,0,0,-18323,0,23668,21529,0,23570,-17902
84034061,Team1,0,-25634,0,0,0,-27913,-29101,-24903,0,22253,0,0,0,0,0,0,0,0,0,0,21583,25942,0,0,0,0,21870,25282,0,0,23580,0,0,0,-24971,0,0,0,-26504
84034085,Team1,-1,0,-39382,0,0,0,0,0,-29213,18747,0,0,0,20409,-32438,0,0,0,17179,-29431,0,-28482,0,0,21433,0,0,23396,0,0,25637,0,0,0,0,0,0,-29537,0
84182600,Team1,0,0,0,0,0,21991,0,0,-27717,0,18647,0,0,0,0,0,0,-27485,0,0,0,26161,0,0,-27889,0,25731,0,20485,29004,0,0,-23083,0,-27419,0,0,-22451,0
84182674,Team1,0,-31031,0,21760,23456,0,0,0,-21911,0,0,29041,25726,-26457,0,-25790,0,-28909,24719,0,0,26402,0,0,0,0,0,0,0,-25185,0,0,0,0,0,0,0,0,0
84182686,Team0,1,0,0,0,0,27562,28282,0,0,0,0,0,0,28688,0,0,-28741,0,25318,0,-23421,-24217,0,0,0,0,0,-30862,27275,-30487,0,0,0,0,26740,0,-27383,0,0
84182688,Team1,1,25244,0,0,-28001,0,0,-34394,0,0,26211,0,0,23554,0,0,0,0,-23829,-25471,0,0,0,0,0,0,-25075,26866,31283,-27447,0,0,0,0,0,0,0,0,29311
84182707,Team0,-1,0,0,0,0,-25140,0,24808,0,0,23402,0,0,0,0,0,0,0,0,0,25403,0,0,0,23049,-26232,0,-23147,0,35159,0,0,22899,-19918,-26186,0,-26194,0,0
84182744,Team0,1,-19824,0,0,0,0,0,24107,0,-21698,0,-22154,26470,0,0,-18671,0,32827,0,0,0,-25738,0,0,0,0,0,0,-24619,27030,0,0,0,0,37310,0,0,0,25041
84182776,Team1,-1,25658,0,0,-33415,0,0,-27509,27587,0,0,-28093,0,0,0,0,0,0,0,0,26450,0,0,0,0,-29548,0,0,0,0,-27907,18929,0,0,-30679,0,0,28454,30714
84182781,Team1,1,0,-24517,0,0,0,-29567,0,-23453,0,0,0,0,0,0,0,26320,-26320,25615,0,21921,0,0,21896,0,31605,0,22756,0,0,-28627,0,-21125,0,0,0,0,0,0
84182783,Team0,1,0,0,0,0,-22977,0,-24926,0,22479,0,0,0,23097,0,0,0,0,0,0,0,-24176,0,0,22558,0,0,0,0,0,0,0,0,25519,0,0,0,0,-21905
84000566,Team1,-1,0,0,23495,0,0,0,24865,0,0,0,0,0,0,0,0,0,26951,0,-26246,0,26892,0,0,-31779,20943,0,-27118,0,0,0,0,0,-32919,0,0,-26401,25040,-27394
84000642,Team0,1,0,0,0,29375,0,-26553,0,-25390,0,0,0,0,-23236,0,0,0,0,0,0,29153,26286,0,0,0,0,0,28452,0,0,-27089,26964,0,0,0,0,-24216,24875,-24065
84000757,Team1,0,0,0,0,0,0,-28597,-29878,0,22751,0,27808,0,0,-32780,0,0,0,0,-26091,0,-20564,0,30353,0,0,0,33144,0,0,0,0,0,22917,0,0,0,23445,-26711
84000815,Team0,1,0,0,-21417,0,0,28860,32249,0,0,0,-23666,23033,-21552,0,0,-21336,35900,0,0,-24056,0,0,0,0,0,0,0,0,-27344,0,0,0,0,0,24127,0,23925,0
84215638,Team1,0,-28328,0,-25050,24748,0,0,0,0,0,0,-26600,0,23836,0,0,25372,-25127,0,0,0,23163,0,0,0,0,0,25550,0,27793,-33423,0,0,0,-29003,0,0,0,0
84215644,Team0,1,0,0,0,0,28347,0,0,0,0,0,-31980,0,0,0,0,0,0,0,0,24032,-23001,0,0,-29226,0,0,26944,0,33100,0,0,0,-22896,-24647,0,36181,-25529,28779
84215668,Team0,1,0,30344,0,0,0,0,-29418,0,24813,-25722,0,24432,0,-26147,0,0,0,0,-29170,0,-24826,0,0,0,0,0,0,25199,0,29512,0,0,0,0,24958,0,0,-25240
84215734,Team1,0,-31270,-30852,32423,0,-25168,33525,0,0,0,0,28041,0,0,0,0,21068,0,-21080,0,-23023,0,0,0,0,0,0,0,0,0,0,-24743,0,0,0,25739,0,23101,0
84215804,Team0,1,0,31834,0,-26416,0,0,0,0,23591,-23126,0,24519,0,-26288,-24665,0,0,0,0,31429,-23186,0,0,0,0,24120,0,-24941,0,34645,0,0,0,0,0,0,0,0
84215812,Team1,0,0,0,0,-24888,0,0,0,0,0,0,0,21377,0,0,-25165,0,0,17984,-27364,12773,-23403,-27236,0,19691,0,0,0,0,0,22482,0,0,0,15585,0,0,0,-23977
84215813,Team0,0,0,0,31437,0,24311,28572,0,-23672,0,0,0,0,-22448,0,0,33819,0,-25559,0,0,0,0,28352,0,-22604,0,0,-24079,0,0,0,0,-30038,0,0,0,0,26277
84215852,Team1,-1,-32499,0,27120,0,24178,-31506,-28203,0,0,0,0,0,0,0,0,-26353,0,0,28179,0,21296,0,0,0,0,0,0,-31023,0,0,0,0,0,-28994,0,25542,0,27057
84215915,Team0,0,25423,0,0,0,29807,25843,0,-19175,0,0,0,0,23657,0,0,0,-21660,0,0,0,-18950,0,0,25192,0,0,0,-23578,0,0,0,0,0,-25193,-21048,25399,0,0
84215956,Team1,0,0,-30843,-26043,-25623,0,0,0,0,0,-22020,0,24950,-20627,0,0,0,24347,0,25684,-25332,0,0,0,0,0,0,0,23540,0,0,0,0,0,0,0,24678,0,24504
84153474,Team1,1,0,27017,0,0,0,0,0,0,0,0,0,26775,0,-31835,0,26838,23982,26914,0,0,0,0,-26656,0,0,0,28269,-25674,-29339,0,0,0,-24303,-24423,0,0,0,0
84153479,Team1,1,0,0,0,0,28117,29042,0,0,0,27403,0,0,32726,0,0,0,0,-21079,-20620,25875,0,0,0,-20514,-31589,0,0,0,0,0,0,0,0,-21250,0,26855,0,-27040
84153486,Team0,1,-19568,-27927,0,0,0,33774,-19610,-20773,0,0,48255,0,34027,0,0,0,35431,0,0,0,0,0,34753,0,0,0,0,-19984,0,-20181,0,0,0,0,0,0,33887,0
84153488,Team1,-1,0,0,0,0,21543,0,0,0,0,0,21788,0,24057,-32339,0,0,0,0,-33091,-26610,-27806,-29503,34366,0,0,0,-28539,24605,31057,0,0,0,0,0,0,0,0,0
84153553,Team0,1,0,-26283,0,0,-21765,42845,-22019,0,0,0,0,0,23333,0,0,0,0,0,0,23767,-24723,0,0,0,29419,0,-30342,24422,0,0,22066,0,0,0,0,0,-23943,0
84153630,Team0,1,0,-27212,0,0,-27017,0,0,25395,0,0,0,0,0,0,0,0,27085,0,0,26217,-28186,0,34471,-26832,0,0,0,0,30533,0,0,0,0,28391,-25708,-25030,0,0
84153707,Team0,0,28535,30444,0,-20303,-22708,0,0,0,22855,0,0,0,0,-27325,0,27929,0,0,0,23540,0,0,0,28067,0,0,0,0,0,0,-28219,0,0,-22755,0,0,0,-24540
84153716,Team1,0,0,0,-22112,-24958,0,0,0,0,-25595,0,0,28063,0,0,0,-27091,0,28004,0,26694,23012,0,0,0,0,0,-24878,26683,0,28930,0,0,0,-30972,0,0,0,0
84153743,Team1,-1,0,0,27163,0,0,-30430,23257,-25148,23068,0,0,-31695,0,27041,0,0,0,0,0,-25646,24939,-24097,0,0,0,0,28803,0,0,-34066,0,0,0,0,0,0,0,0
84875796,Team0,1,0,-26278,0,0,31838,27688,0,0,0,27198,0,28373,-17248,0,0,0,-31767,0,0,-24196,0,0,0,28916,0,0,0,25796,0,0,0,0,0,-24674,0,-27326,0,0
84875797,Team1,0,0,-30437,0,-24568,-23442,0,0,0,0,0,24397,0,21351,-29947,0,0,20797,0,0,0,0,21253,0,0,0,21432,-27687,0,28562,0,0,0,0,0,0,-24284,0,0
84875800,Team0,1,0,0,-23296,0,0,0,0,-22258,0,0,26005,0,0,0,29147,28940,-21667,-21739,0,26820,0,0,-27202,0,0,0,0,0,0,0,0,0,-24365,28136,0,0,26323,0
84875835,Team1,-1,0,0,0,0,0,29072,0,0,0,0,0,-26763,18488,0,0,-31825,22556,0,0,0,0,0,-35492,-29637,0,0,0,0,0,0,-25086,0,-30233,21967,0,23376,20068,0
84875836,Team0,0,0,0,0,34861,24731,-27584,0,0,0,0,0,0,0,0,24005,0,0,27631,0,-23249,-24310,0,0,-23391,0,0,29342,0,0,0,0,0,0,-36067,0,0,-23841,28335
84875839,Team1,-1,0,0,0,0,0,0,-28248,0,0,0,0,0,0,0,0,0,29580,23988,0,0,0,0,29146,0,0,0,-28180,-31043,26241,0,0,27484,-29459,-25200,29365,0,-27850,0
84875847,Team0,1,21026,0,0,0,0,0,0,0,-24825,22887,-23406,0,-20475,0,0,0,0,0,0,25212,22749,-24921,0,0,0,0,-23754,0,25932,0,0,0,-27472,29629,0,0,0,0
84875859,Team1,1,0,0,0,0,25349,0,0,-27261,0,0,24213,0,-23086,0,0,0,-26263,0,33551,0,0,0,-30817,0,0,27695,0,0,0,0,0,0,0,27385,25396,-26451,-26585,0
84367652,Team1,0,26297,0,0,0,-23105,-34529,0,24452,0,-24960,0,-23544,0,34559,0,0,0,0,0,-24131,23815,0,28474,0,0,0,-25952,0,0,0,0,0,0,23355,0,0,0,0
84367703,Team0,1,0,0,27464,0,-24571,0,0,0,27445,0,28715,0,0,0,0,0,0,0,0,0,-21170,-21680,0,-18659,0,0,-23701,0,-26691,37413,0,27410,27408,0,0,0,0,0
84367767,Team1,-1,0,-30089,0,25222,-24754,0,0,0,27420,0,-30205,0,-27971,0,0,0,0,0,-35823,0,22239,0,0,0,0,0,0,0,28467,0,0,21032,0,0,0,-27607,0,23727
84367804,Team1,-1,21957,29687,0,0,0,0,0,0,-25514,0,0,0,-24881,0,0,0,0,0,0,-29493,-25099,0,-35736,0,-26520,0,0,0,21795,0,0,0,18090,0,0,21000,0,19724
84367893,Team1,-1,0,0,-35090,0,-29002,0,0,-29419,26255,0,23862,0,0,0,0,0,25395,0,0,0,-31948,0,0,-39031,0,21837,23488,0,-30371,25503,0,0,0,0,0,0,0,0
84593976,Team1,0,0,0,0,0,0,0,0,14226,0,0,0,0,0,0,0,0,0,0,0,0,0,0,0,0,0,0,0,0,0,0,0,0,0,0,0,0,0,-17342
84398818,Team1,0,26410,24620,0,-27124,0,0,0,23867,-24696,0,-26099,0,-25317,0,22164,0,0,0,0,26411,-26984,0,0,0,0,0,0,0,-27692,0,0,0,23251,0,0,0,0,0
84398844,Team0,1,-26034,0,24732,26013,35340,0,-22821,-19227,0,0,0,-27600,0,0,0,0,0,0,0,-27700,0,22435,0,0,29378,0,0,0,0,-26479,0,0,0,28161,0,0,0,0
84398895,Team1,-1,0,-34797,0,0,0,0,0,-24088,0,0,31316,27987,0,0,0,0,-23846,0,0,0,-27452,-25269,0,0,22153,0,0,0,-29823,0,21136,0,0,0,24204,0,0,23099
84398936,Team0,-1,0,-38004,0,0,25713,0,-25758,0,0,0,0,0,-25763,0,28394,0,0,0,0,-27047,25507,0,0,-28206,28924,0,0,0,0,28050,0,0,0,24721,0,0,0,-25872
84398955,Team0,0,23817,24883,0,-24484,0,0,0,20863,0,0,0,0,0,0,-27270,-31021,23392,-25421,0,0,25152,24445,0,0,0,0,0,0,-28293,0,0,0,0,0,0,-24816,0,0
84123387,Team1,-1,0,0,25284,-28116,0,0,24690,0,0,0,28101,0,0,0,-29193,0,0,23985,0,0,-26733,0,0,0,0,0,0,0,-30208,0,-24475,20870,-26417,0,29939,0,0,0
84123499,Team1,0,-26463,0,0,-23829,-26242,0,25384,0,0,0,29518,-23547,27212,0,0,0,0,29804,0,27382,-26362,0,0,0,0,0,0,0,0,0,0,0,26883,0,0,-25326,0,0
84123502,Team0,1,-26529,0,0,0,-24380,-27778,0,29117,0,30394,-26111,0,0,0,0,0,0,0,0,32465,0,-24103,0,0,29954,0,38813,0,0,0,0,0,0,-32160,0,0,29121,0
84123520,Team0,1,30965,0,0,0,0,0,0,0,0,0,26368,-25471,0,0,0,0,-22140,-20326,0,25758,0,0,0,0,0,0,-19705,0,0,0,0,0,27409,28677,0,33120,-21350,-18991
84123579,Team0,1,-32029,0,0,0,-29620,0,0,0,-22804,0,-25145,-24897,-24966,0,0,0,28248,0,0,0,30192,0,0,0,0,0,0,0,28311,25447,0,25932,0,0,0,22750,0,0
84123611,Team0,0,0,0,-24610,0,22380,0,0,0,0,0,0,40328,0,0,0,-35153,0,0,0,-30889,0,0,23384,0,24439,0,-22884,24245,0,0,0,-22797,0,21235,0,0,-25085,0
84123654,Team1,0,-32769,33320,25527,0,0,0,0,-25628,0,0,0,0,0,0,0,23292,23045,0,0,-23876,-23946,26473,-32096,0,0,0,0,0,0,0,0,0,0,0,0,24913,-24119,0
84123682,Team0,0,0,35733,0,0,-23753,0,0,0,0,0,-24130,0,-23927,0,-24179,0,-23427,26239,0,29396,0,0,0,0,0,0,0,27622,0,0,0,25889,26979,0,0,-19141,0,0
84123713,Team0,1,0,34460,-22785,0,0,0,0,0,-21325,-23906,25452,0,0,0,0,23612,23669,-21264,0,-21392,27839,0,0,0,0,0,0,0,0,0,0,0,0,0,0,23789,0,-21556
84123714,Team0,1,28166,-36050,26302,0,0,0,0,27445,0,0,0,0,0,-25601,0,0,0,0,0,-26313,0,0,-29294,0,0,0,0,0,-20567,30517,0,0,0,38430,0,-20945,26340,0
84064317,Team1,0,0,-29800,0,0,0,0,0,0,0,0,0,0,26448,0,-28719,0,-23483,22977,0,24388,-21727,0,0,0,0,0,23552,0,0,27121,28953,0,0,-25517,0,0,-22713,0
84064330,Team0,0,0,16387,0,0,-10901,-8681,0,-10886,0,0,0,0,0,0,-9581,0,-9518,0,0,0,0,0,0,-11974,0,15358,14929,0,0,0,0,0,14796,0,15922,0,15190,0
84064599,Team1,-1,-35227,0,0,0,26766,0,-27539,0,0,0,21993,0,0,0,0,0,-29203,26588,0,24916,0,0,0,-25950,0,0,0,-30971,22062,0,0,-29527,0,0,0,29194,0,0
84064658,Team0,1,0,29442,38361,0,0,-29383,0,-25569,0,0,0,0,0,0,0,27446,0,0,27727,28145,-24765,0,-25168,0,0,0,0,0,0,-27158,0,0,0,0,0,28535,-26311,0
84064682,Team0,1,0,0,0,0,0,0,0,0,25239,0,0,0,0,30698,0,0,0,0,0,0,0,0,25002,0,0,0,0,0,0,0,0,0,0,0,0,-23193,0,0
84624781,Team0,-1,0,26864,0,0,0,0,-32604,0,0,0,28720,0,25128,-28668,-27733,0,0,0,-28812,26218,0,0,-29666,0,0,0,0,0,0,0,21980,0,28650,0,0,0,-26166,0
84625040,Team1,0,0,26817,0,0,0,0,0,20191,19178,19347,0,0,0,0,0,0,0,0,31535,0,20741,0,-25519,0,0,0,0,0,0,0,0,0,-28783,-24634,0,-24090,-23172,-27312
84625075,Team1,-1,0,-35150,0,0,-27850,0,0,0,0,0,0,0,0,0,0,0,20264,0,0,0,0,0,-28956,0,0,0,24581,-24309,0,24427,20388,0,-25237,20011,23411,-27604,0,0
84625144,Team1,-1,29129,26217,0,0,27676,0,0,0,-28012,0,33023,0,29407,0,-27876,0,0,0,0,-29509,0,25036,-29051,0,-29258,0,0,0,0,0,0,0,-27592,0,0,0,0,0
84625181,Team1,-1,0,25763,0,0,0,23380,0,0,-29949,0,0,0,-23257,0,0,0,18714,0,0,-33412,-29010,0,0,19350,0,20770,-28615,0,-35965,0,0,21239,0,0,0,0,0,0
84625183,Team1,-1,0,0,0,0,0,20666,0,0,0,-25874,0,0,24380,0,0,0,0,0,0,-33250,0,0,-32328,0,0,0,0,-23480,25231,31641,25913,0,0,-29797,0,0,-32732,23145
84625244,Team0,1,0,-23221,0,0,0,0,0,0,0,29725,32353,0,0,29495,0,25111,0,0,0,0,-20975,-27335,31856,-28461,0,0,0,0,35215,0,0,0,-20890,-23390,0,0,0,0
84625245,Team1,0,0,0,0,27810,21130,-32554,0,0,0,0,-29283,0,0,0,0,-26159,0,23477,-24659,0,0,0,-25479,0,0,24129,0,0,32165,0,0,0,0,0,0,-24866,0,25729
84625247,Team0,0,0,0,0,-23346,0,-26473,30233,0,-25349,0,-26168,0,0,27001,0,-24858,0,0,29069,0,0,0,0,0,0,0,26998,0,0,0,25379,0,29281,-25462,0,0,0,0
84279286,Team1,0,0,0,22031,0,0,-24205,0,-27381,0,0,0,0,21576,-24788,0,0,21390,0,0,0,-24844,0,0,0,0,0,0,-28034,-27434,0,20958,0,0,0,22714,0,0,29682
84279291,Team1,-1,0,0,0,0,0,0,-26081,0,0,0,-25377,0,24940,0,0,0,-23399,0,-31017,0,0,0,0,0,29696,-34698,26611,0,0,32446,0,0,25943,0,0,24941,-22936,0
84279363,Team1,-1,0,-31927,0,0,0,0,0,0,-30217,22777,23229,0,-29146,0,0,0,0,0,0,0,0,0,0,26106,0,0,-24144,-27095,0,23056,0,0,-28309,29026,0,0,0,25327
84279378,Team1,0,0,0,-23812,-39104,-23154,0,-27756,0,0,0,26669,0,0,-30789,0,0,0,31015,0,30763,-25041,0,0,0,0,0,0,0,0,0,29547,0,0,0,0,28868,0,30413
84279382,Team0,1,0,34237,0,0,-24401,0,-23973,28472,0,0,0,0,0,28135,0,0,0,27704,0,-28809,31400,0,0,0,0,0,-28419,27486,-24470,0,0,0,0,0,0,-25540,0,0
84279448,Team0,1,0,34085,29661,-24365,27633,0,30125,0,0,0,0,0,0,0,0,0,-19332,0,0,29715,-17338,0,0,0,0,0,0,0,-20721,0,0,0,0,-20257,0,-18544,0,34483
84279451,Team0,0,-30225,0,22968,0,-30015,41027,22195,0,0,0,-29412,0,-28753,0,0,0,0,0,0,24744,22692,0,0,-34054,0,0,0,0,0,30132,0,0,0,-28886,0,0,0,0
84279479,Team0,0,0,30883,0,0,0,-25967,0,19204,-28164,0,0,0,22338,-28362,-26964,0,-24237,0,0,21495,-27499,28452,0,0,0,0,0,0,0,0,0,0,0,0,0,21219,0,0
84279520,Team1,-1,20396,0,0,0,-31742,-27812,0,0,0,0,-28070,0,-31488,-32820,15705,19201,0,0,0,15679,0,-28485,0,0,0,0,18753,15497,0,0,0,0,0,0,0,0,0,0
84688339,Team0,0,0,30374,27645,0,0,0,0,-26080,0,0,0,0,0,0,0,27834,0,0,0,0,0,0,0,-27468,0,0,-25845,0,0,27348,27210,0,-28226,-25753,0,0,-26414,28522
84688394,Team1,0,0,0,0,0,0,-34528,-22126,0,-30451,0,0,0,24344,0,0,0,0,0,24982,-28338,0,0,0,-26683,0,0,30155,22120,0,21790,0,0,0,0,0,22754,0,-28718
84688445,Team1,-1,0,0,0,0,-32513,0,22159,-30573,0,0,0,27333,0,20992,0,0,0,0,0,-29421,21511,0,0,0,-32023,0,0,0,25831,25636,-29442,0,0,0,0,0,0,-34133
84688518,Team1,-1,-29204,0,0,0,-24118,0,0,21227,0,0,-32102,0,-28996,-28104,0,0,0,-26994,0,0,25510,22493,33045,0,0,0,0,0,0,22436,0,0,0,0,0,0,0,29994
84688530,Team1,0,0,0,0,0,23215,0,0,0,0,-23321,24321,0,0,0,0,0,21329,0,0,-27369,23239,0,0,0,0,24879,-22832,21832,-28360,0,0,-23833,0,0,0,0,-25149,0
84688543,Team1,-1,0,0,0,24518,0,0,0,-22671,22050,0,0,27625,0,0,20758,0,0,0,0,-27998,-28185,0,0,-27548,0,0,22136,-30409,-32438,29841,0,0,0,0,0,0,0,0
84688544,Team0,0,0,-32425,0,27599,0,0,-27055,0,30066,0,-25194,0,0,0,0,0,26255,0,-26529,0,0,-23762,29250,0,0,0,0,0,0,0,0,25951,0,0,0,26778,-25806,0
84688565,Team0,1,-22091,0,0,0,25901,0,0,-24810,0,0,0,0,0,0,0,0,-23650,-26334,0,0,-20215,0,35482,0,0,0,0,-15664,0,34894,27894,0,0,27050,0,0,0,30922
84723578,Team1,-1,21611,-32774,0,0,0,0,-30548,0,0,0,25526,0,-29668,0,0,0,-28124,0,0,0,-32050,25567,29868,0,0,0,0,-42757,0,0,0,26954,0,28417,0,0,0,0
84430397,Team0,-1,0,28109,0,0,0,0,0,-22016,-27410,23831,0,0,-22779,0,0,0,-24765,0,0,20770,0,0,0,22876,-28087,0,-23719,0,0,0,0,27232,0,0,26747,0,0,0
84430415,Team1,-1,-28898,0,21866,0,0,0,0,0,-35241,16824,-35574,0,-30286,0,0,19523,0,0,0,-40734,-29272,0,0,0,0,0,27628,0,0,24676,0,0,0,19152,0,0,0,0
84430505,Team1,0,0,0,0,0,24414,-26490,0,0,22449,0,24027,0,0,39251,0,0,0,0,-25374,-30402,0,27378,0,0,0,0,23399,0,0,-29277,0,-27872,0,0,0,-22713,0,0
84430632,Team1,0,0,0,0,0,28138,0,0,0,-28153,0,27037,0,0,-28256,-27721,0,0,0,-33948,28175,0,25371,0,0,0,0,0,25278,0,0,27440,0,0,-34450,0,0,-27514,0
84430711,Team1,-1,0,30610,0,0,25051,-26514,22424,0,0,0,30108,0,0,0,0,0,22719,0,-28888,-28540,0,0,0,0,0,21085,0,0,0,-32457,0,-29860,0,0,0,-26837,0,0
84430732,Team0,-1,0,0,23421,28168,24801,34753,0,-26601,0,0,0,0,24342,0,38247,0,0,0,0,0,0,0,-34745,-26138,0,0,0,-25708,0,0,0,0,-25443,0,0,0,0,-29500
84430995,Team1,-1,-30143,0,0,0,-30665,30321,20787,0,0,0,-34281,20021,0,0,0,20743,0,-31056,0,0,-30393,-32441,0,19903,0,0,0,0,0,0,0,0,0,0,0,0,19517,0
84431130,Team1,-1,0,-36487,0,0,0,0,0,-30576,19800,0,21486,-28278,26663,0,0,0,22063,0,0,0,0,0,0,-41764,0,19814,0,-34545,0,0,0,0,0,-28530,29301,0,0,0
84431133,Team1,-1,0,-30493,0,0,0,0,0,-23269,-29410,0,0,0,0,-26859,0,0,-26648,0,25667,24552,0,21894,0,0,0,0,28333,0,0,0,0,0,0,-28022,0,29144,0,27031
84310082,Team1,-1,0,0,0,0,-25618,0,0,0,0,0,0,0,0,0,0,0,0,0,-39171,-25433,0,0,0,0,0,0,0,25046,0,0,0,0,0,0,20361,0,20859,0
84310112,Team0,1,-21839,32771,0,-30361,0,30475,0,27744,0,0,26491,0,-24756,0,0,-21698,0,0,0,29475,0,0,0,0,0,0,-23845,0,0,0,-20609,0,0,0,0,28303,0,0
84310138,Team0,1,27986,-22133,0,-16576,0,0,-20912,0,0,0,41600,0,-22203,0,0,0,0,0,31213,-22290,30060,0,0,0,0,0,0,0,0,0,0,0,30031,-26191,0,29208,0,0
84310234,Team1,0,0,0,0,0,0,30732,0,0,0,0,0,0,0,26085,-28480,0,23076,-26777,0,-26965,-28389,0,0,0,0,0,27191,-29500,0,0,0,0,-29350,27151,0,29016,0,0
84310290,Team0,-1,-23760,-25061,0,0,0,0,0,-23583,0,0,27636,0,20399,-26470,0,0,0,-22456,0,0,22035,0,0,0,0,0,0,0,0,27891,21484,0,-24130,0,0,0,26616,0
84310291,Team0,1,0,0,0,0,22368,0,0,0,0,0,0,26279,0,0,0,0,-24859,0,-22287,-21725,-20198,24774,0,0,0,-25726,0,33600,24277,0,-26546,0,0,0,0,0,0,22476
84310312,Team0,1,0,31347,0,-22150,0,-33583,0,28084,0,0,0,0,0,0,0,-20904,27684,0,0,-20948,27095,0,0,0,0,0,-24725,26324,0,0,0,0,0,0,0,-21535,0,33156
84464085,Team0,1,-24529,0,0,0,0,27826,0,-29772,0,0,-23432,30700,0,0,0,-23585,0,0,0,0,25379,0,-26868,0,23837,0,0,0,0,0,0,0,28509,0,-30194,0,25445,0
84464088,Team0,1,-24960,0,0,0,0,0,32309,0,0,0,-28844,0,0,36586,0,0,-18287,29829,30929,30873,0,-21219,36384,0,0,0,0,0,0,0,0,0,0,-20943,0,0,0,-21296
84464147,Team1,-1,0,-29841,0,24644,0,0,0,0,0,21444,0,0,-31816,0,-29848,0,0,0,0,22894,0,0,0,-24810,0,0,27260,-26625,0,-30477,0,0,0,0,0,21448,0,23448
84464332,Team0,0,0,-23391,0,0,-31801,0,0,0,0,0,-23021,0,-23056,0,0,0,26959,-26374,0,-23022,0,0,0,25664,0,0,26408,26006,0,0,27084,0,25237,0,0,0,0,0
84464368,Team1,1,-24603,-39213,32610,0,0,0,0,-22425,0,0,0,0,-23132,-21228,0,0,0,0,0,33752,22074,0,0,0,0,0,0,0,31288,30531,23755,0,0,-23091,0,0,0,0
84464390,Team0,-1,0,0,0,0,0,0,0,0,-24105,29718,-26956,0,0,0,-28682,0,-22575,31614,0,0,25323,0,0,26817,32082,0,0,0,0,0,0,0,-27422,0,0,-24436,0,27766
84464497,Team1,-1,-28004,0,19309,0,0,21544,0,-22779,0,0,0,0,0,-26829,0,0,0,-24507,0,-33950,21608,0,26847,32043,-33543,0,0,0,0,0,19745,0,0,0,0,0,0,0
84464726,Team0,1,30135,0,-21130,0,-23013,0,0,22267,0,0,0,0,22219,0,24387,0,0,-23224,0,-23984,0,0,0,0,-29276,0,0,0,31889,27424,0,0,0,-28249,0,0,0,0
84464799,Team1,0,-35874,28058,0,0,26302,0,0,-23607,0,-23973,0,0,0,0,21560,0,0,0,21261,-25838,0,24957,0,21975,0,0,0,0,-26723,0,0,0,0,-24838,0,0,0,0
84095570,Team1,0,0,0,0,-29961,0,0,0,0,0,0,0,-26456,0,0,0,-25133,0,28344,0,23086,0,0,-23650,0,-33349,0,0,0,32020,0,26210,0,0,23537,0,0,22650,-25248
84095597,Team1,1,0,0,-24778,0,22190,-26584,0,0,0,0,0,0,0,25483,0,-23474,0,-24738,0,0,24029,0,-25170,0,0,0,0,22279,27057,-39906,0,0,0,0,0,30929,0,0
84095600,Team0,0,0,0,25931,0,0,-33214,0,0,0,0,0,0,25930,0,0,0,0,0,26064,0,27280,0,0,-25251,0,0,0,0,-25077,0,-24451,0,-25167,28023,0,0,26487,-25271
84095637,Team0,1,26272,-22161,0,0,0,0,0,27692,-25120,0,0,-27183,-23089,28697,0,0,0,24586,28187,0,0,0,0,0,0,0,0,-30309,0,-24908,0,0,0,0,0,0,0,28408
84095638,Team0,0,0,37956,-21699,0,0,-31218,0,-27779,0,-27779,0,0,0,0,0,0,-26623,0,0,0,24296,0,0,0,0,0,24689,0,0,31850,0,0,29982,0,0,24419,-27525,0
84095640,Team1,0,-32063,0,0,0,0,0,24364,0,0,0,0,0,0,0,-29606,0,0,0,24859,-37059,25635,26469,26284,0,0,0,0,-25543,0,0,0,0,-24144,-29766,0,0,0,23995
84095658,Team1,1,23812,0,0,0,25145,0,0,0,0,24959,0,27825,-22662,0,0,0,0,0,0,26338,-24758,-24216,0,0,0,0,0,29511,0,0,0,0,0,-26257,-22913,0,-24880,0
84095697,Team0,1,0,0,-24447,0,0,0,0,0,24537,0,-20664,0,26730,0,27398,0,31415,0,-27327,-21795,-26009,0,0,0,0,29150,0,0,37084,0,0,-21990,0,0,0,0,0,0
84817444,Team0,1,0,0,0,0,0,26954,0,0,0,23267,0,25667,0,-26851,0,0,0,0,-25132,0,0,-27347,29697,0,0,0,0,-24247,27862,0,0,0,24607,-38734,0,0,-29997,0
84817446,Team1,-1,0,23753,0,0,19775,0,0,0,18998,0,0,0,19540,0,0,0,0,0,0,-29146,0,0,-26310,0,0,0,19057,23328,-27419,-27194,0,0,0,-29608,0,-31341,0,0
84817471,Team1,1,0,32103,0,0,-29069,0,0,0,-28316,0,-28703,-30195,22269,0,0,0,0,25286,0,0,0,0,0,0,-31079,0,0,21247,-30576,0,0,0,0,0,22265,0,21009,0
84817623,Team0,-1,0,33257,0,0,-26275,-33556,26003,0,0,0,-33852,0,-30059,25704,0,0,0,0,0,26847,25520,0,0,-27558,0,0,0,-26585,25946,0,0,0,0,0,0,0,0,0
84817655,Team1,-1,23038,32112,0,0,0,-32142,0,0,0,0,0,0,0,0,25109,0,0,0,0,-27412,0,-27041,23989,0,30477,0,0,0,-28942,-30845,0,26081,0,-32011,0,0,0,0
84817656,Team1,1,0,0,0,20364,0,0,0,-32761,21265,0,-25902,0,0,0,0,0,22343,0,-21000,0,21093,-26401,26576,-31537,0,30170,0,0,0,-33809,0,0,0,0,0,0,0,0
84787138,Team0,1,-23021,0,-19410,0,29812,40055,29077,-22209,31043,0,31813,0,0,32905,0,0,-22254,-18542,0,-18974,0,0,0,0,0,0,0,0,0,0,0,0,0,0,0,0,0,0
84787470,Team1,1,-25293,-28602,0,0,25280,0,0,24978,0,25730,32604,-28837,0,0,0,0,0,0,0,0,0,0,0,25514,29981,0,0,0,0,0,0,0,-29613,-27651,0,0,-25921,0
84787529,Team1,-1,0,29132,26313,0,0,-31274,0,0,0,0,-34695,0,0,0,0,-27582,0,0,0,0,26830,-31424,0,0,0,29530,26621,0,-26923,0,0,0,0,-28830,0,25281,0,0
84787531,Team0,1,0,0,-23961,26517,0,0,0,0,0,0,0,23890,0,26191,-21424,0,0,23851,27905,-18995,-24450,0,-29801,0,0,0,0,0,0,0,0,0,0,-20471,0,0,0,29260
84905077,Team0,1,31922,32079,0,0,-23645,0,0,0,0,-23225,-28820,0,0,0,0,0,0,0,0,29202,0,0,0,0,-27068,30568,0,27649,0,0,0,0,26661,-28440,0,0,0,-26206
84905079,Team0,0,0,30664,0,0,0,31532,0,0,0,0,0,0,-26836,22752,30780,0,0,-29417,0,-26299,22664,0,-26300,0,0,0,0,0,-30846,0,0,0,0,0,0,24154,0,-25809
84905113,Team1,-1,0,-40569,-26803,0,0,0,0,21052,-27467,0,0,0,-29311,-31854,23026,0,-28901,0,0,0,0,0,25027,0,0,0,0,0,35449,28326,0,0,0,0,0,0,29480,0
84905163,Team1,-1,-27536,-28342,0,0,0,0,0,0,0,0,0,-26182,17573,21058,0,0,-24876,20590,0,-29046,17565,0,0,18014,0,0,0,0,18634,0,0,0,0,0,0,-26138,0,0
84905200,Team0,0,0,0,0,25679,-23206,0,0,0,20366,0,27099,0,26992,0,0,0,-20421,0,0,0,-21739,0,0,0,-19908,-20147,0,0,0,0,0,19680,0,0,0,-29152,24385,0
84905215,Team0,1,-23904,0,0,-23492,24463,25112,0,0,0,0,-22323,0,-23023,0,0,0,24897,0,0,0,-19688,-22053,0,0,0,0,27064,0,0,0,28468,0,0,33183,0,0,0,0
84655841,Team0,0,-13515,28741,0,0,0,0,23292,0,0,0,0,0,-15017,0,0,25241,-14610,0,0,23415,22248,0,0,0,0,0,25116,0,-15298,0,-12778,0,0,-15814,0,0,0,0
84655935,Team0,1,0,32604,-23425,0,-27930,0,0,0,0,0,0,-27164,0,0,0,0,-23486,-22516,0,30091,0,0,0,-23319,0,0,0,0,26892,0,0,0,28324,30287,0,26375,0,0
84655991,Team0,-1,0,29258,0,0,0,0,0,0,0,0,0,0,25080,0,0,0,22403,-26515,-27413,-29001,0,0,0,0,0,-26323,-28108,0,28916,0,0,0,0,0,0,18870,-25352,26325
84656077,Team0,-1,-31895,0,0,0,0,0,0,30817,0,-27502,-29724,0,0,-31458,23023,0,25369,27407,32349,-28335,-27100,0,0,0,0,0,0,25480,0,0,0,0,0,0,0,0,0,0
84656200,Team1,0,0,29932,22691,0,-23589,-23882,0,0,0,0,0,-26496,0,-26576,0,0,-24594,0,0,0,26412,0,0,0,0,0,0,25568,0,0,21551,0,0,0,0,-22119,0,19902
84656263,Team0,0,-26826,0,0,24762,0,36543,-21907,-26017,0,0,0,25089,0,0,24914,0,-22975,0,0,0,0,0,28421,0,0,0,0,-23335,0,0,0,0,0,0,0,21610,0,-22464
84656275,Team0,1,28136,0,0,0,29307,0,-26554,-18738,0,0,0,0,32903,0,0,0,0,0,0,-22714,0,0,0,0,0,0,-19765,0,-25581,0,-19992,30514,0,33452,0,30717,0,0
84656352,Team0,0,0,25189,0,0,0,-26998,0,0,0,21101,0,-26747,0,0,0,0,25561,0,0,0,23920,0,0,0,0,26938,0,-21990,0,0,0,0,-20861,0,20904,0,-21187,-20418
84845880,Team1,-1,0,24643,0,0,0,0,0,0,0,24515,23546,0,0,0,0,0,0,-27727,23033,0,0,0,0,-29327,-28439,-27464,0,0,-27460,-40145,0,0,23622,43850,0,0,0,0
84499481,Team1,1,35138,0,0,0,0,0,0,0,0,-29435,-28680,24157,0,0,22835,0,29512,0,0,-26785,23397,0,-28495,0,0,0,0,0,0,30604,0,0,-25630,-26835,0,0,0,0
84499563,Team1,1,0,-33266,0,-24405,0,0,0,-25264,0,0,0,0,24572,0,-25768,0,0,25035,0,25079,0,0,0,0,0,0,27018,0,29587,0,0,0,-26989,0,-25258,24607,0,0
84499725,Team1,1,0,31519,0,0,-23583,0,0,34499,0,0,0,0,0,26766,0,0,27049,0,23827,0,-23873,0,-26891,0,0,0,0,0,-28819,0,21212,0,0,0,0,-22508,-22293,0
84499781,Team0,0,0,-33933,0,-22367,26792,25913,0,0,-24372,0,0,0,0,0,-23882,0,31229,0,0,0,0,0,0,0,0,-21064,0,0,27244,0,23780,0,-22292,32045,0,0,0,0
84499987,Team0,1,0,43967,0,0,0,0,0,23045,0,-23865,-27576,0,28363,-25459,0,-23707,0,0,0,28424,0,25864,0,-31065,0,0,-27209,0,31442,0,0,0,0,0,0,0,0,0
84500063,Team1,0,0,0,0,0,0,0,0,0,-25850,0,0,-24466,27375,0,-22005,0,31103,0,-29802,0,26216,0,0,0,0,0,0,-20945,27376,0,0,0,-32123,0,0,29003,0,27638
84249232,Team0,1,0,0,0,0,0,0,0,0,32329,0,0,0,28079,-21162,27927,0,0,0,0,0,34812,0,-26017,34781,0,0,-27928,-22614,0,0,-26011,0,0,-23501,0,0,27473,0
84249294,Team1,1,-26050,-31581,0,0,0,33284,0,0,-25524,0,0,0,-26291,0,0,0,25523,0,0,-28837,27852,0,0,23437,0,0,0,0,0,0,0,0,0,-25721,0,24271,22530,0
84249328,Team0,1,0,42525,0,0,0,0,0,0,0,0,26146,0,0,0,0,27482,0,0,0,0,0,27092,-34358,0,-26918,-28550,0,-21912,34301,0,0,0,-22029,0,-20990,0,0,29943
84249375,Team1,0,-24684,0,0,0,0,0,0,23582,0,0,0,0,-22190,28563,0,0,24954,0,0,0,22514,-28741,0,0,0,0,-28123,-24448,26294,0,0,0,0,0,0,23986,-26913,0
84249399,Team0,0,0,0,0,0,0,0,0,0,0,0,-28564,0,-21546,0,0,0,-22631,-22570,0,21711,-21825,0,0,-27139,28349,0,25083,0,0,0,0,0,23287,0,0,21184,0,22309
84531846,Team0,1,0,29000,0,0,-21754,0,0,-20876,0,0,30390,0,0,0,0,26579,0,0,0,24889,0,0,0,-25840,0,0,-27178,0,0,-29991,25939,0,0,0,0,-21080,26094,0
84531945,Team1,1,26392,-28237,0,0,-27945,0,0,0,0,0,21984,0,-25008,21983,0,23077,0,0,0,-25000,0,0,-26178,0,0,0,0,0,21945,0,0,0,0,25031,0,-23560,0,0
84532064,Team0,1,-22407,-19285,0,0,0,0,0,-17358,0,0,33999,0,0,0,23809,0,-20406,24976,0,24084,34006,-20025,0,0,0,0,33671,0,0,0,0,0,0,0,-19530,0,0,0
84532237,Team0,1,0,26471,0,0,-26156,-26090,0,-24549,0,0,0,0,0,26182,0,0,30736,0,26458,-29181,27674,0,0,0,0,31010,0,0,-25379,0,0,0,0,0,0,-26556,0,0
84532283,Team1,-1,0,30508,0,0,0,24197,0,0,0,-28457,-28343,0,0,0,-29743,0,-35004,20729,-36332,24426,0,0,-31604,0,0,0,0,0,0,0,0,0,21259,24016,0,0,0,0
84532302,Team0,1,35374,0,-25554,0,-30362,0,0,0,0,0,0,27116,-25796,0,0,0,-22175,0,0,0,26161,0,0,0,0,0,-24708,0,0,30994,0,0,0,31473,26149,-24092,0,0
84033956,Team0,1,-22194,0,0,0,0,29663,0,0,0,0,-30076,0,-25640,0,0,0,0,0,-27573,0,24914,-25277,0,0,30755,0,0,0,0,0,0,0,0,0,0,0,0,0
84033966,Team1,0,0,0,0,0,0,0,0,0,20299,0,29177,0,0,17531,-32686,0,-25070,0,0,26118,18594,0,0,0,0,0,-25131,0,0,-35197,-24180,0,0,0,-29291,0,0,25355
84034007,Team0,0,0,0,0,26616,0,0,0,0,25065,0,0,0,29688,0,0,0,0,0,0,-24612,-23202,0,-22378,0,-27655,25329,0,27125,-27235,0,0,0,0,0,0,-24289,0,25193
84034045,Team0,0,0,26989,0,24893,0,0,0,0,0,0,0,0,23850,-27812,22943,0,0,-18599,0,0,-20938,23990,0,0,-31481,0,0,-26844,0,0,0,0,0,0,0,0,-21788,26067
84034076,Team1,0,23562,0,0,0,-25664,0,0,0,0,-26927,-23241,0,21250,0,21590,0,0,-25917,27606,0,-25183,21510,0,0,0,0,0,-31229,29299,0,0,0,0,0,0,0,0,0
84034086,Team0,0,-26506,0,0,0,30861,0,0,0,-23231,0,-29750,0,-20785,0,0,0,0,0,0,0,-22962,0,0,29958,0,23611,26157,0,0,28222,19434,0,0,0,-26387,0,0,0
84034118,Team1,0,-22395,0,0,27014,0,0,0,23227,27256,0,-28423,0,0,0,0,-29269,0,0,0,-21687,0,0,0,24544,0,27680,0,-29948,26012,0,-24140,0,0,0,0,0,0,0
84182783,Team0,1,0,0,0,0,0,0,0,0,0,0,0,0,0,0,24388,0,0,0,0,0,0,0,28026,0,0,0,0,0,-25006,0,0,0,0,0,0,-26874,0,0
84182857,Team0,0,0,0,24403,0,0,0,0,-16566,0,-10599,-12603,0,-11646,0,0,23173,19013,0,0,0,0,0,0,0,0,0,21860,0,-11938,-11834,0,0,0,0,18295,22650,0,0
84182925,Team1,-1,0,29588,0,0,29352,-41606,19771,0,-25056,25291,-25354,0,0,0,0,0,-27632,0,0,0,0,0,0,0,0,0,25290,0,0,0,0,0,-24931,-28132,0,0,25439,0
84182937,Team0,1,27137,-22010,0,0,0,-31915,0,-24167,0,0,0,24623,0,0,0,0,28648,0,32708,-21048,29124,-21243,0,0,0,0,0,0,0,-26822,0,0,0,28342,0,0,0,0
84182946,Team1,-1,0,22984,25314,-30742,0,0,-29246,30901,22128,0,0,0,0,-30144,0,0,0,0,0,21351,0,0,0,0,0,0,0,0,0,22539,-24783,0,0,0,-24573,0,0,-23680
84182957,Team0,0,0,0,22397,0,0,-16274,-17448,0,0,0,18733,0,0,0,0,0,-18424,20604,0,0,21530,0,0,0,-13457,0,22233,0,0,0,0,-14172,19892,0,0,0,-15371,0
84182989,Team0,1,0,0,0,0,26522,-29905,0,0,0,0,30180,0,0,0,0,-20955,0,0,0,26494,32436,0,0,0,0,0,0,-28272,33190,0,0,0,0,-24321,-21162,26716,0,-24516
84183003,Team0,-1,32414,31808,0,0,0,0,0,0,-26784,0,0,-27558,-27122,33451,0,29592,0,28647,0,-31129,0,0,29942,-30729,-28796,0,0,0,0,0,0,0,0,0,0,0,0,0
84183010,Team0,1,0,0,0,0,25362,0,0,0,0,0,29723,0,0,0,0,0,0,0,-22894,26628,-16099,0,-13484,0,0,0,29060,-15534,0,-30365,29051,-19560,30432,0,0,0,0,0
84183023,Team1,-1,0,0,0,0,0,0,0,0,0,0,15246,0,-23521,0,0,15517,-21855,0,0,0,15245,15738,0,0,23237,0,-21783,18412,-27218,0,-21805,0,0,0,0,0,0,-22297
84183051,Team0,1,0,0,0,0,0,0,0,0,0,0,0,33798,0,0,0,0,-22431,0,0,0,0,0,0,0,0,0,0,29995,0,0,0,0,0,0,0,0,0,0
84564079,Team1,-1,0,-37900,28101,0,0,0,-27603,0,0,0,0,0,0,26625,0,0,0,0,0,-26321,-25089,0,30941,0,0,0,-26560,0,0,27613,0,0,-25990,24923,0,0,23722,0
84564101,Team0,1,0,30628,0,-20167,-20229,0,0,0,0,0,-16801,0,0,0,0,0,0,24689,0,33566,0,0,0,-27843,0,-14361,0,0,0,0,24689,-17224,26816,37344,0,0,0,0
84564149,Team0,0,0,0,0,0,0,-29510,0,0,0,0,22941,0,-19669,32995,0,0,-22524,0,0,-24745,0,28353,-27009,0,0,0,0,0,25658,0,0,0,0,31955,0,-35733,31223,0
84564152,Team1,1,0,31771,0,27098,-23138,0,0,-22301,0,0,-31776,0,26250,0,0,0,0,0,-23812,26250,0,0,0,26241,0,0,0,0,0,0,25071,0,0,0,0,-22729,0,-24154
84564219,Team1,-1,0,0,0,0,-22680,-32463,0,-24556,0,0,27755,22974,0,-24396,0,24620,25172,0,0,-31071,0,0,24202,0,0,0,0,0,0,0,-26910,0,0,29114,0,0,0,0
84564223,Team1,-1,0,0,0,0,22108,31076,-28836,0,0,22108,-32541,0,0,29582,0,-31178,0,-29218,0,-29760,21832,0,0,0,0,0,0,28583,-30060,0,0,0,0,0,0,0,0,0
84564244,Team1,0,0,-32152,0,0,0,28519,0,0,0,0,0,0,0,0,0,0,-25314,0,0,25327,-27525,0,0,0,0,-26077,0,-27520,0,26746,24914,0,-28544,24748,0,0,0,26193
84564336,Team0,1,0,0,0,0,24226,23740,0,0,0,0,-29605,0,24521,0,0,-25765,0,-31861,0,0,-23038,0,0,0,0,0,0,-22922,0,27045,0,0,0,24452,0,22070,0,-23443
84564337,Team0,1,-25956,0,0,-26845,-26200,0,0,0,0,0,23154,0,0,0,-27551,0,0,0,0,30374,24592,0,0,0,0,0,0,-25360,26654,27613,24812,-24034,0,0,0,0,0,0
84564346,Team1,0,-16449,0,0,0,0,0,0,0,0,0,-18860,0,11083,15023,0,0,0,0,7896,0,-16377,0,0,0,0,0,0,6897,7882,-16545,0,0,-16459,12658,0,-17910,0,0
84000831,Team1,0,27269,-34644,0,0,0,0,24778,0,0,-22863,-27001,0,0,-26837,0,-24512,0,0,0,25018,0,0,0,0,0,0,0,0,28908,0,0,26903,0,0,22493,0,0,-33476
84000835,Team1,1,27408,0,0,0,0,-26920,0,0,0,0,0,0,23931,0,0,-23588,0,0,25052,0,33660,-28215,0,0,0,31105,-28552,-31670,0,0,0,0,0,0,26316,0,0,-21403
84000891,Team0,1,0,0,0,0,0,0,0,0,0,0,26605,-27710,0,0,0,28488,0,-25424,0,0,0,0,0,-25227,0,0,40542,0,0,-34260,0,0,32745,0,-23298,31053,28838,-23653
84000914,Team0,1,0,-30976,-22881,0,0,0,34542,28974,0,0,0,0,0,0,30838,-19792,-19671,-23325,27425,0,24392,0,-24879,0,0,0,0,0,0,35221,0,0,0,0,0,0,0,0
84000992,Team1,-1,0,25618,22825,0,0,28302,0,18499,0,0,0,0,0,0,21852,0,-29989,24380,0,-30586,0,-29152,0,0,-28100,0,-31628,0,0,0,0,-27113,0,0,0,0,0,0
84000993,Team1,-1,0,0,28703,0,0,0,0,0,0,-30095,0,0,23710,22774,0,0,24556,0,26739,-35708,0,0,0,-31712,0,0,-32892,-33994,0,0,0,0,0,0,0,22272,-34912,0
84001008,Team1,-1,0,-28428,0,0,0,0,0,-19307,27439,0,27348,0,25237,0,0,0,-23725,0,0,0,0,-25452,34389,30970,0,0,0,0,-28593,0,0,0,27374,0,0,0,0,-25867
84001013,Team0,-1,0,0,0,0,0,0,0,0,27028,0,29663,0,-27612,0,0,0,-24425,0,0,28975,24276,0,28019,0,-26206,-31707,0,-28009,0,0,0,0,23901,0,0,0,0,-31887
84216016,Team0,-1,27769,-22847,0,0,0,0,0,-23149,0,0,-28935,27583,0,0,0,0,0,0,0,30458,0,0,0,0,0,0,-26403,-29756,30757,0,0,-27481,0,28106,0,0,28343,0
84216039,Team0,1,-24511,-22111,0,0,35391,36707,0,-22783,0,0,-24410,0,0,0,0,-19858,30578,0,0,-23492,30539,0,0,0,0,0,0,0,0,0,0,0,0,30535,0,31490,0,0
84216060,Team0,0,0,0,23578,0,26000,0,0,0,0,0,0,0,0,25664,-24082,0,0,26151,27071,-21402,0,0,0,0,0,0,-27175,0,0,0,0,24324,-18236,0,0,-26032,-25368,0
84216094,Team0,1,0,-25008,0,0,0,-28677,0,25650,27382,0,0,-27423,-21394,27243,30209,0,0,0,28078,0,0,-23011,0,0,0,0,0,0,0,0,0,0,0,0,26584,0,-26736,0
84216173,Team0,-1,0,22546,0,0,22993,0,29435,0,-22877,0,23446,0,0,0,0,0,0,21353,-30416,28691,-22164,0,-24809,0,0,0,0,-23310,0,0,0,0,0,0,-21337,0,0,0
84216176,Team1,-1,0,-27552,0,0,24231,0,0,24891,0,-27168,24980,0,0,0,-28756,0,23099,29182,0,0,0,0,0,0,0,0,26300,-29401,0,0,0,0,-31380,0,0,0,0,-25413
84216202,Team1,-1,0,0,0,0,-29851,-35789,0,0,0,0,23199,22136,0,0,0,0,-23461,26886,0,27685,0,-26277,0,0,0,0,-24787,0,0,0,0,0,31160,0,0,-23011,0,19964
84216215,Team1,0,0,-33874,23199,0,0,0,0,0,0,0,0,0,-27903,0,-27506,0,39985,23882,0,22649,24217,-27873,30524,0,-29216,0,0,0,0,0,0,0,0,-28839,0,0,0,0
84216268,Team1,-1,0,0,25634,0,0,0,0,0,0,0,0,-24185,0,0,23272,0,24028,-22085,35179,24020,0,0,-34028,0,0,0,0,-26152,0,-28394,0,24614,-23719,0,0,0,0,0
84216301,Team0,1,0,0,38165,-19911,-17594,-29753,0,-19802,28071,0,27887,0,27887,0,0,0,0,0,0,0,0,-21044,28175,0,0,0,-21276,0,0,0,0,0,28220,0,0,0,0,0
84216326,Team1,0,0,-30010,0,0,-23475,-24307,-30695,0,0,0,0,0,0,0,0,0,26084,0,0,-23351,0,0,23563,26029,0,0,0,0,0,0,27064,0,28598,27232,0,0,0,0
84338843,Team1,-1,0,0,0,0,0,0,0,0,24622,0,28323,0,22814,0,0,0,0,27989,0,25662,22800,-28978,0,0,0,0,0,-35842,0,-37801,0,-27683,0,-29870,-29262,0,0,0
84338845,Team0,1,-23650,0,0,0,0,30053,0,0,0,0,0,0,29360,0,0,0,30512,0,0,-23707,-25480,0,0,0,0,0,0,27162,-31423,0,0,0,0,28169,-26900,-19878,0,27768
84338893,Team1,-1,0,-34430,0,0,17788,0,0,0,24723,-29559,22153,24911,0,0,0,0,0,0,28291,-46526,-33591,0,0,0,28564,0,0,-26390,0,0,0,0,0,0,-29242,0,0,0
84338959,Team0,-1,0,33330,0,0,-22348,-31666,0,27021,0,0,-27013,0,0,0,0,0,0,0,0,0,0,0,0,0,-27367,0,0,24424,0,40138,0,0,-25626,0,26255,-23784,24586,0
84339040,Team1,-1,-30513,0,0,0,-26618,0,0,24628,0,21652,28639,0,0,0,0,0,22127,0,0,24284,-26923,0,0,0,0,25954,0,0,0,0,0,0,0,-40728,0,-27643,-30955,0
84339049,Team0,0,0,0,0,0,0,0,0,24478,-25698,0,-32527,-27273,0,0,0,0,0,0,34221,24980,-28873,0,0,-24775,0,25871,0,0,0,24659,0,0,-26480,31012,0,0,0,0
84339109,Team1,-1,0,0,20773,0,0,0,0,0,17982,-24043,-39304,0,0,0,-30241,0,0,0,0,0,0,0,0,0,0,0,0,0,0,0,0,0,0,0,0,0,0,0
84153822,Team0,1,-19101,0,-20778,0,-18445,0,0,0,-18278,0,0,0,0,0,0,0,0,0,0,0,25710,0,-30130,29888,31638,0,0,0,33520,0,0,0,30461,0,0,30062,0,-25794
84153904,Team0,1,-22576,0,0,0,0,0,0,28719,27141,0,0,0,0,0,0,0,-24793,-23979,0,26589,-24044,0,35540,0,0,-22607,0,0,-27895,25654,0,0,0,27337,0,0,0,0
84153913,Team0,1,29327,28347,0,0,23416,-25879,0,-21387,-19598,0,-20785,0,0,26811,0,0,0,0,0,0,0,0,0,24573,0,0,0,0,0,0,0,0,-21733,0,0,22985,-21475,0
84153915,Team0,1,0,29531,0,0,-23117,0,0,0,0,0,-23373,35079,0,0,26125,0,25183,24390,-29003,-24257,0,0,34172,0,0,0,-22917,0,0,0,-21279,0,0,0,0,0,0,0
84153935,Team0,1,0,0,0,0,26601,0,-22704,0,0,0,0,0,0,0,0,0,0,28228,0,26241,0,0,0,-22053,-24640,0,30706,0,28493,0,29230,0,-30163,-33532,0,0,0,-22074
84153948,Team1,1,-26490,0,0,0,0,-29654,0,24159,0,0,0,0,0,-27804,0,0,0,0,27312,23990,0,0,0,0,0,-29991,0,23296,33418,0,0,0,-24416,0,0,24523,-25736,0
84153968,Team0,0,0,0,0,-23271,0,-24214,-22102,27455,0,0,0,0,0,0,25810,0,26991,0,26343,-22741,26401,0,0,28517,0,0,0,0,0,-30772,0,-23021,0,0,0,0,0,0
84875910,Team0,0,25151,26273,-24832,0,0,0,29834,0,0,0,0,0,-23203,0,26817,0,0,0,0,-30530,0,0,0,24550,0,0,0,0,-32944,0,0,0,25935,-24169,0,0,-21449,0
84875934,Team0,1,0,0,0,0,0,-24636,0,0,29188,0,0,0,-21522,33761,22197,0,0,0,0,-25667,0,-21892,0,27345,-22007,0,21974,0,-28070,0,0,0,23280,0,0,0,0,0
84876025,Team1,-1,0,-25827,28160,-23814,18974,0,0,0,0,0,22155,-27141,0,0,0,0,-28020,18636,0,0,0,-26431,0,0,0,0,0,31013,0,26572,0,0,0,-27508,0,0,0,0
84876078,Team1,-1,0,25680,0,0,25873,-43328,-33223,0,0,0,0,25314,-29291,0,0,0,0,24265,0,22752,0,0,0,0,0,0,-32418,21284,0,0,0,0,-29775,0,-29279,0,0,0
84367571,Team0,0,0,20367,26038,0,0,0,0,0,0,-10924,-15950,0,-7537,0,-9436,0,23996,0,0,0,0,0,21769,0,0,20018,0,0,-12346,0,0,23347,-11283,0,0,0,0,0
84367709,Team1,-1,0,-28742,0,0,-27212,0,0,-25362,0,0,0,0,0,0,0,0,23947,0,27171,0,-26646,0,0,0,0,0,25115,-28754,0,0,23123,23060,0,0,-27580,0,23476,0
84367803,Team1,-1,0,0,0,0,0,23697,0,0,0,0,0,-25547,25360,0,0,0,-28712,0,0,0,0,0,0,0,0,0,21874,-26690,-31637,27356,23008,0,0,-25979,-26752,0,17960,0
84368003,Team0,1,-21174,0,-16810,0,27476,28885,-21649,0,27453,0,0,0,0,0,25708,0,-14194,0,0,0,-16039,0,0,0,0,0,25523,0,0,0,0,0,0,0,0,0,25545,-18167
84593650,Team0,-1,27422,0,0,0,0,0,0,25849,0,0,0,0,0,0,0,0,-26690,0,22500,24595,-27495,0,21415,0,0,0,-27161,28776,-27354,0,0,0,0,0,0,-24689,-26955,0
84593744,Team0,-1,0,0,-23834,24356,0,-29498,0,0,0,0,-24344,0,0,0,26777,-26677,-26027,22840,0,0,-24601,0,0,23043,0,21851,0,0,0,38427,0,0,0,0,0,0,0,0
84593810,Team0,0,27193,-28762,0,0,-24571,0,25988,0,0,0,21851,0,0,0,-23185,32221,0,0,0,0,26860,0,0,0,0,0,0,0,-24245,-24053,0,0,0,0,0,-23185,27647,0
84123796,Team0,1,0,-31146,0,-26752,27562,0,0,0,0,27123,44387,0,0,30112,27761,0,-29222,0,0,0,-20867,0,0,0,0,0,0,0,0,0,0,0,0,-21596,0,-21105,33885,0
84123817,Team1,0,0,0,0,30430,0,0,0,-24801,0,0,-23867,0,22048,0,0,0,-23941,0,0,21865,-24271,0,32337,0,0,0,-26347,0,0,0,20317,0,0,0,0,-25557,20435,0
84123842,Team0,-1,27547,0,0,0,-27856,0,0,23098,0,0,-25628,0,-27750,0,0,0,0,-24822,0,24735,21954,0,23892,0,0,0,0,-27237,-38719,0,0,0,0,0,0,0,23816,0
84123844,Team1,0,-32085,25111,0,0,-23687,-33457,0,0,0,0,0,-25081,24860,-24944,0,0,0,0,0,24830,0,-24491,0,0,0,0,0,0,0,26890,0,0,0,34373,0,24231,0,0
84123845,Team0,1,0,0,0,0,28443,36805,0,0,0,0,0,0,0,0,0,0,0,-27013,-24341,-28232,0,0,0,30117,-26055,0,0,0,0,27561,29378,-18536,0,27480,0,0,-25116,0
84123854,Team0,1,0,39853,-18661,0,0,-28229,0,33046,-23132,0,0,0,0,0,0,0,29512,-19676,0,26044,0,0,0,44530,0,0,0,0,0,-19677,33394,0,0,-22563,0,0,0,0
84123939,Team0,0,0,0,0,0,30034,0,-24014,0,23644,0,27139,21866,0,0,-24376,-25700,0,0,-25643,27254,21844,0,0,0,0,0,-26896,0,0,0,0,0,0,0,0,0,0,-25598
84123944,Team1,-1,0,0,0,0,0,0,0,0,0,0,-27200,-24954,-25607,0,0,-30403,0,22431,0,20347,0,0,0,26990,0,0,0,0,26289,0,0,0,0,-34569,23671,20678,0,-26332
84123952,Team1,0,26022,0,0,-27590,23146,0,0,-28329,0,0,23064,0,0,27706,0,0,0,0,0,-30744,21982,-27426,30517,0,0,0,-27103,0,-32353,0,0,0,0,0,0,0,0,0
84123998,Team1,0,0,24805,0,-24852,-24789,0,0,24223,0,0,0,-24399,0,0,27336,0,0,0,-25486,0,0,0,0,0,0,0,0,-27382,0,24822,0,0,0,0,0,-24123,24146,19269
84399000,Team0,1,0,0,0,0,27012,30706,0,0,0,-19669,-27991,0,25427,0,0,0,0,35230,0,0,-19249,0,-29334,0,0,0,0,29573,-28352,0,0,0,-19656,30894,0,0,0,0
84399026,Team1,0,-26153,0,0,-25088,0,0,0,0,0,0,27195,24922,0,0,0,0,24320,0,0,-25698,-19489,0,-27232,0,0,0,0,26313,0,23488,0,0,0,28684,0,-24373,0,0
84399041,Team1,1,0,0,0,-27539,0,30663,0,0,0,0,0,0,0,0,-27536,0,27398,0,0,-29790,20775,27110,22471,20238,0,0,0,0,0,0,-28999,0,-27189,0,0,0,0,-28470
84399211,Team1,0,-27799,27519,0,0,-29404,29769,-28075,0,0,0,-22655,0,0,0,0,23343,0,24474,0,28955,-22744,0,0,0,0,0,0,25275,0,0,0,0,0,0,0,0,0,-27069
84399242,Team1,-1,0,-28804,0,0,-25943,0,0,-24026,0,0,0,29936,0,0,0,0,-25435,0,28450,0,0,0,-32750,0,0,0,27067,0,0,0,0,0,23004,-23585,0,25271,25246,0
84938109,Team0,0,0,0,0,0,0,0,-22248,0,0,0,-27667,0,25829,0,0,0,26462,0,0,-19678,-23203,0,26408,0,0,0,0,31157,0,0,0,27009,-21847,-22462,0,0,25436,0
84938115,Team0,1,-23270,26488,0,-23371,0,0,0,-21626,0,0,0,0,-21534,0,0,0,-23720,30527,0,0,0,0,0,0,0,30305,0,35772,0,0,25453,-26637,0,31596,0,0,0,0
84938142,Team1,0,33100,-34799,0,-30935,-25289,0,20387,0,0,0,25963,0,0,0,0,0,28268,0,0,0,-24917,0,0,0,0,23105,0,-18729,0,0,21146,0,0,0,0,-32249,0,0
84938168,Team1,-1,0,0,25717,27936,-24321,0,0,23101,-21225,0,-27216,0,23358,0,0,0,26742,21697,0,-30424,0,0,-40969,-23688,0,0,0,0,0,0,0,0,0,0,0,0,0,0
84938235,Team0,1,0,32637,21954,0,0,0,0,0,-28539,0,0,0,0,0,-27092,0,-27526,0,0,0,0,27306,0,0,0,0,0,33180,-23775,0,0,0,25981,-27174,24215,0,0,-26326
84938303,Team0,-1,-26644,-24947,0,0,0,0,0,0,-26143,0,27743,26696,-25463,0,27424,0,30306,0,0,-25224,0,0,0,0,0,0,0,0,0,26783,0,0,0,-29132,0,0,22494,0
84938341,Team0,0,0,0,0,0,0,25397,0,27094,0,0,-29353,0,-25681,0,0,0,-30146,0,0,24135,-28201,0,29226,0,0,0,0,26324,0,-26237,0,0,28363,0,0,-25024,0,0
84938351,Team0,1,0,37042,0,-24039,0,0,0,-22714,0,0,-22142,26526,-20378,29700,0,0,0,0,-29637,29984,0,-23958,0,0,0,0,0,0,31156,0,0,0,0,0,0,0,29037,0
84624808,Team1,0,0,-35419,0,0,23721,30000,0,0,0,0,-26102,0,0,0,0,-24912,0,0,0,-23593,21748,23946,0,0,0,0,30059,0,-24039,0,-22509,0,0,0,0,0,23688,0
84624841,Team0,1,-20113,0,0,32251,25320,0,-25133,0,0,0,29294,0,0,0,0,0,24884,0,-21033,-19934,-17424,0,0,0,0,-16764,0,0,0,0,0,26603,0,0,0,23909,0,0
84625576,Team1,1,0,0,0,0,-21285,0,0,0,0,0,24405,0,0,-19588,0,0,26359,0,0,30949,25274,0,0,0,0,0,-24441,-23760,29847,0,25983,0,0,0,0,-39528,-22204,0
84431203,Team0,0,0,-34242,0,0,-24930,0,0,0,0,0,0,0,0,0,-24261,25213,-25664,0,25731,28552,0,0,25768,0,0,0,23968,-27281,0,0,-24925,0,0,0,0,22469,0,0
84431204,Team0,1,0,0,30927,0,-15408,-15552,0,-17518,0,28568,0,0,30242,0,0,0,-15540,0,29743,28949,0,0,0,0,0,30598,0,0,0,0,0,0,0,-27671,0,-16314,0,0
84431247,Team1,1,0,-30918,0,0,-30891,36663,-20436,0,23290,0,-21299,26914,0,0,0,0,0,-21251,0,28180,26295,0,0,0,0,0,0,0,0,24364,0,0,-25405,0,0,0,0,0
84431269,Team0,1,0,-26819,0,27864,-28814,29815,0,0,0,28691,28761,0,0,0,0,0,0,0,0,0,0,-21054,0,0,-24112,0,0,0,-23600,0,0,28671,30395,-25528,0,0,0,0
84431316,Team1,1,27486,-29643,25552,0,0,-34321,0,0,0,0,0,0,-28367,0,0,-25142,0,0,0,27920,0,0,0,24524,0,0,0,-33688,0,0,0,27413,28004,0,0,0,0,-27676
84431336,Team1,-1,0,0,0,0,0,0,0,0,0,0,-27571,0,0,0,21125,0,0,0,0,-29836,-32026,-32706,-38534,0,0,0,27324,0,0,25407,22628,0,20623,0,21849,0,-32526,0
84431349,Team1,-1,0,-26686,0,0,-30140,0,-30419,-26872,25956,0,26055,0,0,0,26141,0,0,-26264,0,-34383,0,0,30707,0,0,0,0,24441,0,0,0,24463,0,0,0,0,0,0
84431368,Team1,0,0,32613,-22917,0,0,0,-22143,0,0,24571,0,0,0,0,0,0,-24346,0,0,0,20407,0,0,0,0,0,-22609,22733,0,28617,0,0,-21869,-26186,0,0,0,22777
84687839,Team1,-1,28906,-28936,0,0,-28450,0,22361,0,0,-25084,0,0,0,0,24269,25786,0,0,0,0,0,0,-24864,-24854,0,0,26967,0,0,0,0,0,0,-25536,0,0,31110,0
84817287,Team1,0,31098,0,-27820,0,25367,-28125,-25129,0,0,0,0,0,0,0,23437,-20508,0,22068,0,-22010,-22695,0,0,0,0,0,0,0,21752,0,0,0,0,23615,0,0,0,0
84723762,Team0,1,0,0,0,0,0,-29329,28524,0,0,0,0,0,-22374,0,0,29009,0,0,-23000,0,0,-20295,-26957,30374,0,0,29235,0,29202,0,0,0,0,32513,0,0,0,-18406
84723772,Team0,0,0,0,22048,0,-25789,0,27785,-28414,-21624,0,-27557,21340,0,0,0,0,21802,0,0,-25997,-24968,0,0,0,0,0,0,0,34479,0,0,0,32837,0,0,0,0,0
84723803,Team1,0,0,0,30940,0,23392,-33468,0,0,0,0,0,25037,-25007,0,27025,0,0,0,31620,-23114,0,0,0,0,0,0,-32729,0,0,-30628,0,0,0,0,0,-26063,25963,0
84723865,Team0,1,0,29233,0,0,-22052,27196,0,0,0,0,0,0,0,25102,-21041,0,0,0,0,26538,0,-31291,0,0,-21214,0,0,0,0,-29811,0,0,26898,-21248,0,24372,0,0
84723952,Team1,-1,25183,0,25963,0,19444,-37705,-24876,0,20287,-24678,0,0,-27119,24873,0,0,0,0,0,-24891,-24962,0,23790,0,0,0,0,0,0,0,0,0,0,0,0,0,0,0
84723957,Team1,0,0,0,-27850,0,0,31609,23021,0,0,0,25880,0,0,0,0,25215,0,0,-31746,-31781,0,0,0,0,0,23020,0,0,0,33680,0,-27021,-28940,0,0,-26327,0,0
84723958,Team0,1,0,0,0,0,0,-26470,27925,0,0,0,0,0,0,-27147,0,0,-26751,-23663,0,25747,-20078,0,0,0,0,0,30708,-30785,30259,0,0,0,25177,26107,0,0,0,0
84723982,Team0,1,0,-26634,0,0,0,31958,-23710,0,0,0,0,0,30019,0,-19678,-19060,0,0,0,-22834,-19013,30256,0,0,0,0,0,0,0,32637,0,0,0,30262,0,0,0,30264
84723987,Team0,1,0,0,-27538,0,0,26413,0,0,0,0,0,0,-28794,0,24649,30808,0,0,0,-27286,0,0,0,0,0,0,0,29658,-22500,0,0,0,0,-24139,30021,0,-23837,33608
84724020,Team1,-1,33927,-28027,0,0,-27311,0,0,0,0,0,0,0,0,26082,0,24897,0,0,0,-23825,0,0,27227,-34196,0,29156,0,27312,0,0,0,0,0,-29815,0,-26139,0,0
84756446,Team0,-1,-24210,27232,0,0,0,0,0,0,0,-22974,-31992,0,-23252,0,-25477,0,16976,0,0,24041,19606,0,0,0,0,0,0,0,0,0,0,0,-28039,29322,0,18015,0,0
84756527,Team0,1,27192,0,0,0,-23828,0,0,0,0,0,27951,0,0,0,0,28333,0,0,-23472,0,0,31653,-23988,0,0,0,0,-24824,28906,0,-26369,0,0,25556,0,0,0,-23433
84756580,Team0,1,0,36608,0,0,0,0,30837,-26735,0,-24199,0,0,0,-24616,0,0,0,31159,-23629,-22478,29062,0,0,0,0,0,0,0,0,32174,0,0,0,-27309,0,0,0,33274
84756642,Team0,1,-23907,31862,0,0,-21809,0,0,0,0,27877,-24692,0,0,0,28087,28125,0,-23167,0,0,0,0,0,0,32955,0,0,0,0,0,0,0,0,-26766,0,0,-26760,27157
84756680,Team1,-1,0,-30064,0,0,0,0,0,0,0,0,27596,0,-29251,0,-29290,23152,0,-28628,27609,0,0,0,0,0,0,0,24538,0,-33335,-30440,0,0,0,0,0,25189,25529,0
84756716,Team1,-1,0,0,19006,0,0,0,0,0,0,0,0,0,0,-31391,0,0,0,0,0,28547,-31136,0,0,0,0,0,0,0,0,0,-29613,0,-31256,0,0,0,0,0
84656365,Team0,1,0,0,0,-29800,24812,46985,0,0,0,0,0,0,-20729,0,0,0,23769,-30820,0,0,0,-21606,-25109,0,0,0,27948,0,0,0,0,0,0,23627,0,23089,0,-21693
84656366,Team1,-1,0,0,0,0,-26100,23989,0,-23830,0,20382,0,0,0,0,21574,0,0,0,-22892,0,22216,0,0,-28106,0,0,0,-26418,0,0,0,0,16951,0,-20742,0,19484,0
84656441,Team0,1,-27123,34267,0,0,0,0,28485,-20221,0,0,0,0,28030,0,0,0,26544,0,0,-20495,0,-19074,32365,-24570,0,0,0,0,-30667,0,0,0,0,0,0,0,0,27992
84656456,Team1,0,0,0,0,0,-24301,0,0,0,22633,0,27436,0,0,0,24921,26664,0,0,-31216,-30228,0,0,-24952,28224,0,0,0,0,30658,0,0,0,0,-28214,0,-29884,0,0
84656469,Team0,1,0,-33432,28232,0,0,37808,0,0,0,0,0,0,28907,0,0,0,26810,-24006,0,-25979,0,0,0,33063,0,0,0,0,32215,0,0,0,0,-25790,0,0,-23600,-23264
84656486,Team0,-1,0,-30460,0,0,28806,0,0,0,0,0,0,0,0,0,0,-24652,0,0,0,-27779,20963,0,-26601,0,0,0,0,-30640,26069,30018,-30973,0,0,25507,0,25123,0,0
84656593,Team0,1,29307,0,-26140,-24630,23886,0,0,0,0,0,33748,0,0,0,0,-25459,0,0,0,0,0,23493,0,0,0,26598,-25861,0,28747,0,0,0,-25536,0,0,-23726,0,0
84656613,Team0,-1,-27795,0,0,0,0,0,29541,29584,0,0,-25052,0,27751,0,0,-23509,0,-19807,0,0,0,0,-26589,0,0,0,26918,29497,0,0,0,0,0,33818,0,-30987,0,0
84656646,Team1,-1,0,0,0,0,0,38162,0,24887,-34112,0,0,0,-27232,-28527,0,0,0,0,0,21343,0,22015,0,0,-28249,0,-26225,31818,0,0,0,0,0,24528,0,0,-28351,0
84499824,Team1,0,0,-30312,32149,0,26975,0,0,0,0,0,0,0,-23684,0,23436,0,-22088,0,29433,0,0,0,0,0,0,0,0,0,0,0,0,26446,-27624,-27165,0,-22090,26648,0
84499867,Team1,-1,25842,0,0,0,-28187,22720,0,24080,0,0,23033,22707,0,-29536,0,0,0,0,0,21218,-31275,0,0,0,-32569,0,0,-29344,0,0,0,0,0,-30640,0,0,0,0
84499875,Team1,1,20609,0,0,0,0,38522,26864,0,0,0,-27405,-26392,19199,0,0,-27934,-28667,0,0,0,0,0,28859,0,0,0,0,-30256,-48048,0,0,0,21204,0,0,0,0,0
84499968,Team1,0,0,0,23247,0,0,0,0,37365,0,-24829,0,0,0,0,0,0,0,0,0,-29302,-27630,0,0,23920,-28981,0,0,0,0,0,0,0,22458,-24571,22589,0,-25715,26052
84499989,Team1,0,0,0,24114,0,0,-50743,0,0,0,-24582,29924,-23360,-27452,0,0,0,-21120,22910,0,0,0,0,0,0,0,0,0,0,24258,0,0,0,25259,32049,0,0,0,-23702
84500070,Team0,1,0,-30757,25832,0,28533,0,28986,0,-25035,0,0,-22052,0,32035,0,0,0,0,26787,-26013,0,0,0,0,0,0,30523,0,-32820,0,0,0,0,0,0,0,-23213,0
84500091,Team1,-1,26654,0,0,0,0,0,17860,0,0,-26391,-27959,0,0,23102,0,0,0,0,30120,17796,0,0,0,0,0,21571,0,-26865,0,0,0,0,-29445,-35031,0,0,0,-31506
84500113,Team1,0,23877,0,0,0,0,-38291,0,-29195,0,-20631,0,0,0,-24347,23658,-30379,0,0,0,0,34494,0,0,0,0,0,0,0,0,27121,24261,0,-24030,0,0,0,0,25732
84500132,Team0,1,0,-28305,-20466,35282,-25767,29353,0,0,0,0,0,0,26186,0,-19600,0,0,0,0,-18505,0,27049,0,0,0,0,0,0,35365,0,0,0,0,35372,0,0,-16923,0
84500173,Team1,-1,0,0,22526,0,0,0,-32401,-24919,0,26601,0,0,21845,24622,0,0,0,0,-31336,-25830,-24919,0,0,0,-26998,0,0,0,0,0,0,0,0,0,0,0,28180,32614
84500175,Team0,-1,28607,0,0,0,0,0,0,0,26779,24594,0,0,-25920,0,24962,0,0,0,0,-29147,0,0,-31470,0,0,0,25515,0,-34120,0,-28145,0,26409,0,0,0,-29027,0
84500176,Team0,1,30840,0,-20232,0,0,0,0,0,0,-18404,32166,0,-21613,-19802,0,0,-19781,25459,0,0,0,0,36293,0,0,0,0,0,32310,33066,0,0,0,-24807,0,0,0,0
84500207,Team0,0,0,-29939,0,0,0,-27115,-23604,25994,0,0,28690,0,0,0,0,-27119,0,0,0,-28711,26417,0,-24932,0,0,0,0,0,36388,0,0,0,0,26889,0,28929,0,0
84500242,Team1,-1,20410,0,24033,0,0,-27499,-26736,0,0,0,0,0,24918,-34461,0,0,-27746,0,0,20087,20317,0,0,23767,0,0,0,0,0,0,0,0,0,-29601,0,0,0,-32320
84787371,Team0,1,0,34918,0,0,0,0,0,-20227,0,0,30641,0,0,0,0,32429,28692,25070,-25279,-29062,0,0,0,-22328,0,0,0,26678,-23488,0,-25690,0,0,0,0,0,0,0
84787525,Team1,0,0,0,0,0,0,-29035,0,0,0,0,0,-24431,25129,0,-23863,0,-26895,-23803,23354,0,0,26096,0,0,0,0,35401,0,0,0,0,0,-25973,26010,0,0,26114,0
84787684,Team1,-1,25356,0,21001,0,0,-34451,0,0,-24174,0,0,0,0,0,0,28015,-26289,22913,0,0,-26036,0,-26078,0,0,0,24352,0,0,0,0,0,0,-24664,0,0,21924,0
84787686,Team0,0,-22159,28936,0,0,27580,0,0,0,0,0,0,-20833,-23804,0,0,23085,-20753,0,0,0,0,0,-35012,-25942,0,0,26273,25321,0,0,0,0,0,0,0,23782,0,0
84310338,Team1,-1,-25677,-26663,20772,-30636,19976,0,0,0,0,0,-33914,0,0,0,0,0,0,0,0,0,23239,20041,0,0,0,-24827,0,23681,28497,0,0,-25304,0,0,0,0,0,0
84310459,Team0,1,0,29749,0,25814,0,0,0,0,25068,0,0,0,0,-28858,24924,0,0,-22020,0,26637,0,-23535,0,0,-26735,0,0,0,-24051,0,0,23184,0,0,0,0,0,-22174
84310461,Team0,0,0,-31369,0,0,0,0,-19541,0,26224,0,29811,0,-26001,0,28767,0,0,0,0,-24106,-19325,0,25134,0,0,0,26797,-21927,0,42347,0,0,0,0,0,0,0,0
84310481,Team1,-1,0,0,0,25953,22487,23053,0,0,0,0,0,0,18859,0,0,0,0,0,0,-23751,-28153,0,0,27577,0,0,0,0,-37126,0,18891,0,0,0,-24122,-26217,-24311,0
84310489,Team1,1,-26977,0,0,0,-26993,31075,0,33533,0,0,-29260,32898,-25563,0,0,0,25385,0,25385,0,0,0,0,0,0,0,0,27171,-28152,0,0,0,0,-27927,0,0,0,0
84310503,Team1,-1,0,-32259,0,0,21421,0,0,26870,0,0,30301,0,0,-28855,0,-30516,0,24112,0,24450,0,0,0,-28457,0,0,0,0,27923,0,0,0,0,0,0,-26125,0,-28674
84310518,Team1,0,0,-25384,27399,-24542,0,0,0,0,0,25428,0,0,-25845,25087,0,-28225,0,0,0,0,24018,0,0,23538,0,0,27571,-21990,0,0,-24865,0,0,0,0,0,0,0
84310562,Team1,-1,0,-30699,0,0,0,0,21216,0,0,0,0,0,23780,0,0,-28231,0,-26151,0,19863,0,-25369,0,0,0,0,0,-26794,0,0,0,0,21485,28626,0,20772,0,-28705
84310569,Team0,1,0,-29018,0,0,0,29528,0,0,0,0,35724,0,-25011,0,0,0,-24896,-26339,0,0,28356,0,0,0,0,0,0,0,0,0,0,29206,0,-31128,0,25957,27976,-23222
84310586,Team1,1,0,0,0,0,26921,0,0,0,0,0,29796,0,24292,0,0,-26450,0,0,0,0,-23028,23492,-25109,-34031,-26592,0,25491,-28649,0,0,0,0,0,0,0,0,0,25996
84905198,Team0,-1,31996,-27976,0,30325,0,0,0,34242,24991,0,0,0,0,0,0,0,-22600,0,0,0,0,29651,0,0,0,0,0,-21223,0,-25956,0,-21021,0,26948,0,-25685,0,0
84905475,Team1,-1,0,0,0,0,0,-26267,0,0,0,20352,0,0,0,22002,0,0,-23643,-23885,30554,0,24057,0,-28966,0,0,0,24692,0,0,0,0,0,0,0,0,0,0,24070
84845971,Team0,1,0,0,0,0,0,0,0,0,0,26048,0,23750,0,0,0,0,-25403,0,35432,27540,-24238,0,0,-27467,0,0,24129,0,-24986,0,0,0,0,-23749,29848,-21358,0,0
84846009,Team1,-1,0,35290,0,-29274,0,0,0,21048,0,21775,23094,-30319,0,0,0,0,-32540,-31086,-35577,20893,0,0,0,0,0,-27976,0,0,0,23556,0,0,0,0,0,0,0,0
84846013,Team0,1,29034,-24219,0,0,27046,29177,0,0,0,0,0,0,24456,0,27747,0,-21068,27566,0,0,0,-24660,0,0,0,0,-22770,0,0,0,0,0,-19172,0,0,-23795,0,0
84846055,Team0,0,0,0,0,30798,23718,0,0,0,0,0,0,0,0,0,22664,0,0,0,0,-21596,23424,21322,0,0,0,-20480,23567,0,-24869,-27290,0,0,0,0,0,-20402,0,-22144
84846110,Team0,-1,-25238,29099,0,-26861,0,0,0,22135,0,-25923,0,0,0,0,0,0,19810,0,0,0,-24493,0,28530,0,0,-26725,0,0,0,22147,18915,0,0,0,0,0,0,-23124
84846119,Team1,-1,0,21397,0,-32270,0,-33027,0,0,0,0,17839,0,18569,-29317,0,0,0,0,0,0,-28933,-28349,0,-28696,0,0,0,0,0,0,0,0,13009,0,19348,0,0,14948
84846123,Team0,0,0,17902,-10296,-20151,0,22202,0,0,0,0,18434,0,0,0,0,0,18396,0,0,0,-9136,0,0,0,0,18687,0,0,0,0,18088,0,0,-19412,-8218,0,-10182,0
84846148,Team1,0,-28077,-31816,0,23794,0,0,0,-21328,19815,0,0,0,24612,0,0,0,-21520,0,26566,0,-22012,-25362,0,0,0,0,0,0,0,24398,0,0,0,26364,0,0,0,0
84248256,Team1,0,0,0,0,0,-30809,0,0,0,0,0,28357,0,26038,0,0,0,27166,0,0,31073,29555,0,-23681,-24340,0,0,0,0,0,-33306,24789,0,0,-20947,0,-28905,0,0
84249098,Team0,1,0,33597,0,-30597,-29651,0,0,0,0,0,0,0,0,0,-31507,0,27297,0,0,-24561,-26817,0,27673,0,0,0,0,0,0,31060,0,23255,0,26476,0,-23781,0,0
84249280,Team1,1,0,28163,0,0,27947,0,0,0,0,0,-38720,0,0,0,0,0,0,0,-25371,29649,-20133,-20020,0,-29221,0,0,0,28028,31211,0,0,0,0,0,0,28743,-24920,0
84532018,Team1,1,-33414,-41460,-27650,0,0,0,0,23734,0,0,0,0,21991,0,0,-30111,26097,0,25779,-25505,-27387,0,0,0,0,0,0,0,0,0,0,0,0,0,0,24210,0,22017
84532186,Team1,-1,0,32790,0,0,0,0,0,25901,0,0,24825,0,0,0,0,0,0,0,0,-25623,-25612,0,30969,0,0,0,-27134,-24568,24356,-25508,0,0,0,-26927,0,23293,0,0
84532192,Team0,1,0,-27852,0,0,0,28833,0,-29328,0,0,25320,0,0,0,27482,0,-22852,0,-42273,0,25910,0,0,0,0,0,0,26416,0,0,0,0,0,23841,0,-26248,0,-26296
84532301,Team0,-1,0,-32857,-25592,0,0,0,0,0,-23873,0,33376,0,0,0,-29582,0,0,-30678,0,0,-25372,0,24588,0,0,0,0,0,0,25939,23509,0,0,0,0,23320,0,27005
84532429,Team0,1,23188,30774,0,34124,0,0,0,0,0,0,19837,-21342,0,30460,0,0,-20062,0,0,0,0,-20596,0,-18558,0,0,0,0,-33671,0,0,0,0,-20910,0,33143,0,0
84532452,Team0,1,-24093,0,0,30389,0,-29467,0,0,0,0,31811,0,24067,0,-24778,-25362,0,0,0,-22070,0,24103,0,0,0,0,0,0,25440,0,0,0,0,29000,0,-30120,0,0
84034218,Team0,1,0,-26472,0,0,28242,0,27329,-21744,0,0,30966,28556,0,0,-22062,-24658,-22039,0,29998,0,0,0,0,0,0,0,0,0,-21546,0,0,0,0,0,0,0,0,28814
84034238,Team1,1,-23587,0,27287,0,0,0,0,0,-23757,0,0,-23190,22535,0,0,0,26769,0,22539,0,24964,0,0,0,0,0,0,22149,0,-23191,0,0,0,-26732,0,0,0,-22503
84034257,Team1,0,0,0,24269,0,-31929,0,0,-23327,0,0,0,0,0,24236,26908,24905,0,0,-30603,0,-21919,0,-28272,0,0,0,0,-23900,0,0,0,0,0,0,0,0,25654,28001
84034258,Team0,1,-31248,33887,0,0,31456,0,0,0,0,0,0,0,0,0,-19752,-18925,27806,0,0,0,0,0,0,0,0,28139,-26265,30133,0,-23585,28096,0,0,0,0,-18485,0,0
84034263,Team1,-1,30762,-38173,0,-32156,-30945,24161,26168,-31354,0,0,-32772,0,-33140,0,0,0,0,0,0,0,0,0,0,0,0,0,0,0,0,20919,0,0,0,0,25538,21586,0,0
84034264,Team0,-1,-29996,-34837,0,-24386,0,0,0,29231,0,32211,0,0,0,0,26442,-25271,0,0,23768,0,0,0,0,0,0,0,31280,-23622,0,23422,0,-24871,0,0,0,0,0,0
84034300,Team1,0,0,0,0,0,22050,0,0,22686,0,-21761,-22717,22527,-20667,0,0,0,0,0,0,-24631,0,0,0,-28173,0,0,0,22125,0,0,0,0,0,0,-22841,0,32060,23576
84034351,Team0,1,-26642,0,0,0,0,0,0,32601,0,0,0,0,25987,0,0,0,22330,26400,-22608,0,-22290,-23956,-22810,0,0,0,32752,-24324,28681,0,0,0,0,0,0,0,0,0
84034377,Team1,0,0,0,0,9175,0,0,0,7911,8640,-14419,-13076,0,-12985,0,9089,0,8612,0,-18438,0,0,0,-13527,0,0,0,7953,0,0,0,0,0,0,0,0,0,-14815,0
84034402,Team1,1,0,0,0,0,24729,0,0,0,0,0,22571,0,-22580,0,0,0,20831,0,24458,0,0,0,0,0,0,0,0,0,0,0,0,21057,0,0,0,23413,0,0
84183051,Team0,1,28799,0,28690,0,0,0,0,-26161,0,0,-25632,0,-26042,0,0,0,0,-19326,0,0,28797,0,0,0,0,0,34736,0,0,0,0,0,0,0,-20686,0,0,0
84183053,Team1,1,29194,0,0,0,0,0,26574,0,0,0,-26354,0,21645,29047,0,0,0,0,0,-24146,0,-26494,0,0,-24676,0,0,0,0,0,0,-22935,-22588,32260,0,0,31593,0
84183054,Team1,0,0,0,0,0,21893,0,0,30091,0,0,-35967,0,0,0,0,0,0,0,0,-28730,0,0,0,0,20907,0,0,21695,23615,-28127,-25929,-27137,0,25434,0,0,-30262,0
84183119,Team1,1,0,0,0,-35956,0,0,0,-24399,-26394,24306,26484,-33677,25282,0,-24182,0,0,24817,0,27156,27445,0,0,0,0,0,0,0,0,0,0,0,0,0,0,0,0,-25427
84183165,Team1,0,0,0,-33747,0,-28653,0,0,0,0,0,27356,-32628,25544,0,0,0,0,-27905,-36988,28533,18688,0,0,0,0,0,0,0,0,0,0,0,0,19717,0,23497,-35996,0
84183166,Team1,1,0,0,0,0,0,29199,-21655,0,0,25990,0,0,25992,0,26217,0,23087,0,0,-23459,29160,0,-20183,0,0,0,0,0,-24930,-36640,0,-19133,0,0,0,0,0,0
84183204,Team1,0,0,0,27089,0,26939,0,0,0,-22468,0,-28163,0,0,0,26226,0,27221,0,0,-22405,21913,0,0,0,27997,0,-25376,0,0,0,0,0,-22929,-37242,0,0,0,0
84183208,Team1,1,0,0,0,19685,19434,0,30985,21661,0,0,28181,0,-27925,0,-25560,0,0,0,0,-23481,0,0,0,0,23194,0,0,0,-25207,-33402,0,0,0,0,0,-25090,0,0
84183231,Team1,-1,26986,24729,0,0,0,-32565,0,27988,0,-25322,0,22684,0,0,-31187,0,0,0,0,31689,0,22947,0,0,0,0,0,-28739,0,0,0,0,-35042,0,0,0,0,-30085
84183270,Team1,-1,0,23084,-22595,0,0,0,0,0,0,0,0,0,0,-28727,25154,0,0,0,-42381,0,0,0,0,32488,0,0,22273,0,0,0,0,-25276,21912,0,-26863,21970,-25723,0
84183283,Team1,1,0,0,0,0,0,0,-30361,23585,0,0,-24937,0,0,-26771,-25307,-22056,23659,0,-34057,0,27955,0,28986,0,0,0,0,25365,30705,0,0,0,0,0,0,0,0,0
84183285,Team0,1,0,0,0,-23744,0,0,0,0,0,-20195,0,0,0,0,-27585,37407,0,28732,0,33129,0,0,0,0,0,0,27305,0,27120,0,0,-28921,0,0,0,28577,-20940,-21859
84564231,Team1,-1,0,35827,0,0,-31806,0,0,0,0,0,-29624,0,-30958,22265,-30910,22688,0,0,-29501,0,0,0,0,-33161,0,0,21786,21803,0,0,0,0,0,0,0,0,23757,0
84001065,Team0,1,0,0,0,-25413,0,0,0,-24299,0,31260,-27864,0,0,29113,0,-29939,0,0,38894,0,0,0,0,-24779,0,0,27365,0,0,25995,0,28015,0,-26402,0,0,0,0
84001066,Team1,-1,0,-35486,0,22630,0,0,0,0,31083,0,0,0,0,0,-31080,0,-31079,0,0,21635,25032,0,29377,0,0,0,0,-34594,0,-32103,0,-32453,0,20496,0,0,0,0
84001069,Team0,0,0,0,29828,0,-21619,0,0,0,0,0,0,0,0,0,-21981,25414,0,0,0,0,22470,0,0,33400,0,0,22779,-20889,-28967,-31637,-25564,0,0,0,0,0,27110,0
84001182,Team1,0,26023,0,0,0,-22973,-29590,0,0,-25725,0,0,-29191,20784,-25523,0,0,0,0,0,25983,0,0,0,0,26497,21368,0,0,-28886,0,0,0,0,0,0,0,0,24075
84001191,Team0,0,0,0,-24544,0,0,25498,26259,-33949,-30893,0,25030,0,-24215,0,0,26441,-21043,0,0,0,0,0,0,0,0,0,0,27013,0,0,0,0,0,0,0,0,24261,-21924
84001211,Team0,0,0,0,0,0,0,-29880,0,0,0,0,33207,-21828,-20459,0,24061,22748,-23605,21738,0,0,23534,0,0,0,-23184,0,0,0,0,33456,0,0,0,0,0,-19804,0,0
84001248,Team0,1,0,0,0,0,0,0,0,32017,-23212,0,0,0,29125,0,0,0,28845,33742,29127,-17508,0,0,0,-15131,0,0,30606,-23424,-26221,0,0,-20772,0,0,0,0,0,0
84001249,Team0,1,0,31449,-25712,0,30294,0,0,0,0,0,0,0,-22788,0,0,0,-22741,0,-24980,0,35027,0,0,0,31214,0,0,0,0,26633,-22612,0,0,0,-26766,32556,0,0
84001258,Team0,0,-31137,0,0,29812,0,-21421,0,0,0,25657,0,0,0,0,23081,0,-21444,-23497,0,0,24850,0,0,0,0,0,0,29461,26914,0,-26556,0,0,0,-25827,0,0,0
84001279,Team1,0,0,0,0,-23605,23855,27259,-29659,0,-23891,0,0,0,-23506,0,0,0,0,0,0,-30708,21002,0,0,0,0,0,-26216,0,0,0,20680,0,0,0,21986,0,21648,0
84001301,Team1,0,0,-32552,0,0,0,0,0,0,0,0,0,0,25769,0,22206,-26969,24893,0,22612,0,21930,0,0,-26851,0,0,0,0,-27216,0,19712,0,0,0,0,-27571,0,-28269
84001308,Team0,1,0,36273,0,0,0,0,0,0,0,0,0,0,0,0,0,0,0,25138,0,0,0,0,0,0,0,0,-21842,0,0,0,0,0,-22000,0,0,0,0,0
84216397,Team0,0,29226,0,0,-21172,0,-24163,0,0,0,0,-27027,0,-23716,0,0,-23193,27779,0,0,0,0,0,0,26430,0,0,0,-24985,26555,0,0,25754,0,0,0,33021,0,0
84216398,Team0,1,30076,0,0,0,0,0,0,0,-24799,0,29358,0,0,0,-16443,0,0,0,0,-31253,-18725,0,0,-24907,0,0,0,-20258,0,0,0,0,33671,34939,0,28341,28180,0
84216404,Team1,1,0,0,0,0,0,-29996,0,25863,0,0,-32552,0,0,0,0,0,25535,-28522,0,-26916,-27402,0,27741,0,26980,0,0,0,0,33559,0,26428,-27635,0,0,0,0,0
84216423,Team0,1,0,0,0,0,0,-27666,0,0,0,24249,29228,0,25340,-19327,0,0,-22104,0,0,29272,25537,0,0,0,0,0,0,0,0,0,0,0,-25095,-24315,0,-21735,24879,0
84216502,Team1,-1,0,0,0,0,0,-30001,0,26244,0,0,0,0,0,0,0,0,21198,-24657,0,-29307,-28431,23947,21095,21413,26791,0,0,0,-34833,0,0,0,0,0,0,-28319,0,0
84216505,Team0,1,-19520,0,0,0,-22601,0,28599,0,0,0,-25412,0,0,-19268,28203,0,0,0,38625,27763,0,0,0,30582,0,0,0,30821,-23040,0,0,0,0,0,0,-17809,0,0
84216521,Team1,-1,0,0,0,0,21327,0,0,0,-27096,0,0,0,-26950,0,0,0,25380,0,0,-25715,27293,0,0,0,0,0,34194,-35665,24471,-39802,-28558,0,0,0,0,21740,0,0
84216536,Team0,0,0,30417,0,0,27524,0,0,0,0,0,-20144,0,-21162,0,30112,-30744,0,0,0,29139,0,27468,0,0,0,0,-22638,0,0,-24157,0,0,0,28764,0,-29561,0,0
84216559,Team1,0,24528,27693,0,0,-27395,-27418,0,20326,0,0,0,0,0,0,-21075,0,23422,0,0,0,0,0,0,0,0,22881,0,-21031,0,-32018,0,0,0,0,0,-24080,22446,0
84876320,Team0,-1,26338,40956,0,-25714,0,0,0,0,0,0,-29260,0,0,0,0,0,0,-24370,0,0,-21553,0,-27023,0,0,0,0,0,0,0,0,24331,25095,-23871,0,28052,0,26451
84876360,Team0,1,0,38078,0,0,0,0,-21988,0,-23135,-22234,-25223,0,0,0,30277,0,0,0,0,0,0,0,29121,0,0,0,0,-22322,0,0,0,0,0,34991,28633,28127,-34240,0
84876368,Team1,0,0,0,26054,0,0,-29678,0,-26197,0,0,0,0,0,-30045,0,24568,0,-27367,0,0,25027,0,0,0,24538,0,0,0,-27288,0,0,0,-22715,26871,0,0,26799,0
84876378,Team0,-1,32736,0,23989,0,0,0,-25823,0,0,0,-29652,0,0,29977,0,22211,0,0,-29869,0,-23593,0,22087,0,0,0,0,0,0,-23850,0,0,0,-22716,0,0,37018,0
84154062,Team1,1,0,-29223,0,0,0,32403,0,0,0,0,0,0,-27463,0,0,0,0,0,0,24821,0,0,0,0,-28034,29220,0,24636,0,0,25777,0,-26321,26591,0,-27855,-33118,0
84154109,Team1,1,0,31920,0,0,0,0,0,0,0,0,-30855,0,23972,0,0,-26044,25080,0,-27541,-23985,0,0,0,0,0,25301,0,-24260,0,28246,0,0,0,26535,0,-26355,0,0
84154145,Team1,0,0,0,0,34604,0,33511,0,0,0,0,-28357,0,23440,0,0,-27250,0,-27393,0,0,0,0,0,-26464,0,0,0,0,-29034,0,0,0,24532,23174,0,23610,0,-23234
84154183,Team0,0,-24738,0,0,0,0,-23435,0,0,0,-20952,34571,0,0,0,-21283,-28084,0,0,25741,26341,0,0,0,0,0,0,0,33615,0,0,25584,0,0,25858,0,0,0,-28008
84154230,Team1,0,-40782,20909,0,0,0,0,0,0,24828,-27546,28032,21938,0,-26323,0,0,0,0,-28545,0,0,0,0,0,0,0,-24392,0,22766,0,25537,0,0,0,0,0,0,-28589
84154248,Team1,0,0,0,0,0,0,0,0,0,0,0,0,0,26707,0,0,0,0,0,0,0,0,0,0,0,0,0,0,0,0,0,0,0,0,0,0,0,0,-24536
84593808,Team0,1,0,0,0,0,0,23499,0,0,-20529,0,0,0,23285,0,0,0,0,26249,0,0,0,0,0,0,-26401,-20779,24089,0,0,-24361,0,0,23391,-28055,0,0,28277,-22026
84593834,Team1,-1,0,-32341,0,0,0,-28606,0,22404,20155,0,0,0,0,0,0,-24669,0,0,22234,-26090,20220,0,0,0,0,0,23982,0,0,26652,-22781,0,0,0,0,0,-31033,0
84594070,Team0,1,0,30114,29364,0,27132,-28534,0,0,0,0,0,0,31066,0,0,0,0,0,0,-28178,28640,0,0,0,0,0,0,0,0,0,0,0,-17027,-24835,27807,-24690,0,-26904
84594142,Team1,-1,23919,-31908,0,0,0,30652,0,22811,0,-29495,0,0,0,25563,-28502,0,0,0,-34617,0,-29645,24585,0,0,0,0,0,0,0,0,0,0,0,0,-27670,0,22156,0
84594194,Team1,0,20465,0,0,0,-25112,0,0,0,-30576,0,25805,-27337,0,0,0,0,0,0,0,0,19912,0,0,0,0,0,0,0,29621,0,-22040,0,0,21881,0,21454,-28260,-31187
84367937,Team0,1,0,-30046,24055,0,0,0,0,0,0,0,0,0,25767,0,0,0,26656,0,0,28407,0,-25916,0,0,0,0,0,-18157,0,0,30673,0,-25124,29298,-23508,-24480,0,0
84367940,Team1,-1,-23813,32329,0,0,0,22340,0,0,0,23726,-29993,0,24973,0,0,0,22339,0,0,-26902,-25181,0,0,0,0,0,0,0,0,0,0,0,-30539,22307,0,-26181,0,0
84367960,Team1,-1,0,29274,-27556,0,-23629,-36687,0,0,24827,0,0,0,0,0,0,0,0,0,0,-25161,31360,0,21906,0,0,0,0,22934,0,0,0,0,24234,-29018,-28088,0,0,0
84368105,Team0,-1,0,0,0,0,0,-31356,-23590,0,0,0,0,0,0,24089,0,0,-29278,0,0,24733,0,0,-30522,26572,0,-25195,0,0,0,0,27710,0,-25176,29359,0,0,26002,0
84368116,Team0,0,38929,0,0,0,-23498,0,0,0,28745,0,30613,0,31484,0,0,0,0,-24071,-26479,30794,-23761,0,-31915,0,0,0,0,0,0,0,0,0,0,-27443,0,0,0,36803
84368126,Team0,1,0,0,-23329,0,0,0,0,-23019,0,0,29423,0,0,0,33003,32424,32547,32039,-24901,0,-22001,0,0,0,0,0,0,-26702,0,0,0,0,-19972,33964,0,0,0,0
84368166,Team1,-1,-27703,0,23782,0,0,0,0,-26723,0,0,0,0,0,0,0,26238,0,0,0,0,23986,0,-25222,25847,0,0,25326,0,-26232,0,0,0,-25157,-34647,0,19232,0,0
84399285,Team0,1,0,0,0,0,0,35807,0,-28459,-28805,0,0,0,-21645,32496,36842,0,0,0,0,-21833,31665,0,-25246,0,0,0,0,37113,-18677,31329,0,0,0,0,0,0,0,0
84399396,Team0,1,-26570,32891,28518,0,0,0,0,-18788,28015,0,0,0,0,0,0,0,0,-21448,0,27849,0,0,0,-19527,0,0,0,-24711,0,0,0,0,27677,38470,0,0,-20195,0
84399464,Team0,-1,0,0,0,0,19339,28230,0,23229,0,0,0,0,0,25096,0,0,-27340,0,-25280,0,0,24336,0,22747,0,0,0,0,-40271,0,0,-26773,0,0,-28842,-27812,0,0
84399544,Team1,-1,0,27812,0,0,-27471,-35582,0,24153,0,0,-32407,0,0,0,-29514,0,-37277,-34873,0,25628,0,0,0,0,0,0,0,27151,0,25210,0,0,0,25809,0,0,0,0
84124032,Team0,1,0,32473,0,0,0,0,0,25826,0,0,-26629,0,0,0,40044,-29096,26272,0,0,-29569,0,0,32433,0,-29785,0,0,0,0,0,-27470,0,26831,0,0,0,0,-26041
84124050,Team1,-1,0,0,-31186,0,23045,0,0,0,-29493,0,0,0,-31519,0,-32968,0,0,0,0,0,0,0,0,-34814,0,0,21850,25621,0,24042,0,0,-26587,22706,0,21701,0,0
84124097,Team1,0,-31809,0,0,0,0,0,0,0,24398,0,0,0,23154,0,0,0,0,-28064,23017,24687,-23029,0,0,0,0,-30968,23141,-21773,0,0,0,0,0,28767,-28144,0,0,0
84124120,Team0,-1,0,0,29758,0,-25088,28951,-24423,-24533,28697,0,28653,29877,0,0,0,0,0,0,0,26010,0,0,0,0,0,0,-25727,0,-29557,0,0,0,0,0,0,0,-24825,0
84124139,Team1,1,-29733,0,0,0,22999,0,0,0,0,-20183,23840,0,21627,-30969,-20267,0,0,0,21259,0,24964,0,-26213,0,0,0,0,0,0,0,0,0,-20260,0,0,24285,0,0
84124170,Team1,0,9735,0,0,0,0,0,0,0,0,0,8109,-17334,0,-14343,0,0,0,0,8516,0,9472,-15206,0,0,0,0,-18528,0,-18041,0,0,0,9670,-15565,0,7879,0,0
84124196,Team0,0,0,30314,0,0,0,0,-21094,0,0,23374,27397,0,0,0,0,0,26498,0,0,24013,0,-22127,0,-21584,0,0,0,0,-20569,-24070,0,22393,0,0,0,-25607,0,0
84095136,Team0,0,0,0,0,0,0,32319,0,0,0,25498,0,-23218,0,0,0,25525,0,-23521,0,0,0,0,26806,0,-27217,0,0,30521,24267,0,0,0,-21458,-27718,0,0,-26685,0
84064682,Team0,1,31879,0,0,0,0,-32310,0,0,0,0,31525,0,0,0,0,28840,-20671,0,0,0,0,0,0,0,0,0,0,0,0,-29862,0,0,0,-25776,0,0,0,-20459
84064743,Team0,0,0,-25996,0,0,0,0,0,-18860,0,26109,0,0,-30514,0,0,0,-20660,0,0,32171,27707,0,0,28109,0,0,0,0,28389,0,0,27038,0,-22872,-23407,0,0,0
84064747,Team0,1,0,-30617,0,0,0,-28261,26881,0,-23854,0,0,0,-22938,0,0,0,-23833,0,25784,0,24890,0,-28366,0,0,0,25723,0,0,29186,0,0,0,31722,0,0,0,0
84064860,Team1,-1,-29144,19494,0,-29519,0,0,-20039,0,0,0,0,0,26012,0,-21367,0,0,0,27841,0,-24217,0,0,19643,0,0,0,0,0,23361,0,0,0,0,0,19494,-24097,0
84065013,Team0,1,0,-27413,0,-20753,0,0,0,0,0,-20381,-22275,0,23904,29700,23225,-20533,25704,0,28673,0,0,0,0,0,0,-24034,0,0,0,0,25810,0,0,0,0,0,0,0
84065051,Team1,-1,0,0,0,0,0,-29897,0,0,-28241,0,0,0,-35606,-33709,0,0,0,0,0,22856,24414,0,0,24088,-27423,0,0,23432,0,22712,24875,0,0,0,0,0,-27635,0
84938452,Team1,0,0,-30658,0,0,0,0,0,0,0,0,0,-26095,0,0,0,0,0,0,0,0,29785,0,23169,24760,0,0,-24557,0,20333,27797,-28162,0,0,0,0,20449,-32163,-25743
84938460,Team1,-1,28483,0,0,0,0,24754,-27733,0,0,24286,0,0,0,0,0,-24295,24927,0,0,0,25338,0,0,0,-33907,0,0,-25292,-27447,0,0,0,0,-23427,0,24223,0,0
84938553,Team1,0,0,-28239,0,0,-26495,-27982,-22500,0,0,0,0,0,0,0,0,0,23828,0,0,-20366,-20678,0,0,0,0,25378,23122,29097,0,27151,0,0,0,22306,0,0,0,0
84938561,Team0,-1,-29111,31013,0,0,31898,0,0,0,0,30627,28087,28090,-26035,0,0,0,0,0,0,29047,0,0,0,-28537,0,-25055,0,0,-23976,0,0,0,0,0,0,0,0,-23224
84938646,Team0,-1,0,-25512,0,0,0,0,0,0,0,-25844,0,-24197,0,0,0,0,0,0,0,-28289,0,0,31231,0,0,27889,-24303,0,0,35885,0,0,-25498,26312,0,0,24395,27151
84971244,Team1,0,0,-30480,0,29852,0,0,0,-29818,0,0,-30276,0,-23298,0,0,0,0,26282,0,0,24395,0,24040,0,0,0,0,0,-28227,0,0,0,0,-28805,0,0,29487,24450
84971353,Team1,-1,0,0,0,0,0,0,0,22328,20275,23877,24877,0,0,0,0,0,0,0,0,20694,-27595,20915,-30304,0,0,0,0,-27002,0,0,-22541,0,0,0,0,0,-24653,-28844
84971363,Team0,0,0,0,0,-23894,29742,-29186,0,24941,21084,0,0,0,0,0,21749,0,0,-20877,0,0,-22714,-21255,0,23515,0,0,0,23560,0,0,0,0,0,0,0,-22621,0,0
84971378,Team1,0,28696,0,0,0,0,-24495,0,0,25420,0,-26724,25534,30332,0,0,0,-28890,0,0,28332,0,0,0,0,0,0,0,-21384,29783,0,0,-22257,-19193,0,0,0,0,0
84971505,Team1,-1,0,0,0,0,0,0,0,28421,19679,0,-32153,0,-26233,0,0,0,0,-25421,0,20669,0,0,0,0,0,0,23909,0,-30052,32646,22930,0,-24813,-26297,0,0,0,0
84971513,Team0,-1,27764,-32251,0,0,0,0,0,0,-27153,0,0,0,-26932,-26865,0,0,24932,0,27237,0,-29614,0,0,0,0,0,0,0,0,0,0,26792,0,20916,-27618,24932,0,0
84971607,Team1,-1,-33334,-33013,0,0,0,30020,-28226,18436,0,0,0,0,0,0,-27509,0,24234,0,0,0,0,0,28609,-31023,0,0,0,0,0,0,0,0,-30874,22573,0,0,21218,0
84971627,Team1,-1,-31733,0,0,0,0,0,0,0,0,0,-28146,0,-28225,0,24121,0,-26594,0,0,0,-27686,0,0,0,18702,0,0,0,33251,0,0,17904,0,-29203,21539,18832,0,0
84971639,Team0,0,0,0,0,24801,26680,0,0,0,0,0,0,0,0,0,-22145,0,0,21613,0,-21571,0,0,0,-23257,-22450,0,0,23601,0,0,-22774,22774,-24102,24683,0,0,0,0
84971640,Team0,0,0,-19196,0,0,0,-29342,-20009,0,0,0,29084,24915,0,0,0,-22198,0,27235,30820,-19377,0,0,-24100,29385,0,0,0,0,0,35429,0,0,0,0,0,0,0,0
84971670,Team1,-1,0,0,0,0,0,-33079,21686,22355,0,0,0,0,28500,-24320,0,0,21387,-28849,28120,0,0,-26521,0,0,0,0,24221,0,0,-31270,0,0,0,-24345,0,0,0,0
84971685,Team0,1,-32131,-25024,0,0,0,33475,0,26748,0,26697,-24205,0,-23336,29308,0,0,0,0,0,25127,0,-23648,-22266,0,0,0,0,0,31878,0,0,0,0,0,0,0,0,0
84625213,Team0,1,0,0,0,0,0,0,0,-25003,0,0,0,0,27089,0,-18798,0,0,0,0,40764,30949,0,0,0,0,0,0,-25009,-28732,31007,26891,0,-24732,32380,0,0,0,-24776
84625365,Team1,-1,0,0,0,0,0,0,0,0,24413,-25812,0,25458,0,-24827,0,0,0,0,23621,22489,-24681,0,0,0,-28174,0,26348,0,-27768,0,0,0,0,0,0,0,-26378,26298
84431574,Team0,1,0,29539,-25872,0,-21728,0,0,0,0,26437,-29847,0,0,0,24037,0,0,0,0,-23582,-23193,-27822,0,0,0,27103,25511,0,33227,0,0,0,0,0,0,0,0,0
84431591,Team0,1,0,0,0,0,0,-22479,0,0,0,29467,0,0,0,0,40911,0,-19939,0,27815,31991,0,-25245,-20766,0,0,25978,0,0,30159,0,0,0,0,-28084,0,0,-21688,0
84431607,Team0,1,0,-28641,0,0,0,0,-25285,-26893,0,0,0,0,0,0,0,32719,0,29112,0,31064,-23781,0,0,0,0,0,30431,0,31019,-29141,0,0,0,0,0,32539,0,-24776
84431641,Team1,-1,-26604,0,0,21335,-33185,0,0,-28563,0,0,-32528,0,0,0,0,0,0,0,0,0,20987,0,27177,0,0,0,0,20388,0,30869,0,24123,0,-27172,0,0,-28508,0
84431658,Team0,-1,0,0,0,0,0,0,0,-23481,-24047,0,-25587,0,24755,-22114,27743,0,0,0,39288,31464,0,0,0,0,0,0,0,0,-22996,-24751,0,0,0,0,24286,25019,0,0
84431671,Team1,0,0,-29472,-21682,0,0,0,33439,0,0,0,0,0,29682,0,0,32364,0,0,0,0,-25477,0,0,31565,0,0,28367,35845,0,-34365,0,0,-23521,0,0,-20286,0,0
84431691,Team1,0,-34746,0,0,0,30211,28095,0,0,0,29121,24489,0,-29099,0,0,0,0,0,-28061,-28794,-24726,0,0,0,0,0,0,0,0,0,0,23151,0,0,0,-28559,27268,0
84431726,Team1,-1,25058,28163,-25180,0,0,0,0,0,0,23206,-29837,0,20634,0,0,-26022,0,-28686,0,22574,20521,0,0,0,0,0,0,-34825,0,0,0,0,0,-26472,0,0,0,0
84431751,Team1,-1,0,0,0,-26268,-25863,0,0,-25056,-23705,0,0,0,0,0,-33462,0,0,0,0,0,21770,0,0,0,24329,0,24184,26103,0,0,20752,0,0,-35436,0,25620,0,0
84431772,Team0,0,26584,-28935,27023,0,0,0,0,-20649,0,0,0,0,0,0,-19945,26412,34922,0,0,0,0,0,0,0,0,25410,0,25466,-23968,0,0,0,0,-20047,0,-22623,0,0
84431774,Team1,-1,0,0,0,0,0,0,-30886,0,0,19070,23431,0,0,0,0,22608,0,0,-37152,-31136,0,-32913,23139,-33265,22608,0,-30885,0,24811,0,0,0,0,0,0,0,0,0
84688606,Team1,-1,22758,0,0,-38027,25573,0,-34650,0,0,0,0,0,21959,0,0,0,0,0,0,0,25171,0,0,22912,0,0,0,0,-29804,0,0,-30274,-29221,-35304,0,22185,0,0
84688641,Team0,-1,-29425,-26661,24388,0,27073,0,-24345,0,0,0,0,-29268,0,0,0,0,0,0,0,0,30051,0,29897,0,31834,-25162,0,-28644,0,0,0,0,0,0,0,0,23507,0
84688668,Team1,-1,26051,0,0,-21882,0,-35598,0,0,23136,-22371,0,0,0,0,-18971,0,-22822,0,0,29578,22948,0,24192,0,0,0,0,22878,0,0,0,-21680,0,0,0,0,0,0
84688699,Team0,1,0,27975,0,0,0,0,0,0,-22517,0,0,22741,19388,0,23038,0,0,25728,0,-22026,-26661,0,0,-21361,0,-22958,27085,0,-25943,0,0,0,0,0,0,0,0,0
84688731,Team0,0,26962,0,0,0,28741,-26457,0,-22335,0,21415,28514,0,-24388,28727,0,0,-23917,0,0,0,-24744,-20784,0,0,0,24158,0,0,0,0,0,0,0,0,0,0,0,0
84688735,Team1,-1,0,0,0,25968,0,-38350,0,0,24414,0,0,0,-30080,0,29925,25467,0,-27841,-35848,-28222,0,0,0,0,0,0,24513,0,0,0,0,0,0,-28959,0,0,0,25952
84688759,Team0,-1,-22643,-28225,0,0,0,31092,28667,0,0,0,0,0,-19566,0,0,0,0,-23509,28845,-25759,0,-20955,0,0,0,28146,0,35290,0,0,0,0,31196,0,0,0,0,0
84688783,Team0,1,0,0,0,0,0,0,-22068,29259,-22975,0,-26831,0,-26975,-23827,0,0,0,29764,0,0,0,0,0,0,29738,0,-24487,29241,0,30149,0,0,0,0,0,0,0,27546
84688805,Team1,-1,0,0,0,0,0,-35694,0,0,0,0,-32142,0,0,23431,22974,-22598,-27822,20299,0,23995,0,19046,0,0,0,0,0,0,26228,0,-25619,0,0,-30589,0,0,0,0
84688858,Team0,-1,0,25897,0,0,27927,-23367,25926,-25546,0,0,36038,30064,0,0,0,0,0,0,0,-29634,0,-24654,0,0,0,0,0,-24869,0,25921,0,0,0,0,0,0,-27962,0
84688893,Team0,0,0,27906,-18820,0,0,-25687,0,-23258,0,0,-30413,0,0,0,-24167,0,0,0,0,38660,0,0,0,0,0,21668,0,0,0,25041,0,0,0,-27445,0,25096,26617,0
84688894,Team0,0,0,0,0,25623,0,-23991,0,0,0,0,37069,0,-22919,0,0,0,0,0,0,21965,-26895,0,0,-29367,0,0,0,-22709,0,0,0,21065,22333,0,0,32735,-24055,0
84688918,Team0,1,0,30782,29018,0,0,0,0,-32897,0,29606,37390,0,-22081,0,0,0,-23710,-24096,0,0,-25019,0,0,29037,0,0,0,-22585,23229,0,0,0,0,0,0,0,0,0
84688930,Team1,1,0,0,0,0,27824,0,0,0,0,0,0,29130,-22801,0,30735,-22799,28096,-26526,0,0,-22519,0,28494,0,27920,0,0,-24830,0,0,0,0,0,-30202,0,0,0,0
84817682,Team1,0,27359,-25444,0,0,-24910,0,0,25307,0,-25813,-27676,0,23149,0,23101,0,0,0,0,0,0,0,0,0,0,0,0,0,27490,0,0,0,22278,-26611,0,0,0,-31523
84817698,Team0,1,0,27913,0,0,0,0,0,0,0,0,-26106,0,0,0,0,0,-21431,0,0,26838,-23835,0,0,25760,0,27342,-25822,0,0,25643,-23031,-21531,0,25091,0,0,0,0
84817705,Team0,1,0,-29039,0,-26008,0,31294,26319,0,0,0,35444,0,0,0,0,0,27556,-21913,0,-25498,0,-24200,-23805,0,0,0,0,0,0,0,0,0,28878,27741,0,0,0,0
84817864,Team1,1,0,29017,0,0,-24279,-29551,-24406,0,0,0,27164,0,0,0,0,0,25103,0,-28063,0,24757,0,0,0,0,24132,0,0,0,0,0,0,0,24716,0,-29919,0,-26051
84817865,Team0,-1,0,0,0,21639,0,34355,0,0,22475,-23888,0,23945,-23743,0,-23327,0,23118,0,0,0,-24117,0,-28312,0,0,0,0,0,0,-31720,0,21669,0,0,0,0,0,0
84723377,Team0,1,0,31566,0,0,0,0,27730,0,0,-20849,-29471,0,0,0,0,0,-21739,0,0,25716,0,0,-26090,0,0,0,0,0,0,-25839,0,-23935,26879,27075,0,0,0,29422
84724030,Team1,0,-26032,-28453,0,0,26582,34024,0,0,25814,0,0,0,0,27623,26486,-25558,0,0,0,-27184,25795,0,0,0,0,0,0,0,0,0,0,0,0,-25990,0,-20427,0,0
84279618,Team0,1,0,0,0,0,-22929,-32508,0,0,0,0,25700,0,-23810,0,0,0,33148,0,28158,23515,24643,-25462,0,0,0,0,-23587,0,-21230,0,0,0,0,0,0,24408,0,0
84279634,Team0,1,0,33180,32206,0,0,-27375,-21925,33126,0,0,0,-24121,34142,0,0,0,0,0,0,-26745,0,0,-24279,0,0,0,0,0,0,0,0,0,38583,-25382,0,0,31579,0
84279686,Team1,-1,0,0,0,-29033,0,-29259,0,-25837,0,22165,-29670,-22009,24766,0,20432,0,0,0,0,0,0,0,0,26644,0,0,27266,0,0,0,0,0,24922,-22750,0,0,0,0
84279690,Team1,-1,0,-29135,0,0,-27871,0,0,0,0,0,24867,-28766,0,0,0,0,0,0,23890,0,25725,0,0,0,0,0,0,24694,0,-30019,0,0,28286,30294,0,-28028,0,-29228
84279748,Team1,0,0,-29234,0,23532,0,-27088,0,0,0,-26252,33512,0,-26531,0,-26839,23528,0,0,0,0,0,0,0,0,0,0,0,21053,31960,-28043,0,0,0,0,0,24051,0,0
84279750,Team0,1,0,0,0,28932,0,0,0,-22594,0,0,0,0,-22829,0,0,27737,-25839,0,0,-23473,0,0,32038,34359,0,0,0,0,-25495,0,-27958,0,0,26934,0,29614,0,0
84655787,Team1,-1,-32544,22171,0,0,0,0,-26534,0,21068,0,0,0,-24975,24618,0,0,-29200,0,0,0,0,0,20678,0,0,-33246,0,-24555,0,0,0,0,20960,20424,0,0,0,0
84655896,Team1,-1,0,-29741,0,0,-26488,0,0,0,0,-25325,25081,0,0,-27108,0,0,22170,0,0,0,-25990,0,0,21075,0,0,21966,0,0,0,23728,0,24707,-13125,0,0,0,0
84464886,Team1,-1,0,0,0,0,-30699,0,-28890,0,0,0,0,0,0,0,24279,0,0,0,27374,21220,0,0,-30373,0,0,0,28838,-29770,0,0,25048,0,24588,-29132,0,0,0,-29912
84464930,Team1,0,0,0,0,0,0,28757,0,0,0,0,0,-29890,0,32552,0,0,-23677,0,-29416,25926,0,0,0,0,0,0,0,0,-28756,0,-23624,0,25199,30761,0,26817,0,-24348
84464933,Team0,0,-28376,0,0,0,0,-24231,-23755,0,0,0,25327,0,0,-22222,-25959,0,0,21984,0,27328,26461,0,0,0,0,0,0,0,0,34209,0,0,0,26907,0,0,0,-27261
84465071,Team0,1,35286,-30032,0,0,0,0,0,0,0,0,0,33089,-17679,0,0,0,27614,0,31967,-19074,0,0,0,0,0,0,0,0,-24211,0,32087,0,0,0,0,-19863,-15761,36999
84465073,Team1,0,-27120,22602,21829,-30652,21899,0,26529,0,0,-24257,-24210,25471,0,0,0,0,22641,0,0,-25049,0,0,0,0,0,0,0,0,0,0,0,-22886,0,0,0,0,0,0
84465094,Team0,1,0,-28295,0,0,24829,0,0,0,0,-23915,0,0,-23829,-20494,0,0,-23148,0,26578,0,0,0,25196,25989,0,0,-24232,0,0,0,0,0,0,28067,0,28185,0,0
84465098,Team0,1,0,0,0,0,-22808,-32173,-24352,0,0,0,-24325,0,-28719,0,27268,27071,0,0,0,0,0,0,32075,0,0,0,27690,0,33445,0,0,0,0,0,0,0,26916,-22717
84465124,Team0,1,0,-28973,0,0,26737,0,0,-23407,0,0,25703,0,0,0,29735,0,-19290,0,0,-22993,26261,0,0,34262,0,0,0,0,-25914,0,24890,0,0,0,0,-24288,0,0
84465129,Team0,-1,26997,0,19029,0,0,-36256,0,0,25405,-23685,0,24700,0,-26922,0,29012,0,0,0,24818,0,0,-25599,0,0,0,0,0,0,0,0,0,-25671,-28596,0,0,0,0
84465241,Team0,1,-23028,-30307,0,26015,0,0,0,0,26179,0,0,0,0,0,-23278,-27878,30049,0,0,32243,0,0,0,0,0,0,25536,-22905,0,0,0,0,-22073,0,0,26037,0,0
84465283,Team0,1,-23717,0,0,0,0,42945,0,-21827,0,0,29831,0,0,0,26303,0,-19935,0,0,0,-24951,24841,0,0,0,0,0,0,-35165,28147,0,23467,0,0,0,-22360,0,0
84465335,Team1,0,0,0,0,0,0,26679,0,0,0,0,-28388,0,27085,0,0,0,22272,-27804,0,25092,-25145,0,-27404,0,0,0,0,-23200,0,0,0,0,0,28095,0,28585,0,-25111
84465360,Team1,-1,0,-30161,0,-25679,28453,29568,0,-26915,-28623,0,27622,0,0,0,0,0,0,0,0,-35748,0,0,0,0,0,0,0,0,0,22655,25870,0,0,-34499,0,0,0,26221
84465370,Team1,-1,0,0,0,-30713,0,24465,0,0,0,0,-30682,-28996,-32588,0,0,0,0,-31414,0,0,0,0,0,22550,0,21361,25905,0,0,0,0,0,-31969,21360,0,21737,0,0
84465371,Team1,-1,0,0,-28755,0,27019,0,0,0,0,0,0,0,0,0,0,0,0,0,0,-29946,0,0,0,0,0,0,0,0,30658,0,-29820,0,0,0,0,25431,0,0
84500354,Team1,-1,22741,31826,0,0,0,0,0,0,0,0,0,0,0,0,0,0,25573,-22087,0,24732,0,-24213,0,0,0,21224,-27016,0,-20387,-22547,26329,0,0,-25493,0,0,0,0
84500355,Team1,-1,-28856,0,0,0,0,0,0,26406,0,26356,0,0,0,-35713,0,27763,0,0,0,0,0,0,0,0,-26866,0,29452,26903,24564,0,-30425,0,-28257,-25202,0,0,0,0
84500386,Team0,1,0,32548,0,0,-26141,0,0,-23657,0,0,-26796,0,0,0,0,33416,0,0,-27755,-25529,0,30426,29987,29865,27029,0,0,0,0,0,-28106,0,0,0,0,0,0,0
84500497,Team1,1,0,32945,24786,0,0,0,0,0,-23421,0,0,24628,24149,-32658,0,0,0,0,0,23891,-24956,0,0,0,0,0,-24691,0,0,0,0,0,-29275,0,0,18616,0,-25880
84500502,Team0,1,0,-23663,0,0,0,-31172,28044,0,0,0,-22234,0,0,0,0,27904,0,0,0,26119,-21867,-22836,0,0,0,30257,27817,0,28811,0,0,0,0,-20968,0,0,0,0
84500503,Team1,0,0,0,-25493,0,22697,25384,0,-26065,0,25716,0,22298,0,0,0,0,0,0,-27469,0,0,-23714,0,21480,0,0,0,0,26923,-23218,0,0,0,-24167,0,0,0,0
84500626,Team1,-1,-30833,31508,0,0,21649,0,0,-29223,0,29340,0,0,0,24139,0,0,0,0,0,-30758,23327,0,0,0,0,0,0,24773,0,0,0,0,0,-24741,0,0,-31017,-28998
84787742,Team1,0,-29783,0,-24046,0,23377,0,24860,-27308,0,0,21088,0,0,0,0,0,0,0,27856,0,22503,0,0,0,0,0,0,0,0,-27315,0,0,0,-25130,0,0,-23907,26679
84787816,Team0,0,0,0,0,0,0,0,0,-26065,0,0,0,25510,0,0,0,-23945,-22800,0,0,25610,25908,0,0,0,-26717,0,-21426,0,37385,28607,0,0,0,-22685,0,24735,0,0
84787851,Team1,-1,0,0,18142,0,0,-41155,-28332,0,0,0,0,0,0,0,0,0,23286,25240,0,0,26042,0,-28891,0,0,0,-28698,21989,0,-46624,-23841,0,0,0,20468,0,0,0
84787878,Team0,1,0,23794,0,41952,-21165,0,0,0,0,0,0,23248,0,0,-27380,22960,0,-24754,0,33398,0,0,0,0,0,0,0,-23165,-20663,0,0,0,0,0,-23810,23765,0,0
84787908,Team1,0,31757,18939,0,0,-29330,-28555,-29137,0,0,0,-39429,0,0,0,22785,27967,0,0,0,-27788,-26383,0,0,0,0,0,0,21301,0,0,0,0,0,0,0,0,0,31756
84787926,Team1,-1,0,0,-28340,0,0,-33183,0,0,0,0,0,0,0,-27512,0,-24388,0,21192,0,24333,0,0,0,0,0,22311,0,26889,28103,-35578,0,0,0,-26010,0,0,22184,0
84309716,Team1,-1,-33712,28144,0,0,-26319,-31188,0,0,0,0,0,0,24345,-29340,0,0,0,-31127,0,0,0,0,0,22401,0,19629,0,26889,0,28345,0,0,0,-29116,0,0,0,0
84249241,Team1,1,0,22762,0,29131,-26122,-23801,0,0,0,0,-33623,25846,0,0,0,0,-24829,0,0,0,0,0,0,0,0,0,25150,0,-24136,0,0,0,0,-26523,0,30125,25506,0
84846250,Team0,0,0,25964,-21924,0,-20712,-24030,0,0,24153,-19023,0,0,0,-21350,27977,0,25377,0,0,28245,0,0,0,0,0,0,0,0,-20574,0,21547,0,0,0,0,0,0,0
84846278,Team1,-1,0,-24803,0,0,0,23652,0,0,-35092,0,0,0,0,26211,0,25056,0,0,0,-28566,0,0,31748,0,0,-27768,0,0,0,0,0,0,22632,-27185,0,23055,-29772,0
84846279,Team1,-1,-36215,27337,0,0,0,0,0,0,0,0,22266,0,0,0,0,0,-23597,0,-24055,24421,-23842,0,0,0,0,0,0,0,31497,0,25112,0,26331,-25240,0,-23731,0,0
84846284,Team0,1,0,27605,0,0,0,0,0,0,0,0,0,0,0,27031,-23823,0,0,-22878,30281,-20528,-20843,0,0,0,0,0,0,-23265,-24384,34033,0,0,0,31233,0,27539,0,0
84846312,Team1,0,0,-29076,25494,29690,-26905,0,0,0,0,0,0,0,25282,0,0,0,22342,0,0,-26683,27573,0,0,-30355,0,0,0,-26121,0,0,19269,0,0,0,0,-25253,0,0
84846317,Team1,0,0,30335,0,0,0,0,22783,0,-24842,0,0,0,-22266,0,-21397,0,-24721,0,0,21569,0,0,0,0,-25103,0,0,-26002,22679,27713,0,0,0,0,0,20685,0,0
84846430,Team0,0,0,0,0,0,-25835,0,0,0,0,0,-26664,0,0,0,0,0,-35809,20475,0,0,22943,-21622,-31812,0,0,0,0,26338,32705,0,0,0,0,-24623,30853,0,25784,0
84905295,Team0,0,28820,0,29822,0,0,-28921,22548,25693,0,-21978,0,0,0,0,0,0,0,0,0,0,22569,0,0,-21593,0,0,0,0,28905,0,0,0,0,-21652,0,0,-30410,-22688
84905369,Team0,-1,0,0,0,0,0,34079,0,0,0,25663,0,24897,-27715,0,0,0,-24070,0,33246,26216,-23986,0,-25391,0,0,0,0,0,-28826,0,0,-22281,0,25643,0,0,0,0
84905397,Team1,-1,0,0,0,0,0,0,24361,30406,0,0,29270,0,25754,0,0,0,0,-32675,0,-31666,-31108,0,0,0,25406,0,22599,-31633,0,0,0,0,0,-32834,0,0,-30606,0
84905407,Team1,-1,0,0,23267,-23492,0,0,-27540,0,0,0,0,0,0,0,25927,0,0,0,29192,22156,-22377,0,0,0,0,0,0,-25045,0,0,21287,0,28340,-25989,0,0,0,-29119
84905439,Team0,0,0,0,0,0,0,-18396,20188,20470,0,20468,0,0,0,21447,-14342,0,-14841,-14509,0,0,0,0,0,0,0,-12376,0,20588,0,0,0,0,-15271,27029,0,0,0,0
84905442,Team1,-1,25364,-30324,0,0,0,0,0,-25793,0,0,32012,0,22082,0,0,0,0,-27470,0,-30419,23985,0,0,0,20703,0,0,0,0,-32482,0,22077,0,-34295,0,0,0,0
84905500,Team1,-1,31237,0,26195,0,-25336,-37446,0,-25598,-27623,0,0,0,0,0,22809,22620,21727,0,0,0,0,0,0,0,0,0,0,-29681,0,0,0,22529,0,0,0,0,0,-25510
84905521,Team0,1,0,-32798,27220,0,0,0,0,-24346,30887,0,0,0,-25273,0,0,0,0,0,0,-22438,24003,0,0,0,-26498,0,0,0,0,28990,0,0,0,25243,0,-26740,0,24346
84034416,Team1,-1,0,0,0,0,26323,0,0,0,0,0,26988,0,0,-28062,24408,0,26539,22855,0,0,-31188,0,-25912,-30803,0,0,28769,0,-31372,0,0,0,0,0,-27150,0,0,0
84034431,Team0,1,0,0,0,24796,0,-24772,0,0,0,0,0,0,27264,0,-24583,-23304,0,0,22991,25744,-23438,0,0,-23675,0,0,21258,0,0,0,0,0,0,0,0,21393,-27858,0
84034453,Team0,0,0,27111,0,-22634,0,0,0,0,0,0,0,0,22977,0,-27899,0,0,22141,0,0,-22409,-23547,24323,0,0,0,-22236,0,0,25717,0,0,-30146,0,31677,0,0,0
84034576,Team0,1,-22039,36853,-25932,0,0,0,0,-24442,27093,0,27956,0,27898,0,0,-22419,0,0,-26581,0,27411,0,0,0,0,0,0,-23066,0,27232,0,0,0,0,0,0,0,0
84034607,Team0,0,0,25712,0,0,0,-27939,0,0,25307,0,0,0,0,0,29559,0,-24993,0,0,-21603,0,0,0,25124,0,0,0,30776,0,0,-25659,0,24909,-25294,-25838,0,0,0
84034631,Team1,0,25285,0,0,0,-22409,-23620,0,29408,-27088,0,-28696,0,0,0,0,0,28423,0,0,0,-25431,0,0,0,0,0,28008,0,0,39547,0,0,0,0,0,25777,-23884,0
84034632,Team0,0,0,28460,-24340,0,23524,0,0,0,0,-25808,35296,0,0,31389,-28274,0,-24083,23293,0,0,0,0,0,0,0,0,-25499,0,0,0,0,0,-27746,0,19335,0,0,0
84532500,Team1,0,0,0,0,0,0,0,0,0,-23061,0,28864,0,-21145,0,0,0,0,0,0,-20227,23047,0,-36209,-25000,0,0,27378,0,-26455,0,0,0,0,23874,0,23366,0,22731
84532555,Team1,-1,0,0,0,21915,0,-32351,0,-36793,0,-36773,0,0,0,0,0,0,20088,0,0,-32938,18833,0,0,28503,0,0,0,19532,-31909,0,0,20122,0,0,0,0,0,-28635
84532586,Team1,-1,0,-28439,0,0,0,0,-26871,-24090,0,0,0,0,0,0,21133,0,21521,-30456,29247,-20928,24072,0,0,27868,0,0,0,0,0,0,0,0,-26310,0,0,21211,0,0
84532652,Team0,0,0,36612,0,0,-28753,0,0,0,-31407,26123,-27295,26538,23182,-27645,0,0,0,0,28144,25021,0,0,0,0,0,0,0,0,-31471,0,0,-24796,0,0,0,0,0,0
84532706,Team1,0,0,0,-27477,-26004,0,0,0,0,0,0,20940,0,0,0,0,-30723,21689,0,0,0,-29083,0,27373,0,0,0,0,-27226,0,0,21799,23580,0,-28458,0,0,0,29358
84183327,Team0,-1,25674,0,0,-24841,29975,0,-18217,0,0,0,28337,0,0,0,0,-20222,23841,0,0,0,26827,0,0,0,0,0,-26607,0,0,0,25890,0,0,0,0,-20810,0,-27213
84183422,Team0,1,0,0,0,0,0,0,0,0,0,0,-23514,0,0,0,0,-19894,28591,0,0,0,0,36100,-23410,-22855,0,0,0,28122,27512,-21583,0,28154,0,0,37271,-21803,0,0
84183461,Team0,-1,0,-28295,0,26020,28130,0,-27215,0,0,0,0,0,0,0,-23182,0,0,0,0,-29277,0,0,0,0,0,0,30083,0,0,0,0,0,-29919,29903,24689,24425,0,-26248
84183481,Team1,0,0,21898,-28332,0,0,0,0,30670,0,0,-22082,0,0,0,0,-25786,0,0,-31027,30659,0,0,-34296,19614,0,0,0,0,0,26663,29664,0,0,0,-28638,0,0,0
84183549,Team1,-1,0,0,0,0,-30532,25917,-25148,0,24387,0,22100,0,-24709,0,0,0,19453,0,0,25722,0,0,0,-31805,0,21767,-25973,-24289,0,0,0,0,0,0,0,0,0,0
84183550,Team1,0,24549,0,0,0,0,0,0,0,0,0,0,0,0,0,29083,0,-26756,0,-35344,0,-23169,0,0,-28542,0,-22755,0,0,0,0,24159,0,19594,0,0,-23170,26735,22731
84564095,Team0,1,-24943,0,0,0,0,-30314,0,0,-24276,0,0,-24714,29482,0,26982,0,0,0,0,-23012,0,0,0,-29232,0,0,34424,23185,0,0,0,0,27610,0,0,0,22530,0
84564096,Team0,-1,0,0,0,0,26987,-21007,23979,0,0,0,0,0,0,28871,0,0,0,0,27172,-13988,0,-15555,0,0,0,0,27725,0,-16213,-16128,0,-15390,0,24927,0,0,0,0
84564119,Team1,-1,0,-26288,0,0,-25909,0,0,0,21435,0,0,0,23752,24177,21263,0,0,0,27797,0,0,0,-26272,0,0,0,0,19777,0,-34328,0,0,0,-26282,0,-27635,0,0
84564199,Team0,0,-23432,0,0,0,0,30674,0,25840,-22855,0,-25562,0,-23577,0,26930,0,26352,0,0,0,0,0,0,0,0,0,29564,0,0,-29511,22199,0,0,-23637,0,0,0,0
84564216,Team0,1,0,30729,0,-33197,0,0,0,0,0,0,0,-24384,24312,0,0,0,0,34110,-33723,26362,31774,-23498,0,0,0,0,0,0,0,0,0,0,0,-24398,0,29590,0,-21258
84564319,Team0,1,0,0,0,0,0,33208,-27170,0,0,0,-20650,0,26956,33944,-21124,-26387,0,0,0,-20622,0,0,0,28778,0,0,0,0,-21779,32031,0,0,0,0,0,28035,0,0
84564418,Team1,-1,30017,0,0,0,0,0,0,0,-28306,0,-32699,0,-23064,-30448,0,24304,-25552,0,0,0,0,0,0,0,0,26864,0,24303,23293,0,0,0,26949,0,0,-27509,0,0
84564492,Team1,0,26577,0,0,0,0,0,0,-21353,0,0,0,0,0,-26554,0,0,0,0,-23266,26258,-27547,-24662,0,0,-22096,21513,0,0,0,22272,0,0,0,0,29275,20030,0,0
84564533,Team1,-1,-30017,-29440,0,0,0,28192,24863,23969,-27854,0,0,0,-23244,0,0,0,0,22346,0,21219,0,0,0,0,0,0,0,0,0,0,0,0,27627,-27836,0,0,-24592,0
84001334,Team1,1,26172,-25858,0,0,0,-30766,-24362,0,0,0,0,25894,0,-29256,0,-21140,30683,0,26018,0,0,0,30385,0,0,0,0,0,-31319,0,0,0,0,25028,0,0,0,0
84001371,Team0,0,0,0,0,0,0,33749,0,0,0,0,-24743,0,0,-18351,-15114,0,-23296,0,-19521,0,0,-20874,27590,0,0,0,0,0,0,32486,0,0,0,0,24248,24200,26082,0
84001375,Team0,-1,0,30143,-23930,0,-23419,0,25006,0,0,-24339,0,0,0,0,0,0,0,0,24854,0,-20264,0,0,-26128,0,26007,0,0,-23209,26264,0,0,0,0,24202,0,0,0
84001410,Team0,1,25078,-31505,0,0,0,33237,0,0,27043,0,0,24507,0,23675,0,0,-27778,0,0,0,-24363,0,0,-26558,0,0,0,0,0,37634,-24446,0,0,0,0,0,0,-25366
84001463,Team0,0,-25325,29438,0,0,0,0,0,0,0,0,21303,0,-24494,0,23620,0,0,30589,0,0,-26120,-26827,0,0,0,20461,0,-25355,0,0,0,0,0,0,0,0,21328,-27574
84001494,Team1,0,0,0,22799,0,0,0,0,0,0,0,-25066,0,23811,0,0,-26066,0,-24036,30318,0,0,22639,0,26275,0,0,0,22800,-29356,0,0,0,0,-19650,0,0,-21799,0
84001495,Team1,0,0,0,-27330,0,0,0,0,0,0,0,0,0,0,0,-23049,-28873,0,0,23293,0,-24949,21530,0,0,0,0,0,28076,-25064,-26173,0,20247,0,0,0,0,24221,25225
84001531,Team1,-1,0,26306,0,-28407,0,0,26535,0,0,0,0,0,0,0,0,0,0,-30467,0,27672,0,22136,0,0,0,0,0,-27376,0,31304,0,0,0,12174,-25291,0,0,-29039
84339109,Team1,-1,0,-28950,0,0,-28905,0,0,0,0,0,0,0,0,0,0,0,0,0,-36910,21602,0,0,0,22179,0,0,23002,0,0,0,0,0,0,23325,0,0,0,0
84339164,Team1,-1,-26834,0,0,0,0,0,0,26692,0,20592,0,0,-27695,20963,30319,0,0,0,24519,20494,0,0,-29613,0,0,0,0,0,0,0,0,0,0,-36453,0,0,-29295,-26957
84339185,Team1,0,0,-27255,-26806,0,0,0,0,26197,0,0,0,0,0,0,-27712,0,26280,0,27563,0,24973,0,0,24525,0,0,0,0,0,0,0,-19362,0,-26594,0,26106,-19076,0
84339207,Team0,1,0,-27361,0,0,-24480,0,0,0,0,0,31579,0,-23887,0,32256,36198,0,0,31633,0,31366,0,0,0,0,0,0,-21497,-21612,30682,0,0,0,-28233,0,0,0,0
84339226,Team1,1,0,0,20836,0,0,0,0,24346,0,0,-27976,-31107,21059,0,0,0,0,-27571,0,0,22848,0,0,-31074,0,0,-30186,0,0,0,0,0,23913,-27988,0,0,26251,0
84339230,Team1,-1,21668,28039,19626,0,0,-33734,0,0,0,0,17353,17203,0,0,0,0,-30200,0,0,-42175,-27359,-30864,0,0,0,0,0,0,0,0,17493,0,0,0,0,-30588,0,0
84339303,Team0,1,0,0,0,0,0,35322,-19988,0,0,0,-27604,0,24649,31634,-24456,0,0,0,0,31569,-22878,0,0,0,0,0,-23796,0,0,0,0,0,-23511,0,0,27896,29971,0
84339326,Team1,-1,0,-30846,0,0,0,24148,-25644,-27589,0,0,-29139,0,0,25820,0,-25334,19965,0,0,0,20103,19522,0,0,0,0,0,0,0,-25745,0,0,0,26251,0,0,0,0
84875591,Team1,-1,-27318,-38206,0,0,-29728,0,0,0,0,0,24246,0,0,-27943,0,0,20126,21390,0,0,-27877,0,0,0,0,22985,0,0,0,0,0,0,22433,28934,0,-26083,0,0
84875774,Team1,0,0,-29750,0,0,0,0,0,0,-26390,0,0,0,0,0,0,-24291,0,0,27097,24353,30526,28272,0,25758,0,0,0,-26820,-25549,0,0,0,0,-29074,0,28207,0,0
84876269,Team1,-1,0,0,0,0,-27770,-28483,0,0,0,0,-36420,0,22039,0,0,0,21962,0,27400,0,0,0,0,0,23268,0,0,-28531,0,-37180,0,-28523,0,24474,0,23705,0,0
84876328,Team1,0,0,-39938,0,0,-25278,32223,0,0,24248,-23783,-31772,0,0,0,0,0,0,0,0,26523,-26864,0,0,0,0,0,0,31925,0,0,0,29019,0,0,-27074,0,23675,0
84876492,Team0,1,0,0,0,0,0,0,0,-27716,0,0,0,0,0,0,0,0,0,0,28821,28222,0,0,0,0,0,0,0,0,0,-25287,0,0,0,0,0,0,0,24092
84154311,Team0,1,0,0,0,26401,30762,-36246,0,-19397,0,0,0,0,0,26558,-21126,-19311,-25347,0,0,0,27269,0,0,0,0,0,29859,0,0,0,0,0,0,-20450,0,26152,0,0
84154344,Team0,1,0,0,0,0,22072,0,0,0,0,0,-22651,32322,0,0,23758,-24426,0,0,0,29272,0,22870,0,0,0,0,-21990,0,0,0,0,0,0,-29154,28672,-23888,0,-21379
84154359,Team0,0,-22188,27808,0,0,26821,0,0,-22367,0,0,0,0,0,0,0,0,-26444,0,0,0,26576,0,0,0,0,0,25378,0,-29439,30145,0,-20553,0,0,0,30788,-23648,0
84154360,Team1,-1,0,0,-24309,0,0,23552,22365,-31825,-24997,0,24718,0,0,0,0,0,-26192,0,0,22402,0,24358,0,0,0,0,-25903,0,0,0,0,0,-25074,0,0,27180,0,0
84154372,Team0,1,0,0,0,0,30158,0,0,0,0,0,30598,24137,-21469,0,0,0,0,24425,0,24010,-21131,-20560,0,25327,0,0,-22711,-27180,0,-34423,0,0,0,0,0,0,0,0
84154383,Team0,1,0,0,0,0,-26839,-28116,27436,0,0,0,-25666,0,0,0,0,0,0,-23392,0,0,0,-23585,26655,0,0,0,0,34377,0,0,0,0,23733,0,26350,0,-26862,25082
84154487,Team0,0,-25140,-32748,0,0,21820,28508,0,0,0,0,23163,0,0,0,-21839,0,0,0,0,-22668,0,-22842,0,35137,0,0,0,0,0,24778,0,0,-21817,0,0,21857,0,0
84154514,Team0,0,0,37743,0,0,0,-30824,0,0,26656,0,23752,0,25210,0,24036,0,-22387,0,0,-24614,0,-19804,0,0,0,-23234,0,0,0,0,0,0,0,-23577,0,0,25128,0
84594199,Team1,0,-26791,0,0,0,-25638,0,0,-21577,0,0,0,0,0,0,0,0,25747,0,0,0,-20450,0,0,23070,-27859,21581,23303,-26717,0,25389,28592,0,0,0,0,0,0,0
84594230,Team1,-1,0,0,0,0,0,0,-24823,20357,0,0,-41432,0,0,-32691,0,0,0,-37181,28319,0,-23535,0,-31486,0,24152,0,0,0,0,19989,22029,0,0,23882,0,0,0,0
84594280,Team0,0,24663,0,0,-26798,0,0,0,23888,0,0,-25565,0,0,0,0,-26377,0,27782,0,27313,25023,0,0,0,0,0,0,-26129,0,0,-28076,0,0,0,0,0,22587,-24198
84594366,Team0,1,0,0,0,32869,-17668,0,0,0,0,0,0,0,-23479,0,-23889,0,0,30952,0,31547,-20638,0,0,0,0,0,34513,-21714,0,0,0,0,30647,0,0,32752,-21538,0
84594379,Team1,-1,0,24687,0,0,0,0,23391,0,0,0,27014,0,26453,0,-29861,0,-32442,-32361,0,-26817,0,0,0,0,-23816,0,0,0,0,23428,0,0,0,-29394,0,0,0,22840
84594433,Team0,1,0,0,-21162,0,-25427,0,0,0,0,26910,0,0,0,-20611,0,0,0,-23206,0,32440,0,0,0,0,27494,0,0,0,0,0,0,0,0,26490,-24731,34002,25513,-28941
84368219,Team1,-1,-32077,23528,-28446,0,18755,0,0,21504,0,0,0,0,-29394,0,0,0,0,0,0,22964,-25786,0,28096,0,0,0,0,20710,0,0,0,0,-29004,-33984,0,0,0,0
84368233,Team0,1,0,-26302,27311,0,28792,0,0,-24621,0,0,0,25134,0,0,0,0,0,0,34067,26878,-22910,0,0,0,0,0,0,-25195,-25448,0,26005,0,-25520,0,0,0,0,0
84368263,Team0,0,-25056,0,0,0,23198,32516,22579,0,0,0,0,0,20761,0,0,0,-27206,0,0,27088,-29644,-26717,0,0,0,0,0,0,-30659,0,0,0,0,-27852,0,23214,0,0
84368317,Team0,0,0,0,22502,0,0,32666,0,0,0,0,0,-28511,0,0,0,0,0,0,0,28469,0,-18983,0,0,-27925,0,23089,0,0,-31974,0,-21591,0,23244,-18514,29490,0,0
84368339,Team1,0,-14367,11068,0,0,-14421,0,-13348,-15669,0,0,-14215,0,0,-15849,0,7062,0,0,0,3825,0,0,13585,0,0,0,0,9669,0,0,0,0,0,9673,0,0,0,0
84368370,Team1,-1,0,0,0,23849,-35380,0,-27727,0,0,0,18816,0,-29066,0,0,0,0,0,0,18738,-28330,0,28061,0,0,0,0,0,-30763,0,18342,0,19103,0,0,0,-26280,0
84124318,Team0,1,0,0,0,0,22140,-27149,0,27852,0,0,0,0,0,26902,-21560,0,0,27184,0,0,0,0,0,23574,0,0,0,29313,-24635,-20308,-22929,0,0,0,0,0,-25565,0
84124362,Team0,1,0,0,0,-25380,0,0,0,-24444,0,26558,-27185,0,0,0,0,0,0,0,0,26290,0,0,0,26702,45122,0,0,0,-26842,0,0,25445,-23052,-28092,0,0,0,26122
84124436,Team0,0,-24104,25877,-22330,0,0,0,0,0,0,0,0,0,-20979,0,0,0,-20418,26227,30909,0,23730,0,0,0,0,0,0,0,0,30458,0,0,0,0,0,25564,-24331,-21914
84124447,Team1,-1,0,-25833,24899,0,0,27512,-35119,0,0,29192,0,0,26979,0,0,0,0,0,26138,0,-26659,0,0,0,0,0,0,-18521,-40313,0,0,0,0,-32281,0,0,22138,0
84124483,Team0,0,0,0,23514,27457,0,0,0,0,0,0,0,0,-28091,26556,0,0,0,0,0,0,0,0,0,-21152,21924,0,0,0,-26393,0,26827,0,0,23340,0,-23454,-25933,-24558
84124498,Team0,1,0,-25365,26746,0,0,0,0,0,0,0,0,25772,0,0,0,0,-19043,0,0,-26931,23899,-21728,0,27932,0,-19926,0,0,0,0,0,0,34159,-23202,0,0,25208,0
84124518,Team0,-1,0,-24587,0,0,0,0,0,-22091,0,0,24126,29600,0,0,26324,0,0,29797,21838,-26996,0,-24369,0,0,-29852,0,0,25917,0,0,0,0,0,0,0,0,-24346,0
84124519,Team0,0,25330,-24239,0,0,0,0,24576,0,0,0,0,0,25052,0,0,0,-24674,0,0,0,0,0,25532,-25335,0,0,0,0,0,26998,0,-24528,-28309,25902,0,-27098,0,0
84124536,Team1,-1,0,0,0,-26906,0,39023,0,-24852,0,0,26484,0,0,24568,0,23666,0,0,-40838,-30266,24169,23328,0,0,0,0,0,0,0,0,0,0,0,-25053,0,-24665,0,0
84095770,Team1,-1,0,-43736,24124,0,0,0,0,0,25497,0,0,0,0,0,27164,0,0,0,0,26491,-27185,0,0,0,0,0,0,0,-32017,0,0,0,23774,27081,0,-25793,-25654,-29723
84095771,Team1,-1,0,29218,22690,0,0,0,0,-28785,0,0,0,0,0,0,0,0,0,-26837,-34437,0,23603,0,25193,0,0,0,25724,-36132,0,-28496,0,0,0,-32344,0,21485,0,0
84095773,Team0,1,0,28714,0,0,-22137,-26106,0,-28280,28129,0,27343,0,0,-29554,0,0,0,0,0,23413,25107,0,0,0,0,0,0,-24623,-26443,0,0,0,0,33317,0,0,0,0
84095774,Team1,-1,-26030,0,0,0,0,-29994,0,0,0,23115,0,0,-26276,0,-29228,0,28243,-23967,0,0,0,0,-32768,0,23786,0,0,0,23008,0,0,22958,0,28859,0,0,0,0
84095780,Team0,0,29543,0,0,0,-22917,0,0,0,0,0,-29124,26291,0,0,0,-22230,24781,0,0,-25274,30214,0,0,0,0,0,-21662,0,0,0,-22078,0,0,25147,0,0,25387,0
84095845,Team0,-1,-29477,23493,0,0,30972,-31953,0,0,0,0,0,0,-22733,0,0,0,0,0,0,21971,25060,-23610,0,0,0,-22223,0,24618,0,-25808,24720,0,0,0,0,0,0,0
84095852,Team0,-1,0,-26764,0,0,-22972,0,0,26441,0,0,0,0,-23405,0,30398,0,20375,0,0,28579,0,22198,0,-22809,39425,0,0,0,0,0,0,0,0,-31060,-28937,0,0,0
84095916,Team1,-1,0,24341,0,0,-29812,-32713,0,0,0,0,0,0,0,23955,0,0,-28734,22584,0,22661,0,0,30827,0,0,0,0,-27794,0,0,0,-28488,24870,-28761,0,0,0,0
84095979,Team0,0,29565,-37671,0,0,0,0,0,-26608,-25609,0,0,0,-23235,22844,0,0,0,0,0,-28772,0,0,0,0,0,0,0,0,24071,0,21003,0,30718,23696,0,0,-26107,0
84095981,Team1,-1,0,0,0,24423,-25534,0,0,-24654,24433,0,-24771,0,20938,20460,0,0,0,0,0,-25667,0,0,0,0,0,0,25783,0,0,0,0,0,0,-26847,0,0,-29575,22339
84065271,Team1,0,0,0,23156,0,22595,0,26055,0,0,0,0,24252,0,0,0,0,0,0,26361,22974,-21771,-23040,0,0,0,0,0,-28412,-22916,-27857,0,0,0,-28783,0,0,0,0
84065354,Team0,0,0,34322,-23770,0,29211,0,-36096,0,0,0,0,0,31232,0,0,0,-27187,0,0,0,0,0,-30181,30017,30335,0,-29503,0,0,0,0,0,0,-27884,0,22961,0,0
84065409,Team0,0,-24370,-27604,0,0,0,0,0,34782,0,0,34154,0,0,0,0,0,0,0,0,31244,0,0,30908,29418,0,0,0,0,0,-25958,30287,0,-23683,-15647,0,-21422,0,0
84065410,Team1,0,0,23250,19380,0,0,0,0,0,0,0,28137,0,0,0,0,20933,-23869,24042,0,0,-27725,0,0,0,0,0,-31581,-27517,0,-36665,-25486,0,18078,0,0,0,0,0
84065428,Team1,-1,0,-27497,20923,0,0,0,0,-29504,0,0,28408,0,0,0,0,23678,-24959,-25886,0,0,-28711,0,0,-25995,0,0,0,22948,22619,0,0,0,0,0,21831,0,0,0
84065443,Team1,1,0,0,0,31464,0,-28497,-22772,0,0,0,-23150,0,0,25859,-22530,-27244,-22953,0,0,0,0,0,0,0,0,0,26966,0,0,0,27468,0,0,0,0,0,26863,28365
84065509,Team0,0,-30359,0,0,0,-18211,35549,0,0,0,0,0,0,0,-27880,-25194,0,25834,0,0,0,0,0,0,0,0,0,-24122,-27675,0,28156,26741,21616,0,0,0,0,0,27858
84065526,Team1,-1,0,-25530,0,0,0,0,0,27869,0,0,0,0,27310,0,0,0,-29710,29938,0,28272,26474,0,0,0,0,0,0,-27836,30594,0,-23694,-25283,-18988,0,0,0,0,0
84065529,Team1,-1,-26551,0,0,-38497,25075,34265,0,0,0,0,-24591,0,0,0,0,-31654,0,-29563,0,24717,24223,0,0,0,28906,-23643,0,0,0,0,0,0,0,0,0,29289,0,0
84065533,Team1,0,0,0,0,-27149,0,0,0,0,-33491,0,26670,0,-26680,-32563,0,21543,22932,0,0,0,-27147,0,0,0,0,0,26862,-33579,26991,0,0,0,0,0,0,20115,0,0
84971722,Team0,1,0,0,28112,0,0,0,0,0,-24756,0,-26216,-24191,0,0,27197,29558,-19180,-25961,0,0,21588,0,29642,0,0,0,0,0,0,31478,0,0,0,0,0,0,0,-21042
84971752,Team1,-1,0,26856,0,0,0,0,-21279,0,0,0,32891,0,0,26801,-26446,0,22041,0,0,0,0,0,0,0,0,0,0,0,-28216,0,22116,24581,-20793,-26733,0,0,-29318,0
84971790,Team1,1,0,0,0,0,31474,0,-22890,0,0,0,0,0,24858,0,24659,0,0,-23066,26163,0,-21093,0,0,0,28933,0,0,0,-32841,-27191,0,0,0,-29738,0,25284,0,0
84971830,Team1,1,0,-27241,0,0,26288,34957,-25270,0,0,0,0,0,0,0,-26764,-26242,0,26912,0,24187,0,25416,0,0,-26154,0,0,0,0,0,0,0,0,30184,0,0,-27382,0
84971832,Team1,0,0,-28907,0,0,0,26556,0,-26502,0,21157,0,0,22760,0,0,0,22754,0,0,-23732,0,0,0,-33492,0,21982,0,0,30851,-27302,-27604,0,0,0,0,0,0,0
84971849,Team0,-1,0,0,0,0,0,29875,26388,0,0,0,-21140,28842,27433,0,0,-25176,32794,0,0,-27494,0,0,0,0,27199,0,0,0,0,0,0,0,0,-24257,0,-22521,-23073,0
84971870,Team1,-1,0,29312,23923,0,0,26829,0,0,0,0,0,-26641,0,0,0,0,-29838,0,0,21796,0,21912,0,0,0,0,-26773,0,-30578,0,0,0,-31465,0,0,-27400,20287,0
84971892,Team1,-1,0,0,20161,24092,-32201,-32573,0,26013,0,0,-26729,0,0,0,0,16898,0,-29588,0,-27852,-32893,0,0,20717,0,0,0,0,0,0,0,0,0,0,0,25049,0,0
84971895,Team0,-1,0,32374,0,0,0,0,0,28133,-22265,0,-24582,0,0,0,28178,0,30947,0,0,-19010,0,0,-24670,0,0,0,0,0,0,-26259,0,0,0,-20790,0,0,27684,29551
84938167,Team0,1,0,-21469,-19644,36059,0,0,-23060,0,0,0,0,0,29448,0,29332,0,30114,0,0,0,0,0,0,0,0,0,0,0,0,37200,-17919,0,27880,0,0,-17448,0,-21501
84938208,Team0,1,-24551,0,-20968,0,0,31038,29575,0,0,0,0,-22202,0,29265,0,-22268,-22838,29683,0,30192,0,0,0,0,0,0,-23086,0,0,0,0,0,0,0,0,0,30611,0
84938492,Team0,1,0,-24779,0,0,0,33119,-24329,0,0,0,0,0,25415,0,0,-22942,0,0,-25470,25712,30371,24779,0,0,0,0,0,-23009,24859,0,0,0,0,-27673,0,0,0,0
84938762,Team0,1,0,0,0,0,0,0,0,24805,26064,0,26256,0,0,0,0,0,-26609,0,0,0,0,-26778,-27953,0,31656,0,0,-29980,-26609,0,0,0,27528,-30826,0,0,0,31208
84938780,Team0,1,0,30363,0,27135,30948,0,0,0,0,0,-28864,0,26111,0,0,-21985,0,-21232,0,-23721,0,0,31032,0,0,0,0,-19426,0,0,0,0,0,-27998,0,26958,0,0
84625313,Team0,1,27627,0,0,0,0,0,0,0,0,0,31144,-23574,0,0,27857,27683,0,27093,0,24957,-24279,0,-23447,0,0,0,0,-20415,0,-29975,0,0,0,0,0,0,-29586,0
84625387,Team0,1,31560,-24967,31329,0,-25359,0,29196,-33687,0,0,0,36067,0,0,0,36684,0,0,32749,-26724,0,0,0,0,0,0,0,0,-25412,0,0,0,0,0,0,-26997,0,0
84625423,Team0,1,0,0,0,0,0,0,0,0,26437,0,0,0,-29525,27345,0,0,0,0,0,-21617,-23639,-23334,0,0,-28397,0,27074,0,27173,0,0,33634,27501,0,0,0,0,-26561
84625452,Team0,0,0,-30974,0,0,-20305,-21079,-18810,0,-24006,0,28765,0,0,0,0,0,0,0,0,-20351,0,0,0,0,0,25648,0,0,0,30134,25591,0,24953,0,0,28938,0,0
84625599,Team0,0,0,0,0,0,-27206,28725,28505,0,0,0,0,0,0,0,0,0,0,0,0,24819,-29863,0,0,0,0,0,0,-23089,-26314,0,-23628,0,24050,0,-27668,20621,0,24854
84625711,Team1,-1,-33764,29049,0,0,0,0,0,0,21348,0,22712,17735,-28540,-29057,0,0,0,0,-36046,20635,0,0,0,0,0,0,0,0,-33811,0,0,0,0,19224,0,-30979,0,0
84625790,Team1,-1,0,0,0,0,0,0,0,0,0,-31987,31558,0,17970,0,0,0,20208,27298,0,-33165,0,0,0,0,0,0,0,0,-32415,0,0,-31172,22241,-37399,0,27241,-32518,0
84625820,Team1,-1,22181,-34985,24712,0,23253,31902,0,-33182,0,0,0,0,21810,0,-34932,-31776,0,27843,0,0,0,0,0,-40666,0,0,0,0,0,0,0,0,0,0,0,0,-32166,0
84625828,Team0,1,31245,0,32296,0,29524,0,0,0,0,0,30224,28740,0,0,0,29626,0,0,0,-20573,0,-23941,0,0,-27845,-19140,0,-17595,0,-21531,0,0,0,0,0,0,0,0
84625863,Team1,-1,20434,-25555,0,0,20893,0,-24919,0,0,0,-34930,0,27844,0,22144,0,-28826,0,0,0,-25305,0,0,0,0,0,0,0,26394,0,0,0,-28135,0,0,21048,0,0
84688960,Team1,0,0,-27954,0,26197,0,-28459,0,-29404,0,0,0,0,23188,0,0,0,0,0,31067,0,-24659,29409,18053,0,0,0,23116,-23028,0,0,0,0,0,0,0,-26032,0,0
84688974,Team1,-1,0,0,0,0,0,0,-32914,0,0,0,0,0,-25148,0,0,23681,0,0,-27180,-25952,-28743,0,23763,21769,29983,0,0,0,0,0,0,19741,0,-25686,23436,0,0,0
84689043,Team0,1,-33020,0,0,0,26626,0,-25393,-19506,0,0,29355,0,-18423,0,0,0,-19350,0,0,0,0,23263,0,0,0,0,24910,30551,0,0,0,0,27897,-27607,0,0,0,0
84689045,Team1,-1,0,31888,0,0,22566,-39043,0,0,0,0,29592,0,0,0,0,0,0,0,0,-23915,0,-28693,0,-27334,32829,0,0,0,-26418,0,24635,0,23364,-29880,0,0,0,0
84689107,Team1,1,23949,0,0,0,0,0,-30644,0,20505,0,36257,0,0,22365,-27134,0,-23854,0,0,0,0,0,0,0,0,0,-29119,0,0,29910,0,21812,-30451,-26622,0,0,0,0
84689120,Team1,0,-30904,0,0,-26529,0,0,0,-25431,0,0,0,24317,28704,0,0,0,-27882,0,0,0,0,0,0,0,26398,-27031,0,26433,28953,0,0,0,24553,-28833,0,0,0,0
84689159,Team0,1,26538,0,-22630,0,29007,42271,25981,0,0,0,0,0,0,0,0,0,-20111,0,0,-22071,0,-22266,0,0,0,0,0,-20936,0,0,0,0,0,-20539,0,33491,0,29301
84689216,Team1,-1,-35428,0,0,0,0,20800,0,0,0,0,0,0,0,0,-30978,20754,24013,21543,0,-30805,0,-31961,0,0,0,0,28537,0,-34438,0,0,0,0,23339,0,0,0,-30249
84689217,Team0,1,0,-21751,0,-23638,0,0,0,0,-23139,28215,36011,-26324,-22295,0,0,0,0,0,0,0,27704,0,0,0,28458,0,0,0,0,0,0,0,29601,0,-24897,0,0,30163
84398528,Team0,0,-27724,24529,0,0,0,0,0,0,0,0,0,25705,0,0,0,0,25611,0,0,-22699,-23705,-22530,0,27307,-22657,26549,0,-22196,0,22041,0,0,0,0,0,0,0,0
84398674,Team0,1,0,-30119,0,0,-19131,0,0,0,0,-19133,25171,23786,0,0,-21101,0,0,0,27147,-19749,0,0,0,30276,-25242,0,0,0,0,0,0,0,25039,30275,0,0,0,0
84398937,Team1,-1,-26969,-30440,0,23334,0,0,0,0,21052,0,0,-32627,0,0,0,0,0,0,0,21316,0,0,0,0,0,18948,0,-29753,28692,0,0,19219,-27728,0,0,0,-27059,0
84399228,Team1,1,0,-27341,0,0,0,0,0,25491,0,0,0,0,0,-26228,0,0,25736,0,-31242,0,0,0,0,0,25113,0,0,25452,0,0,0,0,0,26618,24848,-39587,-31230,-26254
84399381,Team1,-1,0,0,0,0,0,-34083,23591,0,0,0,0,0,-25243,0,22479,0,-31322,0,26209,24066,19981,-27750,0,0,-29578,0,0,0,0,0,0,0,0,-29322,0,0,0,28759
84431946,Team0,1,0,-22154,0,26893,0,0,-23708,27035,0,0,0,0,0,0,0,0,0,0,29387,-17913,0,28136,26374,0,-25481,-24511,0,28379,0,-30046,0,0,0,0,0,0,0,0
84431975,Team0,1,0,0,33917,0,-20803,0,-17483,0,0,0,-18731,-21709,0,27970,0,0,0,28358,-19997,0,0,28461,0,0,0,0,0,0,0,32377,0,0,0,25563,0,0,0,-17744
84431993,Team0,0,20766,-25627,0,0,0,0,0,0,0,0,0,23604,0,0,0,0,-28335,0,0,-24015,0,0,0,0,20749,27098,0,0,0,20456,-23731,0,0,-30774,-23079,0,22430,0
84432122,Team0,1,-21834,-22386,0,0,0,0,0,26322,0,0,29719,0,-20765,0,0,0,-24523,0,0,-25187,0,30206,0,0,0,0,0,30645,29666,0,-22936,0,29150,0,0,0,0,0
84756716,Team1,-1,0,0,0,0,-32772,0,0,0,17576,0,-31592,0,18080,0,0,0,0,0,0,0,0,0,0,0,0,0,0,0,0,16580,0,24870,0,0,0,0,0,0
84756722,Team0,1,0,35312,0,0,28940,32441,0,0,0,0,-23822,0,29850,0,0,0,0,28506,-26138,0,0,-22962,-24170,30833,0,0,0,0,0,0,0,0,-25945,-22880,0,0,0,0
84756731,Team0,0,0,0,-22164,25543,25383,0,0,-22579,0,0,0,0,-21932,0,27320,0,0,0,0,0,-23911,0,-23477,0,0,0,30154,0,-30037,0,25229,0,0,0,0,0,27759,0
84756785,Team1,0,0,-7746,-8159,0,-7431,0,0,-7988,0,0,0,0,0,0,0,0,-8231,2509,0,1820,3320,0,2715,0,0,0,0,4320,0,0,0,0,2770,-7694,0,0,0,0
84756813,Team1,-1,0,-34479,0,0,0,0,0,-27161,0,-25996,0,0,0,-24155,0,0,0,0,0,-29985,0,0,24208,0,0,0,23613,26327,0,0,0,26684,0,25161,0,0,23133,-27207
84756897,Team0,1,33865,0,0,0,0,0,0,0,0,0,29025,0,0,0,0,0,0,0,0,26188,26701,-23279,0,0,0,31505,0,-21873,-30159,0,31044,0,0,-27750,0,0,-27533,-30919
84756934,Team1,0,-26048,30450,0,0,0,0,0,0,0,0,-25763,0,0,0,0,23040,20999,-26438,0,-24729,-23582,0,0,26609,0,0,0,0,0,0,0,0,-23525,27272,0,21118,0,0
84756962,Team1,0,0,-28194,25232,0,0,32817,0,22145,0,0,29585,0,0,0,0,24553,0,0,0,-29679,0,0,0,0,0,0,-25622,0,0,-33992,0,0,0,25979,0,-25026,-25011,0
84724260,Team0,0,20297,-18853,0,0,0,22395,0,0,0,-13763,0,0,0,19981,-14960,22054,0,0,-12979,-7749,-11886,0,0,0,0,0,0,19948,0,0,0,0,0,20427,0,0,0,0
84724288,Team0,0,0,0,0,0,0,-27295,0,0,0,0,33519,0,29916,30916,0,0,-26584,0,0,0,0,0,0,0,0,-25715,-24981,0,0,26815,27384,0,-25281,-24585,25830,0,0,0
84724293,Team1,-1,0,0,0,0,21764,33074,-23932,0,0,0,-33335,22620,0,0,0,0,0,29028,-23806,22470,0,0,-28127,0,28231,-29849,0,0,0,0,0,0,0,-25234,0,0,0,0
84724347,Team1,-1,22792,0,0,0,21827,0,30252,-30162,0,0,17569,0,0,0,0,0,0,0,0,-34911,0,0,21124,0,0,0,-28966,0,0,-36684,0,0,0,0,27517,-29824,-28952,0
84724351,Team0,1,0,0,0,0,0,0,0,0,0,0,0,0,0,0,0,0,0,0,0,0,0,0,0,26239,0,0,0,0,0,0,0,0,0,30543,-24155,0,0,0
84656822,Team1,0,23259,0,0,0,-32805,22315,0,0,0,0,-29669,0,0,-26893,0,0,0,0,0,-24543,-22843,0,0,25717,0,23142,0,0,0,20186,0,0,0,0,0,-24317,0,19632
84656850,Team1,-1,0,-26466,-22748,0,0,25593,-24194,-26481,0,0,-27733,0,0,22984,0,0,0,0,25821,21918,0,0,0,0,0,0,0,0,0,0,0,0,0,0,-23443,21919,25100,0
84656924,Team0,0,0,0,0,0,-18721,-18866,0,-23579,0,31087,31782,0,31071,0,0,0,0,0,0,-22575,0,0,0,0,0,0,0,-20574,27406,37654,28917,0,0,-18605,0,0,0,0
84656956,Team0,0,25978,0,0,0,-28380,0,0,0,23724,0,26643,0,0,0,0,0,22335,0,0,0,32094,0,-22798,0,0,0,-23798,0,-22531,0,0,0,0,23113,0,-22760,-24564,0
84656961,Team0,0,0,27487,0,0,0,0,0,-25341,29065,0,0,0,0,0,27763,29651,0,0,0,-26694,0,0,0,-28568,0,0,0,30862,0,-29744,-26180,0,0,-18596,0,0,0,29398
84279453,Team0,1,0,0,23786,-26604,26316,-27058,0,0,0,0,0,0,-20228,0,-18782,0,0,33386,0,0,0,0,0,29033,0,0,0,0,0,0,0,28088,-21593,0,0,-20039,25070,0
84464883,Team0,1,0,0,0,-31505,0,0,34906,0,0,-19137,0,0,0,0,0,0,0,0,0,-22883,-18868,29186,0,0,0,-25585,29163,-19045,0,28813,0,0,30242,0,0,27766,0,0
84465087,Team1,-1,0,0,0,0,0,0,22689,23696,0,0,26682,0,-29752,0,-24864,0,24461,0,-31521,33104,-24504,0,-38442,0,0,0,0,0,0,-27422,0,0,0,29437,0,0,0,0
84465188,Team0,1,0,30561,-20889,0,0,0,25566,25425,0,0,0,0,0,0,0,26664,0,0,0,0,-21601,0,39330,0,0,0,0,0,0,27970,0,0,-26757,0,0,-22007,-25941,-25964
84465291,Team0,-1,0,-25161,0,25012,0,33185,0,0,20554,0,0,0,-25420,0,0,0,0,-36490,-30069,24425,25282,0,0,0,0,0,0,-26105,0,0,0,0,0,26714,0,0,0,-25396
84465467,Team0,-1,0,0,-24648,0,24905,31695,0,-20699,0,23517,27874,0,-28768,0,27496,0,-27608,0,0,0,0,0,0,0,0,0,0,-21736,-35235,0,0,0,0,0,0,0,25439,0
84465478,Team0,1,-24776,0,0,34170,0,36101,0,-23356,0,0,-27495,30288,33826,0,-24695,0,0,0,0,31978,0,32873,0,0,0,0,0,0,0,0,0,0,-27972,0,0,0,-22398,0
84500314,Team1,-1,-36054,33358,0,0,-30021,0,0,-29140,25614,0,-31970,0,21096,0,26101,0,22249,-28750,0,-30288,18799,0,0,0,0,0,0,0,0,0,0,0,0,0,0,0,0,0
84249482,Team0,1,0,0,0,0,0,0,0,0,0,0,34411,0,32239,0,-21370,0,0,27806,0,-23460,0,0,27115,0,-30765,0,0,0,-29057,0,0,0,-21131,34625,0,-20522,0,29188
84249505,Team0,0,0,0,25751,0,0,-30147,0,-22596,0,19845,0,0,0,0,0,0,-23613,0,0,22218,20721,-23630,0,0,0,0,0,0,-31684,31485,0,0,0,25335,0,0,0,-22040
84249564,Team0,-1,0,0,0,0,0,26300,0,0,0,0,0,26989,0,-24495,-22827,-27634,0,0,0,29226,25251,0,0,0,-27167,0,0,0,26922,0,0,0,0,-30326,0,0,32318,-33933
84249576,Team0,1,0,0,0,-19780,0,-21915,-17410,0,0,0,0,-18013,28350,0,0,0,0,25054,-20161,30017,0,-17932,0,0,0,0,0,0,27429,0,0,0,0,0,0,26858,0,32456
84249578,Team1,-1,0,-29776,0,0,0,-30416,0,0,0,-25902,0,0,23681,0,0,0,0,0,0,0,0,0,-29239,22723,0,0,0,0,24350,29305,0,0,-27475,25908,0,29625,-30724,0
84249605,Team0,0,-24605,29709,-24267,0,-23554,0,0,0,0,0,-25336,0,-24186,22796,0,0,0,0,0,0,29737,0,0,29514,0,0,0,29353,0,0,0,0,25617,0,0,0,0,-28461
84249634,Team0,0,0,0,0,-24265,0,0,0,-31380,-25953,0,0,0,-27343,0,23717,0,0,28034,0,26228,-22304,0,0,0,0,0,0,-25642,26588,0,24808,0,23440,0,0,0,0,0
84249635,Team1,-1,0,0,0,0,0,-31149,22961,0,0,-29956,19442,0,27180,-30060,0,0,0,0,0,-32658,22116,0,0,-33745,0,0,0,24289,0,0,0,0,20599,-30126,0,0,0,0
84249660,Team0,1,28434,0,28207,-30112,-23908,0,0,0,0,0,31658,0,0,0,0,24703,0,-21229,0,0,30834,0,0,0,0,0,-24489,-21181,0,0,0,0,0,-22729,29252,0,0,0
84249680,Team0,1,0,0,-29257,31732,0,30264,0,0,0,0,0,0,-26342,0,-22036,0,0,-22702,0,31269,0,0,0,0,0,0,-24179,0,-27794,0,0,0,0,26246,0,42361,29964,0
84309829,Team1,1,0,0,0,0,0,-36438,0,-28646,0,27435,24436,0,23004,0,0,0,0,0,0,-26157,0,0,0,0,0,0,30603,0,24384,0,0,28278,0,-27652,-31569,0,-26889,0
84309909,Team1,0,27840,29200,22313,-28457,0,0,0,22972,0,0,-27826,0,0,0,0,0,-27101,0,0,-34731,0,0,0,0,23246,0,0,0,0,0,-39261,-28748,0,31176,0,0,0,0
84309974,Team1,0,23234,0,0,0,0,0,0,0,-23792,0,-25225,0,22183,0,-25294,-26906,0,0,-23424,23320,23738,0,0,0,31462,0,0,0,0,0,24556,0,0,-26346,0,0,0,0
84309976,Team1,0,0,-29832,32635,0,0,0,-22208,-26275,24364,0,0,0,25332,25881,0,34390,0,-20940,0,-22465,0,0,0,0,0,0,27880,0,0,0,0,0,-28113,0,0,0,0,0
84310251,Team0,0,0,0,0,21268,23668,0,21405,0,0,0,0,0,20602,0,0,0,0,0,0,-30122,0,0,0,-24719,0,0,26160,0,-30022,0,-22533,-21620,0,0,0,24788,-21995,0
84310592,Team1,1,26939,0,0,0,0,-24360,0,0,0,0,0,0,0,0,-25116,-21883,-22229,0,0,0,-20540,0,0,0,0,0,0,24667,0,0,23067,0,26475,-28808,0,22502,23028,0
84310681,Team0,0,0,-33386,0,0,25749,0,0,-24246,0,25931,27228,0,0,0,0,25945,0,0,0,-21075,-21971,-21365,0,0,0,0,26567,0,-27305,0,0,0,0,25528,0,0,0,0
84034689,Team1,0,0,0,0,0,0,0,0,0,-21697,0,-28678,0,21642,0,24863,0,0,0,24954,0,0,0,0,-24497,0,0,0,27329,0,-31234,22431,-24486,26106,0,-23665,0,0,0
84034719,Team0,1,0,0,0,27507,-23964,0,0,0,0,29997,0,-23595,0,0,0,0,0,-20278,0,-20928,26471,0,29166,0,-21093,0,26492,0,-28530,0,0,0,24423,0,0,0,0,0
84034753,Team1,-1,0,28611,0,0,20963,0,0,0,0,0,-33887,-26510,0,0,0,23112,0,-26714,0,0,0,0,0,0,0,0,25173,27836,-26775,0,0,0,-27308,0,0,26840,-30363,0
84034764,Team0,1,29152,28946,0,0,0,0,0,24046,0,0,0,0,-18648,0,26750,0,0,24048,-22790,0,0,0,0,-28063,0,0,23550,-25275,0,0,0,-23478,0,0,-21306,0,0,0
84034779,Team0,0,0,-26511,0,0,0,0,0,0,0,0,0,0,0,0,0,0,-25830,0,0,-23609,24594,32102,0,0,0,-21876,0,22510,0,0,-22582,0,0,28515,-23529,0,23643,25232
84034792,Team1,-1,0,0,-24027,0,0,-31121,0,0,0,0,0,0,25282,0,-24909,0,22671,-25307,22547,0,31773,0,0,0,23863,0,0,0,0,-31467,0,0,-25129,0,0,23730,0,0
84034814,Team0,0,0,0,0,0,-24465,-28200,0,0,0,23975,0,0,-26105,0,24324,24855,0,25397,0,0,0,0,0,-20879,0,0,0,0,33863,0,0,0,0,0,24815,-21924,-22391,0
84034842,Team0,1,0,0,24592,0,0,0,0,26992,0,0,0,0,26584,0,-22786,0,0,24167,0,0,0,0,0,0,0,0,38524,-22665,27194,-28361,0,-22665,0,0,-24113,0,-21756,0
84034914,Team0,0,32396,-26848,0,0,0,0,0,25911,-21342,0,0,0,-25481,27044,-17041,0,0,0,30534,0,25582,0,0,0,0,0,-25810,27726,0,0,0,0,0,0,-21888,0,0,0
84788065,Team1,0,0,-32564,0,0,0,0,0,0,0,0,0,-29820,0,-34577,0,0,0,31468,0,22010,0,0,0,0,0,0,26761,29766,-27972,0,0,0,24608,29227,-28310,0,-30150,0
84788105,Team0,-1,-23351,0,26874,0,0,-35469,0,0,23397,0,0,-27180,23219,24990,0,0,23493,-23664,0,-24920,0,0,0,0,0,0,0,0,0,0,0,0,-28551,21982,0,0,0,0
84788236,Team0,0,0,0,28579,0,0,0,24422,0,29157,0,0,0,-19663,0,0,0,-27761,0,0,-19649,24490,0,0,0,-22780,0,-24707,0,0,0,-24181,0,34035,0,0,0,0,25013
84788278,Team1,0,0,-29018,0,21882,23748,0,0,0,0,0,-23771,0,0,23215,20655,0,0,-23945,0,0,0,0,0,0,0,0,0,0,25881,0,23795,0,-23561,-24209,0,-25683,0,0
84001610,Team1,1,31179,0,0,0,-28166,0,0,0,-25740,0,-32264,-25891,0,0,21220,0,0,23358,0,0,0,0,0,0,23559,0,25353,-27372,0,25013,0,0,0,0,0,0,0,-35634
84001625,Team0,1,0,0,28241,0,0,0,25269,-22153,0,0,0,0,0,0,0,0,-22753,-25732,37502,33567,0,0,0,0,-26512,27010,0,0,0,25573,0,-23572,0,0,0,0,-25920,0
84001628,Team1,0,0,-34981,0,0,-21888,0,-20182,0,-24257,0,0,26799,0,0,0,0,0,23695,0,-31039,0,0,27474,0,0,0,-25511,27461,0,28091,0,0,0,0,0,0,26426,0
84001655,Team0,1,-22961,0,0,0,-26295,-27424,-18750,34342,0,0,28552,0,0,0,0,31049,0,31123,0,31523,-19929,0,0,0,0,0,0,-21549,0,0,0,0,0,0,33613,0,0,0
84001687,Team0,0,-26907,38543,0,30797,0,0,21262,0,0,0,0,0,-35808,0,0,0,27109,0,0,0,26949,-25175,0,0,0,0,-30531,-26906,0,0,0,0,0,34171,0,0,-26361,0
84001710,Team1,-1,32837,0,0,0,0,0,-28170,0,24208,0,26090,22395,25127,0,0,-30110,23938,0,0,0,0,0,0,0,-25843,-26710,-28571,0,0,-34941,0,0,0,0,0,0,0,0
84001727,Team0,-1,-16697,-34888,0,0,-24852,33325,-24949,0,0,0,0,0,26356,0,26822,0,0,29621,27898,-30999,0,0,0,0,0,-23589,0,0,0,32158,0,0,0,0,0,0,0,0
84001754,Team1,-1,0,-36599,0,32287,0,0,0,0,0,21275,33041,0,0,0,-27724,21248,0,0,0,0,0,0,0,0,-24333,0,20929,0,0,-28484,0,-23073,-23554,0,0,0,0,26375
84001755,Team0,0,-26984,0,0,23217,0,-25106,0,0,0,-24802,0,0,-22822,27136,0,0,0,21701,0,-23443,0,0,0,0,0,0,0,-25312,29276,0,0,28707,0,0,35008,0,0,0
84001819,Team1,0,0,0,0,0,22365,25821,0,24203,-26125,0,0,-26284,0,0,0,0,0,0,-28249,22914,0,0,0,24380,0,0,0,-28550,-27985,0,24352,0,0,0,0,0,0,-26118
84905563,Team1,-1,0,-28090,0,0,0,0,0,-27126,22607,0,29993,0,0,0,0,0,22715,0,0,23896,0,0,21745,0,0,0,0,0,0,-27127,0,24491,0,-31786,0,0,-28233,-30809
84905600,Team1,-1,0,-32957,0,0,-29165,30417,0,0,0,0,0,0,19773,0,-29115,-34441,0,0,0,24859,0,0,0,22928,0,0,0,0,0,0,0,0,19715,-28970,0,25489,0,-41570
84905609,Team0,1,27978,0,0,0,26511,37160,-25313,-24119,0,0,0,30120,0,0,0,0,0,0,-30183,-24210,-24019,0,0,0,0,0,0,-28258,0,0,0,0,0,27158,0,0,27091,0
84905611,Team1,-1,0,0,0,0,-23795,25660,0,0,0,0,0,0,0,0,-21788,0,0,0,0,23840,24916,25589,0,25472,0,0,0,0,-24952,-30211,0,0,0,-27175,0,-27563,0,25528
84905624,Team0,1,29489,-17058,-22643,0,-24662,0,-27989,0,35471,0,32549,0,0,0,0,0,32307,0,0,-22336,29602,0,0,0,0,0,0,0,0,0,0,29849,0,-31138,0,0,0,0
84905700,Team1,-1,0,-30813,-27666,0,0,0,-22851,-31207,0,0,24249,0,0,0,0,0,21708,0,0,29881,23045,0,0,0,0,-26018,0,0,0,-28104,36958,0,0,0,0,0,0,24169
84905715,Team0,0,0,0,0,0,0,0,0,27184,0,0,0,0,-22847,21532,0,0,0,21461,0,-24528,23279,0,0,-22986,23817,0,0,0,0,0,0,0,25735,-25822,0,-22278,-23478,0
84905723,Team0,1,-22453,0,0,0,25653,0,0,0,0,0,40192,0,0,-25295,-21787,0,0,-22528,0,0,0,0,0,0,29979,0,0,0,0,-28003,29217,0,0,-29356,0,0,25161,25725
84905735,Team0,1,0,23935,0,0,-25148,0,0,0,0,0,0,0,0,0,0,0,33196,0,0,-26596,22691,0,0,0,-26020,0,-30129,0,0,25443,24137,0,0,25528,0,-23499,0,-27106
84905753,Team0,-1,-22459,31057,0,0,29136,0,0,-24863,0,0,0,0,30376,0,30863,0,29230,0,0,-22481,0,0,0,0,-24200,0,0,0,0,-22919,0,-25439,0,0,0,25402,0,0
84905759,Team0,1,0,0,0,0,-24176,-29461,0,26686,0,0,0,0,0,-25143,33429,0,34887,0,0,0,26053,-24466,28069,0,-26054,0,-27730,0,0,0,0,0,28409,0,0,0,0,0
84846450,Team0,0,0,0,0,0,0,22959,0,0,0,0,28749,0,-29523,0,-25000,25707,0,0,25754,23856,0,0,-24401,0,-23631,0,0,0,0,0,0,0,0,-26406,0,25705,0,-26853
84846568,Team0,0,-25217,0,-24420,0,0,33306,-21694,0,0,0,0,0,0,-30973,0,0,23456,0,0,27879,0,22062,0,0,0,26208,0,-24779,0,0,0,0,-25518,26564,0,0,0,0
84846588,Team0,0,0,0,-25040,0,0,0,0,-25995,0,0,27931,0,0,0,-24959,0,-23936,0,0,24826,-25056,0,0,0,0,0,0,0,25294,-34723,0,25174,0,23334,0,0,25469,0
84846610,Team1,0,0,27247,0,-27535,0,-29504,0,0,25759,24682,27807,0,-27643,26641,0,0,0,-29039,0,28713,0,0,0,0,0,0,0,0,0,0,0,0,-28022,0,0,-27701,0,0
84846673,Team0,0,-29176,-24597,0,0,0,0,0,0,0,0,31741,0,0,0,0,-22022,21286,0,0,-23759,0,0,-28466,0,0,24749,0,0,25500,26535,22314,0,0,0,0,-23936,0,0
84846676,Team0,1,0,0,0,-18803,0,0,30089,-21347,-20690,0,-17037,31277,0,31953,0,0,31971,30023,0,0,0,0,0,0,0,0,0,-19200,30984,0,0,0,-17976,0,0,0,0,0
84216643,Team1,0,36729,0,0,0,-25625,0,0,0,0,0,-31356,0,0,24886,0,0,0,0,-26342,0,23697,19344,0,0,26471,0,0,0,30846,0,0,0,0,-27163,-30403,-25306,0,0
84216688,Team0,1,-28186,0,0,0,30711,37399,0,0,0,-22931,28156,-24889,0,0,29488,0,0,0,0,-24865,0,0,-29520,0,0,0,0,29628,-24335,0,0,0,38479,0,0,0,0,0
84216710,Team1,-1,-28749,0,0,-26924,0,19557,0,0,16557,-26286,-28827,0,0,14864,0,0,13957,0,0,-26287,0,0,27239,0,0,0,0,0,0,0,0,-25949,0,16281,0,0,0,0
84216713,Team1,-1,0,0,0,0,-26147,0,0,20553,0,-26426,0,-33587,0,18630,21194,0,21235,24366,30409,-26761,0,0,0,0,-29176,0,-29272,0,0,0,0,0,0,0,0,0,0,0
84216715,Team1,-1,0,23255,0,0,0,26796,0,-31329,0,-25170,0,0,0,0,0,0,20444,0,0,-27782,0,0,0,0,0,0,-28044,0,-32913,0,0,0,20510,24794,-26137,27228,0,0
84216733,Team0,1,0,-27312,0,0,-21434,0,0,0,24787,0,0,0,25179,-24566,29346,0,0,0,39740,-19956,0,0,-21334,0,0,0,0,38454,0,0,-21966,0,0,0,0,0,0,28143
84216736,Team0,1,-21943,-29114,0,0,-22914,0,0,0,0,0,0,0,0,-23571,0,0,0,0,0,33710,35035,0,0,-26886,0,0,36080,0,0,37601,34164,0,0,0,0,-21218,34266,0
84216772,Team0,0,0,0,0,24801,0,0,0,0,0,0,0,0,-25838,-27639,0,0,-26304,0,0,24972,23870,-30135,26302,0,-28868,0,-25740,0,0,0,0,0,0,29718,0,0,0,29186
84216773,Team0,-1,0,0,22682,24350,-22034,0,0,0,0,23577,0,0,0,0,-28381,25646,-22632,0,0,0,24713,0,26198,0,-27988,0,0,0,0,0,0,-22092,0,-22740,0,0,0,0
84216778,Team0,1,0,29963,0,0,0,0,-22402,0,-23641,0,0,0,0,0,30518,0,0,30669,0,-24264,-23762,0,-25353,32194,0,0,-23611,0,0,32117,0,0,0,0,0,36179,0,0
84216782,Team1,0,0,31684,0,0,27957,0,25817,0,-21573,0,0,0,28712,0,-25043,0,0,0,0,26796,0,0,25235,0,0,0,-25610,0,0,0,0,0,-21975,-28800,0,0,-27507,0
84216873,Team1,0,-28111,0,0,0,0,0,0,0,0,0,0,26240,0,-29514,0,0,0,-25352,0,0,-29737,0,25268,-27264,26557,0,0,-31255,23833,0,0,0,0,0,0,28885,0,20055
84216893,Team0,0,0,-26035,0,32288,0,33289,0,0,-22922,0,0,0,0,-25080,0,0,24309,26323,0,-23106,-23770,-24839,23560,0,0,0,0,0,0,0,0,0,0,24194,0,0,0,0
84216902,Team0,1,0,29179,31573,-26036,-24338,-27995,0,0,30587,0,0,0,-26777,0,0,31225,0,0,0,33961,0,0,0,0,0,0,28903,0,0,0,0,0,0,-23991,0,-23798,0,0
84339355,Team0,1,0,0,26725,0,0,0,0,0,-23305,0,0,25830,-21639,0,0,0,-19249,0,27762,0,0,0,0,0,-29141,0,-28690,0,0,0,0,29606,25508,-24702,0,0,29312,0
84339385,Team1,0,0,28412,0,0,-28734,0,0,0,0,0,-27150,0,0,0,31584,0,20369,0,0,-32862,18526,0,0,0,0,0,0,0,0,0,-33086,0,21726,-27291,0,21446,-28640,0
84339388,Team0,0,22052,0,0,0,-23266,0,0,0,0,-23800,-33436,0,30462,0,0,0,0,-23429,0,-23011,0,21043,0,0,0,0,-27268,0,22890,0,0,0,0,21943,0,0,22002,0
84339390,Team0,-1,0,0,19800,0,-15542,-18951,0,-14239,0,0,0,0,0,0,0,20687,-17725,0,0,0,0,0,0,0,30714,22702,0,0,0,0,0,0,0,-20915,0,-16633,23575,27584
84339402,Team0,1,0,0,0,0,0,47518,0,-31469,-24921,0,0,0,0,0,31130,0,25204,0,0,32207,0,23790,0,0,0,0,-26605,-26162,0,0,0,0,-24920,26464,-26971,0,0,0
84339450,Team0,1,0,0,0,-26920,0,0,27170,0,0,0,27814,0,0,0,0,0,-23270,0,0,0,-23088,0,0,0,0,0,27339,0,-18979,34293,0,-20697,31446,26656,0,-26153,0,0
84564491,Team0,1,34425,-23903,0,0,0,0,-16082,0,0,0,0,0,0,0,0,27659,0,0,0,-22430,0,0,29840,0,0,0,0,0,-18172,32678,0,-21393,-18244,39162,0,29731,0,0
84564495,Team0,-1,0,0,-30392,0,-23668,0,-24502,-30264,0,0,0,0,0,0,22090,0,0,20864,29337,0,24559,0,0,0,0,0,0,28956,0,21869,0,0,0,0,0,0,-24788,-24070
84564587,Team1,1,28334,0,0,-25157,0,0,-23471,22438,0,0,-28681,0,-23541,0,0,0,29189,-33581,-22216,0,0,0,0,22139,33501,0,0,0,0,0,0,23179,0,0,0,0,0,0
84564611,Team0,0,-26270,0,0,0,-23488,-29355,-25389,0,21511,0,33507,0,0,0,0,0,0,0,0,-24660,0,0,0,0,0,0,0,0,0,0,23772,-28669,24704,0,0,0,24265,26712
84564679,Team0,-1,0,-26327,0,31537,-21831,-26066,0,27681,0,0,0,0,0,0,0,0,26688,0,0,-23321,23732,0,0,0,0,0,0,0,32893,0,-19335,0,0,0,0,23348,-24391,0
84564685,Team0,1,35667,-27293,0,0,0,0,0,-23447,0,-23327,40439,0,0,0,0,33486,-23961,0,39890,-23057,0,0,-23956,0,0,0,0,34468,0,0,0,0,0,33675,0,0,0,0
84564704,Team1,0,0,-29615,0,-25099,23869,32777,0,25631,0,0,-35358,0,0,0,0,-30271,0,0,0,23559,-23613,-24977,0,0,0,0,0,0,25356,0,0,0,0,24069,0,0,0,0
84564764,Team1,0,0,0,0,0,0,35356,25306,23036,0,0,-25811,0,21922,0,0,-29262,25770,0,0,21701,0,0,-26286,0,0,0,0,-27572,0,0,0,0,-26239,-35842,0,0,0,0
84564850,Team0,0,0,24257,0,0,0,22100,0,0,0,0,0,0,0,-23435,0,0,0,0,0,-27734,-23556,19695,31017,0,0,0,0,-32007,0,0,0,0,0,21155,0,-22602,-22616,26490
84564885,Team0,1,0,0,0,0,29952,0,0,38499,0,0,26659,0,0,-26809,-26606,0,-24757,0,0,25866,0,0,0,0,0,0,0,0,0,-32169,-27932,0,0,-28548,32458,26024,0,0
84182055,Team1,0,0,0,0,0,0,7613,0,0,-19281,0,0,0,15447,0,-22745,-17187,22577,11606,0,0,0,0,0,-23570,0,0,0,-21396,-25782,0,0,0,0,19815,17219,0,0,0
84182705,Team0,1,31179,0,0,0,0,-29052,0,0,0,0,0,0,0,-24545,0,-21277,0,-23892,0,28457,28613,0,0,0,-25270,0,0,-23897,0,26585,0,25811,0,0,0,25607,0,0
84532573,Team0,0,0,33148,0,0,0,0,0,-20269,-19402,0,-23445,0,0,29879,0,0,0,27605,0,-29350,-26517,0,0,0,0,0,37721,0,0,0,0,27191,0,0,0,27181,-18957,0
84532584,Team1,1,0,-34183,24025,0,21896,0,-23051,0,0,0,0,0,0,0,0,0,18856,-28965,0,-27906,0,0,30238,-26047,0,0,0,0,0,0,0,25198,0,17688,0,0,0,-27119
84532651,Team1,0,-27415,0,0,0,0,25155,-29331,0,0,0,0,0,0,0,-23935,0,0,0,0,0,-29741,0,32182,24366,0,26780,0,28917,-17363,-35422,0,24407,0,0,0,0,0,0
84532677,Team1,1,0,-28649,0,0,23392,0,-23833,-29179,0,0,27429,0,-23082,0,0,0,23720,0,0,-27691,0,0,0,0,0,0,29674,0,0,0,0,0,-23625,0,0,20419,0,25677
84532713,Team1,1,0,0,0,26775,0,-31495,0,0,0,-23817,0,-24594,25446,0,0,0,-22864,0,0,0,20773,0,0,0,0,21213,0,-23339,0,-32752,0,0,21999,0,0,22584,0,0
84532727,Team0,0,0,0,0,0,24143,0,-24604,-20301,0,0,0,0,0,0,26921,0,0,-20815,0,0,30119,0,0,-24020,0,0,0,0,23712,0,0,0,-25644,0,0,24441,22940,-20814
84532936,Team0,0,28267,-28541,0,0,0,25796,0,0,0,0,29457,26233,23860,0,0,-24811,0,0,0,-26532,0,23609,0,0,0,-23031,0,-21133,0,0,0,0,0,0,-22908,0,0,0
84876441,Team1,1,-24292,-24811,0,0,0,-25179,0,0,0,0,0,0,0,0,25764,-24428,0,0,0,-23341,0,0,0,0,0,0,0,0,28873,0,27395,0,25152,0,0,-27526,28183,27378
84876510,Team1,-1,-35223,0,0,0,0,-29136,0,0,0,0,19269,0,-29656,0,17079,0,-26714,-29805,0,20960,0,16106,0,0,0,0,0,0,22223,0,0,0,21516,-27471,0,0,0,0
84876561,Team1,0,0,-31346,0,0,0,0,0,0,0,0,26634,0,0,0,-22004,26436,0,0,0,-26452,0,0,22834,-28438,26703,0,0,0,0,0,0,0,-22979,26968,0,-21025,28732,0
84876678,Team1,0,0,0,0,0,0,0,0,-23076,25883,0,0,27786,25809,0,22664,0,0,0,27045,29190,0,0,0,-17417,0,0,0,0,0,0,0,0,-22441,-32298,0,-18598,-20706,0
84876694,Team0,1,0,0,0,0,-19971,0,-25223,0,25884,0,0,25328,-21358,0,-26808,0,0,0,0,24864,0,0,0,0,-20527,0,0,0,25120,0,0,0,0,29659,-20521,0,24786,0
84876695,Team0,1,0,28201,0,0,0,0,0,0,-22905,0,28474,0,32523,-26054,0,0,0,0,0,30656,-25320,0,0,0,0,0,0,-28829,-25204,31678,26715,0,0,0,0,0,0,-26569
84152660,Team0,0,0,0,0,0,0,29123,0,-26725,0,0,0,0,25865,0,0,0,28807,0,-25092,-24401,0,0,27257,-24928,0,0,0,0,0,0,26277,0,23195,-29186,-23464,0,0,0
84153151,Team0,1,-25748,0,0,0,-21677,0,0,0,25834,0,38334,0,28705,0,-23140,0,22641,0,0,0,25014,0,0,0,0,0,21257,-24553,0,0,0,0,-29763,0,0,-23762,0,0
84124596,Team0,1,0,0,0,0,0,0,0,0,0,0,35907,0,0,0,0,0,0,32813,-28542,-25790,-26246,0,31031,26261,0,0,-25957,0,0,0,0,23702,-25789,25875,0,-30483,0,0
84124675,Team0,0,0,0,0,0,0,0,0,24081,0,0,-30138,0,0,28665,0,0,0,21560,0,22706,0,0,0,26262,29154,0,-27288,0,0,-26762,0,0,-24333,0,0,-23506,0,-24383
84124678,Team1,-1,0,0,-30119,0,23137,0,0,-25603,0,0,24225,0,0,0,0,-25990,-25890,0,23004,0,0,0,-38921,0,0,0,0,-31846,0,0,0,27010,0,0,0,21735,22972,0
84124734,Team0,0,0,0,0,0,-23027,0,0,-23121,25360,0,-24360,0,0,31967,0,0,0,0,0,0,22884,0,0,25993,0,0,0,24340,-27578,-38388,0,0,0,0,0,-20468,0,24771
84124735,Team0,1,0,30311,-25178,0,27344,0,0,26668,0,0,0,0,0,0,-20940,-27533,28809,0,0,0,0,0,29194,0,-25103,0,0,0,0,0,0,0,0,26955,0,0,-25352,-29711
84124772,Team0,1,28707,-22005,0,0,0,0,-24191,0,0,0,0,0,0,0,0,0,-23164,-24390,35986,-28357,0,25552,0,0,0,-25451,24363,0,0,0,0,0,24634,31554,0,0,0,0
84124811,Team0,-1,28215,0,0,0,27417,0,0,30302,0,0,0,0,0,0,0,0,-26013,0,0,0,27800,0,33961,0,0,0,-27606,28710,0,-26219,0,0,0,-25363,0,-29298,0,-25511
84368485,Team1,0,28561,0,0,0,0,0,0,28267,0,0,-37119,0,0,24089,0,-29587,0,-25348,0,20621,0,0,-24536,0,0,0,-29113,0,27731,0,0,0,-24250,23129,0,0,0,0
84368518,Team1,-1,0,33083,0,0,0,0,0,-22794,0,26049,0,29739,0,0,0,26031,0,-22618,0,25191,0,0,0,0,-23720,0,24823,0,0,0,0,0,-21819,-25511,0,0,0,-22934
84368602,Team0,-1,0,0,0,0,-23708,0,0,-23976,0,0,-25257,0,0,0,0,0,0,0,0,22519,0,0,0,-25042,22973,0,0,0,30639,-30630,0,-22517,28881,24626,0,26865,0,0
84368677,Team0,0,0,27977,0,0,-26197,0,0,0,-24849,0,-21327,-26049,0,0,0,30956,27340,0,0,0,0,0,0,0,0,0,0,28958,-28563,0,0,33471,0,29037,0,0,0,-26165
84368680,Team0,1,-24300,29850,0,-29393,0,0,-21930,0,0,0,0,0,-25072,29683,0,0,0,0,0,0,-22424,-25815,0,0,0,0,0,0,0,0,28479,0,25728,29870,0,0,31783,0
84368729,Team0,1,-23733,34145,-28590,0,0,0,0,-25464,0,0,-21714,0,0,0,-24498,0,0,0,0,0,0,0,26272,0,0,0,0,0,0,-29658,0,0,25121,28701,0,0,25790,27329
84593233,Team0,0,0,-25336,-22749,0,-24624,0,0,0,-23816,0,0,0,24534,0,-23986,0,0,0,0,-24849,0,0,0,26059,0,29686,0,0,0,28231,0,0,0,0,24533,21733,0,0
84594063,Team1,-1,0,-36282,0,0,0,0,0,0,0,0,0,0,-25954,0,0,0,0,-26002,24108,-25871,22396,0,29575,0,0,0,0,21872,0,0,0,0,22424,-25799,0,22395,-25007,0
84594412,Team0,0,-28375,0,-25788,31348,0,23380,0,0,23473,0,0,0,0,0,22236,-28442,-28343,0,0,0,0,0,0,0,-31599,-28174,0,0,0,29153,0,20636,0,0,0,0,0,0
84096007,Team0,1,0,0,0,0,0,0,0,-23274,0,0,0,29227,-25214,0,33850,0,0,0,31481,0,0,0,0,0,0,0,0,0,-23768,0,0,0,0,0,0,0,-19956,29154
84096012,Team1,0,25730,0,0,26930,0,0,-25135,0,0,0,0,22621,-24643,0,25328,0,0,24738,0,0,0,0,-28623,0,-25688,0,0,0,-20896,32870,0,0,0,0,0,0,-25501,0
84096100,Team1,-1,0,-29316,0,0,0,0,0,0,0,24982,0,21446,-30630,0,0,0,0,0,0,0,21798,-21614,0,0,0,0,25523,0,-28261,29055,0,0,0,-27367,20407,0,-26800,0
84096145,Team1,0,0,600,0,0,-5344,0,0,0,-2862,0,-16537,0,0,0,-2861,0,0,0,0,-2861,600,0,-2861,0,0,0,600,0,0,0,0,0,600,0,0,600,600,0
84096188,Team0,-1,0,0,0,0,26984,-48533,0,0,0,0,30929,0,-28977,0,0,0,0,26553,34816,0,26054,0,0,0,0,0,0,29561,-25817,0,0,0,-24737,0,0,-23127,-24411,0
84096233,Team1,0,25480,-30298,0,0,0,23980,0,0,0,0,0,23061,0,-26747,23494,-27879,0,0,0,0,0,0,0,0,0,0,-20364,0,0,0,22055,0,-29306,0,0,-26602,0,26456
84971360,Team0,1,0,30691,0,0,-23376,-21030,24757,0,0,0,-21447,0,0,0,-21781,-21148,0,25563,0,24797,0,0,0,0,0,0,26613,0,0,0,0,0,25439,0,0,-24127,0,0
84971409,Team0,-1,24088,0,0,0,0,0,-27137,0,0,0,27186,0,0,0,23328,0,-29631,-26494,0,-28899,0,24225,0,0,-27285,0,0,0,31740,0,0,0,22404,0,0,-28258,0,0
84971750,Team0,0,0,32075,0,0,0,-28923,24068,0,0,23517,0,0,25878,23980,0,-20921,0,0,0,29047,-22313,0,-26609,0,0,0,0,0,0,0,0,0,0,-20094,0,0,-26334,0
84062918,Team0,0,0,0,0,0,23558,30831,0,-28283,0,0,-25648,0,0,0,0,0,24674,0,-25796,0,24411,0,-25016,0,0,0,24869,0,0,0,22876,0,-25290,0,-26718,0,0,0
84064265,Team1,0,0,-30778,21472,0,27384,25820,-25732,0,0,0,0,0,25705,0,0,0,26102,0,0,0,0,0,0,-27757,0,31321,0,-26198,0,-38094,0,0,0,-26217,0,0,0,0
84625725,Team1,1,0,26228,0,0,0,-28061,-25358,26536,0,0,0,0,26785,0,-25728,-26603,0,0,0,25125,0,26088,0,0,0,0,0,-32478,28667,0,0,0,0,0,0,0,0,-25786
84625752,Team0,-1,0,0,0,28080,0,0,0,0,0,28123,0,0,28488,0,-22709,0,0,0,-18696,-18719,0,-20530,29593,-23441,0,0,0,33280,33844,0,0,0,0,-26970,0,0,0,0
84625882,Team0,1,0,30400,0,0,0,-27367,0,-25302,0,0,0,0,32476,29603,0,0,0,0,0,-28324,0,0,-27641,0,0,0,-27708,0,0,0,0,-22178,24889,29113,28083,0,0,0
84625889,Team1,-1,0,29221,0,0,0,0,0,23518,0,0,-28250,0,23166,0,0,0,-27337,23169,-30464,0,0,0,0,20254,0,0,0,0,0,31816,0,0,-29916,-33233,0,-30764,0,0
84626020,Team0,0,-24340,0,0,0,0,0,25067,25355,0,0,0,0,0,0,-26083,-23466,22773,0,0,-25114,23707,0,32758,0,0,0,0,-25128,0,0,0,0,0,-19878,0,0,26357,0
84817919,Team1,-1,18753,0,-27922,0,0,-32522,-25187,0,20579,0,22234,0,17885,0,0,0,19093,0,0,-34489,19039,0,0,-26045,0,0,0,0,0,0,0,0,-25926,0,0,0,0,0
84817936,Team0,1,0,-28203,0,0,0,0,0,24872,0,0,0,0,0,0,-28375,0,29313,0,0,-26106,27666,-24906,29658,0,0,0,0,0,-26066,28126,0,0,0,0,0,27471,-24918,0
84817973,Team0,0,0,30173,0,0,25615,0,0,-29159,0,0,0,0,0,24341,0,0,-24282,0,0,-24154,0,0,23303,0,0,0,0,0,-29366,0,25402,0,27412,-29081,0,-24155,0,0
84818004,Team0,0,0,0,0,0,28604,0,0,-26061,0,0,30187,0,0,0,0,-23506,0,0,0,0,0,0,0,-25336,0,0,30319,-21799,0,0,0,0,28250,-21661,-24194,29700,0,25978
84818006,Team0,0,0,27532,0,-23055,0,0,0,-26787,0,27773,0,0,-24369,-26144,0,0,25046,0,0,32349,0,0,0,0,0,21711,0,0,0,-28466,-25189,0,0,28401,0,0,0,0
84818116,Team1,-1,22593,0,21245,-26535,0,-37189,0,0,0,-25147,0,0,0,0,18961,0,0,0,0,0,0,-23148,0,0,0,0,-27543,0,28926,0,0,24977,0,-28069,0,0,0,19169
84399562,Team1,-1,0,0,0,0,0,-39982,0,-28658,0,-25324,0,29557,19266,0,0,0,0,-23571,0,-25225,0,0,0,25758,0,0,0,23335,20752,0,0,0,0,0,0,0,20431,-31148
84399629,Team1,1,30842,-27938,0,-26011,0,0,0,0,0,-22852,-26276,0,0,0,0,-21373,0,0,0,25498,0,0,26894,0,0,0,0,0,0,0,26059,0,27200,29754,0,-26067,0,0
84399661,Team0,1,35451,0,0,-20752,0,-24693,24449,0,0,0,0,0,0,0,0,-22793,0,0,0,24610,0,0,-25085,0,0,25741,30342,0,-26233,33221,0,0,0,0,0,-25897,0,0
84399707,Team0,1,0,34007,0,0,0,-27421,0,28182,0,-20669,0,0,0,24501,-20664,-25909,0,0,0,-21002,0,0,0,0,0,0,-22184,0,0,30495,27155,0,0,0,0,0,0,27969
84399726,Team1,-1,-30275,0,0,-30382,0,0,0,-30188,25516,0,24126,0,0,20941,0,20250,0,0,0,0,0,0,21709,0,0,0,0,0,22753,0,0,0,-33070,-29890,0,-30536,0,0
84399738,Team1,-1,0,-35165,0,0,0,0,0,-35229,0,0,23518,0,0,-34389,0,19270,-34077,0,0,0,0,0,0,22116,24599,0,0,0,0,-30884,0,0,0,26029,24080,-34487,0,0
84399750,Team1,-1,0,-32656,0,0,-21636,32215,0,0,0,21321,-23150,0,0,0,0,0,21139,-21829,0,21739,-21893,0,22705,0,0,0,0,0,0,0,0,0,0,25889,0,0,-23910,0
84399899,Team0,-1,0,42561,0,0,0,0,23884,0,0,-22442,-24339,0,-21826,0,0,0,0,0,0,29141,0,0,0,0,0,0,0,0,0,0,0,0,0,0,0,0,0,0
84431286,Team1,-1,25537,0,0,22651,0,0,0,0,-25740,0,-26311,0,0,0,0,-28857,0,0,0,18761,0,0,-25462,0,-35656,0,0,0,23268,0,21148,0,0,21353,0,0,0,-27628
84431421,Team0,0,0,0,0,0,0,0,0,21652,0,-23735,-29148,0,0,0,0,0,-31185,21650,0,0,-27135,0,0,0,31908,-27889,0,0,0,36837,0,0,0,24501,-26911,0,0,21966
84431484,Team1,-1,0,0,0,0,-26561,0,0,23334,0,0,-26239,0,-30851,26628,0,0,-25779,0,0,0,0,0,0,24173,0,0,0,0,0,29121,21744,0,0,-32847,-30685,0,0,27259
84431773,Team1,0,0,24174,0,0,0,0,0,0,22739,-22220,26172,25455,0,0,-19750,0,0,0,0,0,-24656,0,0,-22894,0,0,21285,0,-21700,0,0,0,-29861,26341,0,0,0,0
84431827,Team0,-1,-23803,0,0,0,0,0,0,0,0,0,-29997,0,0,0,-31077,0,0,0,0,0,23500,-24628,0,0,0,0,31808,23946,0,0,0,0,-26424,28289,0,32301,24254,-25360
84431941,Team1,-1,0,-24963,24169,0,0,0,-24509,0,0,0,-31012,0,0,0,0,-22619,26178,-23350,0,-25959,25131,0,27819,0,0,0,0,0,0,0,0,0,22971,0,0,22184,0,0
84432097,Team1,0,0,-27339,0,0,0,34606,-24926,0,0,0,-29132,0,22724,0,0,-26333,0,0,0,25042,23222,0,0,0,0,0,0,0,-28758,26088,0,0,0,0,-25138,24250,0,0
84724367,Team0,1,0,0,0,0,0,-37000,0,0,34790,0,31470,0,-22462,0,0,0,24998,0,0,-25386,24802,0,0,28466,0,0,0,0,-32525,0,0,0,0,32581,0,-26737,-21863,0
84724401,Team1,1,0,0,25966,-26290,0,-25635,-22570,0,0,0,0,0,0,0,29338,0,0,0,0,25764,0,0,0,0,0,0,32636,-27068,33088,0,27281,0,-32080,-27307,0,0,0,0
84724416,Team1,-1,20985,-29213,0,0,0,24370,-28424,0,0,0,0,-27403,0,0,0,0,-28008,0,0,21591,0,0,27626,-29643,0,0,0,0,-30244,0,0,0,22432,0,0,21567,0,0
84724451,Team1,-1,0,-32425,24755,0,0,38696,0,0,0,0,23444,0,-35146,0,0,25344,0,28374,0,0,0,-27788,0,-30403,0,0,0,0,0,0,0,0,26432,-28832,0,0,-30957,0
84724460,Team0,0,0,17361,16036,0,16056,0,0,0,-8819,0,-8505,0,0,0,0,0,-9421,17080,0,-9706,14915,0,0,-6992,0,0,0,0,0,15575,0,-9226,0,0,0,0,0,0
84724482,Team0,-1,0,0,0,0,0,32893,-29215,0,0,0,26021,-30860,24475,0,-25965,0,-24004,0,-36273,23911,0,0,0,0,0,0,0,0,-31368,0,26001,0,22514,0,0,0,0,0
84724485,Team0,1,-21645,0,33581,0,0,0,0,0,-26115,0,-21457,0,-24863,0,0,0,31051,35038,33369,0,28797,0,0,0,0,-19394,0,0,0,-19840,0,0,0,28521,0,0,0,0
84724494,Team1,-1,0,0,0,0,0,29059,0,-27685,-34419,0,0,0,0,0,0,0,-29539,26640,0,23587,-31507,0,19870,0,-29437,0,-29529,20347,0,0,0,0,21649,0,0,0,0,0
84724531,Team1,-1,0,24339,0,0,-34205,-30833,0,17606,0,0,20754,0,0,-33353,0,0,0,0,0,25908,0,-32955,0,0,-36919,0,0,-37768,19318,0,0,0,0,0,0,17932,0,0
84724534,Team1,-1,0,-30645,0,0,0,0,0,-27682,22433,0,28314,23070,21324,0,0,0,27613,0,0,-25746,-25749,0,0,0,0,0,0,0,0,0,0,0,0,0,-25254,-24341,0,21681
84724582,Team1,-1,0,0,0,19470,-21885,-30243,0,0,0,0,0,0,26080,0,0,0,0,20391,0,18980,27059,0,0,0,0,0,-22490,-24336,0,0,-21944,0,-25253,21839,0,0,0,0
84724589,Team1,0,0,0,22029,0,0,0,0,-25552,0,0,0,0,-27545,0,-24099,0,0,0,0,26323,0,0,-36926,0,0,0,25834,0,0,-29613,0,0,23533,31810,18832,0,-35301,0
84724656,Team0,0,0,0,28824,0,0,0,-23720,0,0,0,0,0,24946,-26351,24778,0,0,-23435,-26038,-34178,0,0,0,0,0,0,0,0,0,25898,0,-23711,33085,25113,0,0,0,0
84724662,Team1,-1,0,0,0,-27839,22631,27938,0,0,0,0,0,24616,0,0,-26717,0,0,-31259,0,0,0,0,0,0,0,0,0,20709,-30835,26650,0,-33289,-28799,24014,0,0,0,0
84656959,Team0,1,0,-27767,25353,0,0,-32836,-22786,0,0,27441,0,0,33294,0,0,0,0,0,33797,28268,0,0,0,0,0,25386,0,0,0,0,0,0,-25658,-23282,0,0,-20063,0
84756021,Team0,0,0,0,-22290,25689,0,0,0,-25409,0,0,0,0,25005,0,-20284,-29149,0,0,0,29247,0,0,32884,0,0,0,-24997,-37660,0,0,0,0,0,0,0,24521,0,21903
84756532,Team0,0,0,-22146,0,0,0,-32624,0,0,0,0,29937,0,0,0,0,-21617,25356,-26594,0,-21501,0,0,36695,0,0,0,0,-21007,0,29013,21486,0,0,28376,0,0,0,0
84757041,Team0,1,0,39311,0,0,-26438,0,0,0,0,0,0,0,29878,0,25812,0,0,-23474,-23423,0,0,-23747,0,0,0,0,-22866,0,0,0,34046,29049,0,-23475,0,29912,0,0
84279833,Team0,0,0,20931,0,0,0,0,-26714,-25694,0,0,0,0,0,0,0,24893,-24904,0,0,36156,-23007,0,-29945,0,0,0,0,0,-24214,0,0,0,0,24176,0,22223,0,24083
84279904,Team1,-1,0,0,12599,0,0,18246,0,0,0,0,0,0,17552,0,17184,12947,0,0,0,-27121,0,0,-27684,0,0,-28290,0,0,-27121,11481,0,0,0,0,0,0,-28868,-23573
84279905,Team0,1,0,34027,0,0,0,-36671,-26346,26092,0,0,31632,0,-21153,0,0,0,29934,0,0,-20468,-21193,0,0,0,0,0,0,-25386,0,0,0,0,25216,0,0,26764,0,0
84280017,Team1,-1,27095,25222,0,0,22169,-39590,0,0,0,-31036,-27494,0,0,0,0,-35710,0,0,0,-27401,0,0,30615,0,0,25128,0,0,0,0,0,0,0,-29154,0,0,25404,0
84465371,Team1,-1,0,0,0,0,0,0,0,0,0,0,0,0,0,26546,-27511,0,0,0,-35172,0,26063,0,0,0,0,0,0,22172,0,0,0,0,-36948,0,0,0,0,0
84465412,Team0,-1,0,-26068,0,0,24495,0,0,-27990,23486,0,33191,0,22576,-26466,0,0,0,0,0,0,-24312,-23730,0,0,30280,0,0,0,0,-23246,0,0,0,31082,0,0,0,0
84465438,Team0,1,33531,0,0,-30706,0,-30572,-25557,-22590,0,0,31026,0,-22285,0,0,34759,0,0,-24011,32279,0,0,0,33017,0,0,0,0,0,0,30295,0,0,0,0,0,0,0
84465581,Team1,-1,0,-29749,0,0,19903,0,0,0,0,0,0,0,0,0,0,0,0,0,-30974,-30665,0,19551,20350,0,0,0,31568,0,22617,0,0,0,-28990,-28412,0,-29253,0,21905
84465643,Team1,-1,-30427,23106,-27618,0,0,0,0,-27411,0,22013,0,0,0,0,0,0,-30549,0,24368,22700,0,0,0,0,26457,0,0,0,0,0,0,24191,0,-30440,0,0,-28582,0
84465667,Team0,1,0,-18622,23522,0,27703,0,31557,0,0,-22927,-23909,0,0,0,-21453,-24055,0,25195,-25316,0,23435,0,0,0,0,0,0,0,0,0,0,0,0,0,26772,0,0,0
84465672,Team1,1,0,27618,0,0,27136,0,0,0,0,-23734,0,0,32505,-23457,-24719,0,0,0,-27814,24749,-22391,0,24898,0,0,0,0,0,0,0,24630,0,0,0,0,0,0,-29919
84465840,Team0,1,0,0,0,0,0,-30288,0,0,0,0,31700,0,0,0,-21717,-25460,-22153,0,0,24454,0,0,0,0,0,0,0,0,0,0,-18950,0,29939,30472,-22321,23860,22934,0
84465843,Team1,-1,-29966,30205,0,0,0,29581,0,0,-28745,0,-42513,0,0,0,0,0,-31693,0,0,26381,-29785,0,0,0,0,0,0,0,0,0,18445,0,18376,-29732,0,0,0,23496
84465845,Team0,0,0,37543,0,-25653,0,32556,25529,0,0,-23581,0,0,0,-28691,0,0,0,0,0,22682,-27343,27038,0,0,0,0,0,0,-29126,0,0,0,20260,-26448,0,0,0,0
84465847,Team1,-1,-34549,0,-27702,0,0,25178,0,25572,0,0,0,0,0,0,0,0,0,0,21522,21787,0,-30451,0,-30348,0,0,0,0,0,23083,0,0,-29714,-35601,0,21636,0,0
84465865,Team0,1,0,-29582,0,0,-23336,0,0,0,0,0,35086,0,0,0,0,22893,-26835,0,0,22893,0,0,0,0,0,0,29350,0,0,0,22489,0,0,-21576,0,-24483,22962,-28423
84465870,Team0,1,0,-28445,0,0,0,0,-20449,0,0,-20830,30334,0,0,0,0,0,-24993,0,0,0,25666,0,0,0,0,27399,0,0,0,27218,0,0,0,0,25812,-23724,28486,-29123
84465871,Team0,0,0,0,0,0,-4014,-4071,0,-6605,0,0,0,0,0,0,-3871,0,-852,10694,0,8479,10029,0,8157,-4460,0,0,0,0,0,0,0,0,9103,9659,0,0,0,0
84465935,Team0,0,0,0,0,27134,0,0,0,0,25879,0,0,0,0,0,0,0,0,0,0,0,0,0,0,0,0,0,0,0,0,0,0,0,0,24510,0,0,0,0
84500252,Team1,-1,0,-28590,0,0,0,34864,0,0,-24264,0,-28151,19354,-28342,0,0,0,-29288,-30707,0,0,0,0,0,0,0,0,0,0,20413,27561,0,0,0,0,0,19513,18435,0
84500408,Team0,1,0,0,0,0,27887,40044,0,-19411,0,0,-25785,0,-22844,0,27518,0,-20118,-21961,-22174,0,29940,0,0,0,0,0,0,0,0,0,0,0,0,29032,0,0,26721,0
84500623,Team0,1,0,0,0,0,0,32523,0,28960,28412,0,0,0,0,-21989,28519,-22707,0,-26361,-26283,33209,0,0,-20968,0,0,0,-25625,0,0,0,0,0,27552,0,0,0,0,0
84500680,Team1,0,-30095,0,0,0,-25321,0,0,-27782,0,-24629,-30008,0,-24699,0,0,0,28692,0,0,0,23284,0,0,0,0,0,0,26014,0,0,0,0,24029,25053,0,31184,0,0
84500681,Team0,-1,0,0,23765,0,-24039,-28341,0,0,26229,-21881,-26579,0,0,0,0,0,0,0,0,-28889,0,0,0,24881,0,0,0,0,22571,0,0,-24409,28015,21956,0,0,0,0
84500697,Team1,0,-27759,35074,0,26480,-30534,0,0,27069,0,0,0,0,0,0,28956,0,0,-22586,0,0,0,0,0,0,0,0,0,-25467,-25354,0,0,0,25043,-28016,0,0,0,26165
84500755,Team1,-1,0,28767,0,0,-24130,-33733,0,0,-24590,0,-38311,-25387,0,23495,0,0,0,0,0,22641,0,0,0,0,0,0,0,0,0,-24130,20584,0,0,0,0,0,23820,21726
84310612,Team1,1,0,0,-23134,0,0,-25060,-25403,0,0,0,0,0,0,0,0,-33176,24669,0,0,23791,0,0,0,-32163,0,0,0,27586,25296,0,25335,28750,0,0,0,0,-25158,0
84310633,Team0,1,25074,0,0,0,0,27849,29280,0,0,-20515,0,-21106,27275,0,0,0,24834,-19649,0,0,0,0,0,0,-28456,0,0,-18389,0,-27404,0,0,0,29523,0,0,0,0
84310666,Team1,0,0,25481,0,0,26453,-30073,0,21324,0,0,26854,0,-30694,0,0,0,20888,0,0,0,0,0,-29030,0,0,0,0,0,0,0,0,0,-31665,32137,0,-28232,-35013,0
84310668,Team0,1,0,0,0,0,25238,0,0,0,24893,0,24434,0,0,0,-26911,-21657,0,-23023,0,-25275,-21711,0,0,0,0,0,33009,0,28997,0,0,0,0,0,0,-22210,0,28070
84310682,Team0,1,0,0,0,0,0,39031,0,0,0,0,-24465,0,0,26294,28052,-24160,-21881,0,0,0,0,0,0,0,0,0,0,-21337,-27772,37673,25421,-20743,23232,0,0,0,0,0
84310745,Team1,-1,0,-31914,0,0,19384,0,0,23953,0,0,25260,0,0,0,22106,22137,0,0,0,0,-28841,0,0,0,23752,0,0,-32382,-32368,0,0,0,-28722,-28813,0,0,0,0
84310798,Team0,0,0,32968,-26501,0,0,0,0,0,27093,0,-23221,0,24876,0,-24082,0,0,26144,0,24796,0,0,-23996,0,0,0,-25388,29887,0,0,-22990,0,0,0,0,0,0,0
84310803,Team1,-1,0,0,0,0,-23633,0,18908,0,0,0,0,-23406,26047,24003,0,0,0,0,25712,0,-29727,0,-29749,0,0,0,0,-23767,0,0,0,0,0,21494,0,0,-23539,21711
84001881,Team0,1,0,0,0,0,0,0,0,0,0,-24200,-27839,0,25899,0,23137,0,24996,0,33866,0,0,0,0,0,0,0,0,34135,-27150,-31941,0,-25877,0,25605,0,0,0,-27934
84001927,Team0,0,-25898,0,22883,0,0,0,0,0,0,0,26518,0,0,0,0,27850,0,0,0,23880,-26597,-29058,0,0,0,0,-23128,-25002,0,0,0,0,-25006,26206,26778,0,0,0
84001955,Team0,1,0,-21668,0,0,0,0,28865,0,-24188,0,0,25992,0,0,0,0,27101,0,34463,-30094,-23055,0,0,0,0,0,29263,-21790,0,0,0,0,0,0,-21780,0,25021,0
84002009,Team1,-1,25725,0,0,0,-26446,0,0,-29464,0,0,-33602,0,0,0,26759,23409,0,0,0,0,0,22284,0,-29169,0,0,0,26969,24128,0,0,0,0,-31782,0,0,-27533,0
84002028,Team0,0,0,0,25448,-22978,29855,0,0,0,0,0,36304,0,25730,0,-15670,0,0,0,0,0,-21523,27342,0,30198,0,-19007,0,0,0,-18295,0,0,0,0,-16968,0,0,0
84002029,Team1,0,22454,-25301,0,21821,0,0,25894,0,-23835,0,-27764,0,-24672,0,0,0,32467,0,0,0,-23893,0,0,0,0,21146,0,0,0,-23314,0,0,0,22889,0,0,0,0
84002081,Team0,0,-23052,0,0,0,0,0,0,-22695,0,0,26057,0,0,26056,0,0,27960,0,0,0,-21365,0,0,0,0,0,25945,-22436,0,0,29614,26605,0,0,-22583,0,-27525,0
84002115,Team0,1,-23174,0,0,27552,0,0,0,0,0,0,0,29341,0,-27602,0,0,22333,0,0,0,-26780,0,-29221,0,28205,0,0,0,29396,0,0,25463,0,0,-25000,0,-28313,0
84787199,Team1,0,0,0,26283,0,0,0,0,24215,23776,0,0,0,-22958,0,0,0,0,0,0,28180,28267,0,0,0,0,0,0,0,-30425,0,0,0,-22539,-30111,0,-23053,21860,-23243
84787227,Team0,1,0,0,0,0,0,32504,27770,24922,0,0,0,0,0,0,0,-27877,-21231,0,0,0,0,0,-21550,28945,-21433,0,-24794,0,0,32684,-20091,0,0,0,0,0,0,27882
84787682,Team0,1,0,23430,0,0,0,0,0,0,0,0,22506,0,0,0,23819,30908,0,0,0,-26040,-22942,0,-30271,0,0,0,0,0,-21007,28076,23005,-21057,-26770,0,0,0,0,0
84034919,Team1,1,23322,0,0,0,0,23301,-21593,0,0,0,0,0,0,0,-26551,29451,-20568,0,-26469,0,-23596,0,0,0,0,0,24763,24469,-39626,0,0,0,0,0,0,0,27046,0
84034937,Team1,0,0,0,0,0,25075,0,0,-29232,0,-23986,27205,0,0,0,0,0,32562,24416,-26907,-26845,0,0,0,0,0,27784,-26374,-29981,0,0,0,0,0,0,0,0,0,24620
84034951,Team0,-1,22579,0,-26066,0,0,28057,0,-22554,0,0,0,0,26847,0,-21950,0,-32440,0,-31598,0,0,0,0,0,0,0,20217,22860,0,0,0,21661,0,0,-23750,0,0,0
84034965,Team0,1,-25627,0,0,0,-22780,0,0,0,0,0,0,0,24822,0,-23485,0,0,0,0,0,-23962,0,-29905,-21688,0,0,31822,0,0,0,0,0,28696,0,0,28617,31739,27326
84035053,Team1,-1,0,0,0,0,0,-31371,0,19525,0,0,0,-32120,19328,0,0,0,0,-29727,25931,0,-31303,0,0,0,0,0,-32450,19163,31516,0,0,0,0,0,0,0,-29728,18911
84035112,Team1,-1,-36167,28173,0,0,23218,0,0,-27265,0,0,-27448,0,0,0,0,-25358,0,0,0,0,0,0,23414,0,0,0,0,-28375,22233,0,0,0,0,0,0,23223,29576,-27384
84035116,Team1,1,0,-30288,0,24031,0,0,-28959,0,0,0,0,0,0,-27919,0,0,0,0,23045,0,0,0,0,-39846,0,24018,0,22700,0,0,0,23970,0,0,-27793,0,25455,-27116
84846705,Team0,0,25504,29986,0,0,0,0,0,33022,0,0,-26686,0,0,0,0,-23605,29507,0,0,0,0,0,-22978,0,0,0,0,0,-28849,0,0,25612,-33401,0,0,-22887,27720,0
84846757,Team1,-1,0,-27430,23482,0,-26568,0,0,0,23644,-28479,0,23442,0,0,0,0,0,0,24428,23047,0,0,0,0,0,0,-28554,0,33790,0,0,0,0,-25354,0,0,0,-37378
84846762,Team1,-1,0,-36030,0,0,0,-31443,0,21484,22922,-29024,27793,0,-26300,0,0,0,-27966,0,18862,25571,20382,0,0,0,0,0,0,0,0,0,0,0,0,-27730,0,0,0,0
84846764,Team0,-1,0,0,25425,0,0,30079,0,-22641,0,0,0,0,0,0,0,25562,24411,0,0,-22325,0,23088,0,0,0,0,-30519,0,0,-34823,0,0,0,29200,-21061,-22589,0,0
84846815,Team0,1,0,24963,0,0,0,0,0,0,0,0,-17634,0,0,0,0,23160,-13110,-12552,0,-13798,0,0,0,21495,0,0,0,19430,0,0,0,-13474,0,25907,-11233,0,26285,0
84846913,Team0,-1,27252,0,0,0,0,0,0,0,0,0,30506,0,25137,0,0,30085,0,0,0,0,-24836,0,26336,0,0,0,-24158,0,26860,-29461,0,0,-28793,0,0,-26683,0,-27091
84846926,Team0,-1,0,0,0,-23295,0,0,-21889,27820,0,0,32961,0,-26394,-23480,0,0,0,0,0,0,-21817,26137,0,0,-30701,0,28261,0,0,28415,0,0,25715,0,0,0,0,0
84846951,Team0,1,0,29840,0,27462,0,0,0,-26806,0,0,-25853,0,0,0,0,-25206,0,0,-26174,31537,0,-22948,0,0,0,0,0,-23859,0,0,31697,24311,28000,0,0,0,0,0
84846973,Team0,1,0,-28360,0,34084,-22113,32051,0,23944,23856,0,-25503,0,0,0,0,0,-24349,0,0,29320,-21564,0,0,0,0,0,0,0,0,0,0,0,0,34673,0,-33932,0,0
84846997,Team0,1,33275,-25645,27275,0,-24793,0,-21374,0,0,0,0,0,0,32875,0,27825,0,27496,0,0,-24719,0,0,0,0,0,-26640,0,0,0,0,0,0,39784,0,0,-20588,0
84847057,Team1,0,0,-23599,0,-25755,25200,-23110,0,24925,24716,0,31178,0,0,0,-23427,-23112,0,0,0,0,0,-22396,0,24044,0,0,0,0,29451,0,0,0,0,0,0,0,0,0
84847085,Team0,1,0,0,0,0,-23960,-27094,-21139,0,0,0,0,0,-19956,0,0,27283,0,25449,0,0,25930,0,0,0,0,0,29435,26727,0,0,0,0,0,-24736,0,0,23052,-21048
84248230,Team0,0,0,0,0,31468,0,0,0,0,0,26907,-32394,0,26812,0,0,-20142,-20272,0,0,0,27229,0,0,0,0,0,0,29956,-25000,0,-22657,0,0,27318,0,-27676,0,0
84339516,Team0,0,0,0,0,0,0,-29283,0,0,0,0,25216,0,0,0,0,-24532,-22349,23823,22901,0,24329,0,-29075,0,0,0,0,0,-26355,34064,0,0,0,30191,0,-22322,0,0
84339524,Team0,0,-30132,24460,27140,0,24932,0,0,0,0,0,0,0,0,0,-29385,0,0,0,0,0,27968,0,0,0,0,-26411,0,0,0,26158,0,0,-29025,-29733,0,22138,-26614,0
84339576,Team0,1,0,0,0,25170,0,0,0,0,-29025,0,0,0,-23095,0,-28335,0,0,0,-28051,-24894,24132,0,0,0,0,0,-23613,26474,0,24327,0,0,0,29961,0,22985,0,0
84339590,Team0,-1,0,29834,0,-26935,0,0,0,0,0,0,0,0,0,0,0,0,0,0,0,21287,-27476,23217,29261,0,0,-23044,0,0,-29627,0,0,0,21549,25526,-24312,0,-22871,0
84339601,Team0,1,0,0,0,-20027,0,30664,0,0,-19969,0,0,-28619,24118,0,25172,0,0,0,0,-24150,0,0,-27660,0,-25652,0,0,27947,28553,0,0,0,29457,0,0,0,0,0
84339603,Team1,-1,22021,-37947,0,0,0,0,0,0,-23814,0,22014,-23101,-26575,0,0,25862,-29523,0,0,-23494,27792,0,20479,0,0,0,0,0,0,0,0,0,0,0,0,0,20911,0
84339626,Team1,-1,-29425,25129,0,0,28279,0,0,0,-27342,0,0,0,-23960,0,-23823,21021,0,0,0,-25880,0,0,21750,0,0,0,0,22981,-27449,0,24045,0,0,0,0,0,0,0
84339698,Team0,0,24553,0,0,0,0,0,0,0,0,0,0,0,0,-27393,0,-24167,26014,26104,-23499,0,25220,0,0,0,0,23683,-25419,0,23717,0,0,0,0,0,0,-26930,0,-24529
84339705,Team1,-1,0,0,0,0,-26344,-28944,-27943,0,-25695,0,24514,-24987,0,0,0,24494,21527,0,0,-25694,0,0,34657,0,0,0,0,0,0,0,0,0,0,26803,0,21981,0,0
84216959,Team0,0,0,0,0,0,0,-24954,0,0,27444,0,-23160,0,-24306,0,25427,-21135,-24049,0,0,0,24643,0,0,0,0,0,0,0,0,31098,0,-24157,0,0,0,27558,0,27022
84216960,Team0,1,0,35052,0,0,0,-25237,0,-21542,0,0,0,0,0,0,0,0,0,0,35014,0,0,30353,36367,-21919,0,-20400,0,33046,0,-30843,0,0,34139,0,0,0,-22405,0
84217007,Team0,1,0,0,0,0,0,-17832,0,0,0,0,0,0,0,26046,0,0,-18391,0,0,0,-19447,0,28851,0,25061,0,0,-12555,0,0,0,-20275,24835,25844,25202,0,-12526,0
84217010,Team1,-1,25462,0,0,24530,0,0,0,-32330,0,0,0,23301,0,0,0,0,0,0,22540,-28887,0,25931,0,0,0,0,0,22991,-35046,-33264,0,0,0,-29360,0,-28752,0,0
84217078,Team0,1,0,26851,0,0,-22073,0,24262,0,0,0,-25109,0,0,31308,0,27754,0,-24716,-30279,0,0,-20382,0,0,0,0,-22805,0,28222,0,0,0,0,24947,0,0,0,0
84217079,Team1,-1,0,0,0,0,0,0,0,0,0,0,25625,0,24022,-28323,0,-26233,24639,0,0,0,26408,0,0,0,0,23619,0,0,-29117,0,0,0,0,-29912,0,-30478,26925,-25941
84217080,Team1,-1,-37737,0,-35146,0,0,33153,0,0,0,0,0,0,0,0,0,-32630,22003,0,0,17768,20670,0,0,0,0,0,0,-34495,-32679,0,20205,0,0,-34167,17807,0,0,0
84217146,Team0,1,0,0,0,0,29949,0,0,26875,0,0,0,0,-28413,0,27773,0,-22501,0,0,-24065,-22058,26368,0,0,0,0,28768,-33051,0,0,-27992,0,0,0,0,0,26773,0
84217212,Team1,-1,23449,0,0,0,35897,-34312,0,0,0,22130,0,28458,0,0,0,-20968,0,0,0,-23148,26315,0,0,-23923,0,0,0,26102,0,0,0,0,0,-21496,0,-25885,0,0
84564680,Team1,-1,0,0,0,0,25631,32003,0,21337,0,0,0,0,0,0,0,0,20882,0,0,0,-28530,0,-30738,0,-27641,0,0,0,0,-33043,-27792,0,0,23601,0,21339,0,-27539
84564763,Team0,1,0,0,27361,0,26431,-25702,0,-21248,0,0,28725,0,0,0,0,0,-21497,0,0,0,0,-21780,0,-23433,-19640,0,0,0,0,0,0,0,0,32186,0,25998,0,24334
84564842,Team1,-1,0,0,0,-27747,-30358,0,0,0,0,0,23627,0,0,0,-27922,0,0,0,0,0,-25347,0,-31877,0,0,0,0,0,26823,0,22585,0,26136,0,0,-27718,23729,23221
84565007,Team0,0,0,31947,-36302,0,0,32442,-22988,0,0,0,0,0,0,0,0,0,0,0,-24303,26165,-23922,32199,28074,0,0,0,0,0,-25612,32532,0,0,0,0,0,0,-25302,0
84565036,Team1,-1,0,0,0,0,-28265,0,-32409,30514,32271,0,0,0,24900,0,0,0,-33105,0,0,0,0,23946,0,0,0,0,0,-30150,0,0,28621,0,26748,-30452,-29867,0,0,0
84183626,Team0,1,0,33823,0,0,24715,0,24947,0,0,0,0,0,0,0,0,-20419,0,0,0,24146,0,0,0,0,0,0,-27909,-24185,37459,0,0,26994,0,-27112,0,0,-22042,-32480
84183628,Team0,-1,0,0,0,0,0,-29375,0,0,0,0,27397,0,-22317,0,0,0,-23728,-28893,0,25507,28629,0,0,-23220,0,0,0,0,0,0,0,0,30400,-29049,0,22387,0,22962
84183629,Team0,1,0,0,0,0,-2113,0,0,24593,-25255,0,-7915,0,0,0,20121,0,0,0,0,-22796,19498,0,-5684,0,22856,0,0,0,0,19640,0,0,0,-26768,0,0,18851,0
84183660,Team0,1,0,29640,0,0,0,0,0,27991,0,-23479,0,0,0,0,0,0,0,0,0,33631,0,0,0,0,0,0,-25193,-20964,0,-20013,0,0,28514,-27222,0,30902,27663,-21909
84183695,Team1,-1,29477,-31451,0,0,-24406,0,0,-25089,-23998,0,20890,0,21662,0,0,20904,0,-25746,0,20855,-25844,0,0,0,0,0,0,0,0,0,19672,0,0,0,0,0,0,0
84183734,Team0,-1,21424,0,0,-29695,0,31552,0,0,0,0,-28781,0,23715,0,0,-27670,18591,0,0,0,0,-26396,0,-32095,0,0,-26049,0,0,0,19750,0,0,0,0,0,0,21348
84183752,Team1,-1,0,0,0,0,0,0,0,-20706,0,0,0,27151,0,0,-27173,0,24022,0,0,31609,24345,0,0,0,0,0,0,-24112,28325,-30018,0,0,-21239,-22569,0,25242,0,0
84183753,Team1,-1,0,0,0,-33960,0,0,-29455,-28424,0,0,0,0,0,0,26567,0,19203,21329,0,23299,-31421,0,0,0,22682,16966,0,0,-32688,0,0,0,0,0,0,0,-33347,0
84183761,Team1,1,28238,0,0,0,-25825,0,0,-24657,23178,0,0,25905,0,0,-28268,0,-24857,-23217,0,33258,0,0,0,0,0,0,23108,-30184,0,0,0,0,0,0,0,0,33125,0
84183819,Team0,1,0,30379,0,-32205,0,-25172,0,27407,23213,0,0,0,-19118,0,-22687,0,29366,0,0,0,0,0,27344,0,0,0,0,0,-31821,0,0,0,0,0,0,-22683,0,30459
84532760,Team1,0,30313,0,0,0,25887,0,0,0,0,0,0,24664,0,0,0,0,0,0,0,-31065,25138,0,0,0,-29483,25472,0,0,0,0,-24828,0,-25346,0,0,-27676,22769,-27611
84532765,Team1,1,0,0,26854,0,0,-32755,31618,0,0,0,0,0,27374,0,0,0,0,0,0,-28157,0,0,-25421,0,0,26991,0,-20527,0,35002,0,0,-20703,-26428,0,0,23834,0
84532819,Team1,-1,0,19582,0,0,0,0,0,0,-26716,0,0,-25881,-21464,0,0,0,13494,0,0,16012,0,0,0,0,0,11779,0,-21502,-35045,0,0,0,17439,0,0,16058,-21839,0
84532827,Team0,1,0,36907,0,0,30989,0,31512,0,0,0,-21542,33423,0,0,0,0,34083,-25039,0,-27434,-23548,0,0,-19725,0,0,0,0,0,0,0,0,-29443,30250,0,0,0,0
84532838,Team1,-1,0,0,0,29067,0,-28256,-24480,0,0,0,27823,0,-29233,-31468,0,25655,0,0,0,0,26735,0,0,0,0,0,0,0,0,0,24484,0,-22368,-22680,0,0,0,25746
84532891,Team0,1,-20668,0,0,0,24118,-28156,0,0,0,0,-22765,0,26455,0,0,-32301,0,0,0,0,-21455,-20898,0,0,0,29508,0,29884,0,0,0,0,0,24679,0,0,24417,0
84532930,Team0,1,-29478,34478,0,0,-21972,24657,0,-25843,0,25771,-20645,0,0,0,0,0,26246,-25518,0,25793,0,0,0,0,0,0,0,0,-22437,0,0,28834,0,0,0,0,0,0
84532934,Team0,-1,0,29954,0,0,23460,0,0,24538,0,0,0,0,-30136,0,0,0,0,0,-30725,23246,0,0,0,0,0,0,-22481,-20230,0,-24860,-23409,0,0,0,24384,25794,0,0
84532935,Team1,1,0,36719,0,0,23971,24070,0,0,-22027,0,-26107,0,-21491,0,-22093,0,0,0,0,0,0,0,0,0,0,0,0,0,-32242,21686,0,0,-28959,26153,0,23266,0,0
84532966,Team0,1,0,0,0,0,0,0,30854,-27371,-22367,0,0,0,27021,0,0,0,32348,0,36165,-21626,0,0,0,-24093,0,0,31112,-25918,-23111,0,29628,0,0,0,0,0,0,0
84533022,Team1,0,25620,-24462,0,0,21836,32931,0,0,0,0,0,22842,0,0,26391,0,0,0,0,0,-29009,-25224,0,0,0,0,0,-23852,0,0,0,0,-22517,-26351,0,0,22859,0
84533026,Team0,1,0,0,0,0,29512,-25269,0,27568,0,0,27732,0,-27123,0,-24941,0,-24757,26640,0,35981,0,0,0,0,0,0,0,28178,0,-22678,0,0,0,-25596,0,0,0,0
84533027,Team1,-1,0,0,0,-24403,0,0,0,-24615,0,22710,24488,26307,-33725,0,0,0,22830,-24166,0,-32382,0,0,0,0,-25328,0,0,0,31126,0,0,0,0,0,0,0,0,32282
84533063,Team1,-1,0,0,0,0,0,35190,-23170,0,0,0,0,0,0,23997,-27351,0,-21851,0,-31123,0,-22337,21994,-25037,34665,0,0,22342,0,0,0,0,0,21685,0,0,0,0,0
84533086,Team1,-1,0,0,27473,0,0,-30052,0,24996,0,-25322,0,0,25698,0,-25294,-24755,30610,0,0,-30067,0,0,0,0,0,0,0,0,25321,0,0,0,0,-31361,0,0,0,27668
84533089,Team0,-1,0,-29108,0,0,-21767,0,0,29933,0,0,0,0,26298,0,-21303,0,0,0,27066,25672,-23098,0,0,0,28942,0,0,0,0,-25567,0,0,0,28732,0,-21806,0,0
84533101,Team1,-1,-33079,0,0,0,-27162,0,0,0,0,0,23252,0,0,0,-27643,0,0,0,0,24781,25016,0,0,0,0,0,0,0,24908,-29723,0,-28890,25870,-27772,0,27459,0,0
84876747,Team0,1,29848,-28400,29256,0,-28082,-23857,0,-26089,0,0,0,0,0,0,0,0,0,0,34429,32871,30352,29593,0,0,0,0,0,-23907,0,0,0,0,-23077,0,0,0,0,0
84876748,Team1,0,0,-18265,0,0,0,0,0,6725,0,0,0,0,0,0,0,11418,5167,0,0,0,0,-14945,-14226,0,0,-15438,0,7643,6878,-15636,0,0,-14227,10226,0,0,0,0
84876768,Team1,-1,-38507,-32941,0,26017,0,0,0,32602,0,0,0,0,0,0,0,0,0,0,0,0,-30700,-28768,0,0,0,19608,0,0,30798,0,0,0,19609,19344,0,0,-26678,-28132
84876780,Team0,0,0,0,0,0,0,0,0,24044,0,0,0,0,0,-23967,0,-29097,0,0,28646,24973,22895,27197,0,0,-29133,0,-27642,0,0,0,0,26838,0,0,0,-25574,-22712,0
84876796,Team0,0,0,-24265,0,0,-25163,0,0,0,0,-24833,0,-22919,30207,0,0,0,0,0,28875,-29916,-26154,0,0,0,0,0,32894,0,29779,28823,0,0,0,0,0,26327,0,0
84876882,Team0,1,0,0,0,0,-23570,29943,20344,0,0,0,0,0,0,0,-23287,0,25181,0,23518,-23008,25053,0,-23421,0,0,27205,0,0,-27320,0,0,0,0,0,0,-22064,0,0
84124910,Team1,-1,0,0,0,30364,-24226,27115,0,-24523,0,0,0,0,0,0,25518,0,0,0,0,27077,-24535,0,30491,0,-30452,0,0,-29491,0,0,29048,0,0,0,0,0,0,-30322
84124957,Team0,0,0,-29325,0,0,0,0,-19788,0,0,-19734,0,0,0,0,0,-23426,0,26493,-22709,23093,23834,0,27100,0,0,0,0,0,-25921,23002,0,21666,0,0,0,0,0,0
84125030,Team0,0,0,-29604,0,0,-20750,0,0,0,25360,0,0,21944,-24772,-24801,0,0,0,0,0,0,0,0,0,-26340,0,0,25109,0,0,25061,0,0,0,31203,0,-22282,28000,0
84125043,Team1,1,-31922,-28579,0,0,22457,23608,0,0,-22966,0,23981,0,0,-24974,0,0,0,0,0,-30303,0,0,0,0,0,0,0,21193,0,0,0,0,24385,-20925,0,25541,0,0
84125052,Team0,1,0,0,0,0,-16218,0,33643,0,0,0,-25926,27404,25576,0,28881,-20083,0,0,0,0,0,0,-33150,0,0,0,0,0,-24370,30328,-20542,0,0,0,0,0,31869,0
84125057,Team0,0,31140,0,0,0,0,0,0,-22807,0,0,0,0,0,-21932,0,0,23661,0,28906,-22780,0,0,0,0,0,27313,-27878,0,0,0,0,26009,-25228,0,0,-23537,0,25289
84125178,Team1,-1,30368,-30289,0,0,21911,0,0,0,0,0,25857,0,0,-34646,0,-30516,-27735,23678,0,22279,22935,0,0,0,0,0,0,0,0,0,-31110,0,0,-33112,0,0,0,0
84125204,Team0,1,0,24949,0,0,-19260,0,-25123,27893,0,0,-24218,0,0,0,0,0,26001,-23347,27405,-21149,0,0,0,0,-19595,0,0,0,28273,0,0,0,0,0,0,26925,0,0
84154536,Team1,-1,-25180,27387,0,0,0,0,0,0,0,23961,0,0,0,0,22687,20739,-26509,0,0,23290,0,0,0,0,0,0,0,0,-34946,0,0,-27941,0,29361,0,-26753,0,-26641
84154561,Team0,1,0,-22571,-19497,0,0,-39522,-22156,0,30177,0,34136,-22102,0,0,0,35587,0,0,0,0,33772,0,0,0,0,0,0,34024,39817,0,0,0,0,-23158,0,0,0,0
84154584,Team0,1,0,0,0,0,0,-24944,0,27089,0,0,0,0,-26391,0,0,0,30092,0,0,-27886,0,0,0,0,-24928,0,40249,0,0,-34817,-25313,0,0,30056,0,0,35491,30779
84154598,Team1,-1,0,0,0,0,0,0,0,0,0,0,30448,0,-28710,0,-26415,0,22532,-37373,0,-32602,19706,0,0,0,0,0,0,-35209,24060,-42913,0,0,23812,0,0,21035,0,0
84154602,Team0,-1,0,33402,0,0,-23177,0,0,0,-22904,0,-22640,0,0,0,-26813,0,0,0,27415,23936,32777,0,0,0,0,0,0,0,0,0,0,0,-21695,-21660,28956,28642,0,0
84154615,Team0,1,0,0,0,0,0,0,0,24896,26153,0,0,0,-20527,0,26243,0,0,-25102,0,0,0,0,-21761,27948,0,0,-25369,-22171,0,0,0,0,0,-26193,25243,0,25221,0
84154625,Team1,-1,0,0,0,-29643,27521,0,22948,0,0,0,27242,22751,0,0,0,0,0,0,0,22124,-27065,-25537,0,0,0,0,0,-29724,26233,0,0,0,0,-34584,-25700,0,0,0
84154639,Team0,1,0,29928,0,0,0,32973,31436,0,0,-19852,-21411,0,0,0,0,-23894,0,0,0,28397,0,0,29925,0,0,0,0,-19747,-29134,0,0,31618,0,-27237,0,0,0,0
84154651,Team0,1,0,0,0,32813,0,0,0,0,0,0,28652,0,32541,0,0,0,-23697,0,-39208,0,0,0,29938,-20256,0,-20832,0,0,-18781,44306,27733,0,0,-21107,0,0,0,0
84154695,Team1,-1,0,0,0,-42127,21718,22912,0,0,20746,0,0,-29610,0,21447,25440,-28473,0,0,0,0,0,0,0,0,0,0,-31104,22560,0,-37561,0,0,0,0,0,-30534,0,0
84154770,Team1,-1,-27503,0,0,0,0,-27850,0,0,0,0,-24706,0,0,0,0,0,0,0,0,26197,0,-27053,0,0,0,0,25302,0,0,27693,24333,22330,-25308,0,0,0,26978,-29245
84368843,Team0,1,0,37799,30274,0,25015,0,0,0,0,0,0,0,0,0,24604,0,25601,0,0,-27481,-22180,0,0,0,0,0,-25855,0,-29529,0,-28729,0,-22909,27604,0,0,0,0
84368862,Team1,-1,0,0,0,0,22615,0,-29945,0,-39226,0,17360,0,18163,0,0,0,-31500,0,0,0,0,0,0,0,0,0,0,-29997,-36254,0,0,-31243,0,19744,0,18023,21019,0
84368871,Team0,1,0,0,0,-18455,0,35118,30895,-27012,0,0,0,0,-18307,0,0,0,0,0,0,0,30662,29737,-22678,0,0,0,0,0,0,-23951,0,0,0,0,0,-18254,32499,29659
84368890,Team1,0,0,-32486,24691,0,0,-37180,0,0,25760,0,0,0,25739,23911,-31250,0,0,0,0,0,-26215,0,0,0,0,-29563,0,0,27009,0,0,0,0,0,22993,0,-29066,0
84368914,Team0,1,25371,0,0,0,0,33252,0,-27961,0,0,26770,0,0,0,0,0,0,0,0,26868,-29193,0,0,-29656,0,0,0,0,-32973,0,0,0,25597,26701,0,0,-26358,-25314
84368915,Team0,-1,31642,-28309,0,0,-24309,-29360,0,0,0,22288,33557,0,0,0,0,0,0,0,0,0,21953,0,0,0,0,0,0,0,0,0,22756,24811,0,0,0,-24521,-29240,-24015
84368983,Team1,0,0,0,0,0,0,0,0,21646,21796,0,0,0,-30180,0,25330,0,0,-23911,0,21738,0,0,0,-27490,0,0,0,-23560,0,26604,0,0,0,28252,-27663,0,-26648,0
84096257,Team1,-1,0,-25655,0,0,-25657,28366,-26223,0,0,0,-41031,0,26871,0,0,0,0,0,0,31711,0,0,0,0,0,0,0,0,0,0,0,0,-24902,-28601,0,24770,21196,26351
84096263,Team0,1,0,0,-25511,0,0,0,0,-24648,-25303,0,26429,0,0,-34037,0,0,-24328,30031,0,0,24326,0,0,0,0,0,24121,0,0,28352,0,0,27786,-23801,0,0,0,0
84096296,Team0,1,0,0,0,0,0,0,0,22586,0,0,26891,0,-20595,0,0,0,24945,-23393,-20933,0,24947,0,0,0,0,0,-31996,0,35767,0,0,-29117,-33747,0,27097,0,0,0
84096324,Team1,-1,0,0,24264,0,0,0,0,0,25390,0,0,0,-24670,0,0,0,-26598,0,0,0,24826,0,-27394,0,0,0,0,0,0,-43400,-27628,0,0,-32393,24276,0,24096,25906
84096370,Team1,-1,0,-34806,0,0,-41110,0,0,0,23367,0,-32371,28052,23573,0,0,0,0,0,0,0,0,0,0,0,-27758,0,0,20511,26926,0,-34076,0,-31757,0,26236,0,0,0
84096372,Team0,0,0,0,0,0,0,0,-23431,0,0,22813,-23554,26746,0,-26051,0,0,-25220,0,-23782,0,-27047,0,0,30515,26761,0,0,0,0,0,0,0,0,0,0,0,20945,21904
84096405,Team0,1,0,0,25545,0,27386,0,0,0,0,0,38252,0,-27731,0,0,0,0,-30735,0,0,0,-21315,-23898,0,0,0,36177,25754,0,0,25895,0,0,0,0,0,-26557,-27654
84096406,Team0,1,0,-38888,-22825,0,28955,0,-20968,-23168,0,28927,29202,-25246,0,0,0,0,0,0,0,32480,0,0,31879,0,-22699,0,0,0,0,0,0,0,0,28024,0,0,0,0
84096421,Team1,1,26010,0,0,0,-22962,0,24236,0,0,0,0,0,0,0,0,20918,-24619,24096,0,0,28647,0,0,0,0,0,-28807,0,-22281,0,24096,0,0,-28075,0,-27557,0,0
84096424,Team0,0,-25452,0,0,0,-24949,32598,0,0,25421,0,-23524,0,27452,0,0,0,0,0,0,25574,25093,0,0,26292,0,0,0,0,0,0,0,0,-22124,-30310,0,-23524,0,0
84096439,Team1,-1,0,0,0,0,0,0,0,25849,0,0,-26305,0,-30134,0,0,0,0,-25771,0,-25881,0,0,0,0,0,0,-27604,0,26680,29223,19791,0,-25131,0,25254,0,0,29037
84096445,Team0,1,-27870,0,0,0,0,0,0,-23903,27020,0,-28476,0,0,31005,30147,0,-23514,-24179,0,0,0,0,0,0,0,0,0,0,28662,26560,0,0,0,26317,-25092,0,0,0
84096463,Team0,0,-25668,32403,0,-27537,23759,0,0,-27520,0,25710,24891,0,21453,0,0,0,0,0,0,-19764,0,0,0,0,0,-20649,0,23949,-24277,0,0,0,0,0,0,0,0,0
84096497,Team1,-1,0,0,0,0,20625,0,20500,0,0,0,0,0,0,0,0,0,0,-27462,0,0,-30412,0,0,-27402,0,0,0,0,0,0,0,23527,-27286,-28584,24293,0,0,0
84594401,Team0,1,0,31815,0,0,24736,0,27679,27935,0,0,0,0,0,0,0,0,-21655,0,0,-24094,0,0,-26377,0,-33061,0,25208,0,0,0,-20399,0,0,-20680,0,0,23294,0
84594427,Team1,0,0,27390,0,0,0,0,0,-26596,0,-26268,-33656,0,22273,0,0,0,22766,0,-28719,-25873,-26724,0,29371,0,0,22237,0,0,0,26184,0,0,0,0,0,0,0,0
84594438,Team0,0,31316,0,0,0,-23143,0,0,-25598,23026,0,0,0,-25619,0,26326,0,-23765,0,0,0,22051,0,0,26992,0,0,0,-25406,0,0,0,0,0,0,22820,-23141,0,0
84594518,Team1,-1,-32853,0,29174,-29054,-27186,0,0,0,0,0,23314,0,0,0,0,27616,26781,0,0,0,0,0,0,0,0,0,0,0,29891,0,-31367,0,0,-31487,0,26440,0,-31070
84594587,Team1,0,0,-33394,0,25811,26758,0,0,0,-27881,0,33403,0,0,0,0,0,-23564,0,0,-27668,-24313,0,0,26468,24888,0,0,26143,0,0,0,-28432,0,0,0,0,0,0
84594685,Team1,1,-23097,26817,0,0,0,0,0,25671,0,0,26610,0,-22845,0,-21297,0,0,0,-26971,0,23439,0,0,0,20984,0,0,0,-28492,0,0,0,0,-21103,0,22743,0,0
84938778,Team1,0,0,-2973,0,0,-10448,0,0,-2973,0,0,852,726,0,0,0,0,0,0,726,-2898,0,0,0,0,0,0,0,-2898,0,0,852,0,852,-11156,0,0,852,0
84938796,Team0,-1,0,-23832,0,0,0,-26399,0,24988,0,30453,0,0,0,0,0,0,0,0,0,-24411,0,0,0,0,0,0,23350,-25050,0,32843,0,0,-26526,25719,0,-24591,27344,0
84938905,Team1,0,31595,-29353,0,0,0,0,22625,0,0,0,-43594,0,-29754,20952,23242,0,-30489,0,0,0,0,0,0,0,0,0,0,0,0,25477,-27592,0,0,22071,0,0,-32401,0
84938916,Team0,1,0,34125,0,-25481,27546,-25722,25571,28376,0,0,0,0,-23096,0,0,0,-23261,0,0,0,0,0,-29596,26396,0,0,0,0,26810,0,-23510,0,0,0,0,0,0,0
84938940,Team0,0,0,0,27723,0,0,-26082,0,0,26545,-24381,27052,0,-21994,0,0,28185,0,0,0,-23791,0,0,-31618,29408,0,0,0,0,0,0,0,0,0,0,0,0,-26151,30956
84938988,Team1,-1,-25939,-26751,0,0,-26688,31976,0,-26062,0,0,0,0,-28246,0,21090,21500,23993,0,0,0,0,0,0,25435,0,0,0,-26439,0,0,0,0,0,22544,0,0,0,0
84939008,Team1,-1,22667,-27643,0,0,22589,0,0,0,0,0,0,18478,0,-29889,0,0,0,0,0,-29899,0,21970,0,0,0,0,0,0,26760,0,-25384,0,-27570,-28723,0,21476,0,0
84939035,Team0,1,-20296,0,0,-33853,0,0,0,-22591,0,0,0,0,0,0,0,22971,0,-20552,0,-25215,0,0,0,0,0,0,27118,0,32312,0,0,0,0,-22730,0,31513,28240,29421
84939048,Team1,0,0,-24379,0,0,0,29254,0,-26977,0,29033,-32786,28191,0,26018,-22973,0,0,0,0,0,-23338,0,0,0,0,23646,0,0,0,0,0,0,0,26522,0,-31274,0,0
84689260,Team0,1,-23639,0,0,0,0,40585,0,-24442,0,0,0,0,29373,0,0,-25143,26306,0,0,28159,0,0,-26770,0,0,0,0,-23897,-23041,0,0,0,0,38314,0,27411,0,0
84689362,Team0,1,0,-20372,-22523,0,0,-25499,0,0,0,28905,0,0,-22904,0,0,31779,0,0,0,25408,0,0,0,0,0,0,0,32657,29492,0,30269,0,-22921,0,-20100,0,0,0
84689435,Team1,-1,25027,0,0,0,-30527,0,0,0,0,0,-27300,0,27060,0,0,0,24073,0,0,0,0,0,0,0,0,0,-21097,0,28729,0,0,0,-25774,-27244,-21914,28361,0,24906
84689438,Team0,1,-24942,32287,0,0,0,-31921,0,0,0,0,0,32987,0,-29875,0,-24903,26029,0,0,0,0,27807,0,0,0,0,0,0,0,0,0,0,0,24557,0,-24079,27034,-21114
84689511,Team0,1,0,0,-22269,0,0,-30454,0,-23220,26833,27462,0,0,0,0,24565,0,0,0,0,25338,23997,0,-26853,0,0,0,0,33668,0,0,0,0,0,0,-20657,-19852,0,0
84971950,Team1,0,28412,-27224,0,0,-22451,0,-25671,27124,0,0,0,0,0,0,-25093,0,25278,0,0,-21368,27758,0,0,0,-27818,0,0,26956,0,0,0,0,0,0,0,0,0,26747
84971952,Team1,1,0,0,-22060,0,-27957,0,0,0,0,0,26721,-23359,0,0,26987,0,0,-24664,0,-24989,25826,0,0,0,0,0,33536,0,0,0,0,0,0,25956,0,26329,0,-24623
84971954,Team1,0,0,25742,0,0,23423,0,0,0,0,0,22181,-24524,0,0,0,21878,-25016,-24978,-29765,0,0,0,0,0,-26798,0,0,27630,0,0,0,0,0,-30853,0,21530,0,0
84971958,Team0,1,-22671,0,0,0,28998,31650,-24913,33820,0,0,33995,0,-21032,-27672,0,0,0,0,0,35883,-24851,31125,0,0,0,0,0,0,-25727,0,0,0,0,0,0,0,0,0
84971960,Team0,0,-25348,-27305,27419,0,25149,0,0,0,25928,-21648,0,25597,0,-30703,0,0,0,0,0,-27157,28087,0,0,0,0,0,0,0,0,0,0,-22233,0,0,0,0,0,27286
84971977,Team1,-1,25059,23209,0,0,0,0,0,0,0,0,-29464,0,0,0,25634,21622,0,0,0,23650,-27172,26576,0,-26623,0,0,0,0,0,0,0,0,-30316,-27453,0,0,-29115,0
84972081,Team1,-1,0,-28730,0,0,18277,0,0,20067,18059,-28680,0,0,0,-28964,23139,0,0,-29044,0,0,21048,0,0,0,0,0,0,0,0,21931,0,0,-33485,-28652,0,0,0,0
84972083,Team1,-1,0,26537,0,0,-28778,25235,0,0,0,-28845,0,0,0,0,-25234,28095,26181,0,0,0,0,0,25475,0,0,26654,-27771,-26881,0,0,0,0,0,0,0,0,-22546,0
84972119,Team1,0,30567,0,0,-30338,0,-29903,0,0,0,0,0,0,0,0,-26653,28232,0,0,0,21271,-24209,0,0,0,20626,0,23612,0,0,0,20821,0,0,-25602,0,-25250,0,0
84972209,Team1,-1,0,0,0,0,0,0,-26673,-27911,0,0,0,0,20795,0,0,0,-27671,0,33837,23681,-32941,0,27495,0,-43713,0,0,25026,0,0,0,0,0,21085,0,0,-29022,0
84972214,Team0,1,0,0,0,-23338,0,0,0,-20608,-20030,0,0,0,0,-22265,0,0,26568,0,0,30085,-22924,0,28006,0,0,0,-23532,0,26774,0,26492,0,0,28527,0,0,0,0
84972247,Team1,-1,0,-26595,0,0,0,33781,0,0,-28079,0,0,24944,0,0,0,0,-24581,0,25887,0,0,0,0,0,0,24536,0,0,-29708,24582,0,0,0,-26106,22731,0,0,-28604
84972249,Team0,1,0,28765,0,25002,0,0,0,0,0,0,-16847,0,23610,0,0,0,0,0,0,0,0,0,-17117,0,0,0,0,0,0,-21233,0,0,0,25508,0,-14374,0,-17506
84625928,Team0,1,-29486,0,-24189,0,-23808,0,-26036,0,0,0,0,0,0,0,27232,25615,0,0,0,24029,0,0,0,-25225,0,0,0,25222,42521,0,24539,0,0,-27828,0,0,0,0
84626033,Team1,-1,0,-36714,0,0,20566,0,0,21854,0,0,0,-27690,0,0,0,0,-28673,-24952,0,-30747,-25483,0,0,28044,0,0,0,20514,0,0,0,0,0,22860,20083,0,0,0
84626045,Team1,-1,-34429,0,0,0,20321,0,18976,-34442,0,0,-32938,0,-26831,0,20983,0,22147,0,0,0,0,0,0,0,0,0,0,20657,0,0,0,0,-32250,20486,0,0,-39010,0
84626061,Team1,0,0,0,0,0,0,21211,19335,29400,0,-26160,-29849,0,-32880,0,0,0,24470,0,0,0,-26241,0,0,0,0,0,0,0,-32286,0,0,0,21041,0,0,22039,-26719,0
84626185,Team0,1,0,-25062,0,0,-23435,0,0,0,27771,27770,0,0,0,0,28697,0,-23697,0,0,-26633,0,0,0,0,0,0,-24843,30826,0,28978,0,0,0,24719,0,-22055,0,0
84626207,Team0,0,-24625,0,0,0,-24351,0,0,-25364,0,0,34011,0,0,-24848,0,0,0,-25864,0,0,26121,0,0,23825,0,0,0,-24751,0,0,23914,0,24130,0,0,0,23050,0
84626256,Team0,-1,0,-28063,0,0,0,0,0,0,0,-18398,-24977,0,0,-20032,22780,-18573,26018,0,0,0,28673,0,0,0,-25630,0,0,0,28267,0,0,0,0,28187,0,0,23331,0
84065603,Team1,0,-27135,0,0,0,-26859,0,0,0,-25994,0,23859,0,0,0,0,22137,0,0,0,-27776,-24863,0,0,-20102,0,0,25954,0,26307,0,0,0,0,25169,0,0,0,21119
84065640,Team0,1,26333,0,0,0,0,0,0,0,0,0,28670,0,27858,0,-25666,0,0,25433,0,30033,0,0,-24832,0,0,-35987,-28556,0,-26391,0,-21371,0,0,0,0,0,0,32045
84065704,Team1,-1,0,0,24140,0,-27780,0,0,0,0,0,-34014,0,0,21594,0,0,0,0,0,-29579,0,-27548,0,0,0,0,24461,22421,-38003,0,0,-30648,28006,0,0,0,23805,0
84065708,Team0,0,0,0,-25729,-26975,22421,24820,0,27799,0,0,0,-25453,25636,0,0,0,-27757,0,-30569,0,-26242,0,0,0,0,0,0,0,0,0,0,0,0,23684,0,0,32168,0
84065761,Team0,0,0,0,31736,0,26202,0,0,0,22894,0,26780,0,27188,-23907,0,0,0,0,-25073,0,0,0,0,0,0,-24242,-30828,-31116,30275,0,0,0,0,0,0,-25246,0,0
84065809,Team1,0,-25189,37630,0,24984,0,0,-22847,0,0,31386,0,23745,24344,0,0,0,-35985,0,0,27236,-24197,0,0,0,0,0,0,-29134,0,0,0,0,0,-25960,0,0,0,0
84065837,Team0,1,0,26607,0,-23106,0,0,0,0,0,0,0,0,-21929,0,-21894,26755,0,30640,0,26421,0,0,28208,0,0,0,-27633,0,0,0,-23086,-21906,0,28991,0,0,0,0
84065870,Team1,-1,0,0,0,-32020,0,0,25203,22342,0,0,0,0,-24071,0,0,0,0,-24436,0,26098,-26615,-26460,-32387,0,0,0,27510,20751,0,0,0,0,28890,0,0,0,0,0
84431621,Team1,-1,0,33830,0,-27817,0,30870,0,23601,-29202,0,0,0,-26916,0,0,0,18288,0,0,0,0,0,-28480,0,0,0,0,0,-32242,0,0,0,21598,-33192,0,20542,0,0
84398466,Team0,0,0,0,0,0,-24108,-33245,0,-22603,0,0,-26679,0,0,0,26430,0,0,0,26179,25861,0,0,0,0,0,28516,0,0,26177,0,0,0,0,0,-23049,33720,-22735,0
84280055,Team1,-1,0,0,0,0,-41102,0,-30532,0,0,0,27322,0,20391,0,-30444,0,0,0,-37039,21887,0,0,-31890,21572,0,23001,0,0,0,0,0,0,24533,-31437,0,0,0,0
84280073,Team0,1,0,31314,30053,0,33345,-23508,0,0,0,0,27952,29317,-22577,0,0,-24638,0,0,0,0,0,0,-23444,0,0,0,0,-25787,-24923,0,0,0,0,28593,0,0,0,0
84280191,Team0,1,0,0,0,28885,0,0,0,0,25384,0,29157,0,0,0,-28077,30776,-22611,37295,0,0,-29905,0,0,0,0,0,27200,0,0,-29884,0,0,0,-22572,0,-23074,0,0
84280216,Team1,0,0,-30296,0,0,0,0,0,0,0,-23851,23820,0,0,0,-19175,0,-25326,0,0,0,-23154,29195,0,-25487,27292,22957,24431,29719,0,0,0,0,0,0,0,0,0,0
84500331,Team1,0,0,28260,0,-27402,-26512,0,0,0,0,0,-29008,-25779,0,0,0,0,0,0,0,27330,23783,25703,0,0,0,0,0,29975,0,0,-26178,0,0,0,26584,0,-27389,0
84500823,Team1,1,29178,0,0,0,27279,-28365,0,28763,0,0,31195,0,27827,0,0,0,0,0,0,0,0,-21243,-26617,-21926,0,0,0,0,28253,0,0,0,-29367,-24172,0,0,0,0
84656971,Team1,1,0,-30543,0,0,0,0,0,-26409,-26209,0,0,0,22802,0,0,0,-26774,0,26831,-28070,0,0,0,0,0,24492,0,22660,24599,0,0,0,0,-26911,0,0,0,27084
84656985,Team1,0,0,0,0,-23512,20974,35255,0,-26415,0,0,0,0,28297,0,0,0,0,0,-25382,-25008,-23521,22182,0,0,0,0,23683,26618,0,0,0,0,0,0,0,-25517,0,0
84657015,Team1,1,0,-32472,26070,26231,0,0,0,0,0,0,-28842,0,-34530,0,0,-31624,0,-25054,0,0,24088,0,24158,0,0,23356,0,0,0,0,0,0,0,22356,0,0,0,-30816
84657070,Team0,0,0,37564,0,23842,-24229,0,0,0,0,-23017,0,0,0,0,25476,27786,0,0,0,0,22151,24331,0,0,0,0,0,-24926,-22687,0,0,-28534,0,0,0,0,0,-23165
84657129,Team1,-1,0,0,0,0,-26468,28130,0,0,0,-24325,0,0,0,0,24117,0,26301,0,0,-25687,0,0,0,0,-28654,0,-28334,0,0,0,0,0,22376,-31298,0,20702,25813,0
84657221,Team1,-1,25079,0,19983,0,0,0,0,0,0,0,0,0,0,0,0,0,0,0,0,0,0,0,0,0,0,0,0,0,29793,0,0,0,30307,0,0,22662,0,0
84002117,Team1,-1,28639,0,0,0,0,0,23707,0,-28680,0,0,0,25206,0,0,0,-26894,0,20079,29525,0,0,0,0,0,0,-25797,0,0,0,0,0,0,0,0,0,-35504,0
84002138,Team1,1,0,33088,0,0,-21005,0,0,0,0,-23186,0,0,-24457,0,23734,23167,26202,0,0,0,0,0,0,28270,-21388,0,-23412,0,0,0,23929,0,0,-25938,0,0,0,0
84002167,Team0,1,0,0,0,-24266,0,-31123,0,25666,0,-22243,26701,0,-23657,0,22280,0,24011,0,0,0,28211,-18657,0,0,0,0,-23150,0,31739,0,0,0,0,0,0,0,0,0
84002168,Team0,0,-34089,0,24301,0,0,0,0,0,0,24400,0,25341,0,0,0,-19002,0,0,30237,0,0,0,0,0,0,0,0,0,0,28470,-21332,-16929,0,-24434,0,0,-22575,23331
84002214,Team0,0,-26542,0,0,23395,0,0,0,0,0,0,-25252,0,22893,0,0,-21891,0,0,0,0,0,0,0,0,29197,0,27007,-25807,0,0,23089,0,23854,-21849,0,0,0,-20924
84002249,Team0,-1,0,0,0,0,0,-32479,0,0,-20342,29372,31353,0,0,0,0,0,-24819,0,29252,0,29595,0,28996,0,0,0,-24112,-29373,0,0,0,0,0,0,-24593,0,28234,0
84002290,Team0,1,0,0,0,0,0,-27667,0,-24767,0,-25773,0,0,-25079,0,0,0,0,0,0,-25966,26666,0,0,0,0,0,0,28105,22313,0,22479,0,22626,0,0,0,-27267,31722
84002292,Team1,-1,0,-43830,0,0,24269,0,32643,25972,0,0,0,0,0,-34667,0,0,-28820,-32814,0,0,0,0,0,0,26975,0,27079,0,0,0,0,-28687,23706,0,0,0,0,-29730
84002316,Team0,1,0,-29517,0,0,-21668,0,0,0,0,-23777,-29165,27201,25477,0,0,0,0,0,0,0,0,0,0,30160,29571,-21095,0,0,29382,0,0,0,0,0,-21148,0,24261,0
84002337,Team1,-1,0,0,0,0,0,0,0,0,0,0,0,0,0,0,0,0,0,0,-34325,0,0,0,0,0,0,0,0,0,0,0,0,0,0,0,0,0,0,0
84818139,Team1,0,-30210,-27209,0,0,24434,0,0,0,22994,-31286,0,0,0,0,0,0,0,0,0,-27286,-25145,0,0,0,23937,0,26185,0,0,0,0,0,0,-25065,0,21010,22581,0
84818161,Team1,-1,0,-32547,23972,0,0,-29243,0,0,0,0,0,24586,-26577,0,0,-28678,-27960,24619,0,0,0,0,0,0,0,0,0,0,27472,27286,0,0,26778,-27911,0,0,0,0
84818181,Team1,-1,0,20759,0,-31900,0,0,0,21738,27996,0,0,0,0,0,-30349,-24736,24401,0,0,0,0,0,33367,0,0,-32596,0,-32826,0,0,0,0,0,0,15797,0,0,-23722
84818233,Team1,-1,33070,0,0,0,0,-34758,0,0,-31790,22805,27059,0,0,0,0,0,23382,0,0,-27706,0,0,0,0,0,-24856,-33825,0,0,0,0,25240,-29943,0,22895,0,0,0
84818255,Team0,0,27652,0,22679,0,0,0,0,0,-20458,0,0,0,-24847,0,-21966,0,-21956,0,0,0,0,0,0,0,0,23270,-24316,0,24097,0,0,0,0,25593,0,19021,-23531,0
84818261,Team1,0,0,0,-25359,40188,0,0,0,0,-26930,0,-25085,0,0,0,0,0,0,0,0,-24729,0,0,0,0,0,27870,29396,0,0,0,0,22353,-32090,-24304,0,5778,31194,0
84818299,Team0,0,0,0,-21174,0,21716,33630,20011,0,0,-22896,0,0,21259,0,0,0,-26062,0,0,0,-19990,0,0,0,0,0,22277,0,0,0,0,-23882,0,0,21298,0,-27499,0
84818305,Team1,0,25562,0,0,0,-20826,0,0,23645,0,0,-25426,0,27059,0,0,0,0,24372,0,0,0,0,0,27775,0,0,0,0,-23756,0,0,0,-30478,-24814,0,-20742,25041,0
84818357,Team0,1,0,0,0,29179,0,0,0,-19828,0,24498,0,0,0,0,0,-23970,0,-24421,33096,-26279,0,0,-21195,0,-27839,25822,0,27711,0,0,0,0,0,24307,0,0,0,0
84818359,Team1,0,23470,-31642,0,0,0,32349,0,0,0,0,0,0,-26138,0,-25856,-24511,0,23078,0,23466,0,0,0,0,0,26568,0,0,0,0,0,0,23871,-28208,0,0,-25593,0
84846400,Team1,-1,22684,0,0,0,20438,0,0,0,0,0,0,0,20603,0,0,0,0,-35003,0,0,0,0,0,19157,25575,0,-42202,0,0,-30731,19506,0,-30286,-28234,0,-29606,0,0
84847153,Team1,0,0,0,0,0,0,0,0,0,0,0,0,0,24941,0,0,0,0,0,0,0,0,0,0,0,0,0,0,0,0,0,0,0,0,0,0,0,0,0
84035132,Team1,0,0,-25627,0,24153,0,0,0,0,0,0,28017,0,23453,0,0,-22278,-22768,0,0,0,0,0,0,0,0,0,-25202,31484,0,0,24808,0,21783,0,0,-22767,-25736,0
84035169,Team0,0,0,0,20350,-28341,0,29280,0,0,0,0,27627,0,-28141,0,0,0,0,0,0,-28702,0,0,-32797,0,0,0,0,0,-7524,0,0,20795,0,0,21268,-31012,0,23414
84035182,Team1,0,0,33150,0,0,0,0,0,0,-27722,0,-27539,-25496,0,0,0,0,-26553,-26339,0,-29268,20629,21699,24571,0,0,0,0,25445,0,24886,0,0,0,0,0,0,0,0
84035274,Team0,-1,0,0,0,-22767,0,0,-24756,0,0,0,32441,0,0,-22184,0,0,0,30418,-21962,0,27192,0,28509,0,-26435,0,0,0,0,34207,-24225,0,0,0,0,0,25256,0
84035284,Team1,1,0,26915,23717,0,0,-32236,0,-25630,0,0,0,0,0,0,21343,0,-27941,-25523,0,-23951,0,23353,-37553,0,0,0,34682,0,0,0,0,0,0,0,0,0,0,23986
84035344,Team0,-1,0,0,0,0,0,0,23355,0,0,-24923,-25708,-22289,-23579,0,0,0,0,0,-32681,0,0,0,0,30921,0,0,26509,0,0,26807,0,0,-25648,0,0,23340,24394,0
84035368,Team1,0,0,23099,0,20782,0,0,0,0,0,0,0,0,-22379,0,-23809,0,-25306,0,0,0,24194,-22884,0,20443,-25005,0,0,0,-30708,0,21519,0,0,18444,0,0,0,0
84035412,Team0,-1,0,-27282,21553,0,0,30742,0,0,0,0,-25635,25715,-27647,0,0,0,0,21020,-32858,-22664,0,-23375,0,0,0,0,0,0,0,27089,0,0,0,0,0,0,0,21432
84310876,Team1,1,0,0,0,0,23695,0,0,23937,-25189,0,-28749,0,0,0,0,-27064,0,0,0,-23624,-24534,0,0,0,0,0,-25132,0,0,0,0,0,0,0,0,27663,0,28389
84310932,Team1,1,27872,-25784,0,0,0,0,0,26353,0,0,0,0,0,-28810,0,-25761,0,-21879,0,24115,-24831,0,0,0,0,0,0,-27381,31928,0,0,21047,0,0,0,0,22902,0
84310943,Team1,-1,0,0,0,-24231,0,0,0,24811,-26919,25431,-30517,0,-27228,-27199,0,0,0,-30297,0,0,0,0,0,0,0,0,29053,0,33291,0,0,0,0,0,0,0,25760,26970
84310945,Team1,0,-22073,0,-22903,0,23277,0,-23378,0,0,0,22369,0,0,0,0,0,23231,0,0,-27814,-26017,25465,0,0,0,0,26296,0,0,0,0,0,0,0,0,23183,-21433,0
84310971,Team0,-1,-28642,0,0,0,-25231,0,-24172,0,0,0,0,-25000,23320,0,0,0,0,0,0,0,-24192,0,0,-26759,0,0,31810,0,0,0,23230,0,25269,0,23223,0,30483,0
84311015,Team1,0,0,-33211,25026,0,0,0,0,25246,0,0,0,0,-24088,0,0,23352,26226,24148,0,0,0,0,0,-22645,-27692,0,25633,0,0,0,0,0,-23221,-30196,0,0,0,0
84755706,Team0,0,0,0,0,24393,0,-24592,0,0,0,-18781,0,0,22684,27226,-21770,0,22513,0,0,-21779,0,0,-18653,0,0,0,0,0,0,0,0,0,-19900,0,30249,21514,0,0
84755886,Team0,0,0,0,0,-24605,0,0,25532,-26279,32595,0,35201,-25561,0,0,0,0,26319,27360,-29762,-27909,0,0,0,0,0,0,0,0,0,0,0,0,0,-30121,27597,0,0,0
84756080,Team0,0,0,22982,0,-27215,0,0,0,0,0,0,0,-23737,0,0,0,0,25229,23710,0,22737,29715,0,0,-24247,0,0,0,0,0,-29540,0,27362,0,-30460,0,-25833,0,0
84756698,Team1,0,0,6299,0,0,3749,-9150,0,0,-10816,0,-7157,0,-10748,0,0,0,0,0,0,5272,-10552,0,-10440,0,0,0,8990,0,0,0,0,0,6284,0,0,5307,0,0
84757176,Team0,0,0,-24090,0,0,0,29366,0,24803,0,0,0,0,0,0,0,0,0,-23021,0,-23419,0,0,0,28532,0,-31034,0,-29034,0,-25547,0,0,26952,28000,0,0,26086,0
84465966,Team0,1,0,0,27564,0,-26381,0,0,30491,-19899,27568,-26447,0,0,0,0,0,-19904,0,33993,27374,30562,0,0,0,0,0,0,0,0,0,-20004,0,0,-26189,0,0,0,0
84466030,Team0,0,0,-32661,0,0,0,28994,0,0,0,0,34125,0,0,0,-25459,20037,23461,-19176,0,-30102,0,0,0,-25458,0,0,0,30761,0,-27621,0,0,0,22141,0,0,0,0
84466068,Team1,-1,-27311,28946,0,0,0,0,25712,0,0,23278,-27443,-27357,0,0,0,-23719,0,-25057,0,26202,25585,0,0,0,0,0,0,0,0,-27654,0,0,0,0,0,0,0,26602
84466084,Team0,0,-29750,0,0,0,0,0,0,0,0,0,30988,0,-23016,0,-24688,0,0,26715,0,-21540,0,0,-26597,0,0,0,0,0,0,0,0,0,25636,32362,28154,0,-23473,31170
84466107,Team1,-1,-35283,0,0,0,0,31534,0,0,0,0,0,0,0,-25016,0,12654,0,0,-31287,0,30366,0,0,0,0,0,-24404,30253,37315,0,-25742,0,-25777,0,31000,0,0,0
84466160,Team1,-1,0,0,0,0,0,-26193,0,-22676,0,0,0,0,0,19674,24251,0,-25678,22888,0,-27793,22150,0,0,0,0,0,0,-22510,25514,26486,0,-25535,0,0,0,0,0,0
84466239,Team0,1,0,31828,0,0,28093,27969,0,0,0,0,0,0,0,-24863,0,0,0,0,0,20559,0,0,-28823,0,0,0,0,0,-28046,0,28638,0,-24892,0,24182,-21014,0,-24586
84466241,Team0,1,0,0,0,0,26063,0,0,0,-23930,0,28948,0,0,0,0,0,0,0,0,-22847,-20912,-22300,0,0,28378,0,-20124,0,-27789,0,0,0,28506,31299,0,27040,0,0
84466350,Team0,0,27340,0,0,25137,28570,0,0,0,0,0,0,0,26545,0,-18313,0,-21275,0,0,0,-18956,0,-25752,0,0,-22039,0,0,0,0,0,0,-27347,27468,0,27514,0,0
84905873,Team1,-1,0,28940,0,-27440,0,0,0,0,-29128,0,0,0,0,0,-30632,27780,-28311,0,0,0,0,0,0,27405,0,-28016,0,25386,0,0,26242,0,0,-26625,0,0,0,24470
84905923,Team1,1,0,0,0,0,-24450,0,0,0,-26088,0,-28327,0,-31149,0,-24088,0,30226,0,0,0,0,0,27627,0,-27835,0,0,23568,0,26179,0,24670,0,0,0,22466,0,0
84905954,Team1,-1,0,-29811,0,0,0,27315,-35065,21211,0,-30880,-30353,0,0,0,0,0,0,-31476,0,22554,0,0,0,21024,0,0,0,0,0,24076,0,0,-29539,0,0,20111,0,0
84906054,Team1,-1,0,0,0,0,0,-30747,0,22235,-27508,25691,24085,0,-24862,-29134,0,0,0,0,0,0,0,0,0,27190,0,0,0,0,26599,0,0,0,24607,-28115,0,0,-29000,0
84906110,Team0,1,0,0,0,0,0,0,25765,25953,0,0,28839,0,0,-24283,24860,0,26442,-23831,-25678,0,22824,0,-31067,0,0,0,0,0,0,0,0,0,0,-24099,0,0,-25069,0
84906154,Team1,-1,0,0,0,0,0,0,-27870,0,0,24667,29844,0,-30163,0,23291,0,0,0,0,25596,22815,0,0,0,-33014,0,-34080,0,0,0,0,0,-27708,21845,0,0,0,-30249
84906263,Team0,0,-23969,41235,34954,0,0,0,0,0,0,0,28973,0,0,0,-26058,24516,0,0,0,21300,-27670,0,0,0,0,0,0,0,-25815,-25324,0,-27973,0,0,0,0,23788,0
84906281,Team1,-1,0,0,-22437,0,0,0,-25298,23387,20425,0,0,0,0,0,23218,0,0,0,-24143,20404,29051,0,0,0,0,0,0,0,0,25040,0,0,-26058,-26520,0,0,0,-26924
84906290,Team1,1,0,0,0,0,0,-35460,0,-24601,0,0,31876,0,20924,0,0,0,0,0,21059,-31963,0,0,0,0,0,0,0,-26710,21341,-24589,-24602,23326,0,0,0,0,23665,0
84906308,Team1,-1,0,0,0,0,0,-36973,0,0,0,0,11021,0,0,-28231,0,0,13554,0,0,-27344,0,14114,0,0,0,0,18642,0,-29633,0,0,0,11065,18714,0,-27348,-27182,0
84906340,Team0,0,0,22200,0,0,0,0,0,-22849,0,0,0,0,0,-24396,0,0,0,0,0,0,0,23388,-28113,0,0,0,0,0,0,0,0,0,0,27592,-29392,0,-27270,27129
84724791,Team1,-1,20594,0,0,0,-27316,-36803,0,0,0,0,0,0,19226,0,18746,0,-26261,0,0,0,0,0,0,0,0,0,21946,-31121,0,0,-27340,0,20727,-26899,0,0,24601,0
84724829,Team1,0,-27732,-28250,0,23447,0,0,0,0,0,0,0,0,0,-26022,0,0,0,22198,0,0,20785,-24127,28755,-29919,0,0,22958,0,0,0,0,0,23941,0,0,0,0,-24207
84724841,Team0,1,0,-32801,0,0,-26728,0,27803,0,0,0,27420,-28616,0,0,0,0,-23731,-25844,0,37195,28507,0,0,0,0,0,0,-25917,0,0,0,0,33173,28113,0,0,0,0
84724884,Team0,0,0,0,0,0,0,0,31421,0,0,0,0,0,0,0,-23528,28372,0,0,0,-21738,25258,0,28115,0,0,0,-23281,27096,28275,-31474,-21932,0,-21934,0,0,0,0,0
84724904,Team0,0,-25601,30912,0,0,0,0,20458,21745,0,0,27363,-24995,0,0,20435,0,-30131,0,0,-26872,0,0,0,0,0,0,24156,0,-25973,0,-24063,0,0,0,0,0,0,0
84724905,Team1,0,0,0,0,0,0,-28813,0,25169,-25038,22170,0,0,0,0,0,0,-25657,0,0,-28327,0,0,0,23301,0,0,0,21320,29230,0,0,-26889,0,-24656,0,0,0,34571
84217277,Team1,-1,0,-29013,0,0,-27145,20633,0,-29620,0,-27032,0,0,0,0,0,0,0,0,0,-35620,19888,0,0,25769,-27530,0,0,0,0,0,0,0,19672,28049,0,0,23871,0
84217307,Team1,-1,-28150,-25408,0,0,28687,27264,0,0,0,0,0,0,-23971,23881,0,0,0,0,0,-25502,0,21394,24658,0,0,0,0,0,29703,0,0,0,0,-25393,-25051,0,0,0
84217310,Team0,0,0,0,0,0,24833,0,-30686,-29253,0,0,-29836,0,0,0,29033,0,-25127,0,0,0,25668,0,0,0,0,0,0,0,31688,0,0,0,0,31460,-28372,0,25277,-27368
84217312,Team1,-1,0,0,0,0,0,0,0,0,0,0,-27811,0,0,0,22380,0,0,20900,0,26346,0,-21225,0,-23953,0,0,0,21602,22084,0,0,27977,-23980,-33479,0,0,0,-27482
84217328,Team0,-1,-31887,0,0,0,0,0,0,0,0,0,-33177,-26972,23928,0,0,0,0,-27811,0,0,-30164,0,27630,23532,0,0,-26753,25993,0,0,0,0,21256,0,0,24558,0,0
84217494,Team0,1,25326,28823,0,-23876,0,-24057,0,27857,25902,0,0,0,-23464,31126,0,0,-21073,0,0,24023,0,0,-22718,0,0,0,0,0,0,0,0,0,0,0,0,-23781,0,0
84249731,Team0,1,-26881,0,0,0,0,-25108,0,29456,31846,0,0,34412,-29632,0,0,0,0,0,29230,28965,0,-26773,0,0,0,0,0,0,0,0,0,0,0,-21531,28400,0,-23235,0
84249735,Team1,-1,0,-33205,0,0,0,0,0,-25415,0,0,0,0,0,0,23207,0,-28924,0,0,21434,22074,-28749,-29127,0,0,0,0,0,24661,0,0,0,0,23124,-27177,20674,0,0
84249738,Team1,0,0,-24752,0,0,-27593,0,20217,0,0,0,0,0,0,0,21938,0,0,21942,26315,23574,0,0,0,0,0,0,-30084,0,32272,0,-26677,0,0,0,0,0,-32251,-32388
84249757,Team1,-1,0,30178,0,0,0,0,0,0,-31133,22198,0,0,-29802,0,0,0,0,0,0,-28565,-29562,0,20858,0,0,0,0,-30116,0,0,0,0,18941,-32405,21164,23003,0,0
84249851,Team1,1,0,27662,0,27774,25125,0,0,0,0,0,-30412,31033,0,-26328,0,0,0,0,0,25426,0,-29007,0,0,0,0,0,0,-29523,0,26842,0,-26047,-26788,0,0,0,0
84249852,Team1,-1,0,0,0,0,0,0,29187,0,0,0,0,0,0,0,21029,0,0,0,0,-25543,0,0,0,22122,-34120,0,0,0,23281,-30024,0,-26508,27685,23926,-28614,-28106,0,0
84249855,Team1,-1,0,0,0,0,19188,31213,-26298,-29130,21009,0,0,0,0,23603,0,0,0,0,0,-29710,-25388,0,0,0,0,18179,-27035,21152,0,0,0,0,-28531,0,0,0,0,0
84249873,Team0,1,36772,0,0,0,0,26104,-21704,-28402,0,0,0,0,0,0,29681,0,0,0,-22233,0,-20539,26067,0,0,0,0,0,-28785,26667,-24422,0,0,34248,0,0,0,0,0
84249889,Team1,-1,0,27764,0,0,0,24295,0,-27208,0,0,0,27013,0,0,-25310,0,-22546,26330,0,27684,-22959,0,0,-27872,0,0,0,0,-31263,0,0,0,0,0,0,28094,0,0
84249903,Team1,-1,0,0,0,0,0,-35909,0,-24295,0,19680,21645,0,0,0,22020,0,0,0,24334,0,32299,0,-25179,-37122,0,0,0,0,0,25215,0,0,0,0,0,-26135,0,-25174
84249951,Team0,0,0,0,31342,-21502,0,-25796,0,0,0,0,0,0,0,0,26735,0,0,0,0,0,0,0,0,0,0,0,0,0,0,0,0,0,0,0,0,0,0,0
84564943,Team0,0,0,-29605,0,24079,0,0,27365,0,25626,0,0,32210,0,0,0,0,-28890,0,0,0,0,0,0,0,0,0,24758,0,0,0,-23457,0,25108,-24467,-31769,0,0,-24871
84564970,Team0,0,0,-9868,0,0,18773,0,0,0,0,0,-7691,0,19560,0,20508,0,-8701,0,0,0,-12186,0,0,0,0,0,0,19464,19987,0,-15515,0,-13757,16872,0,0,0,0
84565005,Team1,0,0,-39046,0,-26740,0,0,0,0,0,0,0,0,0,20196,0,0,0,19842,23035,22655,-26158,0,0,0,31860,18382,0,0,0,0,0,0,-26067,0,0,-23709,0,-21985
84565030,Team1,-1,0,22758,0,25412,0,0,25800,0,-26111,0,-27491,0,0,0,0,0,0,0,0,-31656,0,-24448,0,0,0,0,-27338,18823,0,-29613,0,0,21145,0,0,22149,0,0
84565056,Team1,-1,0,0,-22637,0,0,0,0,-26577,-21961,22565,0,0,0,27383,0,0,-26760,0,0,23484,24035,0,0,0,0,0,-23082,0,27968,0,0,0,-29203,26875,0,0,0,0
84565108,Team1,-1,0,17076,0,0,16523,0,0,0,0,-25513,0,0,0,14155,0,0,0,13974,0,-40485,-28844,19616,18756,-26190,0,0,0,-25309,0,0,0,0,0,-25620,0,0,0,0
84565130,Team1,0,0,-27282,0,0,-22662,0,0,0,25919,0,0,28749,33196,0,0,0,23024,0,24809,-22514,-25401,0,0,0,0,0,30341,0,-26108,0,0,0,0,0,0,-31810,0,0
84565180,Team1,0,0,-27127,0,0,0,0,0,0,0,26035,0,0,-27028,-29318,26854,0,0,0,0,0,0,0,-36893,0,0,0,26853,0,0,23036,0,0,24903,25264,0,-29051,-26753,0
84565212,Team1,0,28305,-26902,0,0,23472,22400,0,23253,0,0,0,0,0,0,0,0,0,0,-35922,-25932,-25641,26246,0,0,0,0,0,23919,0,0,0,0,0,0,0,-26116,-27031,0
84565250,Team1,1,35763,32837,0,0,0,0,-23007,0,27043,0,0,0,0,-24341,-23415,0,0,0,0,0,29142,0,0,-27356,0,0,31137,0,0,-29425,25003,0,0,-34672,0,0,0,0
84565266,Team0,0,24071,-5477,0,-7876,0,0,0,-12776,0,19502,17510,0,16167,0,16135,0,15959,0,0,0,-10174,0,0,0,0,0,0,-11746,0,0,0,0,-16444,0,0,0,0,0
84565283,Team1,-1,0,0,0,0,0,0,26577,0,0,-33292,0,0,-26012,0,0,0,0,0,0,0,0,0,0,0,0,0,0,-34933,0,0,0,0,0,0,0,0,0,0
84183893,Team0,0,30871,0,0,-25339,0,-28280,0,-28314,0,0,23150,0,0,0,0,24937,0,0,0,-27709,-26094,-26327,0,0,0,0,0,22854,0,0,0,0,0,22714,25053,0,0,0
84183976,Team0,1,-22475,0,0,0,0,0,0,-30455,33234,0,0,29990,0,32913,0,-24743,0,0,30039,-24340,0,0,0,0,0,0,0,-27719,28500,0,0,0,0,-23452,0,0,0,26381
84184014,Team0,1,0,0,0,0,0,0,0,23700,0,-20231,-27837,0,-22006,-26592,0,0,0,27332,35429,25227,-20158,28310,0,0,0,0,0,0,0,-26827,0,0,0,0,0,0,0,27940
84184057,Team0,0,-24327,0,0,0,-25733,0,0,0,0,27009,35045,0,-24965,0,25554,30427,0,0,0,28047,0,0,-28697,0,0,0,0,-25107,0,0,0,0,0,-25083,0,0,0,27520
84184058,Team1,0,7043,0,0,-12801,6351,0,0,0,0,0,0,0,0,0,0,0,0,0,0,-14080,0,0,7129,0,0,0,-13140,7174,0,0,0,-13428,-12506,5538,3636,-12739,0,0
84184098,Team1,1,0,0,0,0,26064,-32806,0,0,0,0,33924,0,-31666,0,0,0,0,-31788,0,23014,0,0,0,0,25160,0,0,0,27120,-28144,0,0,0,-31531,0,20213,0,-26169
84184171,Team1,-1,0,-30336,0,0,-26486,0,-26679,25559,27215,0,0,0,0,0,26075,0,27108,0,0,0,0,0,0,0,0,0,30808,-27246,0,32066,0,0,0,-30718,0,0,-34873,0
84184190,Team1,-1,0,0,0,0,0,-40755,0,0,0,0,0,27360,0,0,0,-32206,20262,0,23632,-27887,0,0,0,0,18354,0,0,22238,0,0,0,26539,0,-28789,0,-28119,0,-24756
84184194,Team1,0,0,0,0,0,0,0,0,0,0,0,-33040,0,0,0,0,0,0,0,0,0,0,0,25151,0,0,0,0,0,0,0,0,0,0,0,0,0,0,0
84533199,Team0,-1,-24011,-32842,0,0,26766,0,0,-22844,-26224,0,0,0,25392,0,0,-22261,0,0,31739,0,-27760,0,0,29726,0,0,29965,0,0,0,0,0,0,0,0,31462,0,0
84533288,Team0,1,0,35179,0,28866,-21550,0,-20558,-20582,0,25717,-23458,0,0,0,0,34647,0,0,0,-25513,0,0,32127,0,0,0,29897,-23461,0,0,0,0,0,0,0,0,0,0
84533326,Team0,0,-26812,0,0,0,-29487,0,0,23442,0,0,24233,0,0,0,27546,0,0,20297,0,0,0,0,0,0,0,0,-27899,-26984,0,23393,0,-30753,24414,0,0,0,-26682,0
84533334,Team0,1,0,-35781,27614,0,0,0,0,-27570,0,0,0,-22188,0,0,-19535,0,-20895,0,29375,26649,27093,0,0,0,0,0,0,0,0,0,0,0,0,-21368,0,30664,27618,0
84533367,Team1,-1,36841,0,0,0,24583,0,0,25027,0,0,29077,-23112,0,0,0,0,-25761,-27950,0,0,26975,0,0,0,0,0,-26486,0,0,-33638,0,0,0,-22952,0,0,31263,0
84533411,Team0,1,0,-31110,0,0,0,0,25871,25903,-21825,0,0,0,0,0,-19656,0,27497,28149,0,-23520,30693,0,32210,0,0,0,0,0,0,0,0,0,0,0,-18277,0,0,-19391
84533478,Team0,0,-26526,0,0,0,0,0,0,0,0,0,0,0,-27759,0,0,0,0,18493,26629,-25143,25937,0,0,0,30424,-27344,-28046,0,0,0,0,0,24317,25284,0,0,-25863,0
84533532,Team0,0,0,26693,0,-21898,30247,0,0,-22267,0,0,0,0,0,0,29514,0,0,0,29034,-28532,-21462,27348,0,0,0,0,0,0,0,0,0,0,-26370,27861,0,-20248,0,0
84787096,Team0,1,0,0,0,0,0,-30364,-25595,0,0,0,0,0,-22575,0,26956,0,0,0,0,26467,27193,0,0,0,30021,0,0,-24526,-29412,33450,0,0,-25274,29966,0,0,0,0
84787891,Team1,0,0,0,21283,0,0,-30573,0,0,-20783,0,31435,0,-18749,0,0,0,0,19026,0,-22954,-22557,0,28865,0,0,20739,24756,-25368,0,0,0,0,0,0,0,0,0,0
84788281,Team1,-1,-29248,0,0,0,-29686,0,0,0,0,-31677,-29768,26206,0,0,0,0,20950,21592,22716,0,-28522,0,-29822,0,0,0,0,0,25506,0,0,0,0,0,0,19447,0,0
84788428,Team0,0,28890,-27464,0,0,-25523,0,26018,28462,0,0,0,0,0,0,0,0,0,0,0,0,27182,0,-25996,0,0,0,0,28138,0,-29160,0,0,30903,-25284,0,-22956,0,0
84788607,Team0,0,27464,-29233,0,0,-24156,0,0,0,0,26980,24203,0,0,0,0,27523,0,0,0,-26515,0,0,0,0,-26033,0,0,-27347,0,0,0,0,0,25859,0,-24402,0,0
84875523,Team1,-1,-34132,0,21377,0,0,0,0,0,-25210,0,-27213,-27097,-26784,0,0,0,-24046,0,0,0,0,0,0,28369,0,24902,0,0,0,27521,0,0,26289,26167,0,0,0,0
84875552,Team1,-1,0,24575,0,0,0,26938,0,0,-30329,0,22848,-27795,0,0,0,0,0,0,17580,0,0,0,21636,-26785,-35094,0,0,-27517,0,0,0,0,-32136,0,0,17548,0,0
84876439,Team1,-1,0,-30154,0,18550,0,0,-26100,19114,0,21763,-39029,0,-26199,20727,20263,-27109,-25897,0,0,0,0,0,0,0,0,0,0,0,0,0,0,0,0,0,0,0,19833,0
84876505,Team0,0,-27763,0,0,0,0,-27156,0,0,0,-25601,0,-30275,0,0,0,0,-25609,0,0,24160,-24601,0,0,0,0,0,31754,0,0,26842,28461,0,0,26931,0,0,23114,0
84876787,Team1,0,0,28820,0,0,0,0,0,0,0,0,-27350,24123,0,0,-28750,27832,0,-27769,0,-26455,0,-25449,0,0,25540,0,0,0,0,26651,0,0,-24854,0,0,22653,0,0
84338241,Team1,0,0,25812,0,0,19554,-37620,0,0,0,0,-23714,0,0,0,0,0,-22169,0,0,0,-27860,0,0,0,0,0,0,19196,0,22969,0,21878,-24661,25483,0,-23462,0,0
84338500,Team0,0,36435,-34717,0,0,0,0,26217,0,0,0,0,0,-24410,-25002,26202,0,-24558,0,0,25304,0,0,0,-26380,0,31180,0,0,0,29479,-23382,0,0,0,0,0,0,0
84338787,Team1,0,0,0,-28999,0,21279,0,-27707,0,0,0,0,21640,0,0,0,0,0,-25911,0,-25121,0,0,29558,0,0,0,0,0,28675,27119,0,0,-27435,0,0,22560,0,-25544
84339423,Team1,-1,0,0,-26452,0,0,0,0,-30892,19511,-25462,20053,0,-32676,0,0,0,-26574,0,0,29083,-27519,0,0,0,0,0,0,0,0,0,0,23786,18874,0,0,0,0,20459
84339575,Team1,-1,-34340,29949,0,0,25561,0,0,0,0,0,-25136,0,0,0,0,0,29981,0,0,-23258,0,-28415,0,0,0,0,25452,27611,0,0,23006,0,0,-34621,0,0,-24618,0
84096497,Team1,-1,0,0,0,0,0,0,0,0,0,0,0,0,0,0,0,0,0,0,0,0,0,0,0,0,25681,0,0,-34336,25077,0,0,0,0,0,0,0,0,0
84096542,Team1,0,-18591,0,0,0,-24468,0,23783,0,0,0,0,-27636,24597,0,0,0,0,0,0,0,0,24642,26618,0,0,0,24481,0,0,0,0,0,23343,0,-22270,-17020,-26007,0
84096616,Team0,1,0,0,0,0,-22520,0,0,0,0,-24350,-24692,29650,0,39634,0,-28692,0,0,0,0,0,28495,0,29598,0,0,-23538,0,29155,0,0,0,0,-22149,28432,0,0,0
84369105,Team1,-1,0,21407,0,0,-26293,0,0,24078,0,0,-35711,0,-29788,0,0,0,0,0,0,-36320,0,0,0,0,0,0,30384,26015,0,24005,22143,0,0,0,-29102,-35167,0,0
84369151,Team0,1,-22655,-30897,0,0,0,0,0,-27519,0,28835,-25737,0,22829,0,0,-27983,0,0,30238,27715,0,0,0,0,0,0,27715,0,0,0,0,0,0,28314,-23600,0,0,0
84369161,Team1,0,0,0,0,0,0,0,0,0,0,0,0,0,-27556,-27588,21567,0,30792,22537,-31967,0,0,0,25122,0,0,0,0,-29568,-27162,0,0,0,0,23818,0,-37158,29226,0
84369165,Team1,-1,0,-31027,0,23176,0,0,20383,0,0,-32262,26279,0,0,0,0,0,-30014,0,0,0,-26584,0,-28354,28632,0,22245,0,-31397,0,22445,0,0,0,0,0,0,0,0
84369312,Team0,1,25582,0,0,0,0,0,0,-20851,25423,0,27296,0,24867,0,-19835,-21280,0,0,0,26007,27090,0,-21905,0,0,0,0,0,-24612,0,0,0,0,0,0,0,-28263,0
84369318,Team1,0,-24696,0,0,0,24308,0,0,-39556,25985,0,0,0,-25062,25754,26040,0,0,0,0,-24743,0,0,0,-24352,0,0,0,-23024,25753,0,0,0,0,31594,0,0,0,0
84369355,Team1,0,0,0,-25697,0,-25086,0,0,0,0,23618,-23897,0,28280,0,0,-32066,0,0,0,-26982,0,0,0,0,0,0,26796,22759,0,0,0,0,0,-26460,0,0,25064,24889
84154870,Team0,0,26027,0,0,0,23599,0,0,0,-20637,0,24601,0,23902,0,0,-24027,24930,-22721,0,0,0,0,0,0,0,0,-28115,-32227,-23329,0,0,0,0,23749,0,0,0,0
84154940,Team0,0,0,0,0,0,0,-25308,0,0,-22203,-25598,0,0,0,0,23790,0,23634,0,25168,0,0,0,0,0,0,0,0,-18957,0,0,-18741,23628,32244,0,0,23504,-25345,0
84154941,Team0,1,0,0,27542,0,30366,0,-26270,-28402,0,0,0,0,-21942,0,0,0,-22586,0,0,33383,25134,28706,0,0,-26627,0,25580,-21599,0,0,0,0,0,0,0,0,0,0
84155076,Team1,-1,-32965,28095,0,0,25046,0,0,25224,0,-34104,0,0,-28703,0,0,0,0,0,0,29995,0,25961,0,-27879,0,0,29414,0,-34027,0,0,0,0,0,0,-31569,0,0
84155080,Team1,-1,0,-28653,0,0,0,0,0,0,23683,0,25939,-27669,22923,0,0,0,-25313,0,-31401,0,-27334,-25684,0,0,0,0,0,25440,0,0,0,0,24666,22911,0,0,0,0
84594561,Team0,0,0,-30975,0,0,0,0,0,27422,-24455,0,0,27689,-27901,-33380,0,0,23180,0,0,0,0,0,25051,-25393,0,0,0,0,24695,41509,0,0,0,0,0,0,-22253,0
84594613,Team0,1,0,32510,0,0,0,-22215,0,0,0,0,0,0,0,29829,0,29839,0,-27138,0,-20516,-20954,0,28711,0,0,0,0,0,0,-36835,0,0,27570,-26477,0,27724,0,0
84594637,Team0,1,0,0,25326,0,23085,0,0,27492,0,0,-23262,0,0,0,27215,0,25372,26960,0,0,-22759,0,0,0,0,-24604,0,-25391,0,-23361,0,0,0,0,0,0,-25604,0
84594648,Team0,1,0,36088,0,-16683,27027,-20696,0,0,0,0,28031,0,-17716,0,0,0,0,27037,0,0,0,0,0,0,0,0,0,29420,0,-18474,-17020,0,29766,-16441,0,0,0,0
84594772,Team1,-1,0,-33634,0,28980,0,0,0,20905,0,20636,0,0,0,0,22185,-32199,0,0,0,-33131,24141,0,0,0,0,0,0,-31727,-31979,0,0,0,0,-33922,0,0,23138,0
84594815,Team1,-1,0,0,-26633,0,0,26042,0,25019,0,0,20916,0,0,22175,0,0,0,-26908,0,-26785,0,0,0,24217,0,0,0,-27037,0,0,22722,0,-24421,-27252,0,0,0,0
84594888,Team1,0,-18189,-20575,0,0,0,0,0,0,0,0,0,10158,-17973,0,0,10180,0,0,0,0,0,12925,0,11361,0,0,14949,0,12409,-17971,0,-21911,0,0,0,0,0,-18196
84595050,Team1,1,0,-26427,0,0,17143,0,0,0,0,-22298,-23996,0,-30148,0,0,0,0,22522,0,0,22028,0,0,24652,24696,0,22960,0,0,0,0,0,-22969,-24111,0,0,0,0
84595056,Team1,-1,-33903,0,0,0,21995,33076,0,0,0,0,0,-30819,22345,-27467,0,-36916,0,0,0,24937,0,0,23504,0,-32355,0,0,0,0,0,22875,0,0,-31318,0,0,0,0
84595082,Team1,-1,0,-26813,0,0,0,0,0,0,0,0,0,0,0,0,0,0,0,21142,0,0,0,0,0,0,0,0,0,0,0,0,0,0,0,21691,0,-28662,0,0
84972249,Team0,1,0,0,0,0,0,0,23903,0,0,0,0,0,0,0,0,0,-14621,0,23353,0,0,0,0,0,0,0,0,0,0,0,0,0,0,0,0,0,0,0
84972252,Team0,1,0,36714,0,0,0,0,0,0,0,-21157,27418,25568,27947,0,0,0,-26719,0,0,25485,-23559,0,0,0,-22816,0,0,0,0,0,0,-23996,0,0,0,25100,0,-26334
84972296,Team0,0,0,0,0,0,0,0,0,0,0,-20162,-24847,0,27953,0,0,0,0,31761,0,28853,0,-23796,0,0,0,0,0,-26699,0,0,0,28839,-21398,30750,27440,-27840,0,0
84972316,Team0,1,0,0,-22610,0,0,0,0,25040,0,0,0,0,26489,0,-22115,-26410,-22096,-24898,24356,25150,0,0,-27397,0,0,0,0,0,33182,0,0,0,0,0,0,25204,0,0
84972358,Team1,-1,0,-30419,0,0,0,0,21737,0,0,0,0,0,21522,0,0,-23953,-29459,22599,30226,29097,0,0,0,0,0,0,0,-23731,0,0,-25824,0,0,26829,0,0,0,-27657
84972362,Team0,0,0,0,0,0,-21067,34402,0,0,0,0,0,0,0,0,0,0,23535,0,-32165,24790,0,0,30374,-23187,0,0,0,0,-21220,0,24323,0,0,-27745,0,-20428,0,31538
84972445,Team0,1,0,-30135,0,0,0,-26897,-21209,0,0,0,0,0,-22838,0,26960,0,26525,0,27235,27151,27764,0,0,0,0,0,0,0,0,0,27339,0,-21209,0,0,0,0,-24478
84972487,Team0,0,-28969,0,22748,0,0,0,0,24040,0,0,0,-22391,0,-26333,0,-30971,0,25803,0,0,0,0,0,0,-30021,0,25289,-25768,0,23389,0,0,30469,0,0,0,0,0
84972530,Team0,1,0,28764,-22254,-24847,27790,0,0,0,27874,-21514,0,0,-23549,0,29745,0,0,0,-32792,0,0,0,0,0,0,0,0,0,31328,0,0,0,0,-27088,0,0,0,28697
84972577,Team0,1,0,0,0,0,-25917,33100,0,-21777,26315,0,27402,24737,0,0,0,0,24553,0,0,-18618,0,0,0,0,0,0,0,-29455,-20440,0,25185,0,0,0,0,-22603,0,0
84972583,Team1,0,0,-31951,0,0,-24776,0,0,0,0,0,-32851,0,-26719,0,0,0,0,0,22302,30370,0,0,0,23133,0,-27777,0,-29554,0,0,0,0,0,25423,0,27892,0,23950
84972587,Team1,0,0,0,0,0,0,0,0,27411,-22338,0,-25696,0,0,0,-24876,-30691,27158,25229,0,-24224,0,0,-22616,0,0,0,0,27486,0,0,0,0,0,0,0,25620,25896,0
84432220,Team1,-1,0,0,21658,-21182,24027,0,0,0,0,0,0,0,0,-26486,0,24223,0,-19384,-35528,0,-22906,0,0,0,0,0,22677,0,0,0,0,0,0,-18848,0,25390,0,25080
84432240,Team0,1,0,-28682,0,0,0,0,0,0,0,0,0,0,0,0,-22462,0,-21215,0,0,28312,28058,0,0,0,0,-20771,0,0,-21897,30512,0,0,-26496,27810,0,29437,0,28940
84432283,Team1,-1,0,23340,0,0,-30770,0,28022,0,0,0,0,0,0,0,0,0,0,0,0,24726,0,0,26254,0,0,-26649,-27568,-37394,-31041,0,0,0,22198,27074,0,0,-34852,0
84432317,Team1,-1,0,-34209,0,0,0,0,0,-31193,21586,0,0,0,0,0,25324,0,20193,0,-32201,-30401,23294,0,0,24199,0,0,0,0,23539,0,0,0,0,-31973,0,0,-30080,0
84432384,Team0,-1,0,0,28491,0,-18518,0,0,0,0,0,0,0,27745,0,-18133,0,-20329,34979,-20405,0,0,0,34522,0,0,-20833,0,0,0,0,0,0,27593,0,0,-19610,27563,0
84432401,Team0,1,0,-25349,-24330,0,0,0,-21707,-23563,0,0,0,0,29292,0,0,0,0,31784,-28926,0,31638,0,0,0,42037,0,0,0,29554,0,0,0,0,-21076,0,0,34311,0
84432531,Team1,0,15173,0,-22661,0,-23134,0,0,0,0,15360,0,0,0,16841,0,0,0,0,-26607,-19647,0,0,0,0,0,0,12216,12098,0,0,0,0,13254,-23890,0,-20439,0,0
84432551,Team1,1,28332,-30483,0,0,0,0,-21655,0,31184,0,37080,28471,0,0,0,0,0,0,0,0,32246,0,-23859,0,0,0,31399,0,0,-23238,0,0,0,-23629,0,0,-26884,0
84432586,Team1,-1,0,-30046,0,0,0,-29013,-24891,0,0,0,25972,0,20233,0,0,26589,0,0,0,-30981,0,0,0,0,0,0,26201,29371,0,0,0,0,-30010,-26397,0,0,26772,0
84432600,Team1,1,0,-30966,0,0,0,0,0,-20985,0,25041,-24083,0,0,28386,0,-24874,-20365,27459,0,26206,22804,0,0,0,0,0,0,0,27331,0,0,0,0,-23606,0,0,0,0
84065935,Team1,-1,0,23887,0,-30126,0,0,0,24524,22027,-24935,21126,0,-25414,0,-22889,0,0,-25569,0,28431,0,0,0,0,0,0,0,0,0,0,0,0,21119,0,0,0,0,-23491
84066126,Team0,0,-28241,0,0,26802,0,24725,0,0,0,0,0,0,-23144,28712,0,0,28715,0,0,0,-23512,0,0,-23593,0,0,0,0,0,0,21969,0,0,35057,0,-25406,-27624,0
84066127,Team1,1,37218,-27788,0,-26892,0,23833,31377,0,0,0,0,-26549,25301,0,0,0,0,-21739,0,0,-27963,0,0,0,23684,0,0,0,0,-32988,0,0,27742,0,0,0,0,0
84066146,Team0,-1,0,-33574,-22657,0,0,0,0,0,0,22400,0,0,0,0,23149,-27523,-22722,0,0,0,0,0,0,26408,-27549,29562,0,0,25868,0,0,-23169,24876,0,0,0,0,0
84066158,Team1,0,-29526,0,0,0,-31392,0,0,28905,-26874,0,0,-28068,23635,0,-32707,0,0,0,0,0,0,0,0,0,31908,0,0,-26774,0,0,0,0,25066,0,20818,22497,0,0
84066270,Team0,1,0,0,0,-27721,24436,0,0,0,0,0,0,0,0,0,-21695,-25973,0,0,0,0,0,0,0,0,0,0,-24705,0,0,0,-23584,0,0,0,0,29847,0,0
84399899,Team0,-1,0,0,0,0,-20773,0,0,0,0,0,0,0,0,0,0,0,29767,-28863,0,0,0,0,0,0,36742,0,0,0,0,0,0,26450,0,0,0,0,0,-27694
84399905,Team1,1,27880,-31909,0,0,0,26056,0,0,0,21579,0,0,-23088,0,21610,0,0,0,0,0,-22738,0,23848,0,0,0,0,0,-33750,-28181,0,0,28063,0,0,-26049,0,0
84400001,Team0,1,-33763,0,0,0,0,0,0,0,26226,0,27843,0,-31157,0,0,0,0,0,0,27299,0,-26782,29239,0,27742,0,-27281,-26507,0,-29469,0,0,28963,0,0,0,0,0
84400038,Team1,-1,0,-32440,0,0,0,0,0,0,-25159,0,-25303,-28420,0,0,0,0,0,23944,26502,21602,0,0,0,0,0,0,0,22111,32514,0,0,0,-25652,0,0,22825,-25427,0
84400047,Team0,1,0,34513,0,28700,-21896,-30840,0,-23613,-25799,0,-21692,0,27913,0,0,0,32380,0,0,-21609,0,0,0,0,0,0,0,0,0,0,0,0,0,27913,0,27914,0,0
84400076,Team1,0,0,0,26984,0,25928,0,0,0,0,0,-25739,0,0,0,0,0,0,27560,0,35534,-23481,0,0,0,0,0,0,0,-28924,0,0,0,-25014,-24312,24913,25531,-22605,0
84280221,Team1,-1,0,0,0,0,-30045,0,-27722,21869,0,0,0,22506,0,0,0,0,22012,26428,0,16918,0,0,0,0,24744,-24351,-28215,0,0,-35033,0,0,0,-40297,0,0,0,0
84280244,Team0,1,0,0,0,0,28898,35331,0,0,0,0,28147,-26820,-26811,0,0,0,0,0,0,-25277,27085,0,0,0,0,0,0,-26321,-30327,0,0,0,27420,0,0,27308,-25965,0
84280325,Team0,-1,-31242,31787,0,0,19752,0,0,-27556,0,0,0,0,0,0,24594,0,-26034,0,0,0,-24977,0,0,0,26025,0,0,-28349,0,0,0,0,20271,0,0,19887,0,-32503
84280351,Team0,1,0,0,0,0,0,-27974,0,0,0,0,29509,0,0,-19538,-22238,0,-23296,26724,0,30436,-18468,0,0,0,36626,0,0,0,0,0,0,0,33641,28659,-18993,0,0,0
84280353,Team1,0,0,-27914,0,0,-24412,-33885,0,-27704,23312,0,26029,0,0,0,0,24130,0,28397,0,27098,0,0,0,0,0,0,29086,0,0,0,0,0,-31774,0,0,-27198,0,0
84280355,Team0,1,0,0,34105,26565,22196,0,0,0,0,-23040,0,-27937,18714,0,25936,0,0,0,-33778,-29622,0,0,0,0,0,0,0,-25366,25548,0,0,0,0,-25522,0,0,0,0
84280382,Team1,0,-19896,6193,0,-14103,0,0,0,-12060,0,0,9299,0,-16264,0,10406,0,0,0,0,0,0,-14278,0,0,0,0,15027,0,0,0,11397,14486,0,-15899,0,0,0,0
84280414,Team1,-1,-30715,-38308,0,0,24934,0,0,23765,21374,0,25073,-30175,0,0,0,0,-31360,0,0,20374,0,0,0,0,0,0,0,17037,0,0,0,0,-32651,0,0,-32388,0,0
84280424,Team0,1,0,0,0,0,0,0,0,0,0,26811,-24894,27015,0,0,0,-20519,0,29936,0,25782,0,-24147,0,-24207,0,0,-19709,0,29192,0,0,0,0,0,0,0,-25904,26012
84280426,Team1,-1,0,0,0,-29899,-27208,28893,0,-30963,0,0,-30902,-27771,22370,0,0,0,0,-22902,0,26069,0,0,0,0,0,0,0,0,0,34264,21104,0,0,26905,0,0,0,0
84280441,Team0,1,30763,-29507,0,0,22482,0,0,21285,0,-31561,29883,0,-26456,0,0,0,-23892,0,36196,0,-29201,0,0,0,0,0,-22104,0,0,0,0,0,0,23545,0,0,0,0
84280460,Team1,-1,0,0,0,0,0,-30925,-27449,-27285,0,0,0,0,-29706,0,0,21285,0,0,-43204,-27054,0,0,0,23412,24675,19440,0,0,0,0,0,0,0,19255,20471,0,0,0
84280461,Team0,1,0,0,0,-28696,0,37621,27566,0,0,-22520,28524,0,0,0,0,0,27806,0,0,-22125,0,0,0,0,0,-18772,0,0,0,0,0,27393,27416,-21526,-20727,0,0,0
84500752,Team0,0,0,-682,0,0,-887,0,-1500,19811,3484,0,-682,0,-682,0,0,0,3486,0,0,0,0,0,0,0,0,0,3487,0,-1468,3487,0,0,0,3485,0,0,0,0
84500754,Team0,1,0,32792,0,0,0,-29047,0,-22712,0,0,0,0,-28725,-27074,0,25365,-28242,0,0,0,26820,0,26711,0,0,0,0,26445,26912,0,0,0,0,-26420,0,0,0,0
84500764,Team0,1,-25728,0,0,24921,24177,0,30390,-23411,0,0,0,0,0,-21556,0,-21973,0,24920,0,0,0,0,0,28570,-24449,0,0,0,0,0,0,26930,0,-29279,0,0,0,0
84500918,Team1,0,0,-32907,0,0,28755,0,0,27266,0,-23944,25249,0,-26257,-24365,0,0,0,24294,0,-23284,0,0,26301,0,0,0,0,0,0,25771,0,0,0,-31115,0,0,0,0
84500920,Team0,1,-24062,0,0,0,0,0,0,0,25748,0,26076,0,0,0,0,29326,-19069,26777,0,0,23895,0,-28204,0,0,-21975,27529,0,0,0,0,0,-20744,-26021,0,0,0,0
84500956,Team1,-1,-28126,0,0,0,24835,-35242,0,0,0,0,0,0,-29595,0,0,0,23274,0,0,0,0,0,26016,0,0,0,0,-22985,0,27673,0,21363,-24424,0,0,23355,0,-31842
84501016,Team0,1,0,0,0,0,0,29587,27279,-25620,0,-26902,-25641,0,-27299,31920,0,0,0,0,0,0,29672,0,0,0,-24007,0,0,0,0,0,0,0,29593,34825,0,0,0,-27932
84501055,Team0,0,0,-14067,0,25273,21967,0,0,0,0,0,0,28777,-21744,0,-20149,0,0,0,0,0,-26716,26521,0,-35732,0,0,27766,0,0,-26619,0,0,0,30045,0,0,0,0
84501060,Team1,0,0,0,0,0,22429,0,0,0,-22674,0,0,0,-28221,0,20357,0,0,0,0,0,0,0,0,0,0,0,21752,-27394,25015,0,21673,0,-25312,-31121,0,24846,0,-24775
84501132,Team0,1,0,0,0,0,-27166,35008,0,26250,24071,-24969,0,0,0,0,-28359,0,0,0,0,22739,21630,0,0,-25438,0,0,0,0,-26400,0,0,-25772,0,0,0,0,0,35132
84501161,Team1,-1,-38766,0,0,0,-38986,0,19611,0,0,0,20773,0,0,0,-32309,20726,0,0,-48702,24845,22857,0,0,0,0,0,0,0,0,0,0,0,0,29825,0,-35588,0,-35748
84501181,Team0,1,0,0,0,0,0,0,-21482,23364,0,0,0,0,24449,-20376,0,0,27774,0,-35696,0,0,0,0,-27079,0,0,0,0,0,0,0,0,0,-22158,0,32065,0,0
84123320,Team1,-1,23023,0,0,0,0,0,0,-26471,0,31171,-32446,0,0,0,26298,0,-26891,-25103,0,21009,30193,0,0,0,0,0,0,0,27664,-31475,0,0,0,-25682,0,0,0,0
84124140,Team0,1,0,0,0,-22124,0,0,-24566,0,25408,0,0,0,0,0,0,0,0,-24280,0,22883,-23136,0,30156,0,0,0,25466,30330,-24072,0,0,0,23674,0,0,0,0,-31434
84124412,Team1,0,0,0,0,0,-21899,0,-21086,0,0,0,-20977,25718,0,0,0,0,0,0,0,0,0,0,26722,0,0,0,0,0,-29819,33227,0,24894,0,-24518,24711,0,28438,-26204
84125158,Team1,-1,0,-30354,0,0,0,34828,0,0,0,-28107,0,0,-28906,-27122,19854,0,0,0,0,0,0,0,0,0,21448,25818,0,0,0,0,0,0,22138,-29886,0,21437,-31443,0
84125242,Team0,0,0,-31902,0,0,0,0,0,23713,24123,0,0,0,26039,-23870,0,0,28403,-29984,0,-26325,-22803,-22647,0,0,0,0,30955,28529,0,0,0,0,0,0,0,0,0,0
84656575,Team0,-1,0,0,24350,0,23985,26795,27016,-25823,0,0,0,0,0,0,0,0,0,0,-26034,0,-28626,0,0,0,0,0,0,23468,0,23544,0,0,0,-29799,0,0,-20760,-24450
84656742,Team0,1,30942,-26738,0,0,27906,0,-26978,28718,0,0,26375,0,-23739,0,0,0,-30058,-32357,0,25990,-23747,0,0,0,0,0,0,0,0,0,0,0,0,23632,0,0,0,0
84656750,Team1,0,0,0,0,0,0,10303,0,4086,0,0,0,-13158,4090,-12101,0,0,14378,0,0,0,5486,0,-12185,0,2912,0,0,0,0,-11703,0,0,0,-12113,0,0,-15041,0
84656761,Team0,1,0,-26929,0,0,0,0,28086,0,0,0,-30642,-25069,0,0,35563,0,0,0,28489,24362,25174,0,-27341,0,0,0,-34984,34498,0,0,0,0,0,-28661,0,0,0,0
84656817,Team1,0,-27583,0,0,0,0,0,0,26338,0,0,-26357,0,0,0,0,0,0,0,0,25934,0,0,0,0,25583,24265,30242,0,-38744,27348,-25882,0,0,-26671,0,0,-31025,0
84656837,Team0,0,0,0,0,27186,0,0,0,0,27792,0,0,0,0,28902,0,0,-25720,0,0,27982,-20067,0,-32627,0,0,0,0,-23327,0,0,0,24728,-24589,29981,0,-20532,0,0
84656903,Team0,-1,0,-32629,0,21588,26679,0,0,-25811,0,0,0,0,0,20314,25896,0,0,0,0,-27794,0,-27277,0,0,36779,0,0,0,-27453,0,0,0,0,24341,-25899,0,0,0
84656940,Team0,0,0,25785,-26512,0,23272,-28532,34003,0,0,31676,0,0,0,0,0,0,0,0,0,0,0,-27902,-26624,0,0,0,23622,-24715,0,0,0,-26269,0,0,0,0,0,29542
84656979,Team0,1,0,0,0,0,0,0,0,0,29692,0,37068,33157,-24622,0,0,0,0,-28067,38388,-24394,0,0,27653,0,0,0,0,0,-27868,38871,-22006,0,0,0,0,0,0,-23490
84657041,Team1,1,26285,-24851,0,27069,0,-29091,0,26538,-24851,0,0,0,0,31789,0,0,0,0,29135,0,0,0,0,0,0,-25417,0,0,-25286,0,24691,0,0,-31642,0,0,0,0
84657057,Team1,0,0,29243,0,-26520,24943,0,0,0,0,0,26143,0,-24724,-31643,0,0,24269,-26234,0,0,0,0,-32607,-37685,0,22197,0,21047,0,0,0,0,0,0,0,0,0,0
84657233,Team1,1,0,-29777,0,0,-21554,27515,-21593,0,0,0,0,0,0,0,0,0,0,0,25951,0,-24834,0,27087,-25687,0,0,0,-30618,0,0,0,0,27523,0,0,26212,0,26684
84657241,Team0,1,-26244,-25441,25520,0,24887,0,0,0,22808,-21340,36614,25031,-24435,0,0,0,0,0,0,-24204,0,0,-33214,0,0,0,0,0,0,29189,0,0,0,0,0,0,0,0
84657283,Team0,0,0,30309,0,0,0,0,0,30208,0,0,0,0,-25315,0,20930,0,20806,0,0,-23805,29717,-22964,0,-25281,0,0,-23679,0,-24201,26492,0,0,0,0,0,0,0,0
84657437,Team0,1,0,-28200,0,28515,0,0,0,0,25846,0,0,0,0,0,-23045,0,0,0,0,0,-21087,-25351,0,28102,0,25829,0,0,-28076,0,0,30730,-22656,0,0,0,25583,0
84818416,Team0,1,0,-24505,0,0,-25011,0,0,24080,0,0,-24855,0,0,0,0,0,0,25690,28620,33619,-23252,0,0,0,0,0,0,0,29212,0,0,0,-25484,29480,0,-25561,0,0
84818504,Team0,0,0,-22647,0,0,-21696,0,0,0,0,0,0,-28557,0,0,25376,26134,0,25668,0,0,0,-29431,0,-22034,31278,0,24803,0,0,0,0,0,27447,0,0,0,0,-22033
84818516,Team0,0,0,0,0,-25305,-19732,0,0,-20936,0,0,30482,0,27359,0,28418,0,0,0,29304,0,0,0,-27234,25767,0,0,0,0,-23232,0,-23185,0,0,26469,0,0,0,0
84818520,Team0,1,-23905,0,0,0,-23726,0,0,0,28029,0,0,0,0,0,31906,26972,0,0,0,-23233,0,0,26534,0,43765,0,0,27327,-24041,0,0,0,0,-28563,0,-24695,0,0
84818525,Team0,1,0,0,0,0,28045,-26383,0,0,0,0,-24883,0,0,0,30410,-24397,-21370,0,0,0,0,0,0,0,0,0,25548,0,33663,0,0,0,30187,-28848,0,31289,0,-23499
84818616,Team0,-1,0,0,0,0,0,0,0,0,0,0,0,-23517,0,27718,0,30621,0,0,27648,-27742,0,0,27569,0,39894,0,-33520,0,0,0,-25049,0,-31273,27650,0,0,-23473,0
84818673,Team1,-1,0,0,0,0,0,-26393,-26009,22826,0,25279,36265,0,0,0,0,22726,0,0,0,0,0,0,-31338,0,0,0,0,19273,24933,0,0,0,-25850,-27278,0,0,-21477,0
84002337,Team1,-1,0,0,0,0,0,35770,0,0,-30135,0,24336,-33517,0,0,0,24201,21775,24723,0,0,0,0,0,-31489,0,0,0,25731,0,0,0,0,0,0,0,0,-27802,-29460
84002360,Team0,1,26801,0,0,0,0,-26491,0,0,0,0,-24771,0,0,0,28048,32708,0,0,0,-29472,0,0,27081,0,0,0,0,27462,0,0,0,0,-25063,0,-24193,-22076,0,28413
84002390,Team1,0,0,-13766,0,-12706,0,0,0,-12736,6395,0,5934,7112,0,0,0,0,5930,0,0,4715,6709,-15245,0,0,0,0,0,0,0,0,0,0,0,0,0,0,-16466,-12709
84002409,Team0,1,0,27633,0,0,0,32546,-24981,0,0,0,0,0,22693,0,0,0,0,0,-26442,0,0,-23682,0,0,0,0,-24614,0,0,28639,0,0,0,0,-24775,28024,23536,-26954
84002457,Team1,-1,0,31110,0,-31708,0,30497,0,22700,0,-29773,-36884,0,0,0,0,0,0,0,0,-29184,0,0,0,0,0,0,0,0,-31370,23150,0,-23924,0,0,24650,0,23074,0
84002461,Team0,1,-21690,0,0,25370,0,0,0,0,0,0,38097,0,0,0,0,0,28091,0,0,0,23031,0,-22439,-21632,-20232,-21040,0,0,0,0,23898,0,-26151,0,26900,0,0,0
84002463,Team1,1,0,0,0,26548,0,0,0,0,0,0,0,-21903,0,0,0,-24387,28090,0,-23708,0,0,0,27088,0,0,0,-27883,-28067,-27746,0,23874,21594,0,0,25058,0,0,0
84002525,Team1,0,0,0,0,21753,-25631,-28573,0,0,0,0,0,0,25799,0,0,0,0,0,25996,0,0,0,26281,22020,-26128,0,0,0,0,0,0,-24917,0,0,-21278,21109,-22531,0
84002545,Team0,1,0,0,0,-28717,0,0,0,0,-27549,27089,0,0,28202,0,26473,0,0,0,25532,25340,0,0,0,0,-25386,0,0,27443,0,0,0,-25425,0,0,-24872,0,0,-23046
84035107,Team0,0,0,0,0,0,-22695,0,0,24847,0,0,0,-21831,23495,0,0,0,-22107,0,0,0,0,0,0,24547,26277,0,-25293,21493,-24364,0,-21886,0,0,30912,0,0,0,0
84035531,Team0,0,29431,34048,0,0,-24925,0,0,0,0,0,0,0,0,27667,0,0,0,0,0,0,0,-21426,0,0,0,0,0,0,0,0,0,0,0,-36589,0,0,23960,0
84311089,Team1,-1,0,-32235,0,24757,-28974,-39029,0,0,0,0,0,24041,0,-33885,0,0,0,0,32905,24041,-26792,-29312,0,0,30013,0,0,0,0,0,0,0,0,0,0,26858,0,0
84311146,Team0,1,-21089,0,0,0,-19316,37266,0,0,-21933,0,-23464,0,22926,0,24090,0,0,25869,0,0,0,0,0,0,0,0,0,0,-21475,27038,0,0,0,0,0,-22350,22174,0
84311186,Team0,1,0,0,0,0,0,0,0,0,24088,0,30568,0,0,0,0,0,-19469,23216,-30153,-20413,0,29249,0,0,23216,0,-21658,0,0,0,0,0,28168,-21032,0,-20973,0,0
84311248,Team0,-1,0,28683,0,0,26050,0,23730,0,0,0,-37683,0,0,0,0,-29642,0,0,0,-28645,0,0,0,0,0,0,23538,-27449,0,0,0,0,23424,-29446,-25891,23221,0,0
84311252,Team0,1,0,0,-19183,0,27652,0,-24055,0,0,0,33227,0,0,0,0,0,0,0,25150,0,0,0,0,-23628,0,29688,0,0,32747,0,0,0,-33152,-24954,0,29634,-21003,0
84847197,Team0,0,0,0,0,0,-26657,40758,-27780,0,0,0,-23958,0,0,0,0,0,28792,0,0,28512,-18854,0,30411,0,0,0,0,0,-37597,0,0,28010,0,0,0,0,26333,-26380
84847242,Team0,0,-29441,0,0,0,0,0,26726,0,0,0,-25276,0,27192,0,0,-24641,-23171,0,25537,23040,28581,0,-27652,0,0,0,0,0,0,0,0,-20705,0,24834,0,0,0,0
84847281,Team1,1,0,-27890,26458,0,0,-28194,0,0,0,0,29794,0,-19587,0,-22276,27186,0,0,0,0,23298,0,31529,0,0,0,0,0,0,30896,0,0,-20343,0,0,0,-32972,0
84847334,Team1,-1,-33263,0,0,0,0,30316,0,21647,0,0,-30882,0,0,0,0,-28856,0,26607,0,0,0,0,0,22756,0,-31282,0,19314,-28999,0,0,0,22140,0,0,0,-28502,0
84847385,Team0,1,0,0,26344,0,-22020,0,0,0,-23630,0,0,0,0,0,-19097,29588,0,0,0,0,-20883,0,0,0,29627,26340,0,-28147,-24545,0,0,0,0,0,0,0,29683,25342
84847390,Team1,-1,0,23753,0,0,0,0,0,0,0,0,26775,0,-31546,0,0,25271,0,0,0,0,20822,23097,0,27821,0,0,-32360,-29757,-33523,0,0,0,-30491,-31777,0,0,0,0
84757095,Team0,0,34077,0,0,0,0,0,-28158,0,0,28854,-24105,0,28747,30819,0,0,0,0,0,0,-26598,0,36394,0,0,0,0,0,29728,-26493,0,0,0,-28001,0,0,-23723,0
84757191,Team1,0,0,29667,0,0,-27432,0,0,0,-23093,0,-24464,0,0,0,16686,17967,0,0,0,0,0,0,0,0,29139,0,24106,0,-28364,30389,0,0,0,-23406,0,0,0,-26449
84757235,Team1,-1,0,37293,-28467,0,19552,0,0,0,18827,0,0,0,23553,0,0,0,-29545,20602,0,-27596,0,0,0,-25984,0,0,21595,-23906,0,0,0,0,0,0,0,-27036,0,0
84904977,Team1,-1,0,32479,0,0,0,0,-26599,0,0,0,0,23980,-25199,0,0,0,0,0,33964,23833,-27303,0,0,-28166,0,0,0,0,0,0,0,0,23294,0,0,23462,-30764,-31329
84905813,Team1,-1,0,0,0,0,0,0,0,0,0,0,34442,0,22961,24729,0,28730,-27627,0,0,0,-26600,0,-22629,0,23351,0,-27988,23218,0,-37757,0,0,0,0,0,-27098,0,0
84905902,Team0,0,-30985,32020,-27321,0,-26480,0,0,-28611,0,0,0,0,0,34752,23141,0,0,0,0,-29561,-28245,0,0,0,0,0,0,0,0,0,0,0,25747,29898,0,0,25890,0
84905995,Team0,1,-26737,33756,0,-24870,0,0,0,-24479,29683,0,0,0,0,26112,0,0,0,0,0,-26040,0,0,0,0,0,-22523,0,0,0,36084,0,0,0,25464,0,0,-24547,25502
84465690,Team0,1,30011,34034,0,0,0,0,0,0,0,0,0,33019,0,0,-26838,0,-23153,0,-31955,26366,-22617,0,33537,0,0,0,0,-22949,0,0,0,0,0,-27538,0,24365,0,0
84465774,Team0,-1,0,0,23986,0,25940,0,-24880,0,0,0,33135,0,0,-27654,0,-25165,0,0,36808,24810,0,0,0,0,0,0,-31319,-26219,0,0,29998,0,0,-31382,0,0,0,0
84466277,Team1,1,21779,0,0,0,0,0,0,24400,0,0,0,-27882,0,0,0,0,0,0,0,0,0,0,22335,0,0,21893,28492,0,-34743,-36554,0,0,-28815,-30919,0,-27954,23642,0
84466300,Team1,-1,-24614,26808,23454,-29184,0,0,0,-32401,0,0,-26472,0,0,0,0,0,21298,0,0,22390,23980,22808,0,0,0,-28758,0,0,0,-27859,0,0,0,0,0,0,0,0
84466406,Team1,-1,0,0,0,0,0,0,0,0,0,0,0,0,26813,0,0,0,0,24850,-30207,0,0,0,0,0,0,0,0,0,0,0,0,0,0,-31646,0,-33895,0,-29569
84215416,Team0,0,0,0,-23946,0,-25632,0,-25753,0,30988,0,22907,0,0,0,25493,0,0,0,-30130,21700,0,0,0,0,0,0,0,-26811,24432,0,0,0,28116,-27285,0,0,0,0
84216069,Team1,-1,22840,0,-30891,0,22500,-39295,0,0,0,0,0,0,-35208,0,24769,-26593,0,0,0,-27150,22371,0,-36945,25900,0,0,0,25926,0,0,0,0,0,0,0,0,0,0
84216082,Team1,0,0,0,24749,0,0,27652,0,-24045,0,0,0,0,0,0,0,0,-22582,25041,0,33723,-24468,0,29347,-22645,-24357,0,0,0,0,0,0,0,26823,-26694,0,0,0,0
84216673,Team1,-1,0,-28884,0,0,-30318,0,-26905,-31892,0,0,0,0,0,21696,0,0,20351,0,0,-26307,0,22919,0,0,20513,22116,0,0,0,0,0,0,0,-32636,0,0,0,23606
84216818,Team1,-1,0,-27426,16593,23740,-26940,0,0,-27705,0,0,0,0,0,0,0,20243,0,0,0,-25504,0,21629,-40533,0,0,0,20076,16701,0,0,0,0,0,0,0,-34111,0,0
84217606,Team0,1,33199,31861,0,0,0,0,0,0,-23709,0,0,-29115,-22315,27063,0,27411,-23040,0,0,0,0,0,-31807,0,0,0,0,26175,-26309,0,0,0,0,0,0,25378,0,0
84724983,Team1,1,0,24378,-26263,0,0,-33890,0,0,0,0,0,0,-30664,0,-31146,-26991,-26345,0,0,26936,0,0,0,0,26534,0,0,0,0,0,0,0,26113,0,26113,29858,0,0
84724999,Team1,-1,0,-35064,0,0,0,28305,0,0,0,21307,0,0,-29398,0,20314,22576,0,0,0,20538,0,0,0,0,0,0,24927,0,-31413,0,0,0,-26938,0,0,-27106,0,-29028
84725020,Team0,1,0,0,0,30027,0,-29378,0,-24231,0,0,-25709,0,26399,0,0,-23407,0,0,0,0,26335,0,0,0,0,0,31352,0,0,30108,0,0,0,0,0,25608,-19222,-22907
84725023,Team0,1,0,0,0,0,23809,0,0,27212,0,0,-30511,0,0,30800,32847,0,0,0,35322,0,0,0,-25828,-24913,0,-21845,-22874,26473,0,0,0,0,0,-28185,0,0,0,0
84725048,Team0,-1,23389,0,0,0,24550,0,0,-25273,-24215,0,28320,0,0,0,-25884,0,-23868,0,0,26539,27795,0,0,0,0,0,-27398,0,0,-36269,0,0,0,0,0,24093,0,0
84725128,Team0,-1,0,0,0,22993,0,0,33022,-32191,0,0,33255,0,0,0,0,26278,0,24302,0,-26993,0,0,0,-33250,0,-27432,0,0,28717,0,0,0,-27854,-28178,0,0,0,0
84725194,Team1,0,0,-27969,0,-26062,0,0,27779,0,0,0,22276,0,-32569,0,0,0,0,0,27427,0,0,-23817,-34196,26946,0,0,0,0,0,0,0,0,26949,26872,0,0,-33722,0
84725218,Team0,1,0,-27341,0,0,0,0,0,30394,0,0,0,0,-31501,0,0,0,-22184,0,26860,-21382,0,25606,0,0,0,0,27325,0,0,34423,0,0,0,-25251,0,-28297,0,29305
84725222,Team1,1,0,-39200,0,0,0,26857,0,0,0,0,0,-31735,0,0,24287,25671,22249,-26760,0,0,0,0,23590,0,-34489,0,0,0,0,0,22565,0,-28170,0,0,0,-25896,0
84725272,Team0,0,0,25351,0,-27081,0,0,0,0,0,0,29492,-26976,0,0,0,22720,24277,0,0,0,-25947,0,25660,0,0,0,0,0,-25883,0,0,0,0,-28508,0,22330,-25087,0
84725294,Team1,-1,-36068,-35439,0,30794,23493,0,0,22559,0,-30671,0,0,0,-32611,0,0,0,0,0,0,0,0,0,0,0,-28462,0,0,26334,0,0,0,-31193,0,0,22455,0,32298
84565283,Team1,-1,0,23314,0,0,0,0,0,0,0,0,24986,0,0,0,0,0,0,24452,0,22033,0,0,-28353,-34737,0,0,0,0,0,0,0,0,26427,0,-29987,0,0,0
84565410,Team0,1,0,30156,0,0,23363,29040,0,-27135,0,0,0,0,0,0,-32956,0,-23885,0,0,0,-25584,0,0,0,0,0,0,0,-25078,33037,0,0,0,24017,-23906,35129,0,0
84565481,Team0,1,0,25139,-25338,-25861,0,0,0,0,24485,0,0,24636,26093,0,0,-23640,26229,0,0,0,-22426,0,-27770,0,0,0,0,0,29022,0,0,0,0,0,0,0,-22511,0
84565482,Team1,-1,-25970,23306,0,0,24644,37401,0,0,0,0,-27450,0,0,0,0,-22431,26574,-26105,0,0,0,0,0,0,0,0,0,0,0,0,0,-23050,0,24173,0,24122,-27894,0
84565537,Team0,1,0,28846,0,0,22756,0,0,-24145,0,0,0,0,0,0,-25119,0,-23414,0,0,27936,22448,0,29921,-20443,0,0,-21174,0,0,0,22971,0,0,0,0,0,-23233,0
84565538,Team1,0,0,0,30222,30595,0,0,-23115,0,0,0,0,0,-24769,0,0,0,0,0,29150,32273,30062,0,0,-25538,0,0,0,-28127,-21834,0,24550,0,0,0,0,0,0,-28060
84565629,Team1,1,0,0,0,32475,0,0,0,-23755,28657,0,30692,0,0,0,-23599,0,0,0,-28408,0,0,0,0,0,0,0,0,-24741,-24743,0,0,27564,26421,0,0,0,0,0
84249951,Team0,0,0,0,0,0,0,0,0,0,0,0,0,0,-24631,0,0,0,0,-25157,37214,33905,0,0,28106,0,0,0,0,0,0,0,0,0,30569,-21912,0,0,-24719,0
84249995,Team1,-1,0,26477,0,0,0,-34878,0,0,28601,-30524,29237,0,-31615,0,0,0,19623,0,0,23765,-31486,0,0,0,0,0,0,-31731,0,0,0,0,0,0,0,23236,-27500,0
84250101,Team1,-1,0,0,0,25726,0,-33345,-27508,23084,0,0,0,27812,0,0,-30406,0,0,25152,0,25126,-28261,0,0,0,0,0,0,0,24823,0,0,0,0,-30468,0,0,0,-23948
84250105,Team1,-1,-32773,0,18670,0,0,29619,0,0,0,0,26034,0,-32122,0,21097,0,0,0,0,-25243,-26139,0,0,0,0,18414,0,0,-36234,0,0,0,0,23021,0,-25632,0,0
84250130,Team0,0,0,0,31709,0,-26296,-30963,0,0,27913,0,0,0,0,0,0,0,-21379,0,0,0,0,0,-24907,0,0,28048,0,41451,0,0,0,0,31894,-23034,0,-22964,0,26944
84250147,Team0,1,0,-27139,0,0,0,31144,0,0,-25382,0,-27027,0,0,0,0,24765,0,0,0,-23025,0,0,25895,0,0,0,0,28697,0,-29229,0,-24307,0,34769,0,0,20246,0
84250153,Team0,1,0,0,26527,0,0,-25426,0,0,0,0,31656,0,-23307,0,0,29681,-21393,0,29699,0,-19763,30935,40321,0,0,0,0,0,-25270,0,0,0,0,0,0,-20321,0,0
84250159,Team1,1,23270,0,0,0,23338,-29125,0,0,0,0,27989,0,0,0,-27783,25079,-31408,-27669,0,0,-26021,0,0,0,0,0,23048,0,0,0,0,0,0,0,0,24092,-27238,0
84250190,Team1,-1,0,0,0,-28297,0,-34140,0,0,0,-25376,0,0,0,0,0,0,0,0,0,0,-26595,0,0,0,20908,0,24532,-24302,0,32087,22434,-25136,22454,30428,0,0,0,0
84531870,Team0,0,0,-26324,0,0,0,0,-21299,0,0,0,0,0,27346,-23574,0,0,0,27609,-25219,27448,0,0,0,0,0,-20510,0,0,31724,0,0,0,-22912,28395,0,0,0,24324
84532617,Team1,0,24324,-29048,0,0,-26091,0,0,-22355,0,22600,24447,25601,0,25878,0,0,-26295,0,0,0,0,0,0,0,0,-23433,0,0,0,0,0,0,23833,-27420,0,0,0,0
84532937,Team1,-1,35809,-22633,0,0,0,0,0,0,-28279,0,27338,0,-23842,0,30516,0,0,0,0,-25959,0,37432,0,0,0,0,0,0,0,0,0,0,27975,-22649,0,0,33094,-27975
84533412,Team1,-1,0,36078,25523,-30083,-29325,-33735,0,0,0,0,0,0,0,-31984,0,27202,23809,0,0,0,0,0,0,0,0,0,30471,0,-31586,0,0,0,0,25972,0,-30085,0,0
84533631,Team0,0,0,0,0,0,-29766,0,-22857,-24725,0,0,0,0,0,0,25355,0,0,0,-26864,23236,24907,0,25220,0,0,0,-23474,-28238,0,28625,0,0,0,30128,0,0,0,0
84876939,Team0,1,0,-32295,0,0,0,0,0,-23463,0,0,0,0,0,0,0,0,0,-24041,30156,-27020,27633,0,0,0,0,0,0,26380,-24800,24911,0,0,0,31552,0,24770,-23476,0
84876950,Team1,0,0,-21021,0,14680,-21103,0,-20947,0,0,0,0,0,0,0,0,0,0,0,0,11638,14089,0,0,0,12173,14476,-20659,0,0,0,0,0,-25144,0,0,-21139,11295,0
84877097,Team1,1,29210,0,0,0,0,0,0,0,-20061,20055,26660,0,-27566,0,26651,0,27766,0,0,-29567,27870,0,0,0,-28628,0,-27714,0,0,0,0,0,0,0,0,0,-24893,0
84877148,Team1,-1,0,0,0,-28655,0,-40921,0,0,-31303,0,0,0,22656,-34006,0,0,0,0,31928,0,0,0,0,0,0,25688,22883,32459,0,22636,0,0,0,-28699,0,0,0,-29882
84877149,Team1,1,0,0,0,25716,0,0,0,0,0,25455,26080,0,28671,0,0,0,0,0,-23683,0,-23210,0,-31865,0,0,0,29729,0,0,0,0,0,38769,-26909,0,0,-25740,-24507
84877170,Team0,1,0,-23559,0,0,-14368,0,0,0,28963,0,28107,0,-15560,-17132,0,0,0,0,0,0,31735,0,-16769,28014,-17659,0,0,0,0,0,0,0,28108,0,0,0,0,32421
84877218,Team1,0,0,-27292,0,31596,0,0,-27533,0,0,0,-31197,0,0,0,0,-25700,-27159,0,0,0,19679,0,0,0,0,0,26311,0,0,0,0,0,28565,-34415,0,22478,0,27943
84877270,Team0,-1,29702,0,0,0,0,0,0,0,-23315,0,0,0,27236,0,0,0,0,0,0,-22444,25813,25346,0,0,0,0,0,-26825,0,29792,0,0,0,-24111,0,-27471,0,0
84788369,Team0,1,0,0,0,0,-20101,0,0,0,28674,-19923,-20435,0,0,0,0,0,0,0,0,32936,27837,28628,-18589,0,32367,0,0,32360,0,0,0,0,0,-26319,-12137,0,0,0
84788386,Team0,0,0,0,0,29071,29308,0,0,27027,0,0,0,0,0,0,0,0,-24612,24055,-23494,0,25297,0,-27599,0,24683,0,0,0,0,0,0,0,0,-24577,0,-20492,0,-27107
84788400,Team0,-1,0,-32252,0,0,0,0,0,26310,0,-25340,0,0,0,0,-25051,0,29619,0,21740,0,-27635,0,22313,0,0,0,0,21030,-27216,0,0,0,0,25824,0,0,0,-25680
84788479,Team1,-1,-36365,27252,0,0,0,0,0,19056,0,0,0,0,0,-29761,0,0,-26448,-27110,0,26047,25252,0,0,0,0,-29010,0,-27418,0,0,16150,23549,0,0,0,0,0,0
84788507,Team0,-1,0,0,25199,0,0,-32841,30399,0,0,0,-35125,0,0,0,0,-26465,-25635,0,29323,0,26029,0,0,0,0,0,0,0,-27676,22276,0,0,0,24477,0,-22737,0,0
84788528,Team1,0,-15449,0,6317,0,0,9453,0,0,0,0,-14603,0,0,0,0,0,0,0,0,7120,6317,0,0,0,0,0,0,5276,0,0,-12519,0,-12214,0,0,7263,-12215,-13247
84788551,Team0,1,0,0,22290,0,0,-25194,0,0,25712,0,0,0,0,0,0,-20056,-18823,0,0,23269,0,0,-24860,0,0,24587,0,0,30238,0,0,0,33437,-21947,0,-20821,0,0
84788598,Team0,0,0,30414,0,-29986,0,23802,0,0,0,25554,0,0,21397,0,-23562,0,-29972,0,0,27328,-27071,0,0,23971,0,0,0,0,0,0,0,0,0,0,-26001,-25128,0,0
84788619,Team0,-1,0,-3539,0,0,-7325,0,0,14482,0,0,0,0,-8824,0,0,0,13228,0,0,0,12935,0,-10109,0,0,0,0,0,0,13204,14331,0,-7501,13366,0,-9580,0,0
84788713,Team0,1,32492,29254,0,0,0,0,0,-31786,-27356,29014,0,-29488,34251,0,0,0,0,0,0,28228,0,0,0,0,-27765,0,0,0,0,-30837,0,0,0,27561,0,0,0,-26526
84788740,Team1,-1,0,0,0,0,0,-42149,23813,0,0,-23326,-27404,-24388,0,0,0,-24367,0,0,0,24447,0,23064,26633,0,0,0,0,0,24064,0,0,0,0,0,0,0,-26951,23073
84096723,Team0,-1,32918,0,0,0,-21018,0,0,26975,-24206,29587,-25260,0,-24170,0,0,0,0,0,0,0,25537,0,-25632,0,0,0,31222,0,0,26198,0,0,0,-27671,0,0,0,0
84096735,Team1,1,0,29836,0,0,-21865,0,0,27923,-25134,0,-25128,0,33062,0,0,0,25745,0,0,0,-25340,0,0,0,0,0,0,-24979,-26111,0,0,0,0,0,0,28433,22890,0
84096740,Team0,1,0,0,0,0,31790,0,0,-18581,0,0,-17311,0,0,0,-26184,0,0,0,26905,-17625,0,0,-32299,0,0,28870,0,26552,0,0,0,0,0,29467,0,-21060,26140,0
84096744,Team1,-1,0,20050,0,0,0,0,0,18965,0,-27386,0,-27432,-26961,0,0,0,23964,0,0,0,0,0,23034,0,0,0,-40420,-27611,0,-31780,20525,0,25853,0,0,0,0,0
84096748,Team1,-1,0,-36552,0,0,0,33338,0,0,-21983,0,0,23429,-27581,-27710,0,0,0,-28665,0,0,0,0,25516,0,0,0,0,0,0,24626,0,0,21789,0,0,21083,0,-27165
84096750,Team1,-1,0,0,-25150,26697,-23462,0,0,0,20741,0,-26649,26960,0,22774,0,0,0,-26916,0,0,0,0,0,-24700,0,0,0,22359,29753,0,0,0,0,0,0,0,-32023,0
84096773,Team1,0,-26829,28679,0,0,0,0,0,0,0,0,-23345,0,22431,25873,-22918,0,24741,0,0,0,0,-20717,0,-27154,0,0,0,23098,0,0,22412,0,-20769,0,0,0,0,0
84096785,Team1,-1,0,-27670,0,0,-23560,0,0,22885,-24893,0,0,0,0,0,-26930,0,-27674,0,0,0,0,0,0,0,25870,-26011,0,0,33307,0,0,0,0,22848,0,22342,0,20958
84096843,Team1,1,0,-19456,0,0,24697,-32048,0,30336,0,0,0,0,0,0,0,0,0,0,-24205,-19617,0,0,0,0,0,30548,0,-19375,0,0,26000,0,0,32621,0,-24029,0,30916
84096844,Team0,0,0,0,0,0,0,0,0,-25392,0,0,-29370,24003,-22840,0,0,0,-28270,-26283,0,0,22006,24401,0,0,31079,0,0,0,30148,22674,0,0,0,0,0,0,0,-23731
84096870,Team0,1,0,0,29623,-22979,-22684,0,0,-24396,0,0,-18537,0,30198,0,0,29726,0,0,28377,29878,0,-23000,31337,0,0,-19543,0,0,0,0,0,0,0,0,0,0,0,0
84096899,Team0,1,0,0,0,-20452,0,0,0,-26058,0,0,28264,0,0,0,0,0,-23175,25071,0,0,26190,0,33526,0,0,0,0,0,-25302,0,-23500,0,30043,-32730,0,0,0,33215
84096949,Team1,1,0,0,0,0,24679,-30915,0,0,0,26830,33081,0,0,0,-26343,-20423,0,0,0,0,0,0,-25051,0,0,0,0,-25047,0,0,0,0,-20241,33347,0,0,0,0
84339779,Team0,0,0,31263,0,24386,-25728,0,0,0,0,22976,-22178,26774,0,0,0,0,-18855,0,0,26789,0,0,-31365,0,0,-21797,26148,0,-25778,0,0,0,0,0,0,0,0,0
84339798,Team0,1,0,0,0,-23157,0,0,0,-25891,0,27190,0,0,0,0,0,0,0,0,-20594,-25142,0,0,-14562,0,28191,-18383,31067,0,0,28216,0,28679,0,0,0,0,27576,0
84339811,Team0,1,0,0,27662,0,0,-27130,0,-23066,0,0,0,0,-23176,0,0,35729,-29048,28960,-23232,0,0,0,0,0,27420,0,0,0,0,30984,0,0,0,29231,0,-27714,0,0
84339860,Team0,1,-24609,31346,0,0,27194,0,0,0,0,0,0,-23300,0,0,27781,0,27624,0,0,-19887,0,-22487,0,0,0,0,0,0,31255,-28824,0,0,0,-25668,0,28403,0,0
84339864,Team0,0,-26166,0,26565,0,-29725,0,27821,0,0,0,-28369,0,-24175,0,0,26975,0,0,0,31373,0,0,0,0,0,0,0,31377,0,0,0,0,0,34362,0,-22401,0,-22929
84339894,Team1,0,16645,0,0,0,0,0,0,-34893,0,0,23560,0,0,0,0,18130,0,-29631,0,23659,0,0,0,0,20348,0,-30901,0,-31449,0,0,19403,-35829,0,-27922,0,0,0
84339897,Team1,-1,0,-29275,0,0,0,0,0,-25624,25123,0,0,0,-26173,0,24673,0,-25908,0,0,39490,24705,0,0,0,0,23495,0,0,-24593,27495,0,0,0,-20919,0,0,0,0
84339900,Team0,0,0,0,0,0,0,-30920,0,0,0,0,-28636,0,23982,-25590,0,0,0,27398,0,25827,-27417,-25917,0,0,0,24163,24188,0,0,28608,0,0,-25818,0,0,0,0,0
84339926,Team0,1,0,25851,0,32856,0,0,0,0,0,0,-25686,0,0,0,0,-25819,0,-27439,0,-27539,-25665,0,0,0,0,0,0,-25410,0,0,0,0,23046,33629,0,22071,0,25088
84339948,Team0,-1,23049,26679,-24687,-42658,0,0,0,-30610,0,0,0,0,-24635,0,0,0,0,0,0,18924,18572,0,0,-26970,0,21178,0,0,0,24418,0,0,0,0,0,0,-24683,0
84339951,Team1,0,0,28681,0,-29707,30966,0,0,0,-28855,0,0,0,0,-22726,0,0,0,0,-29428,0,24648,0,0,0,0,-23300,32487,0,0,28892,0,0,0,-26609,0,25294,0,0
84339967,Team0,-1,0,0,22540,0,0,-33783,0,30502,22419,0,0,0,22517,0,0,0,22684,0,0,-25033,-23224,-23016,0,28582,0,0,0,0,0,-28718,0,-19627,0,0,0,0,0,0
84155087,Team1,-1,0,18297,0,0,-32881,0,-29059,-29911,0,0,18253,0,0,0,0,19959,0,0,0,0,0,0,0,0,0,0,0,18943,-31084,0,20238,0,18181,-30128,0,0,0,-32510
84155134,Team1,-1,-30016,0,-28186,0,0,0,0,0,0,0,0,20862,0,0,0,-24907,0,0,29516,0,0,0,-30859,0,0,0,24429,0,0,27399,23210,0,0,-27717,0,0,27698,-26156
84155136,Team1,0,0,0,0,0,-24760,0,0,0,0,0,-32273,0,0,0,26811,0,0,0,0,26274,35254,0,-26561,0,-32966,0,0,0,28489,30775,0,0,-27303,-27333,0,26600,0,0
84155167,Team0,-1,0,31555,28243,0,0,0,0,-27317,0,0,-25709,0,0,23982,0,27974,-25566,0,0,22129,-27535,-26209,0,0,0,0,0,0,0,0,0,0,0,0,0,21906,0,-28051
84155260,Team0,1,0,0,-20886,29206,-29359,35234,0,0,26694,0,0,0,0,0,29789,0,27546,0,0,0,0,0,0,-24679,0,29974,0,0,0,0,0,0,0,0,-21362,-22878,0,-18996
84594856,Team0,0,0,27113,0,0,0,0,0,23448,0,0,31007,0,0,0,24469,0,-25523,0,-25009,0,-23201,0,0,0,0,0,-37965,19871,0,0,0,0,27625,0,0,-25826,-26898,0
84594907,Team0,0,0,0,0,0,30073,34561,0,0,0,-23641,0,0,0,0,0,0,0,0,0,-27451,31917,0,0,30517,0,0,0,0,-27806,0,0,-22495,0,0,-23474,36427,28862,-24820
84972028,Team0,0,0,0,0,24407,0,-25409,-20451,20919,20410,0,24519,-23227,0,0,0,0,24654,0,0,-30460,-27370,0,-28463,0,0,0,0,0,0,0,0,27703,0,0,0,0,0,0
84972032,Team1,1,-28889,0,0,0,0,31549,0,0,0,-19830,-25631,0,0,0,0,0,0,0,24527,25512,-23642,0,-26563,0,0,35091,0,0,0,32217,0,0,-24099,0,0,26873,0,0
84972077,Team0,0,-24694,30123,25931,0,0,0,0,25743,0,0,26956,0,24731,-34866,0,0,0,0,0,0,-23057,-22276,0,0,0,0,0,-18585,-26630,0,0,0,0,26806,0,0,0,0
84972106,Team0,1,0,0,28503,30712,-20747,-29730,0,-20843,31758,0,-28427,0,0,30991,31808,0,0,0,0,-23037,0,0,0,0,0,0,0,0,0,0,0,0,32626,0,0,0,-17720,0
84972392,Team0,0,0,0,0,0,0,23167,0,-25024,0,0,-27167,0,0,0,0,37699,27764,0,0,0,-26127,0,22849,0,0,-24330,-24761,0,0,0,0,0,0,26348,0,25804,-22792,0
84972405,Team0,0,0,-23313,0,0,0,-28981,0,-30649,0,0,0,32872,0,0,0,0,0,0,0,26154,0,-23910,-24482,0,0,0,36169,0,0,28349,28598,0,30464,0,0,0,0,-22697
84972761,Team1,-1,25010,0,0,0,22651,-28237,19341,0,0,0,-28975,0,0,-36946,19844,0,0,0,0,0,-27341,0,24811,0,0,0,0,0,27669,0,-28879,0,0,-30330,0,0,0,0
84972774,Team0,0,0,0,-23791,0,-22904,31920,-23069,23548,21353,24129,-35106,0,0,0,0,0,0,0,0,25028,-32630,0,0,0,0,0,0,29219,0,-26919,0,0,0,0,0,0,0,0
84939124,Team0,0,0,26327,-32227,-29008,-24156,0,0,30963,0,0,0,0,-27217,0,0,0,24608,0,0,25765,0,0,-27693,0,0,0,0,0,36716,0,0,0,0,-34327,0,32268,0,0
84939150,Team1,1,0,-28591,29286,0,0,33067,0,0,0,0,0,0,0,0,-28536,-22011,-22297,31056,0,25766,0,0,0,-25292,0,0,0,0,0,0,0,0,26925,-22529,0,0,0,27933
84939162,Team0,0,0,24669,0,0,0,29250,-26336,-28540,0,0,0,0,0,0,0,0,21548,0,-30552,-25338,0,0,-23777,0,0,0,0,0,-29239,0,0,0,21328,28737,0,27136,0,0
84939255,Team0,1,-24575,-34628,0,0,0,45599,0,0,28172,0,34421,0,-21964,0,25623,0,-23189,0,0,33375,0,-22283,0,0,0,0,0,-21450,0,0,0,0,0,0,26831,0,0,0
84939323,Team0,1,-19112,0,0,0,0,37728,0,0,30793,0,0,0,0,-20721,-21214,0,0,0,0,0,-25092,0,29521,0,0,0,-23589,-24096,0,0,0,0,0,30757,29585,0,28865,0
84939328,Team1,0,0,0,8959,0,-23189,0,0,15242,8784,0,0,0,0,0,0,0,0,-15160,0,9786,-16958,0,-14289,0,0,0,12149,-18483,-16193,8527,0,0,0,0,0,0,0,0
84939407,Team1,0,27398,-30063,0,-26034,0,0,0,0,-21203,0,-25636,0,0,0,-20810,-28809,0,0,27698,0,30045,0,0,0,0,23753,0,26702,0,0,0,0,0,0,0,0,26344,0
84939434,Team0,1,-31513,0,22334,0,0,0,0,0,0,0,-26725,-23652,0,0,0,-24708,23149,0,0,-23218,30366,0,31861,0,-28810,0,0,0,0,0,0,0,31722,0,0,39838,0,0
84939439,Team1,0,28968,0,0,0,0,0,0,0,0,0,0,0,0,0,0,0,0,0,0,0,0,0,0,0,0,0,0,0,0,0,0,27132,0,0,0,0,0,0
84625676,Team0,0,-29418,27733,-23845,0,0,29026,25267,-24750,0,0,0,-25726,0,0,0,0,25500,0,0,-24338,0,0,0,-23872,0,29062,0,0,0,0,0,0,0,0,0,0,23859,0
84432647,Team0,1,0,34652,0,-24450,0,0,28206,27445,-19070,0,0,-22967,0,0,-19919,0,0,0,0,-19577,0,0,0,0,0,0,0,27455,-27187,0,0,0,31135,0,29447,0,0,0
84432716,Team0,1,0,28395,0,0,0,0,0,0,0,-21933,-27301,26138,-23989,0,33454,0,27625,0,0,0,0,24854,27279,-23392,0,0,0,0,0,0,0,0,0,0,0,0,-29796,-22196
84432735,Team1,-1,-27746,-31868,0,0,0,0,0,0,0,-26138,-34975,0,0,0,0,-36851,24443,0,0,0,0,0,-27746,22758,0,0,0,0,26065,0,0,0,0,21681,0,21174,0,24050
84432789,Team1,1,0,0,30947,0,0,-30830,0,0,0,0,0,0,0,28806,29353,-22202,0,0,31302,-22677,27362,0,0,-26078,0,0,0,0,0,0,29074,0,0,-21111,0,-22083,0,0
84432790,Team1,-1,0,0,0,0,0,0,0,0,0,0,0,0,0,20034,0,24747,22596,0,0,-28413,0,0,0,0,25294,-29705,25649,-28651,-29031,0,20043,0,-27860,-35573,0,0,0,0
84432825,Team0,1,0,-24982,0,0,22967,39092,0,0,0,-21915,0,0,26791,0,30211,0,21809,-21275,0,0,0,0,-24816,0,0,0,0,0,0,0,22799,0,0,-21856,0,-30137,0,0
84432877,Team0,1,-33308,0,0,0,25252,27874,0,0,0,0,29182,0,0,0,-20515,0,-20180,0,0,23388,0,25816,-35392,0,0,0,0,0,0,0,0,0,-22034,31109,0,-21128,0,0
84432885,Team0,1,32954,-30205,0,0,32673,0,0,0,0,0,32108,28732,0,-29122,28762,0,0,0,0,0,-22320,0,0,0,0,0,0,0,0,0,-23492,0,-22211,31456,0,0,0,-27855
84432952,Team1,-1,0,0,0,0,0,29570,0,-32771,-25561,0,-36257,0,23405,0,0,0,21641,0,0,-29055,-24503,0,0,0,0,0,24277,0,0,0,0,0,24013,0,0,28881,-24461,0
84400287,Team1,-1,14151,22881,0,-26936,0,0,0,0,0,-28997,19604,-30176,-35605,0,17001,0,0,0,0,0,-29998,0,0,0,0,17236,0,0,-37620,0,0,15432,0,0,0,0,0,0
84400327,Team1,-1,24377,0,-23672,0,0,0,23605,-26871,0,0,-27538,0,23746,27258,0,-29815,0,0,-28460,-26814,25226,0,0,0,0,0,0,0,0,0,0,0,0,0,0,0,0,25341
84400397,Team1,-1,0,0,19523,0,0,24096,0,0,0,-24784,0,0,0,0,0,23095,0,0,0,0,0,0,0,20338,0,0,0,-30704,0,0,0,-26839,24058,0,-26813,21346,-26441,-25115
84400408,Team1,0,25728,0,0,0,0,0,0,0,0,0,-25447,-29326,28217,0,0,0,-25224,0,25657,26607,0,0,0,-35166,0,26059,0,0,0,0,-24324,0,-24296,27939,0,0,0,0
84400450,Team0,0,0,0,0,0,26156,0,28573,0,0,0,33335,0,-21513,0,24990,0,-20786,0,0,0,-21041,-23296,34293,0,0,0,-20283,-20633,0,0,0,0,25538,0,0,0,0,0
84400456,Team0,0,0,0,0,0,28274,0,0,0,0,0,-29167,0,0,0,0,0,0,27385,-27326,24701,-30538,-30919,0,0,0,0,27116,0,26974,0,24576,0,0,-32321,0,0,-29486,0
84499559,Team0,0,0,0,-27092,0,21813,0,25358,0,-25953,0,30231,0,0,0,0,0,-23821,0,0,26991,0,0,0,0,0,0,0,0,-24963,0,25633,-33383,0,24484,0,0,0,-27004
84500645,Team0,0,0,0,0,0,26607,0,0,-28587,0,34092,25575,-30296,0,0,27920,22682,0,-23667,0,0,0,0,-25115,-25989,0,0,30245,0,0,0,0,0,0,0,0,0,-24571,0
84181933,Team0,1,26914,-23877,0,-28461,28215,0,31125,0,-21650,0,-20372,0,0,0,-23238,-21448,0,0,0,0,0,0,31238,0,0,0,0,0,35634,0,0,0,0,35016,0,0,0,0
84182009,Team0,-1,28822,0,0,30061,-25312,0,0,0,0,0,-25957,0,-29755,28413,0,0,-24186,-26270,0,36418,0,0,0,0,0,0,-31388,0,0,0,33263,0,0,35639,0,0,0,0
84818729,Team0,1,0,0,0,0,-21936,0,0,0,0,0,0,0,0,0,0,26944,26969,0,-26982,-20925,0,0,26189,0,0,0,-20686,-23044,33022,0,-21664,0,0,37545,0,27636,0,0
84818777,Team0,1,24438,-27814,0,0,25692,0,0,0,0,-29896,-26160,0,-25365,0,24042,0,-25709,0,0,0,-21358,0,0,0,0,0,0,25957,38587,0,0,0,0,27679,0,0,0,0
84818790,Team0,1,-21004,0,0,0,0,27752,0,-27790,0,26936,0,0,26990,0,30661,0,0,0,0,-25215,34212,0,-19889,0,0,-21066,0,0,0,26806,0,0,-20639,0,0,0,0,0
84818792,Team0,0,0,0,0,0,0,0,0,0,0,0,-31731,0,0,0,0,-20626,24450,-22872,0,-24919,27066,25157,0,0,0,0,0,24084,34658,0,0,24715,0,-26408,-20982,0,0,0
84818830,Team1,0,0,-33553,0,-29702,0,0,0,0,0,26665,0,0,0,0,0,-32736,0,0,0,25039,21534,0,0,21391,0,23299,0,0,23028,0,0,0,0,-27016,0,-27234,0,-27047
84818867,Team1,-1,29602,-35202,0,0,27212,0,0,0,0,20225,23698,21306,0,-31451,-30607,0,-27900,0,0,0,0,0,0,0,0,0,0,0,0,0,-34195,0,-32081,0,20250,0,0,0
84657221,Team1,-1,0,0,0,0,0,-30387,-25294,0,0,0,0,0,0,0,0,0,-24339,-32610,0,-28614,25135,0,0,0,0,0,0,0,0,0,0,-24803,0,0,0,0,0,0
84657259,Team1,-1,31620,0,0,0,0,0,-27357,-30364,-27211,0,-27288,0,23546,0,0,0,25523,0,0,0,23465,0,0,-27200,0,0,0,0,23031,-27652,0,0,0,0,0,24803,0,0
84657331,Team1,0,0,-28192,0,0,0,0,0,0,19413,0,0,26272,0,0,24654,-27825,0,0,0,-26322,25694,0,0,0,-34222,0,0,24735,22262,0,0,0,0,-26796,0,-23402,0,0
84657357,Team1,0,0,27512,-25664,0,0,-28462,0,0,0,-24299,0,0,31142,0,0,0,0,0,26465,0,0,0,26087,0,0,0,0,-26231,0,29838,0,0,-26899,0,0,30188,0,-22990
84657382,Team1,0,0,21453,0,0,0,0,0,0,22387,0,-24527,-24193,0,0,0,0,23951,-27018,-30753,0,22985,0,0,37463,0,0,0,0,-23408,0,0,0,-23665,22141,0,0,0,0
84657436,Team0,1,0,0,0,0,-20127,-24826,0,28199,24924,0,-23324,0,0,0,0,0,0,0,-22364,33623,25190,-32099,0,25745,0,0,0,32218,0,0,0,0,0,-27075,0,0,0,0
84657444,Team1,1,0,0,0,0,-24801,0,0,-29118,0,0,-26048,0,0,0,0,22628,0,-29248,0,20737,-23855,0,0,0,0,0,33157,23574,30986,0,0,0,0,0,0,23315,-28349,0
84657476,Team0,1,-26077,0,24026,0,30875,0,0,0,-19976,0,-26927,0,22965,-21857,0,0,0,0,0,-20391,-24334,0,0,0,0,22394,0,0,31386,0,0,0,0,0,23592,0,0,0
84657547,Team0,1,-23507,27947,0,0,-17555,0,0,0,0,0,0,23425,0,0,-23162,0,0,25642,0,0,0,0,0,28068,0,0,0,-18989,0,28434,0,-23049,-22037,0,0,0,0,27778
84657605,Team0,0,0,0,0,0,0,0,0,-25061,0,0,0,0,0,0,23929,0,0,0,0,-26000,0,0,0,0,-36080,-25770,24002,0,0,22602,0,0,31965,0,-26689,23798,-28043,23670
84657629,Team1,1,0,0,0,-27436,0,-26888,0,0,0,-24819,25064,0,-27559,0,0,25117,0,26009,0,-22899,0,0,0,0,0,0,29032,27707,0,24029,0,0,0,-27853,0,0,0,0
84002602,Team0,1,0,0,0,33637,33540,-20179,0,29787,0,27391,0,0,-27082,0,23612,0,0,0,0,0,0,0,42787,0,0,0,0,0,-27337,-23406,-21259,0,0,0,0,0,0,-20120
84002641,Team1,0,0,-28691,0,0,0,0,-27475,0,0,-25655,0,0,0,0,0,21044,-24877,0,0,0,-24627,0,0,27632,31473,0,27518,0,0,28161,25585,0,0,0,0,0,0,-25873
84002689,Team0,-1,0,0,0,0,-25997,39844,0,0,-26824,0,-35400,0,25017,0,-31272,0,0,0,0,26208,-26473,24862,25164,0,0,0,0,0,0,0,0,0,0,0,24543,0,0,-27801
84002715,Team0,0,0,0,0,0,0,0,0,0,-23310,0,0,0,22391,0,-24690,0,23989,0,0,-29061,0,0,-27870,0,0,0,25313,0,28770,-25762,24852,-25118,0,0,27510,0,0,0
84002814,Team0,-1,0,0,32853,0,0,-29093,0,27819,-23477,0,0,0,-23529,-25067,30206,0,0,0,0,0,0,0,28396,-23526,0,0,28506,-21490,0,0,0,0,0,0,0,0,29553,0
84689579,Team1,-1,0,-29042,0,0,0,0,17793,0,0,0,0,0,-26953,13859,0,0,0,18154,25763,0,0,-23975,23337,-27259,0,0,-32225,0,0,-25764,0,0,0,0,20109,0,0,0
84689582,Team1,-1,0,26583,0,0,25347,-27533,30023,-31457,0,0,0,0,26227,0,0,-27782,0,0,0,-27395,0,0,-32398,0,30115,0,0,-28149,28621,0,0,0,0,0,0,0,0,0
84689604,Team1,0,-27562,25023,0,0,0,33441,0,0,23211,0,19590,0,0,0,0,0,-32465,-27341,0,23307,-24334,0,0,0,0,0,0,0,-27514,0,0,28784,0,-27665,0,0,0,0
84689609,Team1,0,10195,-15950,0,0,0,0,0,4540,0,-16914,0,0,0,0,0,0,-13782,0,0,-16094,-15528,0,0,0,0,0,10068,6039,0,0,0,0,8361,-15733,0,0,9775,0
84689664,Team1,-1,0,0,21916,25871,-28562,0,22997,0,-25697,0,-23189,0,0,0,0,0,24564,0,0,0,22683,0,20364,0,0,0,-30530,0,0,0,0,0,0,-28462,0,0,-28814,0
84689713,Team1,0,-27539,27859,-23213,0,-25255,0,27728,0,0,0,0,24921,0,0,0,0,25370,0,25418,-22736,0,0,-26678,0,0,0,0,27947,0,0,0,0,0,-27507,0,0,0,0
84689720,Team1,-1,-28870,25796,0,0,19075,-30128,-28518,0,20141,0,0,-28389,25277,0,22603,0,0,0,0,0,0,0,0,0,0,0,0,25777,-29370,0,0,0,-33316,0,0,0,0,0
84689757,Team0,1,-26332,0,0,0,27345,-25555,0,0,-23854,0,0,0,0,0,0,0,0,0,0,-28397,31832,-26560,0,0,0,0,27713,33372,0,0,28296,0,27123,-23359,0,0,0,0
84689763,Team1,-1,-27326,21581,16547,0,10026,20502,0,0,0,0,-25108,0,-22890,0,0,0,-22270,0,0,0,-20768,0,0,0,0,0,0,0,0,0,0,0,31085,-21714,0,20353,0,0
84689830,Team0,-1,0,0,0,0,0,22416,31005,0,0,-25463,-28607,28398,0,0,0,-28361,0,0,0,26958,24712,0,0,0,0,0,0,0,-24500,0,22778,0,0,-26516,0,0,0,-21719
84125230,Team0,0,0,0,0,0,0,0,0,-22851,23763,0,33576,0,0,0,-23383,26594,-30079,0,-30698,29472,-22047,0,0,0,0,0,26214,-27390,0,0,0,0,0,25671,0,0,0,0
84125261,Team0,0,0,-27076,0,0,-25392,28231,0,-28861,0,0,0,0,0,0,0,21859,-22851,0,0,24205,0,0,0,0,0,-27571,0,-27097,0,0,0,0,0,25645,0,23788,0,25735
84125265,Team1,0,-25334,25247,0,0,0,0,0,0,0,0,0,26033,0,0,0,29126,0,0,0,0,-26438,0,29099,0,-23433,0,0,0,0,29220,-24581,0,0,0,-31060,0,-25956,31193
84125305,Team0,-1,24907,0,0,0,0,-29332,0,30168,0,-25024,24530,0,30977,-27048,0,0,0,0,0,-25331,-23863,0,0,0,-25706,0,0,0,0,29562,0,0,0,0,0,0,0,25310
84125412,Team1,0,0,-25290,29439,21838,0,0,-25792,-25951,0,0,0,-26441,0,0,21334,0,-35521,0,0,25060,0,0,0,0,0,0,0,0,0,0,0,0,-36410,22178,0,0,20989,0
84035461,Team0,1,0,33023,0,-30891,0,0,0,0,0,-22020,0,24286,-20793,0,0,0,26371,33976,0,26645,-20412,27578,0,0,0,0,-27200,0,0,0,0,0,0,0,0,0,0,-21772
84035516,Team0,-1,0,-26649,0,0,0,0,0,0,0,-28984,0,0,30427,0,25268,0,0,0,31417,0,0,24966,-25497,-25435,0,0,0,28954,30379,0,0,0,-24323,-21269,0,0,0,0
84035528,Team1,-1,0,30942,-32185,0,0,27069,0,0,20796,0,0,0,-25687,0,0,0,-28297,-20983,-32116,0,22246,0,0,0,0,0,0,0,0,0,0,-29517,21501,0,18908,0,0,0
84035555,Team1,-1,0,0,-29926,0,0,21921,0,0,0,-22805,-22697,0,31780,0,23613,-28875,0,24679,0,-26402,0,0,-27871,0,0,0,0,0,22551,0,0,0,0,0,0,0,0,24313
84035556,Team0,0,0,0,0,-29653,27339,0,0,-20647,0,0,-20764,25916,0,0,0,0,0,-24530,0,0,-22188,0,0,0,0,0,0,0,29196,-27495,23811,0,0,0,0,0,23896,22813
84035601,Team0,1,0,0,0,0,0,45082,0,0,31341,0,27598,0,26769,0,-24729,0,-21663,0,-25229,0,-21833,0,0,-30587,0,0,0,0,0,0,-21866,0,0,0,27068,0,26706,0
84035678,Team1,0,-28040,33678,0,0,0,0,0,0,0,0,0,0,0,0,0,0,0,0,0,0,0,0,0,0,0,0,0,0,0,0,-24635,0,19510,0,-25677,20658,-24088,0
84311273,Team0,-1,0,0,0,0,0,0,0,-34478,0,27219,25986,0,27366,0,0,0,0,-29237,26869,28337,0,0,0,0,0,0,-25813,-26167,0,0,0,0,0,-27477,0,30828,-23896,0
84311326,Team1,1,0,32377,0,0,27408,0,0,23878,-25873,0,-29557,0,0,0,24208,0,0,-35838,0,0,0,-23919,27442,0,0,0,0,0,0,-31294,-26758,0,30411,0,0,0,0,0
84311427,Team1,1,0,0,0,0,-24646,32052,0,26298,0,0,0,0,0,0,0,0,0,-26116,0,27565,0,25157,0,0,0,25530,-24719,-23214,0,25967,0,0,0,-31436,0,0,-27194,0
84311447,Team1,0,0,-29401,0,0,-27406,23810,0,0,23162,0,0,0,-25991,0,0,0,0,0,0,21749,23529,0,0,0,-37224,18607,0,0,-29317,0,0,0,0,0,0,-28777,22137,0
84311502,Team1,-1,-30757,0,0,23313,0,-39115,0,0,0,0,19709,-31922,0,0,0,17338,0,0,0,0,-31864,0,-31854,0,0,0,22838,0,0,0,0,0,0,-33291,0,19432,22253,0
84311539,Team1,0,0,0,23404,0,22201,0,0,0,0,0,-26342,0,-27635,0,31861,0,0,0,-25576,0,0,-24809,0,0,0,0,0,0,23596,0,25908,0,21308,-26913,0,0,-25506,0
84368728,Team0,0,0,0,0,0,15147,-9792,0,0,-5603,0,-9206,15320,-8211,0,0,0,0,0,19427,0,-5355,0,0,18567,0,0,0,0,0,-7014,0,0,0,0,13313,14980,0,0
84369266,Team0,0,27699,0,0,0,0,-25891,0,0,0,0,29908,0,-24326,0,25363,0,23514,0,0,-22131,0,0,0,-29889,0,0,0,0,-21356,0,25282,0,25868,0,0,-25544,0,0
84279248,Team0,0,29240,-28112,0,0,0,0,0,0,0,0,30017,0,0,0,0,0,27543,0,0,-24739,0,30545,0,31257,0,0,0,0,0,-30814,0,27875,0,-23779,0,-21820,0,-23180
84279253,Team0,1,0,36454,0,0,0,0,0,-22880,0,25077,27843,0,0,30031,0,0,0,0,-24624,0,26061,-25923,-27181,-25905,0,0,0,0,0,0,0,0,0,30614,-22731,0,0,0
84280622,Team1,-1,0,0,0,0,-27962,-28683,21202,0,0,0,21270,20958,0,0,-30900,0,-28533,0,0,0,0,0,-31740,0,0,0,0,0,27040,0,0,0,27975,-30585,0,0,24489,0
84280717,Team0,1,0,-32482,0,0,0,-29885,28954,0,0,0,0,0,0,-30439,0,0,0,0,0,26447,0,-23082,0,0,0,0,32315,0,24865,0,0,0,25996,0,-23869,28460,-21832,0
84906443,Team0,0,0,26888,0,0,0,0,0,-27650,0,0,0,27147,0,0,23108,0,-25597,-22229,0,0,-22088,0,0,0,-24657,0,0,-28871,24196,0,0,0,27117,0,0,0,25964,0
84906448,Team0,1,-23252,0,0,0,-24005,26889,30203,-26696,0,0,0,0,0,-31826,0,0,30819,27084,0,25675,0,0,0,0,0,0,-25336,-25523,0,0,0,32745,0,0,0,0,0,0
84906483,Team0,0,-3193,0,0,0,0,0,0,0,0,0,0,24365,-662,0,-3102,0,6743,6740,0,0,7789,0,0,8270,0,0,0,0,6742,-3734,0,0,0,-4924,0,0,0,-4550
84906503,Team1,1,0,0,0,0,0,-37730,0,0,0,0,-25617,0,0,0,0,0,27955,0,0,25309,0,-25347,0,0,0,24989,0,32130,28580,-26201,0,-22916,-24814,0,0,26097,0,0
84906510,Team0,1,0,-36423,0,0,-29419,0,0,0,0,0,0,0,27806,-23722,0,0,27277,26970,0,0,-22369,0,0,-29892,0,0,0,-23589,36521,0,0,37004,0,0,0,0,0,29575
84906529,Team0,1,0,0,0,0,0,0,-23711,32871,0,0,-22784,0,-23633,0,0,0,31485,0,-22651,-21976,-24482,0,0,0,32227,0,30362,0,0,0,0,0,31296,0,0,32123,0,0
84906530,Team0,1,0,-27487,0,0,-29911,0,0,0,0,31702,23716,0,24495,0,0,0,0,-25527,0,-22932,24607,-27281,0,0,31939,0,-23399,0,0,32864,0,0,0,0,0,0,0,0
84906538,Team0,0,-27345,0,0,0,23000,0,0,0,0,27547,0,0,-23245,0,0,0,0,0,0,-26834,0,0,-25547,0,0,0,27926,25465,27577,-21770,-24974,0,0,25253,0,0,0,0
84906563,Team1,-1,0,27044,-27359,0,0,-31818,0,27157,-27163,0,27330,0,0,-29645,0,26818,23946,0,0,-28674,0,0,33283,0,0,0,0,0,0,0,0,0,0,0,-28205,0,0,0
84906599,Team1,0,11861,-16003,0,0,-15075,0,0,0,0,0,0,0,9909,0,0,0,0,9681,0,4248,7794,0,-13468,0,0,0,0,10296,0,-18279,0,0,0,-18395,0,-15596,0,0
84906644,Team1,0,0,0,0,0,-27360,24552,0,0,0,0,-29443,0,0,30752,0,0,0,-23619,0,-39905,-30512,0,0,-25579,0,0,25304,0,0,24846,0,0,26111,0,0,24653,0,0
84906666,Team1,-1,0,0,0,0,0,0,0,22357,0,0,-29500,0,23608,0,21006,0,0,-30845,0,0,20081,0,25003,-33905,0,0,23333,0,-28500,0,0,0,-25483,0,0,-25857,0,0
84906676,Team0,1,0,-27291,0,31344,0,0,0,-25417,0,0,0,0,23474,0,-29319,-26729,-25167,25603,0,0,27644,0,22362,0,0,0,0,0,31271,0,0,0,0,-24963,0,0,0,0
84906695,Team1,0,0,-29775,0,0,-22935,0,25493,0,0,0,25547,0,0,0,0,0,0,0,0,-22584,24972,-21355,0,0,0,0,-23014,-22958,0,27159,0,29172,26331,0,0,0,0,0
84846000,Team1,-1,-34633,23158,0,0,-30917,0,-27095,22919,0,0,0,0,0,0,0,0,27071,0,0,0,0,0,0,26626,0,0,0,-24777,-33569,20926,23584,-27031,0,0,0,0,0,0
84757421,Team1,-1,0,26958,0,0,0,0,25361,0,0,0,28057,0,0,-41966,-29075,22359,0,0,0,24044,22778,0,0,0,0,0,-35645,0,0,0,-30824,0,0,-29772,0,0,-33250,0
84757425,Team1,-1,0,0,0,0,0,-21964,27457,-29730,0,0,-27222,0,0,33826,0,-25180,0,0,0,-26250,28166,0,0,27069,0,0,0,-30341,27854,0,0,0,0,0,0,0,0,30670
84757587,Team0,-1,-22738,38728,0,0,0,0,0,-24581,19147,0,0,0,0,0,0,0,23555,0,0,-27706,-29440,0,-24792,0,0,0,32303,0,0,0,0,0,29019,0,0,21308,-22350,0
84757588,Team0,1,0,34381,0,0,0,0,0,-23911,0,0,31381,0,0,-20530,0,24715,-21865,-20136,-27334,0,0,0,0,0,0,0,0,29219,0,0,30829,0,24085,0,0,-21899,0,0
84757591,Team1,-1,24151,-39962,0,0,0,0,-31753,0,-27646,0,31923,0,0,-30876,0,21269,-27368,0,0,24277,0,0,0,28062,0,0,0,0,0,0,0,-28265,0,0,0,28429,0,0
84757658,Team0,1,0,0,0,0,0,0,-26990,0,0,27467,37392,0,0,0,0,-24506,0,0,0,24264,22629,0,0,0,0,24696,-28874,-27970,0,26723,0,0,-27203,-29208,0,0,0,0
84757700,Team1,0,0,-29206,0,0,0,0,0,-28509,0,0,0,0,0,0,26652,0,-21186,0,22928,-19970,21770,21739,0,0,0,-26796,0,0,-29369,22749,0,0,0,25922,0,0,0,0
84757701,Team0,1,-23655,0,0,0,0,0,0,29802,0,0,0,-15917,0,-20920,35504,0,-20412,0,-17515,0,0,0,0,0,29748,0,0,29991,0,0,-22102,0,29029,0,0,0,31140,0
84757704,Team1,0,0,29521,0,0,-26379,0,-23018,0,0,0,0,0,-27281,0,0,0,28145,0,0,0,24972,0,28960,0,-32768,0,0,-26633,0,0,24724,0,24544,-25362,0,0,0,0
84725419,Team1,-1,0,0,0,0,0,0,0,-29234,0,0,0,0,20813,21695,0,0,18785,-27397,0,-27162,0,0,-27894,0,31593,23926,0,0,0,0,0,0,-27652,-27398,0,27220,0,0
84217516,Team0,0,-30673,0,0,-26177,0,0,20774,0,24582,0,28471,27188,0,25385,-24418,0,-29198,0,0,0,-21826,0,0,0,0,0,28776,0,0,0,0,-26001,0,0,0,0,0,0
84217520,Team0,0,28709,0,0,0,0,0,0,26346,-22539,0,-24151,0,-25146,-25192,0,0,0,0,0,0,0,0,25085,26014,0,0,0,30511,0,0,0,0,27050,0,-22609,0,0,-32788
84217582,Team0,1,0,0,0,0,0,32483,0,-29515,0,0,0,29453,0,0,0,0,-22532,0,0,0,-28312,0,0,0,0,-23982,0,0,-31135,36199,0,0,0,25898,-23651,0,27128,24487
84217601,Team0,1,-20906,0,-18459,0,0,33986,0,0,0,27078,25446,0,24375,0,0,-23210,26045,0,0,0,0,-21382,0,0,0,0,-19622,0,0,0,0,0,0,29514,-27055,0,0,0
84217604,Team0,1,0,-26801,0,26866,26509,34601,0,0,0,0,0,0,0,-27917,25626,0,0,0,0,-23954,0,26362,0,0,0,0,0,0,0,0,-24024,0,0,26044,0,0,-21648,-21174
84217633,Team0,-1,0,24657,0,0,28787,0,31012,0,0,0,0,0,-30862,0,24487,0,-28057,0,0,0,-22691,0,0,0,-24996,0,0,0,-20644,0,0,0,24764,-21214,0,24476,0,0
84466422,Team0,1,0,38243,-20405,-23876,28168,0,0,-23357,0,0,0,0,0,-26888,0,29754,0,27344,0,31521,0,0,0,0,0,0,-24101,0,0,0,-19117,0,26229,0,0,0,0,0
84466439,Team0,0,-19590,0,24617,0,-22527,0,0,-29607,0,0,0,0,0,0,0,0,0,0,0,30005,-21844,0,0,0,0,0,0,-27021,0,0,25082,24394,25529,0,0,-26211,27238,0
84466448,Team0,-1,0,25561,-23676,0,0,0,0,0,0,0,0,0,30278,0,0,-24223,0,0,25342,0,0,0,-31228,0,0,0,0,28620,-29756,0,0,0,22031,-24229,0,26849,-23541,0
84466509,Team1,0,0,0,0,0,0,-32353,-28866,0,21385,0,22341,0,20152,-35038,0,0,0,0,0,0,0,-27880,0,0,0,0,0,22190,0,0,0,0,21880,19607,0,0,-28793,-28247
84466620,Team1,-1,25467,0,0,0,0,0,25159,0,24922,0,28709,0,26373,0,0,0,-28652,-34910,0,22950,-25665,0,0,0,0,0,-27350,0,-27896,0,0,0,0,0,0,0,0,-33900
84466675,Team1,0,26253,0,23068,0,35710,0,0,0,-23289,27411,-22813,0,0,0,0,-29472,0,0,0,0,28119,0,-22963,0,0,0,26309,0,0,0,0,0,0,-30206,0,0,0,-24865
84466686,Team1,-1,0,-34253,0,0,0,0,0,0,-33587,0,-36420,0,0,0,0,0,0,0,0,-32115,29667,0,0,26887,0,0,0,21072,22468,22431,0,23027,-34188,-31807,0,0,0,0
84466691,Team1,0,-28381,0,-26484,0,-24067,0,-24195,0,26317,0,-30393,0,25324,0,26320,0,0,0,0,-27343,0,0,0,24533,0,0,24686,0,0,25055,0,0,0,0,0,0,0,0
84466823,Team0,1,0,35455,0,0,26916,0,0,0,0,-21929,-20874,0,0,0,0,0,0,0,0,33726,28446,0,0,0,0,0,0,0,-21088,-28603,0,-25601,0,27999,0,26211,-21129,0
84565376,Team1,1,23559,-31084,0,27418,-26852,0,0,0,27522,0,0,0,0,0,-29934,0,0,0,-33480,24305,-29512,0,0,0,0,0,0,-29063,0,0,0,23807,0,0,0,0,0,24651
84565403,Team1,0,7607,0,-10911,7201,1851,0,0,0,0,0,5927,0,0,0,0,0,0,-10912,-10476,-12577,7492,0,0,0,0,0,0,0,0,0,0,0,0,-12266,-11357,4938,0,0
84565518,Team1,-1,27390,-30065,0,0,-28348,0,0,0,0,0,23625,0,-30220,29467,0,25166,0,27977,0,0,0,0,0,0,0,0,25987,-28247,0,0,0,0,0,0,0,-29198,0,-27612
84565540,Team1,1,0,0,0,0,0,-27848,0,24338,0,0,0,0,0,0,0,0,24473,0,0,-23047,-22902,24994,24487,0,28133,0,0,-24341,30018,0,0,0,-22902,0,0,-27577,0,0
84533167,Team1,-1,-37008,0,0,0,0,0,0,21364,27418,0,0,0,0,0,0,0,0,0,28091,25190,0,0,0,0,33065,-36431,24802,0,-35363,0,0,0,-29914,-30252,0,0,-30518,0
84533434,Team0,1,0,0,-3416,0,0,21809,0,-27617,-3371,0,0,0,0,0,18925,-24255,-19718,0,0,26752,0,0,0,0,0,0,-3370,0,22304,0,18788,0,0,0,0,0,0,18909
84533628,Team0,0,0,35539,0,0,-13045,-14187,0,0,0,0,28952,0,0,0,-13083,28364,22905,0,0,0,21315,0,-20456,0,0,0,0,0,0,0,0,0,-10541,-12470,0,24280,0,0
84250212,Team0,1,0,28543,0,0,0,-21419,0,-27502,0,-22546,0,0,0,0,0,0,0,29083,0,25746,0,0,0,0,0,25192,0,0,0,31343,0,0,-30084,-26430,-21418,0,25091,0
84250229,Team1,-1,0,-28482,0,0,-25951,0,17389,17721,0,0,17311,0,0,0,20373,0,0,0,0,-27834,0,0,0,0,-26758,0,0,0,0,18909,-25931,0,13876,-30736,0,0,0,0
84250230,Team0,-1,0,0,0,0,-22935,0,0,0,0,0,0,0,0,-24716,28013,0,25832,27002,-30784,0,24529,0,-26534,0,0,0,0,-22815,0,0,-23103,0,26147,34530,0,0,0,0
84250281,Team1,0,0,27961,0,25161,0,0,0,28315,0,0,-32468,0,0,0,0,-24032,25686,0,0,24658,0,0,-24070,0,-26881,0,0,0,0,0,33982,0,-27515,-36484,0,0,0,0
84250289,Team1,-1,0,0,0,0,0,-25938,0,0,0,0,0,0,-24443,20277,27162,0,-29524,-25789,17887,19209,-26706,0,-35866,0,0,0,0,0,0,21736,19616,0,0,0,0,0,0,0
84250298,Team1,-1,0,0,0,0,0,30922,28032,23755,0,-25442,-27127,0,0,0,0,0,0,0,-30426,0,0,0,-30618,0,0,0,25981,23944,0,-33793,0,24236,0,-28028,0,0,0,0
84250351,Team0,0,0,0,0,-24327,0,0,22351,0,0,0,29758,0,-20635,0,0,23954,0,0,-27342,0,-20629,0,0,28501,-23575,0,0,22172,22583,0,0,0,0,0,0,-34124,0,0
84250358,Team0,-1,-28871,0,0,0,0,0,24632,0,0,0,28316,0,28583,0,0,0,0,0,26014,-23919,-24673,0,0,0,0,24724,0,0,0,-30457,0,0,24293,-29111,0,-26564,0,0
84250396,Team1,0,0,0,23918,24267,0,0,0,0,-25747,0,-35819,0,0,0,-25180,0,34731,28306,0,0,-20649,0,0,0,0,18108,0,-24130,0,0,0,0,0,-24472,0,0,0,27689
84250439,Team0,-1,0,-25780,0,0,27562,31807,-23539,0,0,22366,31052,0,0,0,-26237,0,0,0,0,25732,0,0,0,0,0,24901,-24213,0,0,0,0,0,0,-26064,0,0,0,-31482
84876115,Team1,0,0,0,0,26112,0,0,-23503,-23966,25210,0,0,0,0,0,0,0,0,0,0,28632,0,0,0,0,0,26120,-27873,29404,26636,0,0,0,-25646,0,0,0,-22164,-26988
84876730,Team0,1,-22569,0,0,-20440,26845,38958,-27834,0,0,0,-26002,0,0,0,0,0,-22834,0,0,0,0,0,0,0,0,0,0,0,31122,0,0,-20005,0,26715,0,29321,32417,0
84339993,Team1,-1,0,0,0,21820,0,0,0,29408,26026,0,0,0,-23757,0,26957,0,-27168,0,37096,0,27139,0,0,0,0,0,0,0,-26968,0,0,0,0,-27781,0,-24328,0,-26890
84340017,Team0,-1,0,-27567,0,0,-22603,31698,0,0,0,28251,32923,-30323,0,31491,0,0,0,0,0,-26942,25291,0,0,0,0,0,0,0,0,0,-23599,28249,0,0,0,0,0,-26343
84340020,Team1,-1,28822,0,0,0,0,0,0,0,0,22003,0,0,22189,0,22264,-26613,0,-32574,0,-27956,-25376,0,-28393,0,0,0,0,-25892,28504,0,0,0,0,0,0,0,0,20753
84340024,Team0,1,0,33772,0,0,25202,-40460,0,0,0,0,0,0,-21782,0,0,0,-22400,0,0,24880,-26447,24628,0,0,25421,0,-24744,0,0,0,0,0,0,21717,0,-26008,0,0
84340065,Team1,-1,22591,0,0,0,0,0,-25678,-26847,-23730,0,0,0,0,0,22633,0,0,0,-27240,0,0,0,0,0,0,21129,21507,0,0,23030,0,0,0,-34601,0,0,-26496,23684
84340073,Team1,-1,28123,-41689,0,0,-25755,0,0,21744,0,0,24356,0,0,0,0,0,0,-26551,0,-30768,-27573,0,0,0,0,0,0,0,0,0,0,0,22625,22352,0,-29316,21850,0
84340145,Team1,-1,0,0,0,0,0,0,0,-31286,0,18037,22432,0,0,0,0,24911,0,0,0,-36207,0,0,-29817,-31278,0,0,0,18391,22143,0,0,20804,-29687,-32568,0,0,0,0
84340146,Team0,1,0,25173,0,0,-24505,-27773,0,0,0,0,0,-22708,0,27131,-25279,0,33888,0,0,23395,0,0,0,0,0,0,0,-20610,0,0,0,25486,-23057,0,0,25155,0,0
84340204,Team1,1,0,-26104,0,0,0,0,23562,0,-25596,0,0,31935,-29628,0,0,0,27096,0,0,-24230,23867,0,0,0,26743,0,0,-33390,0,0,0,0,0,-29356,0,0,0,26662
84340219,Team1,0,26886,0,0,0,25547,0,0,0,-17147,0,-32739,0,24849,0,21853,0,-20389,0,0,0,0,0,0,0,0,0,-37612,0,27555,0,0,-17823,-31503,25782,0,0,0,0
84097009,Team0,1,-24326,33208,25895,0,0,0,26751,-24866,0,0,0,0,0,0,0,0,27756,0,27816,0,-24636,26372,0,0,0,0,0,-22942,0,-34604,0,0,0,-27176,0,0,0,0
84097012,Team1,-1,38200,0,0,-29031,19533,0,0,-30498,0,0,0,0,-25628,0,0,0,-30290,0,0,0,23142,19055,0,0,0,0,20800,25716,-28542,0,0,0,0,0,0,-28941,0,0
84097031,Team1,-1,26140,21578,0,0,0,0,0,22671,0,0,0,0,0,-33954,0,0,26853,0,0,27187,-25407,0,0,0,-28321,0,0,0,-26246,-43120,0,23929,0,0,0,-25154,0,0
84097033,Team0,0,0,26523,23742,0,26020,28960,0,0,0,0,0,0,0,0,-30957,-25173,0,0,0,0,0,0,0,0,0,0,-24252,-31361,0,-32045,0,0,24041,-29414,0,22166,0,0
84097057,Team1,0,0,25769,0,24727,-23535,0,0,0,-22840,0,-28952,0,0,26925,22242,0,0,18395,0,0,0,0,0,-24245,0,0,0,0,0,0,0,-20639,21187,0,0,0,-27896,0
84097076,Team0,1,0,0,0,-24877,0,0,0,0,0,0,23151,-23194,0,0,23354,0,0,27141,0,0,0,0,0,24073,0,23720,-24266,0,0,24798,0,0,0,-26368,-22228,-28540,0,0
84097100,Team1,-1,0,0,0,25370,28331,0,0,0,0,0,-31562,0,0,-29629,25265,-26331,0,0,0,0,0,0,0,0,-34132,24792,-27666,23909,26607,0,0,0,-27301,0,0,0,0,0
84097140,Team0,1,0,0,0,-24697,0,25937,0,24547,0,0,0,0,0,0,0,0,26444,0,0,0,-26334,24068,0,26472,0,0,0,0,-28272,0,0,0,0,32429,-21351,-27477,0,-27975
84971747,Team1,0,-24626,0,0,0,16058,0,-21177,23944,0,0,12815,9169,-21679,-21759,0,0,0,15933,-21428,0,0,0,0,0,0,0,0,0,15592,0,0,0,0,-27767,0,0,0,0
84972165,Team1,-1,0,28029,0,-30365,-28601,-30917,0,0,0,-22845,0,0,20142,0,17766,0,0,0,0,0,0,23253,0,0,0,-28096,0,0,0,0,0,0,14280,-22786,0,0,0,28429
84972253,Team0,0,0,33082,0,0,-23129,-31642,-26172,24756,-30496,0,0,0,0,-25332,24387,0,0,0,30719,0,0,0,0,35097,0,0,-30561,0,0,0,0,0,27958,0,0,0,0,0
84153898,Team1,0,0,26608,0,0,0,0,-30161,0,0,0,0,-24626,24142,0,0,0,22355,-24285,0,21866,-24103,0,0,-29354,0,0,0,0,-28152,0,0,0,0,25864,0,22375,0,0
84154528,Team1,0,25247,-23130,22409,0,-22568,0,-19862,0,0,0,0,-21139,0,0,0,0,0,21509,0,-20636,0,27329,0,0,0,0,0,0,0,0,0,25876,0,-25673,0,24472,0,0
84626155,Team0,1,0,27144,0,0,0,0,0,23985,0,0,0,0,-21960,27160,0,0,0,0,0,26105,-24041,0,25091,0,-26134,0,0,0,0,0,0,0,0,-27672,0,28815,-20971,-23767
84626236,Team0,1,0,0,0,0,-18170,33563,29489,0,28251,-17926,28190,0,0,0,0,0,0,0,0,27734,0,0,0,0,0,0,-24935,0,-27639,26323,0,0,0,-22135,0,0,0,-22442
84626320,Team0,0,-28173,0,-29592,0,22066,0,-26609,0,0,0,22752,0,0,-25337,0,0,0,0,0,0,0,28733,34297,0,0,0,0,0,-31710,25578,0,0,-29435,33087,0,0,0,0
84626364,Team0,0,0,0,0,0,-26421,0,0,28769,0,0,-22718,0,23765,0,0,0,24306,0,-25230,0,0,0,0,-23402,27015,0,0,-29943,28505,0,0,-23920,0,31087,0,0,0,0
84626379,Team1,0,0,24399,0,28767,0,0,0,0,24309,0,0,0,0,-27110,23654,0,27802,0,0,0,-26607,0,0,0,0,0,21794,-27207,-31097,0,0,0,0,-29853,0,0,-27997,0
84626572,Team0,1,0,-31862,0,0,0,0,0,0,28354,0,0,35170,-29755,0,0,0,0,0,-26436,-25951,0,0,0,0,0,0,24875,0,0,38816,0,0,26996,33190,0,-24574,-25169,0
84430304,Team0,1,0,0,32830,0,-21917,0,0,0,0,0,39763,0,0,0,0,29905,24737,0,0,31374,-25162,0,0,0,0,0,-25242,0,0,-31039,26113,0,0,-22471,0,-21081,0,0
84432302,Team1,-1,0,-32030,0,0,0,0,0,-25987,24670,0,0,25920,0,0,0,0,0,0,28893,-31080,-26330,-25848,0,0,0,0,0,24669,32613,0,0,0,0,0,0,0,-25774,28255
84400120,Team1,-1,0,31448,0,-28855,0,0,0,-23875,0,0,0,0,0,0,0,0,-29832,0,0,26047,-26289,0,0,0,0,0,0,22679,0,0,20021,0,21416,0,0,-25990,-24903,20268
84400194,Team1,-1,0,0,0,0,-29274,0,-27881,0,0,0,-30232,0,0,0,0,0,0,0,22709,25142,0,0,-29135,25700,-28428,0,0,0,0,0,0,22477,-29050,0,27864,24400,0,0
84400431,Team1,-1,33048,-31619,0,0,-29263,0,0,24163,0,0,0,0,25780,23750,0,0,0,0,0,24162,0,0,-28875,-26903,29138,0,0,0,0,0,0,0,-26273,0,0,-26203,0,0
84400487,Team1,1,0,0,24202,0,-28528,0,28687,25241,0,0,-34084,0,0,27443,0,0,-28005,0,0,0,-25315,0,0,0,0,0,0,0,-29594,23939,0,0,0,0,0,-40435,24373,0
84400497,Team0,0,0,-29151,0,-34205,0,28059,0,-27591,0,0,-26125,0,28618,37756,0,27435,0,0,-30133,-29794,0,0,0,0,0,0,0,0,26655,0,0,0,0,0,0,23931,0,0
84939449,Team0,-1,0,32430,0,-29926,21028,0,29334,0,-29203,0,-24245,0,-23711,25567,0,0,0,0,0,0,0,0,29555,0,0,0,0,0,27299,0,0,-23562,-21255,0,0,0,0,0
84939488,Team0,1,0,-27366,0,0,0,35359,0,-22248,0,0,0,24063,0,0,-32516,0,-27484,0,0,32549,30672,0,0,0,0,0,0,28074,0,24508,0,0,-23907,-29356,0,0,0,0
84939513,Team0,0,0,0,0,0,-24522,-38168,24235,0,0,0,24921,0,0,-22311,-27064,24321,21746,-22548,0,-14579,22672,0,0,0,0,0,32244,0,0,0,0,0,0,0,0,0,0,0
84939537,Team0,1,0,-28546,0,0,0,0,0,0,27574,0,33835,0,-23491,0,27257,0,-27922,0,0,0,-25996,0,29430,0,0,0,29851,0,-29566,0,0,0,0,27811,0,-26178,0,0
84939623,Team0,0,-37311,0,0,0,25404,-22115,0,0,0,24376,-23428,0,23253,0,0,-21515,0,0,0,0,0,-22851,24735,0,30568,0,27041,0,0,0,0,0,0,0,0,0,-22211,0
84939665,Team0,1,0,-37754,0,0,0,0,0,0,0,-20969,0,0,0,-25859,0,0,-23877,31292,0,29795,0,0,-25911,0,27804,26084,0,0,29435,0,0,0,0,-21255,0,0,25228,0
84939742,Team0,0,0,0,0,0,0,0,0,23326,0,0,22780,0,-24705,0,-22522,0,0,0,-29686,25597,23931,0,-24759,0,0,0,0,27741,21004,0,0,0,0,0,0,0,-28633,-29566
84939774,Team1,0,0,0,0,0,0,0,0,-24636,0,0,-31829,0,-26307,0,23936,0,23895,-27115,0,0,23427,0,-28434,23805,0,27007,-31454,0,0,0,0,0,0,0,0,0,24553,0
84939777,Team0,1,34529,-25530,0,0,0,0,0,-25837,0,0,29133,0,-35954,0,0,0,0,0,0,-22218,0,27898,0,0,0,0,0,0,-23668,30914,0,0,0,27973,0,0,-25151,29192
84184194,Team1,0,0,-29788,0,29603,0,0,0,0,0,0,0,0,-26842,-29566,21434,23028,0,0,0,0,0,-29974,0,0,0,0,30240,0,0,0,0,0,-27845,0,23381,0,0,0
84184254,Team0,1,0,36348,0,0,0,0,29618,0,-28005,0,0,-28345,30071,0,0,0,0,0,0,34234,23609,0,0,-28035,0,0,0,-25347,0,0,0,0,-25636,0,30509,0,0,-25826
84184314,Team1,0,0,0,0,0,-23377,0,0,0,0,0,-31507,0,-21446,0,22804,29276,0,-25812,-23038,0,0,0,-28943,0,0,0,0,0,24845,0,0,0,0,0,0,26011,27194,30004
84184325,Team0,0,7799,-2445,7707,0,0,0,0,0,-2606,0,0,0,8120,9220,0,0,0,7666,0,-1874,0,0,0,0,-2678,-2803,0,0,0,0,0,0,-2140,0,0,0,8606,0
84184351,Team1,0,0,0,0,0,-23132,33250,-25826,0,0,22760,-28750,0,0,0,23721,25645,0,0,0,-23999,-22820,0,0,0,0,0,30328,0,0,0,0,0,0,0,0,-24837,30040,0
84184377,Team1,0,0,0,0,0,-24511,0,25487,0,0,0,0,0,0,0,-22064,0,25344,0,-33807,23923,28970,0,0,0,0,0,-33823,0,23387,0,29036,0,0,0,0,-23121,-23879,0
84595147,Team0,1,0,0,0,0,0,0,0,0,0,0,31426,0,-23207,0,0,0,0,-22226,0,30344,0,27967,-27182,-26855,0,0,-25037,25636,34248,0,0,0,-26680,0,0,0,0,30514
84595228,Team1,0,0,0,0,0,0,0,-27491,21282,0,0,29849,0,0,-35828,-27047,-32048,0,0,0,0,0,0,0,0,-31627,0,0,21299,-28686,25653,0,0,21167,0,0,21513,0,0
84595290,Team0,1,28677,-25976,0,0,0,0,27902,0,0,0,0,0,25234,0,-26984,-23861,-24379,-22409,0,28002,0,0,0,0,0,32027,-26112,0,27887,0,0,0,0,0,0,0,0,0
84595422,Team0,0,0,0,-16856,0,0,22191,0,0,-8195,0,0,0,0,-12426,0,19365,0,22112,0,20886,-13668,0,0,0,0,0,0,-13101,0,0,0,0,-14518,24546,0,0,0,21447
84595459,Team0,-1,0,0,0,0,-21254,-32572,-21186,0,0,0,26694,0,0,0,0,23299,0,-21039,0,0,0,26981,-31513,0,0,0,0,23902,30442,0,0,0,0,23447,0,0,0,-22146
84595466,Team1,-1,0,0,-33850,-30027,0,0,0,0,0,0,0,0,0,0,0,0,0,0,26626,20366,21029,-29688,-37477,0,0,28767,0,0,0,0,0,0,-27500,-30533,0,19846,23135,0
84595530,Team1,-1,0,0,0,0,-23883,-31687,0,-27112,0,0,0,0,0,0,0,0,27748,0,0,27950,0,0,0,0,0,0,0,0,29138,0,26233,0,-24906,-23049,0,26308,0,26503
84500868,Team0,1,29527,0,33782,0,29262,0,0,31906,0,0,-23113,29709,-23240,0,0,0,0,-18467,0,34533,-17839,0,0,0,0,0,0,-16432,-16871,0,0,0,0,0,0,0,0,0
84501000,Team0,1,0,0,0,0,-21082,-31516,33404,0,0,0,27595,0,0,0,-22338,0,-22063,0,0,27332,0,0,0,-23247,0,32895,0,0,28281,0,0,0,33140,0,0,-22598,0,0
84501053,Team1,-1,0,-24858,0,0,0,0,0,0,-27043,0,0,0,0,-23637,-27893,0,23760,0,0,26718,23039,0,0,0,0,0,0,-22116,21976,0,0,0,-24985,26391,0,21782,0,0
84501056,Team1,-1,-31079,0,-26880,0,0,26180,0,0,0,20544,0,0,0,-30964,0,0,23095,-27809,0,0,-27690,0,0,0,0,0,0,20587,29828,-32068,0,21420,0,0,0,0,0,0
84501117,Team0,0,-26087,0,0,0,0,34436,0,27740,0,0,0,0,0,0,-28321,-34059,22947,23835,0,28521,-25056,0,0,-25798,0,0,0,27362,-27439,0,0,0,0,0,0,0,0,0
84501210,Team1,0,21813,0,0,0,22001,27723,0,-28943,0,0,0,0,0,0,0,0,-23504,-23684,0,26918,0,0,25797,0,0,0,0,-23971,-30403,0,0,0,0,0,0,21545,0,-30147
84689842,Team1,-1,25433,-28284,0,0,-29569,0,-25732,0,0,0,26220,0,0,0,0,0,20027,23750,26903,-23512,0,0,0,0,0,0,0,0,0,0,0,26292,0,-26689,0,0,0,-33728
84689849,Team0,0,-35267,27585,0,0,26148,0,0,0,0,25178,23138,0,0,0,-25854,0,-27505,-28054,-28362,22123,24589,0,0,0,0,0,0,0,0,0,0,-28953,0,0,0,0,0,0
84689850,Team1,-1,0,25352,0,34775,-28862,0,0,-30443,21868,0,0,0,22874,0,0,0,0,0,-29711,-36993,20575,0,0,0,27430,0,-30420,0,0,0,0,0,0,0,0,-28863,0,0
84689901,Team0,1,0,-24436,0,0,0,0,-29663,0,0,0,31927,0,0,0,-24013,-29919,-23436,23913,0,0,24834,0,-26989,28021,0,0,0,0,0,0,0,0,25146,0,0,0,0,28586
84689902,Team0,1,0,0,0,-27044,-21732,0,-21727,0,0,0,36115,-21680,0,-19998,0,0,0,0,0,34757,-18223,0,34507,0,0,0,0,32461,0,0,0,0,32579,0,0,0,0,34765
84689914,Team0,0,0,28481,20215,0,-22904,-29558,0,0,0,-23749,0,0,0,0,0,20402,0,22761,0,23528,0,23979,0,0,0,0,0,-23071,-33021,0,0,0,0,-25883,0,0,0,0
84689927,Team0,1,0,31716,0,-26247,26745,0,0,0,0,25656,33596,0,0,0,0,0,-21157,0,0,35693,-17461,0,0,0,0,0,-23173,0,-23671,0,-20982,0,0,0,0,25960,0,0
84689937,Team1,0,0,-28214,0,0,-29225,0,0,-24764,0,0,0,22121,0,0,-25641,0,0,21217,0,34876,21526,0,26835,0,0,0,0,-25694,0,27851,0,0,-25527,0,0,0,0,0
84689969,Team0,1,36171,27276,0,29905,0,-29805,0,-22819,-19470,0,0,0,0,0,0,0,-19790,0,0,-20120,31939,0,-29119,0,0,0,0,0,0,27276,0,26425,0,0,0,0,0,0
84689986,Team0,1,-21762,-31453,0,0,0,-26941,0,-29091,-26809,23061,0,0,0,0,0,-26967,0,0,0,0,0,0,0,40524,24904,0,0,0,0,27234,0,21183,0,28998,0,0,0,0
84689994,Team0,1,-23583,0,0,0,0,25620,0,0,0,-24941,-22499,0,0,0,0,0,0,0,-27755,-22887,0,0,0,0,0,0,0,0,30178,29133,0,-22192,25344,25593,0,29127,0,0
84690028,Team0,0,0,-29304,22379,-27285,0,32432,0,-32745,0,0,0,0,-28649,0,0,0,0,0,0,-26810,0,19666,22507,0,0,0,0,-34117,27260,0,0,0,0,23987,0,0,0,0
84690057,Team1,-1,0,31430,21475,0,-28094,-28374,0,0,0,0,0,0,21524,0,21809,0,0,0,0,0,-30663,29652,0,-34731,0,0,22880,-28517,0,0,0,0,0,-29593,0,0,0,0
84690078,Team1,0,25746,0,23224,0,-27414,-31351,0,0,0,0,0,0,0,0,0,0,0,0,0,-27780,20209,28893,0,0,26178,0,0,0,0,0,0,0,25459,-26679,0,-27160,0,-26815
84690094,Team0,1,0,0,0,-23620,0,-25692,0,-23813,0,0,29025,0,0,0,29830,35009,28870,0,0,-23146,-25556,0,0,0,0,0,28625,0,0,0,0,0,0,29710,0,0,-24628,0
84690095,Team1,0,0,0,0,21529,-30911,0,0,23614,0,21399,25027,0,-23617,0,-21746,0,26622,0,0,0,0,0,0,0,-44951,0,0,-27805,-30516,0,0,24082,0,0,0,0,0,0
84690098,Team0,0,0,0,0,0,0,0,29446,0,0,0,0,0,-20593,0,24622,0,0,0,0,0,0,0,0,0,0,0,0,0,0,0,0,0,0,0,0,0,0,0
84125462,Team1,-1,0,-30203,0,0,0,0,0,0,0,0,21741,0,-31542,0,0,0,-25440,19506,0,-37597,0,0,19837,26302,-30723,24687,0,0,0,0,19323,0,0,0,0,-30862,0,0
84125509,Team0,-1,0,20340,-29693,0,0,0,32004,22719,0,0,0,0,24291,0,0,0,-26902,0,21077,26556,0,-24553,0,0,0,-33052,0,0,-31550,0,0,0,0,0,-27223,0,0,0
84125546,Team1,1,0,27992,-24222,36856,-26107,-27439,0,0,0,0,30009,0,-25437,0,0,27519,-27294,0,0,0,0,0,0,0,-26230,0,0,0,0,0,0,0,0,29035,23418,0,0,0
84125562,Team0,0,0,0,0,0,14024,0,0,-7249,0,0,14319,12848,0,0,0,0,14394,-8600,0,-8256,0,0,0,0,0,0,0,-6459,15041,0,0,0,-6859,-7133,0,14795,0,0
84125572,Team0,-1,0,0,-25091,32484,0,0,0,-25932,0,0,0,22668,0,0,0,0,-25644,0,25949,-25518,-26613,0,0,0,0,0,0,25346,0,0,0,0,0,26123,0,0,23964,-27649
84125642,Team1,-1,0,0,21751,0,0,0,21991,0,0,-32843,-34352,-30870,20434,0,0,0,-28179,0,0,25234,-28177,0,35919,0,0,0,0,0,0,0,0,0,20955,0,-32967,0,0,0
84280507,Team0,1,-22610,36818,0,0,0,-24320,-20097,0,0,0,28180,0,0,27700,0,0,26979,0,0,-30263,0,0,0,0,0,0,0,0,0,-31676,0,-20266,27487,0,0,28033,0,0
84280549,Team1,0,0,0,0,-37124,0,0,0,0,0,0,-23789,0,23626,0,0,0,0,0,-33232,0,25703,0,0,0,29444,-24597,0,0,28063,0,-23798,0,-24811,26722,0,0,25090,0
84280638,Team0,1,0,0,0,0,31895,0,28566,-16847,0,0,28237,0,0,0,26328,0,0,0,0,-23559,-20004,-20710,0,0,0,0,0,-25734,-27489,0,0,0,29993,29856,0,0,0,0
84280640,Team0,1,28006,0,28800,0,0,0,0,26517,0,0,0,0,0,0,0,0,0,0,0,-25279,0,0,29008,-24708,43754,0,0,0,-23187,0,0,28983,0,-23953,-24063,-24930,0,0
84280703,Team0,1,0,0,27703,25460,0,0,0,0,0,-23207,0,-23221,0,0,0,28600,-21037,0,0,27271,0,0,0,0,25793,0,0,0,-33230,0,0,0,0,-24574,0,29298,0,-26015
84280707,Team0,1,0,0,0,-29318,-24071,0,0,-29599,-27669,0,-30798,0,0,0,30762,0,0,0,32508,0,0,0,34455,0,0,0,-25140,0,32435,0,0,0,26288,32059,0,0,0,0
84817680,Team0,1,-27090,-22897,0,0,0,0,-19822,25436,0,26946,31368,0,0,0,0,0,0,0,0,26873,0,0,0,-21070,0,0,26873,0,0,26515,0,0,-20579,-24474,0,0,0,0
84817798,Team1,-1,-31337,0,0,27014,0,25694,22863,22877,0,-23154,-25419,0,0,0,0,0,-28060,24830,0,0,-23038,0,0,0,0,0,0,0,0,0,0,0,22081,-32715,0,0,0,0
84818544,Team1,0,-28359,0,24067,0,0,25857,0,0,25998,0,0,0,25961,0,0,0,23754,0,0,0,21992,0,0,0,0,-22083,0,0,-32275,0,0,0,-23883,0,0,-20802,0,-22304
84818973,Team0,1,32868,-28956,0,0,0,0,26802,-28994,0,0,0,0,0,0,0,0,-24799,0,-21834,29814,0,-24537,0,0,0,0,27799,-23767,0,0,0,0,27160,31690,0,0,0,0
84819116,Team1,-1,0,0,0,0,0,0,0,0,0,0,0,0,0,0,0,0,0,0,0,0,0,0,0,0,0,-28671,0,0,0,-29728,0,0,22503,-33179,0,0,22785,0
84309285,Team0,0,-26799,31935,0,0,29049,0,0,-26709,0,0,0,0,0,0,25416,0,-24528,0,29020,37688,0,0,0,0,0,-24124,0,0,-24081,0,26985,0,0,0,0,0,0,-22664
84311532,Team0,1,0,0,0,29253,29064,0,0,-23183,0,0,0,0,0,0,29069,0,0,0,-24578,-25909,0,0,29636,-23151,0,30805,0,0,-25706,0,-25543,0,0,0,0,0,30741,0
84788937,Team0,1,-28248,0,0,0,0,0,0,0,0,0,0,0,0,-21156,0,0,0,0,0,0,-23652,23583,-25487,0,0,0,0,32782,29293,27736,27262,0,-25664,26723,0,-23552,0,0
84788965,Team0,1,0,-25239,-23976,0,-24170,0,-21318,-26570,0,27329,26628,0,0,0,0,0,-22109,0,0,24648,26874,0,0,0,0,0,0,0,0,37535,0,0,0,28714,0,0,0,0
84789021,Team0,1,-25290,32773,0,0,0,0,25575,0,0,0,-28857,0,0,23658,0,-23473,0,-25854,0,0,0,0,-23511,0,0,0,25200,0,0,0,0,26590,0,30653,-22998,0,0,0
84789115,Team1,-1,0,0,0,0,-26804,0,0,0,0,0,-24468,0,0,0,25736,0,0,22636,0,25413,28589,0,0,0,0,0,0,-27807,-27143,24742,-25974,0,-28284,21973,0,0,0,0
84789121,Team0,1,-25437,0,0,0,26834,29396,27199,0,-28242,0,30277,0,0,0,-20566,0,0,26669,0,0,0,0,0,-21264,0,-20030,0,0,0,-25148,0,0,27843,0,0,0,0,0
84906575,Team1,-1,0,0,20965,-29378,25319,0,0,-40163,0,21261,37814,0,-31094,0,0,0,0,0,0,21883,21278,0,0,0,-39880,0,0,0,0,0,0,0,-30005,-29750,0,0,0,0
84906819,Team1,-1,0,27300,0,0,-29846,-36183,0,-31915,0,0,0,0,0,24884,0,0,0,0,0,0,-26407,27421,27582,0,0,0,0,26980,0,0,0,0,25892,-27690,0,-26794,0,0
84906832,Team0,1,-30406,29824,0,0,28795,33663,-22438,-22241,0,0,0,0,0,-20847,0,0,26749,0,-23452,0,0,0,0,-31954,0,0,0,0,0,0,0,0,0,30663,0,29009,0,0
84847408,Team0,-1,0,-26575,0,0,22807,0,-25056,-28156,0,20581,29287,-27950,22780,0,0,0,-26087,0,-27630,0,0,0,32337,0,0,0,0,25091,0,0,0,0,0,0,0,0,0,0
84847467,Team1,-1,26512,-25001,0,0,0,0,0,0,0,0,0,-24817,22889,0,-28008,0,-27247,0,0,21401,0,0,27355,0,0,-26429,0,0,-31054,0,23079,0,22544,0,0,0,0,0
84847479,Team0,1,0,0,0,0,0,0,0,0,-24761,0,-25113,0,0,0,17864,0,-30176,0,0,21695,0,0,0,-28400,22008,-29178,0,0,28014,0,0,0,23855,0,0,27117,0,-23790
84847508,Team1,-1,0,26785,0,0,0,0,0,0,0,26302,0,-26802,0,0,0,0,0,-29394,0,0,0,0,-28095,0,-31038,0,29063,0,0,-27079,0,0,26657,27438,26714,0,-27158,0
84847509,Team0,1,-22715,-26480,0,0,31227,0,0,0,29639,0,25305,0,-22132,0,0,0,0,0,0,28592,0,-22142,0,-23272,0,29937,0,0,30068,0,0,0,0,0,0,0,-20520,0
84847560,Team0,0,0,-23168,0,0,-26008,0,-22678,-22653,0,0,0,0,0,-24619,0,32157,0,29612,0,28223,-24440,0,0,0,0,0,35023,0,28837,0,0,0,0,25648,0,0,0,0
84847590,Team0,0,0,0,0,-24384,0,0,0,-21700,25039,0,32523,0,26149,0,0,-20173,28107,0,0,0,0,0,0,0,0,0,-22378,26961,0,0,0,26288,0,0,0,-27556,-22581,0
84847600,Team0,1,28519,0,0,26861,0,-23158,0,25124,0,32904,-26394,0,26545,0,0,-28654,0,-22372,0,0,0,0,0,-26137,0,0,0,0,0,0,0,0,0,26547,0,0,0,-24566
84035678,Team1,0,0,0,0,0,0,0,0,0,0,0,0,0,0,0,0,18978,0,0,-24956,0,-24602,0,0,0,0,22881,22898,0,0,0,0,0,0,0,0,0,0,0
84035762,Team0,1,0,0,0,-21584,0,0,0,-18325,-27061,0,0,0,0,-24431,0,0,0,0,40294,24469,23383,0,0,0,0,0,-23337,24567,29404,0,0,26221,0,0,-27179,0,0,0
84035768,Team1,-1,0,0,21439,0,-25987,0,0,21236,21097,0,-31459,0,0,0,0,0,24422,-27828,-31145,27277,19160,0,0,0,0,-29502,0,0,0,0,0,0,0,0,0,0,0,-34106
84035795,Team1,-1,0,0,0,-23024,0,0,0,0,0,-23615,-26849,0,0,0,0,0,0,22176,0,26226,-22028,0,0,0,0,0,22746,0,0,-35666,0,0,24530,-32621,0,20904,27746,0
84035798,Team0,0,32304,0,0,0,0,-22875,0,-24367,0,0,25395,0,0,0,0,-25116,23153,0,24547,0,27711,0,-27382,0,0,0,0,0,-24849,0,0,29699,0,0,-36971,0,0,0
84035847,Team1,-1,24946,-27397,0,25496,0,0,0,0,-25097,0,0,0,0,0,-25857,0,0,20458,0,0,0,0,0,0,0,0,-29959,0,0,25032,21890,0,-32825,0,0,23700,-22700,0
84035912,Team0,0,0,-33270,0,0,-23223,33014,0,0,0,27314,25779,0,29073,0,0,0,-22783,0,0,0,0,0,0,30393,0,0,0,0,0,26729,-29047,0,0,-21359,0,0,0,-22634
84757743,Team0,1,29011,-29845,0,0,-24086,28831,-26990,0,0,0,0,0,0,0,0,0,0,-25908,0,43673,-24966,26866,0,0,0,0,0,-20757,0,0,0,0,0,29581,0,0,0,26513
84757806,Team0,-1,0,-31910,0,-26271,0,0,-25643,26291,0,0,25456,0,0,0,0,0,23674,0,0,0,23762,-27478,0,0,0,0,-26004,0,0,27242,24397,0,-26999,0,0,0,0,0
84757932,Team1,-1,0,0,0,0,0,-36882,18853,0,0,0,0,0,0,0,0,0,0,21779,-38481,-27591,17153,-28919,0,20539,0,0,0,0,27290,0,0,-29531,0,0,0,0,20559,-27785
84757937,Team1,-1,-26737,-37162,0,0,0,0,0,-29275,0,0,0,0,0,0,-26517,0,0,0,0,-27414,0,26115,26484,24392,0,0,0,0,0,26416,0,0,-25457,26746,0,0,0,21332
84758002,Team1,-1,0,27626,0,0,0,0,0,0,-28515,0,0,0,-32871,-28112,24244,21762,24692,0,0,-23621,-29523,0,0,0,0,0,0,-23835,0,0,0,0,0,0,0,24589,0,23667
84369442,Team0,1,0,-27439,0,0,0,31615,0,0,0,-20043,-25244,0,27668,0,-24087,0,0,0,0,-23475,25560,0,0,0,0,0,0,25564,0,0,0,0,-23674,0,0,0,25516,25857
84369518,Team0,1,0,0,0,0,0,30799,0,0,0,0,0,0,-22719,0,0,31786,-22722,0,0,0,-23843,0,0,27775,0,0,-24352,26775,0,0,30477,0,-22844,0,0,-24877,0,29365
84369563,Team0,1,0,0,27095,0,0,32253,-20086,-25948,24724,0,0,0,0,0,0,25802,-20390,0,-19781,28756,0,0,25844,0,-28419,-19552,0,0,0,0,0,0,0,0,0,0,0,0
84369599,Team1,-1,0,0,0,0,-25773,-40287,0,24121,23827,0,0,0,-26804,0,23437,0,0,0,0,27944,0,0,0,0,-27905,0,0,0,0,0,0,0,24691,26501,0,-28485,0,-26127
84369635,Team0,1,0,-29911,0,0,29959,-26715,-22045,27942,0,0,0,0,0,-24512,29852,-24828,0,0,0,0,0,0,0,-22668,37071,0,0,0,0,0,0,0,28711,0,0,30353,0,0
84369643,Team1,0,25320,0,0,0,-22216,0,-27265,-33291,0,0,-24481,0,31749,0,0,0,0,25255,-26526,25943,-24284,0,0,0,0,30945,0,0,30061,0,0,0,0,0,0,0,0,0
84217798,Team1,0,0,0,0,0,0,-28868,0,0,0,0,29905,0,22202,0,0,-30672,0,0,0,0,-23072,-22123,0,-21273,0,0,0,-24882,22334,0,23956,0,0,23419,0,0,0,22569
84217824,Team1,-1,0,0,0,0,24422,0,0,0,-26657,23935,24770,0,0,0,-23745,0,0,0,0,31192,-24012,-24349,0,0,0,25965,0,0,0,-28800,0,0,0,28169,0,0,0,-30046
84217844,Team0,0,-29949,0,0,0,0,31724,0,-24022,-23497,0,0,0,24885,-24525,0,0,24097,30874,0,-30906,0,0,30322,0,0,0,0,0,-27778,0,0,0,0,0,0,0,0,25304
84217880,Team1,1,23928,0,0,0,-24970,0,-24830,0,0,0,-32364,0,29997,0,0,0,25980,0,0,0,33541,0,27941,0,0,0,-22119,27107,0,-34140,0,0,0,-25131,0,0,0,0
84217902,Team1,1,-23801,0,26005,0,0,0,0,-24441,27172,0,0,0,-18871,27023,0,26614,-27528,0,0,28451,-21715,0,-24615,0,0,0,29692,0,0,0,0,0,0,0,0,0,0,0
84217904,Team0,1,0,-24811,0,0,0,-26306,0,0,-22109,0,30835,0,0,0,-23447,0,-27587,0,0,27836,0,-22774,0,0,0,0,0,0,29427,34004,24675,0,0,28915,0,0,0,0
84217948,Team0,1,0,0,0,0,28105,36518,-30686,0,24351,0,0,32257,-22772,0,25059,0,0,0,0,29359,0,-21683,0,-26511,0,0,-27905,0,0,0,0,0,-24882,0,0,0,0,0
84217974,Team1,-1,0,28087,0,-25276,23806,0,0,0,0,0,0,0,0,0,0,0,0,26045,0,23637,0,-23767,0,0,0,0,-26236,0,0,0,0,-26082,-23445,-33324,0,26015,0,24415
84217991,Team0,0,31441,0,0,24191,0,0,0,-23370,0,0,23800,0,-23661,26321,0,25237,0,0,0,-31421,0,0,0,0,0,0,0,0,-22795,0,23519,0,-23917,0,0,-24463,0,0
84002916,Team0,1,0,0,26125,0,-22088,-32078,0,-23185,0,-22628,0,0,19822,0,0,0,27771,0,25699,0,26707,0,0,0,0,0,0,-22486,-24788,0,0,0,0,0,0,24684,0,0
84002934,Team0,0,0,-27457,-25191,0,0,31077,0,0,0,0,0,21352,-23650,0,0,0,-23614,-22307,26708,23157,0,0,0,0,0,0,0,0,0,25330,25416,0,0,0,-25765,0,0,0
84002961,Team0,1,0,33795,0,0,26647,-32842,0,24704,-26031,0,-24642,0,23467,0,-21382,0,0,0,0,-27063,0,0,0,23673,0,0,0,25196,0,0,0,0,-22396,0,0,0,0,0
84002994,Team1,-1,0,0,0,-28417,0,33390,0,0,0,-24728,-29412,0,22511,0,0,0,26477,21267,-26037,0,0,0,0,-25672,0,24065,0,0,25370,0,0,-24361,0,0,0,0,0,0
84003005,Team1,0,0,-28382,0,0,0,0,27197,27640,30820,0,27661,0,-29951,0,0,0,-26297,0,0,0,-27484,0,-28826,0,0,0,0,-27229,0,24710,0,0,0,0,0,0,0,25430
84003042,Team1,0,0,0,0,0,0,28086,0,0,0,0,-33727,25251,0,0,0,0,18985,0,-29051,0,0,0,-26537,0,0,-29436,0,0,0,25813,0,0,-29592,0,-25838,25051,0,26280
84003095,Team0,1,0,0,0,0,0,41735,26233,0,0,0,0,-23910,0,0,0,0,-23954,0,28375,0,-22914,0,-27945,-26829,0,0,0,29543,0,0,0,0,34278,34161,0,0,-23157,0
84725296,Team0,1,0,26410,0,0,0,0,27530,0,-22787,26343,0,-23316,27071,0,0,0,29521,0,0,0,25975,0,-26803,0,-23744,0,0,0,0,0,0,0,-21128,0,-23549,0,0,0
84725332,Team0,0,0,0,0,0,28106,0,0,0,0,0,0,0,25794,0,30293,0,28693,0,0,-23426,0,0,0,0,29107,0,-33177,0,0,0,-21867,0,-25996,-25373,0,26718,-21967,0
84725394,Team0,1,0,39890,0,0,0,-32958,0,-23072,0,0,0,0,0,0,0,0,0,25846,0,-21301,0,0,32605,-25278,0,0,0,34183,0,-29121,0,0,29671,0,0,-27704,0,33714
84725540,Team0,1,0,-26874,0,0,32356,27331,24347,0,0,0,0,0,-21264,0,24605,0,0,0,0,24665,0,0,33121,0,0,-24433,0,0,0,0,0,0,0,0,-27950,0,-23518,-23522
84725570,Team0,1,0,-28824,0,0,-24222,0,0,0,25415,0,0,-22620,0,0,-24551,0,-23726,0,36250,25415,25716,0,31538,0,0,0,27061,0,-28144,0,0,0,0,0,0,0,0,0
84725585,Team0,0,0,29143,29656,0,0,-29646,0,0,27622,0,0,27144,0,0,-27684,0,37435,0,0,30715,-23741,0,0,0,0,0,0,-20981,0,0,0,-22907,0,-25929,0,0,0,0
84725653,Team1,-1,0,-26954,-27109,0,0,0,0,-30680,22210,0,0,24456,0,33148,0,-30943,-28100,0,0,0,0,0,23630,0,0,0,0,0,24913,0,0,0,21938,-23786,0,0,0,0
84725654,Team0,0,-12695,-11148,0,0,-5242,0,-9734,-11137,0,0,0,0,0,15244,0,0,0,0,0,0,0,0,0,-9920,0,0,0,0,18257,0,15144,0,17104,18513,0,0,0,12768
84877292,Team0,1,0,0,34102,0,0,0,0,0,-25086,0,-29223,0,0,0,0,26789,0,0,0,26076,-25861,0,-29334,28621,23801,0,0,0,0,0,0,0,-26810,0,0,23066,0,-23644
84877312,Team1,-1,0,33614,0,24800,0,0,0,-36210,0,0,-34859,0,22207,0,0,0,-33047,-33231,-36658,0,-32269,24366,0,0,0,0,0,0,0,0,0,0,0,25027,0,0,0,22922
84877332,Team1,0,27577,0,24781,0,30194,0,-22660,-25205,0,0,0,0,0,0,-22695,0,24728,0,0,0,0,0,0,0,-32298,0,0,24335,0,-22555,0,22135,-24437,0,0,0,0,0
84877427,Team0,1,0,-18832,0,0,-16163,23471,-13781,22427,0,21870,0,0,0,0,32171,0,21763,0,0,23764,0,0,0,0,0,0,-17697,0,0,0,0,0,-21674,0,0,-17911,0,0
84877462,Team0,1,0,36811,0,0,26521,-27920,0,-22548,0,0,0,0,0,0,0,0,25490,25750,0,-23329,0,0,25755,0,0,0,0,0,-29433,0,0,0,-22060,32875,0,-23135,0,0
84877526,Team0,0,22911,0,0,26725,0,0,0,-15082,0,0,-16595,18669,0,0,0,20851,-14239,0,0,0,-13981,0,20618,0,0,0,0,0,0,0,0,0,0,23559,0,0,-14791,-16899
84248942,Team1,-1,0,-31011,0,0,0,0,-27145,0,23866,0,34611,0,-28974,31149,0,0,0,0,0,0,23482,0,-28975,0,0,0,0,-28997,0,-35504,0,0,23202,26341,0,0,0,0
84533566,Team1,-1,0,-28420,0,0,0,30499,0,-29062,0,0,-30648,0,0,0,0,0,0,0,0,21384,-29790,0,0,26327,0,0,0,0,0,-28806,24530,0,24808,23848,0,-27187,0,0
84533627,Team0,-1,0,30841,0,-29355,0,-25504,0,0,29705,0,0,27934,-24237,0,0,0,0,0,28228,37432,0,0,-25913,0,0,0,0,0,0,0,0,0,-24879,0,0,-21097,32555,0
84533737,Team0,1,0,0,-25934,0,0,28539,20119,-28652,0,0,25083,0,24752,0,27071,25201,-25845,0,0,-23999,-26507,0,0,0,0,0,0,0,0,0,0,0,0,0,0,0,0,-24660
84533876,Team0,0,0,0,0,0,0,0,0,-26333,0,0,-26563,35616,-23280,0,0,0,28585,0,-25855,0,27498,0,-27376,27687,0,0,0,0,28762,0,0,0,-24032,32563,0,0,0,0
84533897,Team0,0,0,-34249,0,0,25510,0,0,25378,0,25712,0,0,-19373,0,27538,0,-23431,-21585,0,0,0,-20256,0,33692,28470,0,0,0,0,0,0,0,0,-20083,0,0,0,0
84534061,Team1,0,0,-18527,0,12138,0,0,0,11875,0,0,-16821,0,0,0,0,-20149,0,0,0,12393,-17907,0,0,0,0,10459,0,0,0,6773,0,0,0,13120,-21754,0,-23017,0
84534077,Team1,0,-25854,0,0,0,0,-41996,0,0,-23282,25657,0,-25873,0,0,25347,0,26464,0,24896,0,0,0,0,0,0,0,28118,-24664,0,0,0,0,-25108,31137,0,0,0,0
84564564,Team1,1,0,33323,0,23513,0,0,0,0,0,0,0,0,0,0,22346,24600,-28796,0,-28318,-25009,0,23201,0,0,0,0,-31903,0,0,0,-24889,0,0,27021,0,-30454,0,0
84340224,Team1,0,0,29754,0,0,-23963,0,0,-27237,0,0,0,0,0,22219,0,20601,0,0,0,24488,0,0,0,0,-24036,0,-26266,0,0,0,22656,0,-28308,23829,0,-24465,0,0
84340243,Team1,0,0,0,-25465,-26265,0,-29146,0,0,0,0,0,0,23497,0,-23580,-30333,0,0,0,0,0,0,0,0,0,0,0,24743,28188,23696,0,0,0,0,-22584,27421,0,22447
84340244,Team0,-1,0,-23652,0,0,25306,0,0,0,0,0,39141,0,0,-22501,0,0,-22290,-24076,27999,0,0,0,0,0,0,0,0,24975,0,0,0,25472,0,-28601,25390,0,-22697,0
84340263,Team0,1,36846,29760,0,0,26619,0,0,0,0,0,-22559,0,0,0,0,0,0,0,0,22799,-22286,0,0,0,-36033,0,0,23788,0,0,0,27076,-20978,-23622,0,0,-22798,0
84340347,Team0,0,0,0,0,0,0,0,0,-22473,0,0,0,0,0,0,0,24583,-23637,0,0,29714,0,0,-26001,-21881,0,-21323,20944,21471,24413,0,0,0,0,0,0,19994,-24048,0
84340351,Team1,0,0,-25859,0,0,0,0,0,28230,0,0,0,0,-23305,0,-21926,0,-23174,0,0,0,0,-23288,0,0,-27268,0,0,28391,0,0,0,0,28345,0,25663,27566,0,25170
84340389,Team1,0,0,0,-24338,0,0,0,0,-29763,0,0,0,24963,0,0,24746,0,23818,0,0,0,22525,0,0,0,0,0,0,-25195,32547,-33594,0,0,0,-25908,-31460,0,21718,0
84340391,Team1,-1,-28324,0,0,0,0,0,0,23309,0,0,20029,0,24969,0,-25142,23105,0,0,0,-29391,0,0,-28069,0,0,0,0,21816,22159,0,0,0,-28478,-30697,0,0,0,0
84340419,Team1,0,-25965,0,0,0,20952,0,0,0,0,0,0,0,22702,0,0,0,0,0,-27521,-22930,-27168,0,0,0,0,-25007,23924,-32869,33164,0,0,0,0,0,0,22167,23964,0
84971512,Team0,1,0,0,0,0,-23221,29634,0,0,-22749,0,-30020,0,0,0,0,0,-24404,19657,0,22741,0,0,-22779,0,0,-22391,0,25935,0,33621,0,0,0,23051,0,0,0,0
84972323,Team0,-1,0,0,0,27343,0,0,0,28298,0,0,-27872,0,0,0,0,-23846,0,0,-29185,0,-21658,0,-26798,0,-28386,0,0,0,0,34557,24095,0,0,27576,0,0,0,25668
84095118,Team0,1,0,32411,0,0,28335,-32993,0,28664,0,0,0,0,0,0,-20333,0,0,0,0,0,-21926,0,0,0,0,0,0,28553,0,-26000,0,0,-21626,29833,0,-20348,28559,0
84432645,Team1,-1,-32538,0,0,0,24874,0,0,-32008,0,0,0,0,-21073,0,-24022,0,0,0,0,19556,25498,0,0,-25608,0,0,0,0,26359,0,0,0,-31068,33383,0,25156,0,0
84432791,Team1,-1,26755,0,0,0,20413,0,0,0,0,0,26086,0,0,0,22646,0,0,18704,0,-26835,-29084,0,0,-26654,0,0,0,0,-32879,0,0,0,0,0,-26272,-30341,20771,0
84432818,Team1,0,26193,0,0,0,20917,0,0,0,0,0,-28775,0,-28802,0,21957,0,-30426,-28376,0,0,-29706,0,0,0,0,0,0,22351,0,0,0,0,0,29447,0,0,20129,-30975
84432835,Team1,-1,0,-35748,0,0,0,25803,0,0,0,0,0,0,0,0,-30885,0,0,22324,30757,28790,0,23166,0,0,0,0,0,0,-30559,-36576,-27282,0,-26450,22481,0,0,0,0
84432899,Team0,0,-23327,28478,0,0,0,0,0,21186,0,0,22061,0,0,0,0,0,20348,0,-30911,0,0,-25317,-25289,0,0,-24871,0,0,27219,0,0,0,0,22781,0,0,-24049,0
84433114,Team1,1,0,23882,0,0,-24069,0,25535,0,0,0,-27261,0,0,0,-26334,0,0,0,0,-25093,23671,0,0,26416,0,0,0,27275,0,-36110,0,0,25429,0,0,-23725,0,0
84066270,Team0,1,0,0,0,0,0,0,0,0,0,0,30713,0,27435,0,0,0,0,0,28356,0,0,0,0,0,0,0,0,0,0,0,0,0,-27302,27271,0,0,0,0
84066315,Team1,-1,0,0,0,0,0,27589,0,0,0,0,26406,0,-25732,0,0,0,0,-33904,0,-28332,21499,0,0,0,0,0,0,0,-30309,0,0,21393,0,-27082,23753,22170,0,-27946
84066367,Team1,-1,-29157,-25453,0,0,22288,0,0,0,0,0,0,0,0,-32599,0,0,0,0,29889,0,-27021,0,27570,0,0,25771,24557,0,0,0,0,0,-27726,0,24388,-41737,0,0
84066385,Team0,-1,0,0,0,0,0,30735,0,0,0,0,0,0,0,0,27913,-24214,0,27432,0,31377,-25794,0,0,-24811,-34654,0,33440,-31083,0,0,0,27481,0,-26381,0,0,0,0
84066434,Team1,-1,-30314,-32866,0,0,0,32090,0,0,0,-29030,0,0,-28880,-31906,0,0,0,0,27951,0,-30998,27663,0,0,0,0,28530,0,0,0,23232,0,23035,0,0,0,0,0
84066506,Team1,-1,0,-32215,0,0,-29991,0,-29042,0,21719,0,0,-29512,0,0,22902,0,0,0,0,0,27843,0,-28302,0,0,0,26113,0,0,23385,0,0,-35604,0,25035,0,0,0
84066611,Team0,1,0,0,0,0,31615,-27316,0,0,0,0,0,0,26156,0,-23227,0,-23438,0,0,-19315,0,-18829,0,0,0,0,28006,0,0,0,0,0,27190,0,0,29940,0,0
84155361,Team0,0,0,0,0,-29095,-23913,0,0,27988,0,0,-25039,0,0,0,0,0,0,0,0,25817,-24296,-24258,0,24678,24316,0,0,0,0,0,0,-22965,0,31900,0,0,25969,0
84155409,Team0,1,0,25556,0,0,24296,0,-26256,0,-21232,0,-24774,0,-23677,0,0,0,24694,0,0,0,0,0,25939,-29923,0,0,0,0,0,0,0,0,0,33161,0,25739,-24499,0
84155434,Team0,-1,26877,0,0,-27739,21690,0,0,22373,0,0,25898,0,-24265,26599,0,0,0,-25008,0,-26977,-28339,0,-30231,21462,0,0,0,0,0,0,0,0,0,0,0,0,0,0
84155435,Team1,1,0,-27686,0,28543,0,0,0,-23907,0,0,-21482,0,-24129,26466,0,-28263,0,0,0,0,29108,0,29331,0,0,0,0,0,0,0,0,0,26418,0,0,27958,-27542,0
84155460,Team0,1,0,0,-22817,23744,0,37858,0,0,25101,0,0,0,28558,-22770,0,-25174,0,-26483,-31701,0,0,0,0,0,-31753,0,0,0,0,0,0,0,0,29589,0,0,0,24990
84155558,Team0,0,0,0,25716,0,0,0,0,0,0,0,0,0,0,0,0,0,26839,0,0,0,25446,27915,-26411,-24692,0,0,-27354,0,0,0,-27920,0,-24388,28895,0,0,-23467,21847
84155618,Team0,1,-14666,0,0,0,0,0,-16092,0,0,0,-17603,0,0,0,0,27420,0,0,0,0,-19363,27569,26390,0,35643,0,37536,29271,0,-20827,0,0,0,0,0,0,0,-21907
84155619,Team1,0,24898,0,0,0,22907,0,0,0,0,-33287,22854,-25489,23632,0,0,0,-23950,0,0,25305,-26688,0,0,0,0,0,0,0,-27790,0,0,0,0,-29165,0,23668,0,0
84184436,Team0,1,-22017,0,0,-27196,0,0,0,26750,0,0,0,0,0,0,0,0,0,0,0,-22466,28726,0,0,0,-27275,26589,28006,35374,0,0,0,-21454,0,24834,-23437,0,0,0
84184537,Team0,1,0,0,0,0,0,35364,0,0,0,-24087,0,0,-20541,25466,-21332,0,-20914,26080,0,28197,0,0,26024,0,-31736,0,-25468,0,0,0,0,0,0,0,0,0,26842,0
84184554,Team1,1,0,0,0,0,24186,-35820,0,0,25862,0,32091,25608,-21378,-29440,0,0,-30833,0,0,24930,-23113,0,0,0,0,0,0,24142,0,0,0,0,0,0,0,-23115,0,0
84184556,Team1,0,0,33869,0,0,0,-33953,22188,0,0,0,-30330,0,23968,0,0,-22924,22361,21592,0,0,24409,0,0,0,0,0,0,-24579,0,-24060,0,0,0,0,0,-23923,0,0
84184585,Team1,1,0,0,0,0,0,0,0,-33272,29444,0,-25596,0,26760,29021,0,0,0,-25056,0,-25543,26765,0,30184,25217,0,0,0,0,0,0,0,0,-33090,-34943,0,0,0,0
84184691,Team1,-1,0,-32142,0,0,0,0,0,0,0,0,0,-29978,0,0,0,0,-26547,0,0,32468,23529,-24581,0,0,25700,0,-33429,0,0,-35779,0,0,0,0,0,20930,22609,20889
84184718,Team0,0,34172,37836,0,-25543,-25096,0,0,26657,0,0,0,0,0,0,0,0,0,-23445,0,26598,32095,0,0,0,0,0,-28914,0,0,0,0,0,28637,0,0,-25198,-20206,0
84184745,Team1,-1,0,36483,0,0,0,-27934,25153,0,0,0,0,26229,0,0,0,-25554,-24203,0,0,25460,0,24540,-26629,0,0,0,0,0,0,30976,0,0,0,-30893,0,-29165,0,0
84184752,Team1,0,24764,0,-22844,0,-22730,26657,0,-26005,0,0,-24698,20768,0,0,0,0,-23584,0,0,0,0,0,0,23494,0,0,25314,-24692,0,0,0,0,0,0,0,23512,0,0
84184782,Team0,1,0,0,0,0,-26636,0,0,-21500,0,27209,-24034,0,31215,0,31028,0,0,0,32860,27750,26624,0,0,0,0,0,0,0,-27245,0,0,0,0,-21361,0,0,-23994,0
84184800,Team0,1,0,36323,0,0,31119,-28833,-22110,0,0,0,0,0,0,0,0,-20322,-19236,0,0,31907,-19031,0,0,28880,0,0,-24357,0,0,0,28596,0,0,31713,0,0,0,0
84595530,Team1,-1,0,0,0,0,0,0,0,0,0,0,-29542,0,0,0,0,0,0,0,0,0,0,0,0,0,0,0,0,0,0,0,0,0,0,0,0,0,0,0
84595568,Team1,0,0,0,0,0,24086,0,-24034,-27187,0,0,0,0,0,24029,-24578,0,0,0,0,0,0,0,0,0,0,0,0,24783,28476,0,0,0,-25682,27981,0,22895,-24022,-33128
84595623,Team0,1,0,27790,0,0,0,0,25986,28432,0,0,-30690,0,0,0,0,-24295,0,0,-23601,0,26257,-21937,-25891,0,-21759,0,0,0,0,26147,0,0,0,0,0,0,0,30291
84595641,Team0,0,0,-23821,0,0,-30505,0,0,0,0,-25780,0,0,0,0,27428,0,0,0,25439,0,23556,21084,26776,0,0,0,-24790,0,0,0,0,0,25432,-27530,0,0,-24196,0
84595704,Team0,0,0,-23791,0,-28508,-22861,32110,0,0,0,22679,30564,0,23774,0,0,0,25060,0,0,-28482,26178,0,0,0,0,-23772,0,0,0,0,0,0,0,0,0,-24129,0,0
84595745,Team0,0,0,13017,14534,-3561,0,-7227,0,0,0,0,0,0,-1060,0,0,-3563,0,0,0,16655,0,0,0,0,0,0,0,-12508,0,6723,0,16853,0,0,0,-10434,7391,0
84595749,Team0,1,-23960,27900,0,0,27529,0,0,-25105,0,0,28477,0,-23741,0,0,0,29899,0,0,0,29626,0,-22339,0,0,0,0,-23303,0,-36375,0,0,0,0,0,26350,0,0
84595802,Team0,0,0,-31752,0,0,0,0,0,0,0,0,0,0,-24512,0,0,0,0,0,0,0,0,0,0,0,0,0,0,0,0,0,0,0,0,24449,0,0,0,0
84626338,Team1,1,0,0,0,-29252,0,0,0,0,0,0,-31779,0,29877,0,0,-32814,0,-26094,24881,23803,0,0,29368,20962,0,24977,0,-28611,0,0,0,0,0,-30879,0,0,0,0
84626339,Team1,-1,0,0,0,0,0,-32508,0,23326,0,-23780,20174,0,-26114,0,19774,-26137,0,0,0,0,23493,0,0,25922,0,0,-27846,-34284,25452,0,0,0,0,0,0,0,0,0
84626553,Team1,0,24960,-31835,0,0,25347,34813,0,0,0,0,0,0,0,0,0,0,-23695,0,0,0,-29088,24501,0,0,32198,0,0,-23503,0,0,0,0,-25229,25430,0,-29616,0,0
84626600,Team1,1,0,0,29105,0,0,0,0,-24546,0,0,0,0,-23601,0,-24123,23634,21744,0,0,0,21362,0,26230,0,-32222,0,0,0,0,0,0,0,-25807,28506,-22275,0,0,0
84626607,Team1,1,0,0,0,25388,-24345,0,0,0,21377,0,23557,0,0,0,0,0,0,0,0,26222,25533,0,0,0,0,0,-28285,-23871,0,0,-26330,0,0,31396,0,0,-24797,-25315
84626608,Team0,1,0,31097,0,0,0,28135,-21444,0,0,23516,-26856,0,24489,0,0,0,0,0,-21884,26130,0,-21266,0,0,0,0,-31778,29263,0,0,0,0,-21374,0,0,0,0,0
84626625,Team0,-1,-26252,27319,26965,0,0,28904,24674,0,0,0,0,-19966,0,23280,0,0,0,-24237,0,0,-23909,0,0,0,0,0,0,0,-43094,-30340,0,0,0,25481,0,0,0,0
84626845,Team0,1,0,0,0,0,0,0,0,0,0,0,-22084,0,-21632,0,0,0,28014,0,0,-24302,0,29582,0,0,0,0,0,0,28898,0,0,0,0,0,0,0,-21826,0
84818988,Team0,1,0,0,0,32526,26375,0,0,-24257,0,0,0,0,0,0,28299,0,0,0,30321,-24048,0,0,0,0,0,0,0,30339,-28437,0,28960,0,0,-24275,0,0,-22815,-28580
84818989,Team0,-1,0,-28915,-24606,0,-24236,31948,0,0,-20143,0,25946,0,0,0,-25661,26773,25797,0,0,0,0,0,0,0,0,0,0,25756,0,-24884,0,0,0,0,0,27766,0,0
84819010,Team1,0,-24354,-24998,25152,0,-22826,0,0,0,29571,0,0,0,0,0,21616,0,0,-22853,0,0,0,0,30909,0,0,-32095,0,-21136,0,25136,0,0,0,0,0,0,28801,0
84819040,Team1,0,0,-24206,0,0,29701,0,0,-28370,0,20979,-23690,0,20217,0,0,0,0,0,0,0,0,-23713,0,0,0,0,19932,0,24958,0,0,0,-19879,0,0,19567,-26235,0
84819077,Team1,0,0,-34144,0,0,0,0,0,20482,-25929,0,0,22757,0,0,23826,0,0,0,0,0,-29890,0,0,24122,0,0,0,0,0,27447,0,0,-24989,0,0,-24621,26719,-40310
84819126,Team1,0,0,0,0,0,0,0,0,22287,0,0,29940,0,0,0,0,0,-22052,-28151,0,0,20510,0,0,-21065,0,-21078,22030,-20122,-28577,0,0,0,0,27776,0,0,24177,0
84819165,Team0,0,0,0,0,0,0,-27903,0,0,0,25748,29159,-21034,0,0,0,-22022,0,-24065,0,-21623,0,0,0,0,-21443,0,29387,0,0,0,21115,0,0,0,0,26148,0,25906
84819192,Team1,-1,0,21831,0,21311,0,-33856,-31445,0,0,0,0,26468,0,-34227,0,0,0,0,0,0,0,0,-28424,23966,0,0,0,0,0,-39683,23055,0,22097,-33402,0,0,0,0
84819196,Team1,-1,24765,31762,0,0,0,0,0,-29279,-28293,0,-28330,0,25605,0,0,0,22460,0,0,-30904,26623,26378,-28992,0,0,0,0,0,0,0,0,0,-28755,0,0,0,0,0
84819255,Team1,-1,0,0,0,23672,0,29156,0,0,0,0,-29048,0,0,0,0,0,0,-28152,-47508,20999,0,28768,26311,0,0,-29649,0,0,0,-29363,0,0,0,23854,0,0,0,-27129
84400590,Team1,-1,0,-26698,0,-26797,0,0,0,0,-25499,0,22123,0,-29176,0,0,0,0,0,25198,0,-25113,0,0,0,0,0,23800,-30558,0,0,31580,0,24076,0,27421,0,0,0
84400658,Team1,1,24116,0,0,0,0,0,0,0,0,23645,-30952,0,24361,0,0,-30973,0,0,-34536,0,25482,0,0,0,0,0,0,23691,24419,0,0,0,0,-33776,0,-32729,-30610,0
84938960,Team0,0,0,22959,0,0,0,0,0,0,0,0,-23377,0,-25501,23014,-30391,-26339,22177,0,-26340,0,0,0,0,0,0,0,0,-25079,0,0,27564,22598,26461,0,0,0,0,0
84939303,Team1,0,27585,0,0,0,0,-26462,-25242,0,29759,0,30543,0,0,0,23429,0,0,0,0,0,0,23558,0,0,0,-24775,0,-26921,-30642,0,0,0,25324,-26020,0,0,0,0
84939735,Team1,-1,28130,24122,0,0,31619,0,24695,29611,0,-30115,-29304,-33048,0,0,0,0,-27192,24560,0,0,-34484,0,-32402,0,0,0,0,0,0,0,0,0,0,0,0,0,0,0
84939961,Team0,0,0,31054,0,0,0,-21310,0,0,30803,0,-26144,0,-22016,0,0,-23227,25614,0,0,27430,0,-24357,0,0,0,0,0,0,0,0,0,27088,0,26181,-20732,0,0,0
84501181,Team0,1,0,28497,0,0,0,0,0,0,0,0,0,0,0,0,0,0,0,0,0,24457,0,-22509,0,0,0,0,0,0,0,0,0,0,0,0,0,0,0,0
84501227,Team0,-1,0,0,0,-26097,-26142,0,27594,0,0,0,0,0,0,0,0,0,20654,25486,0,0,0,0,0,-25199,0,-25261,28827,-24273,18353,0,-24331,0,0,0,0,25621,0,0
84501228,Team1,0,0,-26327,0,0,-28005,0,-26394,0,0,0,0,0,0,0,0,30668,0,0,0,-22745,-27730,0,0,24468,0,23925,-27838,24693,30062,0,0,0,0,0,0,0,24835,0
84501258,Team1,0,0,24669,0,0,24797,0,23209,-27116,0,0,0,0,0,0,23033,22427,0,-25320,0,-26128,0,0,21710,0,0,0,0,0,-31623,0,0,0,-26272,-29891,0,0,0,0
84501288,Team1,-1,0,-33804,0,28897,0,0,0,0,0,0,28830,0,-27923,0,0,0,19470,26781,0,-28492,22866,-27808,-28395,0,0,0,0,0,0,0,0,0,0,25657,0,0,0,-30729
84501302,Team1,-1,0,30438,-28222,21093,0,0,0,0,-26170,0,0,0,22112,-25087,0,0,23535,0,0,0,0,0,0,-29211,0,0,0,0,0,-36425,0,-27345,0,26668,0,24637,0,0
84501450,Team1,1,0,0,-24084,0,0,0,-25395,0,0,0,0,0,0,-24708,-21507,0,23319,0,-21807,30305,0,0,0,0,0,0,0,22213,32153,0,24399,0,-27624,0,0,28396,0,0
84501493,Team1,-1,0,-30560,23358,0,0,23841,28246,0,-23631,0,0,0,24297,-23922,0,23340,0,0,0,-20914,0,0,0,28071,0,0,-23581,0,0,0,-23208,0,0,0,0,0,0,0
84501517,Team0,0,0,36003,0,0,24946,-26863,25771,0,0,0,27545,28829,-26232,0,0,0,-22372,0,0,0,-27557,0,-26564,0,0,0,0,-23842,0,0,0,0,30063,0,0,0,0,0
84501525,Team1,-1,0,-29978,0,0,0,27153,0,0,-28065,0,26234,0,0,-27614,0,27988,0,0,0,0,-26965,0,22251,-25423,0,0,0,0,0,0,0,0,26093,26315,0,0,0,-30323
84501593,Team0,1,0,0,0,0,28755,-18145,-21638,0,0,28779,31028,0,28789,0,-19162,0,-19971,0,0,0,-20390,0,0,0,0,0,33416,0,31242,0,0,0,0,0,0,0,-25713,0
84501595,Team1,-1,0,0,0,0,0,0,0,0,-28714,0,25825,-29618,0,22750,0,0,21171,0,0,-27911,21980,25462,-28298,0,0,0,0,-27352,0,0,0,0,0,23280,0,0,-25480,0
84501622,Team0,1,0,0,27238,0,-28451,-27970,0,28221,0,0,0,0,-25308,0,0,0,0,0,28549,0,-25360,0,30149,0,-25390,0,0,-30914,0,0,0,0,27776,0,0,0,0,28142
84501638,Team0,0,0,0,0,0,31062,-29145,0,0,24467,0,25049,31810,0,0,-20630,0,0,0,0,-22578,26066,0,0,0,0,0,0,0,0,0,0,0,0,-21794,-22832,-32666,31421,0
84657785,Team0,0,0,-7099,0,0,14169,0,0,0,0,0,-14051,10173,-7151,-5483,0,0,0,15949,0,0,0,-10732,0,0,0,0,16387,0,14313,-12452,0,0,0,0,0,0,12655,0
84657889,Team1,-1,22709,0,0,0,0,32513,0,0,-30763,0,-26270,0,0,0,0,-25663,0,0,0,0,22227,-25044,0,24800,0,0,-28861,0,0,0,21985,0,26202,0,0,0,0,-26266
84657890,Team0,1,0,-24218,0,0,0,0,0,0,0,25673,26804,0,27779,0,-20497,-20065,-25408,0,26851,0,25729,0,0,25833,0,0,0,0,-29010,0,0,0,0,0,0,-22958,0,0
84658078,Team0,0,-32745,0,0,0,0,-30300,0,-26914,27438,0,0,0,0,0,0,0,-21867,0,0,-22544,0,0,26537,25642,0,0,29959,0,0,0,-24457,0,29390,28959,0,0,0,0
84688393,Team0,1,0,0,0,0,-21813,-26162,0,26667,0,0,0,0,25868,-19894,0,0,0,0,-23890,33521,0,0,32105,0,28582,0,0,0,0,0,0,0,0,0,0,-23051,30181,-27549
84688784,Team1,-1,0,32462,0,0,24697,0,0,-25816,0,0,29392,0,0,-31586,0,0,0,0,0,0,0,25868,0,0,0,0,27795,0,-41355,-30380,0,0,29710,-32269,-25284,0,0,0
84688928,Team1,-1,-28185,-39825,-27629,0,0,0,0,26691,0,0,28124,0,28233,-34632,0,0,25690,0,26802,-30978,0,0,0,0,0,0,0,0,0,0,0,-32268,0,32346,0,0,0,0
84689202,Team0,1,-24281,-28585,0,-27701,-24662,39704,0,0,0,0,0,0,-24823,0,20807,0,0,0,26493,0,0,0,0,0,0,0,0,28854,0,0,-25135,22418,0,23484,0,0,0,0
84280753,Team1,-1,0,0,0,0,0,0,0,0,0,0,26772,0,-29489,0,0,0,0,0,-30488,0,0,21268,0,-31772,0,0,0,0,0,0,0,0,0,0,0,-33846,0,-29373
84280755,Team1,1,0,21766,0,-28045,-31469,-33956,0,0,30532,-26512,0,0,22243,0,22616,0,0,0,27045,27230,0,0,-27921,0,0,0,0,0,0,0,0,0,0,-28772,0,0,0,0
84280806,Team0,1,-23631,30995,0,0,-24987,0,0,0,0,0,0,0,0,0,0,0,0,27513,36528,23680,-30624,0,-30936,0,0,27034,0,-33245,0,0,0,0,0,-26568,27475,0,0,0
84280810,Team0,0,0,30307,0,0,0,0,0,26385,0,0,0,0,0,0,22213,0,21171,0,-26065,-26527,-23371,-23760,0,0,0,-24715,0,-28392,0,0,0,0,28053,24625,0,0,0,0
84280895,Team1,0,0,0,0,0,-35355,0,0,0,22843,0,-27505,0,23735,0,0,-33889,0,0,0,20518,0,0,0,0,25373,19298,-26133,27261,0,0,0,0,0,0,0,-27783,0,-27868
84280944,Team1,0,0,22926,22149,0,0,0,24219,0,0,-23788,-23413,0,0,0,0,0,19511,0,-27554,-28562,0,0,0,0,0,28862,0,0,0,27093,0,0,0,-29506,0,0,0,-28825
84280953,Team1,-1,0,-26656,-25409,0,0,0,0,-25558,23109,0,0,0,0,0,0,0,-32921,19431,0,0,0,0,29075,23253,28680,0,0,0,0,0,0,0,-33077,-24214,0,0,21543,0
84281004,Team0,1,0,-25635,0,0,30141,36629,-23939,0,0,0,-32358,0,-26046,-26245,0,0,0,0,0,33287,0,0,0,-23901,0,0,0,0,32295,0,0,0,0,30293,0,30366,0,0
84281009,Team0,0,0,0,0,0,-33592,26674,0,0,-27860,0,-28178,0,0,0,-28359,-27535,22805,0,0,0,0,0,0,0,0,22071,-27620,0,28227,0,0,0,23219,23486,0,0,0,0
84281051,Team0,-1,0,29982,0,0,0,0,0,33233,-24786,0,0,0,0,-26132,-24066,30024,0,26530,0,28063,-31586,0,0,-26611,0,0,0,25862,0,-26104,0,0,0,0,0,0,0,0
84311573,Team0,1,0,0,26829,0,0,-26713,0,22646,0,-22246,0,0,0,0,0,0,27337,0,0,-20487,0,0,-30015,0,0,0,0,0,31052,-25546,0,0,0,31567,0,-23244,26642,0
84311652,Team0,0,0,27839,0,0,24388,-25559,0,-24062,0,0,0,0,0,0,0,0,0,0,0,-19661,29967,0,0,0,0,30462,0,25686,-29119,-31848,0,0,0,0,0,-25886,25496,0
84311653,Team0,0,0,-29500,0,27889,28034,0,-29544,-25922,27280,0,35454,0,0,0,0,0,0,0,0,-22890,-27688,0,0,0,0,0,0,0,0,0,0,27092,-21995,0,0,0,0,30421
84311669,Team0,1,0,0,0,0,0,-27228,0,0,0,0,0,0,26928,-27560,0,0,-12198,-23645,0,0,0,-19879,0,0,0,0,31983,25232,0,0,0,0,26691,-23714,0,27761,0,26883
84311719,Team1,-1,0,-29082,0,0,0,0,0,0,-25393,0,0,0,0,-33946,22954,0,0,33644,0,29212,25486,0,-24940,0,0,0,0,0,36467,-26806,0,0,0,-24591,0,0,23433,0
84311770,Team0,1,-30433,0,0,0,0,0,0,28923,0,0,-23219,-18303,-20041,0,0,0,26613,0,0,0,25416,0,0,0,0,0,0,24305,-25477,0,-17484,24791,0,0,0,0,24803,0
84311771,Team1,-1,0,0,0,0,-27811,-30894,0,27202,0,0,0,0,24417,-25333,0,0,0,0,25671,23975,-24927,-27069,-28189,0,0,0,0,0,0,0,23622,0,0,0,0,0,27323,0
84311807,Team1,-1,0,0,0,0,0,0,0,23645,0,0,-41652,0,-25042,0,0,0,0,0,0,29035,23124,21990,32872,-25227,0,-22686,-29184,0,0,0,0,0,-25728,0,0,0,23558,0
84311810,Team0,0,0,-26659,0,-24147,0,0,0,0,0,0,28108,0,25957,0,0,-26274,0,0,25403,0,0,25591,0,0,0,0,27015,-24378,0,0,0,0,27866,-28800,0,-22620,0,0
84311812,Team1,-1,-28472,0,0,0,0,0,0,0,24594,0,0,0,24221,0,0,0,0,0,0,22789,-24214,0,0,-9994,0,0,22837,27176,0,0,0,0,-30216,-27373,0,-25570,0,23368
84845663,Team0,-1,30296,0,-25087,0,28761,0,25050,-27377,0,0,0,0,0,0,0,-28245,0,0,0,-29068,0,0,-29556,0,0,0,25941,0,0,25378,0,26934,0,0,0,0,0,-24701
84846665,Team0,1,0,27014,0,0,33443,0,0,-25020,0,0,0,0,-26239,0,0,0,0,0,0,31496,0,0,25601,0,0,0,-29330,0,0,-21324,0,27239,-22886,-22961,25575,0,0,0
84847092,Team1,0,-26080,0,0,0,0,0,0,0,0,0,0,0,0,0,-26746,0,0,0,0,-24296,-21942,34173,0,0,0,0,27114,0,24006,-27183,0,0,27835,0,0,25299,-24893,25303
84847546,Team0,0,0,0,0,0,0,0,25710,25154,0,-22633,25226,0,24937,0,0,0,25168,0,27908,-22794,-24811,0,-27115,0,0,0,0,-22306,-30202,0,0,0,0,0,0,0,0,0
84032060,Team1,0,32572,-28213,0,0,-27672,0,21695,0,0,0,0,0,22274,0,0,0,0,0,0,0,0,0,0,0,-27127,0,0,24128,24363,0,0,-27083,0,0,27397,0,-25227,-29648
84032357,Team1,1,0,0,24695,0,0,-31524,0,-27626,0,-27362,24619,0,-33142,-30903,0,0,0,23010,0,-25661,0,0,0,0,0,0,25877,0,0,0,0,22945,0,28177,0,0,0,0
84034955,Team1,-1,0,0,0,0,20488,24463,-28456,0,0,-24337,-29153,0,-23370,0,0,0,21077,0,0,0,0,0,35111,0,0,0,-26548,0,0,0,19181,0,-29576,20942,0,0,0,0
84035941,Team0,1,0,0,0,0,0,33773,0,0,0,27889,-23746,0,26686,0,0,0,-28271,0,0,0,-25131,0,26617,-26988,0,0,0,0,0,28456,-24320,0,0,31902,0,0,-23955,0
84906800,Team0,1,-22057,38990,0,0,34864,0,0,0,0,0,0,0,30249,0,0,0,0,0,0,-25219,0,0,-24663,0,0,0,0,33330,34130,0,-18431,0,-20914,-21468,0,33984,0,0
84906853,Team1,0,-23861,0,0,0,0,0,0,-23793,22579,0,-23515,0,-23908,0,0,0,0,0,-35069,24502,29743,0,0,0,0,0,0,21769,25696,0,0,0,0,23891,0,0,-26458,0
84906854,Team0,0,0,0,0,0,24215,33043,0,23248,0,0,-27042,0,0,0,-29552,-25645,-22063,23088,0,27435,0,0,25677,0,0,0,0,0,-23768,0,0,0,0,0,0,-22327,0,0
84906874,Team0,1,0,36497,0,0,28331,0,34311,0,0,0,27394,26949,-24971,-26200,0,0,0,0,-22729,0,0,0,0,-25104,0,0,0,0,-24358,0,0,0,29864,0,0,-26486,0,0
84906917,Team1,0,22400,0,0,-25647,0,0,0,0,0,-24210,21714,0,20504,-26359,-29517,-24079,0,20890,0,0,0,0,0,0,0,0,-22584,0,0,0,0,0,20477,30986,0,0,0,0
84907007,Team0,-1,0,-30042,0,0,24182,34700,0,0,0,0,0,-19248,0,0,0,0,0,0,-29234,-24492,0,0,0,0,0,0,-25890,27982,31502,0,27794,0,0,0,27099,-19927,0,0
84907040,Team1,0,-34903,25854,0,0,-22857,0,-28045,0,0,24954,0,0,24977,0,0,0,0,0,20890,24966,0,-29368,-27326,0,0,0,25706,0,-27030,0,0,0,0,0,0,0,0,0
84907082,Team1,1,0,0,0,0,0,0,0,0,0,0,0,0,0,0,0,0,0,0,0,0,0,0,0,0,0,0,0,21426,0,0,0,0,-25115,0,0,0,0,0
84758047,Team1,0,-26472,0,-27016,0,0,26377,0,26712,0,0,0,0,18356,-29799,0,-29311,0,-26635,0,20406,-26414,0,0,0,0,0,0,0,0,0,0,0,18555,0,0,21710,0,0
84758049,Team0,0,0,0,0,0,-26876,0,0,0,0,-22147,-24621,22115,0,0,0,0,0,0,0,-21439,-22196,0,0,0,0,0,23018,24741,0,31625,0,-25392,0,25576,0,30647,0,0
84758056,Team0,1,0,0,0,0,26041,0,0,0,0,0,33847,0,0,0,0,0,0,-22566,0,-27081,-27158,25278,-23531,0,0,0,0,0,24820,0,0,22537,-21945,-28761,0,0,0,23939
84758082,Team1,-1,0,0,0,0,0,17317,-25730,0,0,0,22676,0,-26248,0,0,13498,19168,0,-27478,-27099,13885,0,-28037,0,0,0,0,0,0,0,16573,0,0,-30267,0,0,0,0
84758085,Team1,-1,25995,0,26650,0,23662,0,-27398,22909,0,0,28261,0,-27700,0,0,0,-38457,0,0,0,0,0,0,-30258,-31723,0,0,0,0,0,0,-28315,24018,0,0,0,0,0
84758090,Team1,0,0,0,0,0,26521,-30227,0,-27935,0,-28056,0,24180,0,0,-22798,0,22576,0,0,-23557,0,0,0,0,0,26433,0,0,30477,0,0,0,-24931,21544,0,0,0,0
84758094,Team0,0,0,33239,25694,0,27899,0,0,0,0,0,0,0,34602,0,0,0,0,24844,0,26061,-18922,0,-31592,0,0,0,-24814,0,0,-23278,0,0,0,-22509,0,-23017,0,0
84758173,Team1,-1,0,0,0,0,0,-34973,0,-23393,0,0,-25075,24603,0,0,0,0,0,0,0,0,-21690,0,0,24627,0,0,-22479,31133,24440,0,0,0,23462,22023,0,-21871,0,0
84758241,Team0,0,0,0,-26750,0,34532,26358,-23188,25409,0,0,0,0,25939,0,26610,0,0,0,-27749,-32817,-27444,0,0,0,0,0,0,-23576,0,0,0,0,0,0,0,0,26840,0
84758282,Team1,1,25845,0,0,0,0,0,0,-20169,0,0,0,0,0,-28267,0,0,0,0,0,23722,23223,0,22836,0,-22700,0,0,0,-30658,0,0,0,-24162,34436,0,-23649,30059,0
84125724,Team0,0,0,0,0,27229,0,0,0,-19248,0,0,0,-21023,0,0,0,-21553,-21242,0,0,0,0,0,32734,0,-26725,0,-31098,0,0,0,27159,0,29519,24700,0,0,0,27283
84125754,Team0,0,0,30890,0,-26331,-23631,0,0,27187,0,0,0,0,0,0,0,30644,0,0,0,0,0,0,26827,-23610,-22678,-28964,0,26983,0,31722,0,-20489,0,0,0,0,0,0
84125775,Team0,1,0,31128,0,0,26302,-32450,0,0,0,0,0,0,0,0,0,-23857,0,0,0,-21985,25527,28935,0,-25632,26484,0,0,0,0,0,0,0,0,-20904,0,-22456,0,32703
84125779,Team0,0,0,0,0,0,-21406,-22083,0,0,0,29154,30063,0,0,0,0,0,-21959,0,0,0,0,0,-27570,30356,0,-28745,0,-24204,33291,29907,0,28503,0,0,0,0,0,0
84125811,Team0,0,-23182,0,0,0,-24017,-28894,0,0,0,23454,0,27177,0,0,0,0,22436,0,0,0,0,24619,0,-27621,0,0,27758,0,28658,0,0,0,0,0,0,-23320,0,-23492
84125812,Team1,0,0,0,0,0,21720,0,0,0,0,0,0,0,0,0,0,0,0,-29352,0,-31202,-23727,-23332,23598,24209,27676,0,0,0,-26497,0,0,21604,0,-30347,0,0,22984,0
84125855,Team0,1,0,-25143,26149,-25610,30765,26887,0,0,-19970,0,0,0,-20579,0,0,0,0,0,0,0,-22953,27409,0,0,30516,0,0,-25516,0,0,0,0,0,32362,0,0,0,0
84788597,Team0,0,26479,-28922,0,0,-22607,32852,27324,32444,0,0,0,0,0,28070,0,0,0,0,31383,-26627,0,0,-26135,0,0,0,0,-20869,0,0,0,0,0,-26481,0,0,0,0
84788940,Team1,-1,-27730,22747,0,0,0,0,28093,0,0,0,0,0,-28440,20078,0,25609,0,0,0,0,-29280,-28706,0,0,0,19315,0,-28092,29933,0,0,0,0,0,0,0,0,-27729
84789123,Team0,1,0,0,0,0,0,-26253,0,24279,-24383,23848,24297,0,-31773,-27488,0,0,0,-24626,0,0,24468,0,0,0,30525,0,0,0,0,0,0,0,23590,0,0,0,0,-26180
84789157,Team1,-1,0,0,0,0,-26803,0,0,0,0,0,23859,0,24395,0,0,0,0,0,-28573,22327,23862,0,0,-28548,29885,0,-26001,0,0,0,0,0,0,-27713,0,-24370,25689,0
84003118,Team1,-1,0,0,0,0,0,-25596,0,-24147,0,0,-27572,0,22805,0,0,25117,0,0,0,-23189,24242,-21328,0,0,0,0,31104,28455,0,-32793,0,0,0,0,0,0,24241,0
84003148,Team0,0,0,0,0,0,0,-31526,0,0,0,24537,34543,-25141,0,0,23366,23137,-25891,0,-32198,0,23087,-25258,0,0,0,0,-25460,0,28565,0,0,0,0,0,0,0,0,0
84003154,Team1,-1,0,0,0,0,0,25501,0,0,0,25313,0,0,26110,0,0,0,26232,0,-30385,0,-28223,0,24541,25942,0,0,0,-30493,0,0,0,0,0,-24609,0,0,-26123,-23125
84003186,Team1,0,0,-26550,21592,0,0,26496,0,-28960,0,0,-23351,0,0,0,0,22681,0,-25803,0,0,0,23826,-22545,0,30846,0,0,0,0,0,0,0,0,-24699,23542,0,0,0
84003195,Team0,0,-27529,31252,0,29767,0,0,0,0,24273,0,-24975,0,0,0,23756,-29482,28440,0,0,0,0,0,-26574,0,0,23769,0,-23000,0,0,0,0,0,0,0,0,0,-19269
84003231,Team0,1,-23848,30321,0,0,-25397,0,0,0,27250,0,0,29013,0,0,0,0,0,0,0,0,0,0,-27353,32131,33905,0,0,0,-23766,28855,0,0,0,0,0,-25900,0,-25023
84003236,Team1,0,0,0,22929,0,0,-30335,0,0,0,-26046,22801,0,0,0,0,21404,25305,0,0,-27633,0,0,0,0,35112,0,0,0,0,0,0,-26050,0,23993,-25964,0,-25529,0
84003254,Team1,0,0,0,-24843,0,0,0,0,0,-24919,0,0,0,0,0,0,0,-26119,23129,0,0,22461,0,24246,0,0,29015,0,0,-37493,33585,0,-22810,0,0,-27179,0,21112,0
84003300,Team1,0,0,0,28783,-24680,0,0,24732,0,0,0,-24112,0,0,0,0,0,0,-28648,0,-24554,24772,0,0,0,0,0,32065,25389,0,-38050,-22806,0,0,0,0,22184,0,0
84466406,Team1,-1,0,0,0,32423,0,34647,23628,0,0,0,0,0,0,0,0,0,-29869,0,0,20328,0,0,0,0,0,0,-36515,0,0,0,0,0,0,0,0,0,0,0
84466451,Team1,-1,0,28969,23886,0,22114,-35481,0,-26624,0,0,22567,0,0,0,0,23286,0,18657,0,-27228,0,-30260,0,0,-28567,0,0,0,0,0,0,0,0,0,0,0,-28592,0
84466563,Team1,-1,-24693,0,19623,0,0,0,26379,0,0,0,0,0,0,0,0,19547,-28000,0,0,23949,-26735,0,-28275,20035,0,0,26600,0,-33292,0,0,-26390,0,0,0,0,0,0
84467130,Team0,1,0,0,0,0,0,0,0,0,0,0,-30601,0,0,0,0,0,0,0,0,0,28784,0,0,0,0,-22210,28112,0,25827,0,0,0,0,0,0,26481,0,0
84368360,Team1,1,0,-24512,29062,0,30757,0,0,-26047,0,0,0,0,0,0,20571,0,-25752,0,0,21240,-30628,0,30262,0,0,0,0,-25710,0,0,0,0,0,0,24281,0,0,-26118
84876038,Team0,1,0,-24347,22640,24265,0,0,0,0,0,0,0,0,22592,-24965,0,0,25528,-20413,0,-22433,22557,-18686,0,0,0,0,0,0,-21285,0,0,0,0,0,0,26637,0,0
84876076,Team0,1,0,0,0,30533,28914,-27832,0,0,0,-22489,-23800,0,0,0,-21101,0,0,0,0,31609,-21552,0,0,33810,0,0,-27568,31470,0,0,0,0,0,34121,0,0,0,0
84877025,Team0,1,0,34569,31941,0,27714,0,0,0,0,0,0,0,-21308,28597,0,0,27675,0,0,-18289,0,0,0,0,0,0,-25014,0,0,0,29137,0,-25127,0,0,-17310,-20954,0
84877451,Team1,0,0,0,0,33046,-23843,0,0,26582,-23847,0,-28283,30751,-24756,0,0,0,0,0,0,0,0,0,0,0,-30909,0,-30565,0,23750,29416,0,0,0,27315,0,0,0,0
84877498,Team1,0,0,27304,0,0,0,0,0,30010,0,0,0,0,28210,0,0,0,0,-25908,0,-25733,-26966,0,0,0,0,0,-30059,0,24637,-36740,0,0,0,-26698,0,0,29194,26878
84214938,Team1,-1,23592,0,0,0,0,-29417,0,0,0,0,28034,24901,0,0,22621,0,0,0,0,-26978,-27112,-27972,0,0,0,0,0,0,35489,0,0,0,-24300,0,0,25935,-26193,0
84215056,Team1,-1,0,-32543,0,0,0,28483,0,30629,26818,0,0,0,0,0,0,0,0,0,-35086,-30355,-29263,-29470,23285,28660,0,0,0,0,0,30049,0,0,0,-29205,0,0,0,0
84215939,Team0,1,0,-27963,0,0,29791,0,0,30165,-23593,0,0,0,0,-26872,0,0,0,0,0,-23831,0,0,0,-24458,0,0,0,30424,30622,0,0,0,0,-28913,30482,32800,0,0
84217236,Team0,0,-23857,0,19419,0,25704,0,0,-23468,21030,0,29164,0,0,0,0,0,0,0,0,-28396,0,-24944,0,25816,0,0,0,0,-32969,0,0,0,0,-24720,0,0,0,20707
84217810,Team1,-1,0,35215,-26527,0,0,0,0,0,0,-25352,-31191,0,-24548,0,19805,0,0,0,-33079,31452,0,0,-27808,0,0,0,20349,0,0,0,0,0,0,0,0,19683,21663,0
84217952,Team1,0,0,29992,22919,0,-27335,0,22364,0,0,0,0,0,0,0,0,22369,23836,0,-34749,0,0,0,-28863,0,0,0,-23187,0,0,0,0,0,0,27714,-26564,-25457,0,0
84250452,Team0,0,-18783,0,0,29805,22885,0,0,-24187,0,0,26759,-22148,0,0,0,0,-17545,28068,0,0,23365,0,0,24031,0,0,0,-23866,-16925,0,0,0,0,0,0,0,0,0
84250483,Team1,-1,0,0,0,26757,0,0,-25403,0,21457,0,0,0,0,21508,21673,28300,0,0,0,-26919,-25171,0,29733,0,0,0,0,0,-26941,0,0,0,-24725,0,0,-25988,0,0
84250516,Team1,0,0,24750,0,0,19940,0,0,0,-31254,0,-31242,0,-24734,0,22807,0,0,0,0,22423,-25958,0,0,0,0,26392,-25513,0,0,0,0,0,0,0,0,0,25454,-32293
84250517,Team1,-1,0,-26583,25373,0,-28472,0,0,-25115,0,0,-29831,0,0,0,22618,0,0,0,0,25119,0,0,0,23638,0,0,0,0,0,-28715,22372,30271,0,-28774,0,0,0,0
84250663,Team1,-1,27697,0,0,0,-27959,-28588,0,0,0,-26370,-23082,0,22184,0,0,0,0,0,0,0,0,21903,0,0,24005,0,0,35753,0,0,0,0,-26412,-28002,0,0,0,21472
84250710,Team0,-1,0,0,0,0,-25684,0,0,0,0,0,0,0,0,-26135,29547,0,27614,-25425,30474,32467,28095,0,0,0,-36632,0,0,-22803,0,0,0,0,0,-28078,0,29728,0,0
84563924,Team0,0,0,0,-21600,0,-24930,0,28488,-22638,0,0,0,0,28309,0,27891,0,0,0,-24023,0,28494,0,0,-21673,31943,0,0,0,0,0,0,0,29172,-28671,0,0,0,0
84564567,Team0,-1,-27811,0,0,0,25786,26587,0,0,0,0,-28574,0,0,0,0,0,0,0,0,27360,0,0,24435,40019,0,0,0,-28459,0,-26310,0,-20810,-24778,0,0,24232,0,0
84564769,Team0,0,0,22482,0,0,0,0,-22931,0,21793,0,0,0,21222,0,0,-26342,0,0,0,-21762,26402,0,0,0,0,0,-22553,22796,-24244,0,0,0,0,0,0,-25373,20307,0
84565886,Team0,1,0,-27545,0,0,0,0,0,0,0,0,0,0,27601,0,0,-18728,25311,30175,34547,-23393,0,0,0,0,0,28733,29787,-18693,-21998,0,-16511,0,0,0,0,0,0,0
84533800,Team1,0,0,0,-26811,0,-22426,0,0,0,0,0,32687,0,0,0,-22369,27161,0,0,25786,0,0,0,-23538,-22133,0,0,22908,0,0,-35656,0,0,0,0,0,18733,27981,0
84533935,Team0,0,0,0,26391,0,0,-32302,0,0,-21213,0,28356,0,-23234,23081,-24074,24951,0,24545,0,0,0,0,0,-23088,0,0,0,-24383,0,0,0,0,0,0,0,0,24445,0
84534047,Team1,-1,0,35810,20962,0,0,0,0,0,0,0,0,0,35436,0,0,24394,-25255,-31841,-31463,0,0,20114,0,0,-32886,-23314,0,15797,0,0,0,0,0,-28944,0,0,0,0
84534125,Team0,0,32800,0,27995,0,0,0,0,-28506,0,0,0,0,0,0,0,28040,-23175,0,0,25512,26072,0,0,0,-25229,0,0,-22514,0,0,0,0,0,-28873,0,25223,-22495,0
84534333,Team0,0,0,32662,0,0,-22164,0,0,0,0,0,-22351,0,25367,0,0,0,23866,0,0,25059,-24242,0,0,0,0,0,0,0,0,-27691,-21331,0,0,24017,0,24918,0,-21390
84340469,Team0,0,23563,0,0,0,-24971,0,-32173,-28902,0,0,0,0,0,23820,0,24865,0,21732,0,0,0,0,-28566,0,0,0,-28487,28709,0,0,0,0,-27925,28069,0,0,0,0
84340476,Team1,-1,0,0,0,0,-35211,-31197,0,0,29956,0,0,0,-29757,0,25335,0,22848,0,0,0,31814,0,22612,0,0,0,0,-32058,26025,0,0,0,0,-31534,-29160,0,0,0
84340477,Team1,-1,0,30784,0,0,0,0,0,-29706,0,-28879,-31537,0,20508,0,0,0,0,0,0,0,0,0,0,0,-31820,0,0,21433,0,32756,0,0,-28299,25898,26939,0,0,-27622
84340491,Team0,1,0,-28362,0,25157,0,-28732,0,-18763,0,24644,0,0,0,0,0,0,-21861,0,0,26922,21536,0,0,0,0,0,26818,0,0,0,0,0,-18740,28727,0,-22104,0,0
84340516,Team0,1,-30063,-28004,0,25498,-25478,0,0,0,28691,-23357,26825,0,0,0,0,25328,0,0,0,0,23728,0,24113,0,0,0,0,-25449,0,0,0,0,0,0,0,-22595,0,0
84340536,Team1,-1,30152,-38204,0,0,-26705,0,22395,0,0,0,27302,0,0,25901,-29253,0,0,0,0,0,22862,0,0,0,0,0,0,0,-28773,-27057,0,0,24339,0,0,-25647,0,0
84340609,Team1,-1,0,0,23044,0,-25636,0,0,0,0,0,25492,0,0,21796,0,21508,0,0,0,-25813,-25959,19868,-28393,0,25602,0,0,0,-28886,0,0,0,0,0,0,-29233,0,0
84340635,Team0,1,-17255,0,0,0,0,0,0,0,0,0,27077,0,29190,-29544,0,0,0,0,33319,0,27290,0,29046,0,0,0,-20964,0,0,-28246,0,-20211,0,0,0,28316,-22124,0
84972597,Team1,1,0,0,0,0,0,0,-29514,23197,0,0,0,0,0,0,0,0,0,0,0,-28004,0,0,0,0,0,0,0,-30380,28247,0,0,-26554,0,0,0,0,0,27992
84972639,Team1,1,-24221,0,0,0,0,29324,0,-27151,0,0,-29811,0,0,0,24736,-21666,21770,0,0,-21314,0,25256,0,0,0,0,25631,0,0,0,0,0,25608,-33172,0,0,0,0
84972677,Team0,0,0,0,-4766,0,10920,0,-8185,0,0,11557,0,0,0,0,0,0,0,0,-4706,-5639,0,0,-8937,11054,0,0,11055,0,12700,0,0,0,0,11416,0,0,-4407,0
84972838,Team0,1,0,-31933,0,0,35394,24592,-22001,25084,0,0,0,-22889,0,0,0,0,0,0,0,31632,-25753,0,0,0,0,0,0,24024,0,-33566,0,0,0,0,0,24361,-24674,0
84972902,Team1,0,0,41426,-30579,24581,0,0,0,0,0,0,-35512,0,-27042,25698,0,0,26927,0,0,-28936,0,0,0,0,0,0,0,-26856,0,0,0,-28468,0,24497,0,23671,0,0
84972946,Team0,0,28390,-31279,0,0,21353,0,0,21550,0,0,0,0,21516,-24302,21761,-20918,0,0,0,-22106,-21497,0,0,0,0,0,0,0,33580,0,0,0,0,0,0,-24411,0,0
84097189,Team1,0,27271,0,0,0,21330,0,0,0,0,0,-31549,0,0,0,0,-23173,-23604,-22421,0,0,23556,0,0,0,0,24374,0,-26713,0,0,0,0,22155,-22472,0,23133,0,0
84097243,Team1,-1,0,0,-30503,24604,-34459,0,0,18342,0,0,21367,0,-30561,0,0,19982,0,0,0,-32285,0,0,0,0,0,0,0,0,-32520,0,-31757,0,0,19345,0,0,23859,0
84097284,Team0,1,0,0,0,0,0,47797,0,-23757,0,0,0,0,0,0,0,31828,-21927,0,0,28958,-24575,0,32838,0,29679,0,0,-18296,0,0,0,0,0,31598,0,-18849,-21553,0
84097306,Team1,0,-26733,0,0,0,27346,0,0,0,26013,0,26814,0,27131,0,0,0,0,0,0,-21664,-26397,0,0,0,0,0,25722,-23265,0,0,0,0,0,-22006,-24042,0,25503,0
84432962,Team0,0,0,-31571,-23264,0,0,0,0,0,0,0,22908,0,-24351,0,0,-22544,0,19939,0,0,18608,0,0,0,29223,24930,0,0,0,0,0,0,0,32825,0,0,0,-27484
84433040,Team1,-1,0,0,0,27726,0,0,-29443,-36611,0,0,0,0,19131,0,0,0,0,0,-29047,0,27189,0,0,0,0,0,0,-38613,26840,0,21822,0,-28004,-41346,0,0,25142,0
84433085,Team1,1,0,0,0,-24504,28729,0,-22726,0,0,0,24064,-24373,24713,0,-25111,0,0,24406,0,0,0,0,0,0,0,0,24872,0,-37695,-27345,0,0,0,0,0,0,0,26969
84433238,Team0,0,0,26347,0,0,0,0,0,0,0,29243,28639,0,24087,25404,-24218,0,-26764,0,0,0,-27253,0,0,0,0,0,0,0,-25734,0,0,0,29152,-27066,-26342,0,0,0
84433264,Team0,1,0,38353,0,0,33852,0,0,0,-25568,0,-26942,0,-21292,33491,0,0,0,0,0,-14190,0,34659,0,0,0,0,-25213,42967,0,0,0,0,0,33450,0,0,-21534,0
84433330,Team0,0,0,29982,0,0,0,0,25810,0,-22502,0,32125,-28466,0,0,0,0,-25572,0,0,23659,-26208,20268,-34444,-25277,0,0,0,0,0,0,0,0,25442,0,0,0,0,0
84433359,Team0,-1,0,34783,0,25450,0,-30767,0,0,0,0,0,0,-30388,0,0,0,-27760,-24534,0,0,0,0,0,0,0,0,0,-36470,0,0,0,0,24562,27824,27228,22431,0,-23295
84433425,Team1,1,0,0,0,35745,25739,0,0,-23205,-23866,0,-30694,26951,-24027,0,0,0,0,0,0,-24995,26880,0,0,0,0,0,0,0,31858,0,0,0,0,0,-20779,33269,0,0
84433427,Team0,0,30218,0,0,0,28611,0,0,-29635,0,0,27641,0,0,0,0,-22628,-22436,26103,0,0,25995,0,-28550,0,0,0,0,-21759,0,0,0,0,0,-26801,0,0,0,33587
84066611,Team0,1,0,0,0,0,0,0,0,0,0,0,24999,0,0,0,0,0,0,0,0,0,-26990,0,0,0,0,0,0,0,0,0,0,0,0,0,0,0,0,0
84066641,Team1,0,-26055,-23301,0,0,0,0,-26746,0,0,26712,0,0,25369,-30090,32286,0,0,0,0,0,0,0,0,26257,0,-24964,0,0,0,0,0,0,-29216,0,0,0,26671,35853
84066717,Team0,-1,0,0,26571,0,28425,-28592,0,0,0,0,24500,0,0,0,0,-24591,0,0,34425,0,0,-32313,-29358,0,0,0,0,-25615,-31285,0,26181,0,23753,0,0,0,0,0
84066740,Team0,1,0,-24153,0,0,0,0,0,0,0,0,0,0,0,0,0,0,-23643,0,23312,25518,0,-24400,0,0,0,-23333,33620,-21408,-24910,0,0,0,0,26709,0,25100,25882,0
84066810,Team1,-1,0,0,0,-26440,0,0,0,0,30605,-27464,0,19456,0,29421,0,0,0,-31494,0,-30386,0,0,0,0,0,0,23215,0,28337,26999,-29297,0,0,-31224,0,0,0,0
84066877,Team0,1,-24598,0,0,0,22519,0,0,-24585,21807,0,33441,0,0,-33740,0,0,0,0,0,-22491,25048,0,0,0,27593,0,0,23590,0,0,0,0,0,0,0,-30474,-26266,0
84066899,Team0,0,-22186,0,0,28099,29954,0,0,-21974,0,0,0,0,0,0,26807,-23725,0,28519,0,0,38774,0,0,0,-24691,0,0,-25255,29875,0,0,0,0,-24237,0,0,0,0
84066905,Team1,-1,22188,0,24117,23757,0,0,0,0,0,0,0,0,0,0,0,0,-31189,-26856,0,0,-25281,29924,-24790,0,0,0,0,-34233,0,0,0,0,0,0,20667,24935,0,-28265
84066946,Team0,-1,-31336,-25143,0,0,36424,0,0,-29166,0,0,0,0,-24725,32796,0,0,0,0,0,-29482,24874,0,23259,0,0,0,0,32847,35714,0,0,0,0,0,0,0,0,-25894
84066949,Team0,-1,0,29316,0,0,0,0,0,-27471,0,0,22694,0,0,-30949,-26355,29758,0,0,-31845,23213,0,0,0,0,0,0,0,0,-28662,0,24125,0,0,0,23036,-26965,0,0
84066960,Team0,1,0,0,0,0,-22429,-27145,0,0,0,0,35655,45308,0,0,0,0,-23266,0,0,0,0,0,0,0,-26359,13879,27705,0,30636,0,0,0,0,-25075,0,-27656,32145,0
84066996,Team1,0,0,0,-24253,0,0,0,0,0,0,0,24310,0,0,26375,-24915,-25451,-27884,0,0,0,0,21391,0,0,0,0,0,0,-31731,0,0,0,21764,28905,21563,-24801,0,0
84066997,Team0,-1,27007,-31484,0,0,0,0,0,0,0,0,26683,0,-21590,0,0,22755,0,0,27119,0,0,31823,0,-23617,-22026,0,26059,0,0,-24710,0,0,0,0,0,-20044,0,0
84067010,Team1,-1,0,0,0,0,0,0,0,0,0,0,0,0,0,0,0,0,0,-28277,0,0,0,0,0,0,0,0,0,0,0,0,0,26476,0,0,0,0,0,0
84181723,Team1,0,0,0,0,0,24625,0,0,-36682,0,0,0,0,-27473,23315,0,0,0,0,-32147,0,0,0,22674,0,-33434,0,0,-28445,24559,0,21192,0,0,0,-24699,0,0,24691
84595285,Team0,-1,29722,-32048,0,0,0,0,-25714,0,31529,0,-25139,0,26212,0,0,0,0,-26374,0,-31227,27916,0,0,25847,0,0,0,29842,0,0,0,0,-26079,0,0,0,0,0
84595317,Team0,1,0,35364,0,0,25387,0,0,23335,0,0,0,0,-23444,25760,0,0,0,0,0,31353,0,0,0,-20759,0,0,-26219,0,0,0,-26451,0,-19886,0,0,22930,-26561,0
84595364,Team1,-1,0,0,24153,0,0,0,0,0,0,0,0,23075,-36574,0,0,0,0,-24133,27049,17253,0,0,-25800,22261,0,0,0,0,-28688,0,0,0,0,0,17253,0,-24256,-24507
84595603,Team0,-1,0,0,0,0,0,-25999,-26739,-24353,0,0,0,0,24497,32100,0,0,-27052,38037,23392,-27996,-22940,0,31464,0,0,0,0,0,5318,0,0,0,0,0,0,0,0,0
84155658,Team1,0,-28304,0,0,0,25310,25400,0,0,0,0,0,0,-29470,-27338,0,0,0,0,-27334,0,-26779,0,30501,0,0,0,0,32617,0,0,34197,0,28716,0,0,-30668,0,0
84155659,Team1,-1,-33837,28548,21509,0,0,24144,0,0,0,0,0,20976,0,0,0,0,-26697,0,-32582,18218,-30386,0,0,0,0,0,0,0,0,0,25548,0,0,-32178,0,-30176,0,0
84155661,Team0,0,0,38971,0,0,-23967,0,-24494,-27346,0,0,24991,0,25637,0,0,0,24578,0,0,0,31565,23251,0,-25569,-19532,0,0,0,0,0,0,0,0,-30132,0,0,0,0
84155716,Team0,0,-26808,0,0,0,-22226,0,0,0,0,0,0,-27377,0,0,0,0,0,0,0,29847,-27006,0,0,0,0,29403,24707,-24089,28173,0,0,23358,0,0,0,23366,-23620,0
84155717,Team0,0,0,0,0,0,0,-29060,0,0,0,-20646,37536,0,-22425,-22303,0,0,30839,0,0,0,24097,0,0,0,-24398,0,0,0,-24557,0,0,0,26054,35212,0,24869,0,0
84155723,Team0,1,-27642,29619,0,0,0,-24914,0,0,0,0,33420,0,0,0,0,29439,0,0,0,-23558,-29448,0,26103,0,0,0,0,0,0,32246,0,0,-20481,28035,0,-27732,0,0
84155731,Team0,1,-27048,0,0,-26409,-23744,0,0,24814,0,0,24809,0,27841,0,-25542,0,0,0,0,0,-25357,0,0,0,34826,0,0,0,0,0,0,0,0,36573,0,-23659,23048,0
84155733,Team1,-1,21266,-28462,0,0,0,0,0,0,0,0,0,0,-25102,0,0,0,-24894,-28384,15026,0,-24518,0,0,0,0,18663,0,0,0,0,0,16020,17876,0,0,0,18432,-24405
84155735,Team1,0,0,0,18851,0,25714,0,0,0,0,0,0,0,0,0,-31370,31674,-25796,-23385,0,30693,-26022,0,0,0,0,0,26291,0,0,0,20910,0,0,-24944,0,0,-24172,0
84155769,Team0,1,0,0,0,0,0,-35167,0,0,-20354,0,0,0,0,-21653,27887,-21037,0,27107,0,33017,25120,0,0,34429,0,0,-27168,-20374,0,0,0,0,0,0,0,0,31009,0
84626653,Team1,0,0,0,-25021,28513,0,0,0,-26404,0,0,27434,0,0,0,0,-24816,0,0,-26550,25674,0,0,0,0,-38571,0,0,-35980,0,0,23489,22745,0,23702,0,0,0,0
84626753,Team1,-1,32651,0,21810,0,24912,0,0,0,-25428,0,0,0,0,0,0,0,0,23215,0,-22628,22072,0,0,23547,0,0,-25912,0,0,-29686,0,-33314,0,-25240,0,0,0,0
84626768,Team1,0,0,0,0,-21901,14841,0,0,0,0,0,20407,0,0,-29162,0,0,0,-20222,0,15643,0,11277,14713,0,0,0,0,-19639,20114,-20622,0,-19906,0,0,0,0,0,0
84626775,Team1,0,0,0,20275,0,-28631,0,0,0,0,-21448,26470,0,0,0,0,0,24545,23196,0,0,21458,0,0,0,0,0,0,-25316,-28401,0,0,-25062,26435,0,0,0,0,-27016
84626866,Team1,-1,0,25625,0,0,21636,36364,0,0,0,0,0,26060,0,0,0,0,23060,-22305,0,-32301,0,27034,-25386,0,-29940,0,0,0,0,0,0,0,-32109,-24741,0,0,0,0
84626897,Team0,1,0,-37927,0,0,-26236,32888,0,27947,0,0,33135,0,0,0,0,0,-27570,0,0,0,-25830,0,23263,0,0,0,0,0,0,0,24308,23777,0,-29136,0,-24028,0,0
84627106,Team1,-1,0,-31841,19581,-33727,-28442,17858,0,0,0,0,0,0,0,0,27125,0,0,0,0,0,23932,0,0,0,0,23555,0,-28388,-29795,0,0,0,0,26244,0,-31949,0,0
84818351,Team1,0,0,0,0,0,-27860,0,0,0,0,0,0,24432,0,0,25321,0,0,0,0,-31707,-24785,0,23841,0,0,0,0,-23019,28596,0,-22034,0,24487,-32936,0,0,24230,0
84819425,Team0,1,31036,0,0,0,0,0,0,26161,0,0,0,28293,0,0,0,0,0,0,0,-22383,0,0,-28848,0,0,27964,31928,0,-22236,0,-24179,0,-27215,-22616,0,0,28294,0
84501818,Team1,-1,-25049,0,31631,0,0,0,0,0,0,0,0,0,-28594,0,-25460,0,25073,27789,0,-27066,0,0,0,25362,0,22790,0,0,0,26724,0,0,0,-29557,0,0,-25465,0
84501865,Team1,-1,0,-30905,0,0,0,0,0,-27305,0,0,0,0,25901,0,0,0,0,28942,-30646,-28949,0,0,27620,0,0,0,26224,0,0,29188,0,0,0,-26550,-25205,0,0,31473
84939826,Team1,-1,24818,0,0,0,22902,0,0,-27877,0,0,29998,20922,0,-29276,0,0,20410,0,-27795,-28428,0,0,0,0,0,0,0,-25959,0,0,19955,0,0,-32021,0,0,0,0
84939838,Team0,-1,0,-29158,0,0,0,32945,-24252,0,-25959,0,34083,0,27657,0,0,0,27013,0,0,-34219,0,0,0,0,0,0,-28162,0,0,26774,25803,0,-23557,0,0,0,0,0
84939872,Team1,0,26949,-29519,-25724,0,0,0,0,21781,-26754,0,0,-24420,22105,0,0,0,-25875,28628,0,-27539,0,0,0,0,0,0,24868,25352,0,0,0,0,0,0,0,0,0,0
84939960,Team0,0,0,32383,-24606,0,21969,0,-23873,-19750,0,23426,0,0,0,0,0,0,0,0,0,29084,0,0,0,-29994,0,0,31210,0,0,-27385,0,26425,0,0,0,0,0,-24088
84940027,Team1,1,0,0,22605,0,-31897,0,0,22416,-26099,0,-33406,0,0,0,0,0,-25136,0,24332,0,0,0,0,22991,0,0,-27864,0,0,27436,0,-27304,0,23137,0,0,0,0
84940033,Team1,0,0,-23309,21624,-22149,0,0,0,0,0,0,0,-26197,0,23507,0,23545,0,-24413,21591,0,-23145,0,0,0,0,0,0,0,25049,-33780,0,0,0,0,0,25004,0,0
84940043,Team0,1,0,0,0,0,0,29910,33874,-25187,-25117,0,-34052,0,26311,0,0,0,0,0,0,-27697,23921,0,0,0,0,0,-27964,0,0,29934,0,0,-29202,0,0,0,0,26945
84940091,Team0,1,23478,36820,0,0,0,-17307,0,-17769,0,0,0,0,-20910,0,0,0,-17308,-16960,0,27955,24569,0,0,0,0,0,0,0,-19563,0,0,0,0,31423,0,25371,0,0
84400731,Team0,0,0,-14271,0,0,0,0,0,0,-13710,0,-13684,0,0,0,0,-15120,24464,0,0,30524,0,0,-20197,-18763,28605,0,0,0,0,0,21395,0,0,27113,0,0,0,20773
84400818,Team0,-1,0,-34565,0,-27515,-26332,0,26073,-27106,0,0,40598,0,27405,-33548,0,0,0,0,0,27275,26247,0,0,0,0,0,0,0,0,0,0,0,0,0,25856,-25104,0,0
84400831,Team0,0,26836,26148,0,-24512,0,0,0,0,0,0,0,0,-23702,0,0,0,0,0,0,24564,24107,30301,0,0,0,0,-30632,25774,0,-21393,-22770,0,0,-23520,0,0,0,0
84400878,Team1,1,0,-37256,0,0,0,0,0,32659,26913,0,23282,0,-26489,0,0,0,0,0,26347,26152,0,-31752,0,0,-31066,-28577,0,0,0,-32790,0,0,0,24508,0,0,0,0
84400879,Team1,-1,0,0,0,0,0,-34950,0,0,-26527,0,0,0,18599,0,0,0,0,0,25905,-31213,-23802,0,0,23381,0,0,23158,0,0,23907,19623,0,0,-28546,-24507,0,0,0
84400883,Team1,-1,0,-32275,0,0,25773,0,-31443,0,0,0,0,0,0,0,-29372,-27892,0,0,0,-29639,0,0,0,24911,0,0,0,0,0,0,0,0,-26345,21472,0,20363,20552,26361
84400890,Team0,0,0,24519,0,-26646,24578,0,0,-22119,0,0,0,0,0,0,-22432,0,-25256,-22130,0,27620,0,0,0,-25004,0,0,0,0,0,0,0,0,0,24603,0,28951,0,30368
84400899,Team1,0,0,27034,0,0,0,0,0,-33354,0,0,0,0,0,0,0,25153,-27829,0,0,28068,0,0,-33157,0,0,0,0,23058,-30160,0,0,0,0,-27094,27951,24259,-26357,0
84400928,Team0,1,0,-26015,25068,30776,24805,-32091,0,29557,0,0,0,0,0,0,0,-19980,0,0,0,-16882,25239,0,0,0,0,0,0,27925,0,0,0,0,0,0,0,-13852,0,-22523
84400936,Team0,1,0,0,-16481,0,0,0,0,0,29206,0,0,0,30400,33720,-25344,0,0,0,-20126,0,0,0,37017,0,0,0,0,0,0,0,0,-20346,0,35925,0,-19565,29176,-24555
84400955,Team0,1,0,0,23913,0,0,0,0,0,0,24704,-23610,0,24955,0,0,0,-20413,0,-25731,-22100,24378,0,0,28998,0,0,0,0,34295,0,-22704,0,0,-21168,0,0,0,0
84401022,Team1,0,27717,-24107,0,0,25139,-31098,0,0,21702,0,21321,0,0,0,-23512,-24024,-22843,0,0,0,23168,0,28611,0,0,0,0,0,0,0,0,0,0,-24082,0,0,0,0
84401048,Team0,1,0,0,0,0,0,0,0,27925,28575,0,0,0,0,0,0,0,0,-22812,0,0,-23579,0,0,31894,0,0,0,-21673,-24474,28814,0,0,-22813,-34037,26884,27927,0,0
84401052,Team1,0,0,0,0,0,0,0,-26594,0,31509,0,-21953,23458,-22645,0,0,0,0,0,-27573,-21803,23729,-21803,0,20433,0,0,0,0,0,0,0,0,0,0,0,0,25568,24750
84401093,Team1,1,0,0,0,0,-26734,-26173,0,0,27646,-32318,0,31197,0,-28942,0,0,25901,0,0,0,0,0,-24569,0,26856,0,0,-34811,0,0,0,0,0,25773,0,0,0,25908
84690098,Team0,0,-27444,-36600,0,0,24693,33453,0,-21611,0,0,0,0,0,0,0,0,-24628,0,0,36223,-20296,0,0,0,28596,0,0,0,0,0,0,0,0,0,0,0,0,0
84690170,Team1,-1,25328,0,-24876,0,0,27489,0,0,-24506,0,0,0,-26372,0,0,0,23071,0,0,-25372,0,0,0,-24390,0,0,21790,0,-27623,0,0,0,25881,0,0,23822,0,0
84690216,Team1,-1,0,26516,0,0,0,-32985,24131,0,0,-31302,-35619,0,0,0,0,-27649,0,0,0,0,23026,0,0,0,0,0,-27685,0,0,24583,0,0,-33339,21518,0,0,23912,0
84690271,Team1,-1,-37940,24417,20315,0,-24880,0,0,25721,0,-28756,-31412,-32674,0,0,0,0,20631,0,0,0,0,0,0,0,0,0,0,21053,-30407,0,0,0,26611,0,0,0,0,0
84690283,Team0,1,0,0,0,31372,0,-21476,0,-18638,0,0,33922,0,-19306,-20985,0,28734,0,0,0,0,28005,0,0,33027,0,0,0,-19376,0,-20850,0,0,0,0,0,31022,0,0
84690300,Team0,1,0,0,27644,0,0,-29055,0,24304,0,0,0,0,0,0,0,0,0,0,23605,27298,-23826,0,-23133,0,0,24681,0,-23097,0,33378,0,0,-25089,0,0,0,-20762,0
84690404,Team1,-1,-23774,0,0,0,0,0,0,-22372,0,0,0,0,23111,-22135,0,0,23545,0,0,0,0,0,-34239,0,-34762,0,28819,0,32913,0,23163,0,-26634,0,0,0,0,24148
84690460,Team0,1,25729,0,0,0,0,27139,0,0,-24590,0,25812,28022,-26068,0,0,29377,26845,-20466,0,-20611,0,0,0,0,0,0,-20222,0,-28516,0,0,0,0,0,0,0,0,0
84657567,Team1,0,-26382,0,0,0,24519,0,0,-23307,0,25056,0,0,-28225,0,-21915,0,0,0,0,-30882,0,0,0,0,0,0,27238,0,25512,-28902,0,0,0,27683,0,0,0,32601
84657570,Team0,0,22643,-22382,0,0,-20964,0,0,0,24117,0,0,0,23732,0,22571,0,0,0,0,26373,-24113,0,0,-27916,0,0,0,-30190,36677,0,0,0,0,-28135,0,0,0,0
84657670,Team0,1,-22189,-22109,0,0,32834,0,0,-23078,0,0,-19363,0,0,0,0,-25056,0,0,0,-24996,0,0,0,31270,0,0,0,0,33136,0,0,0,0,30719,0,32280,0,32833
84657755,Team0,0,0,0,0,0,24786,0,0,24315,-21904,0,0,0,-29353,0,0,0,0,0,0,24659,0,0,24854,0,25883,0,0,-21336,-27730,0,0,-25369,0,28235,0,0,-25184,0
84657797,Team1,-1,-37562,-34090,0,0,0,0,0,0,0,0,0,-26554,29716,0,0,0,0,0,0,0,22421,0,0,-26939,23157,0,0,-26030,0,0,0,0,-31576,28364,0,0,22074,23053
84657848,Team0,1,0,-31752,0,-21831,0,35157,28181,0,-18902,0,-21845,-20374,0,0,0,-21525,0,0,0,26203,26770,0,0,0,0,0,0,0,0,0,0,0,39891,0,0,36169,0,0
84658032,Team1,-1,0,24396,0,0,21570,0,0,0,0,26162,27775,0,-31188,0,0,0,0,-28734,0,0,21943,0,0,21813,-39613,0,0,0,0,0,0,0,-28862,-33431,0,0,0,-28683
84658126,Team1,1,0,30869,0,-21086,28524,0,0,0,0,0,-20772,0,-19508,0,0,0,0,-19023,0,27583,0,0,0,0,0,0,0,28672,35460,-30037,26281,0,0,-26358,0,0,0,0
84658173,Team0,-1,0,24313,0,24224,0,0,0,0,0,0,0,0,0,32683,-23916,0,0,0,0,0,0,0,-26725,0,-25017,-26334,0,0,0,-26663,-28100,0,27283,24385,0,23530,0,0
84658204,Team0,1,0,0,0,-27399,0,30185,0,0,26248,0,0,0,0,0,0,0,26657,-27395,0,26377,-13537,-26908,0,0,0,0,31234,-21250,-22587,0,0,25981,0,0,0,0,0,0
84281126,Team1,-1,0,31919,0,0,0,0,0,0,0,0,0,0,-27533,-35042,26520,0,23697,23568,0,25844,23760,-30605,0,0,0,0,-27033,0,-29949,0,0,0,0,0,0,0,-27613,0
84281138,Team1,1,0,0,0,0,20197,0,21342,-28237,0,0,27645,0,0,0,-24828,22347,-28070,-27852,0,0,0,0,-34004,0,0,0,24443,20594,0,0,0,0,-24614,0,0,0,0,0
84281178,Team0,0,-25116,0,0,26898,0,-24260,0,0,34327,0,0,0,-23245,0,0,28056,-35816,0,0,0,-24922,0,0,0,0,0,0,25035,0,0,0,25387,0,0,0,-30757,0,29139
84281184,Team1,1,0,-27584,0,0,-29048,0,0,0,0,0,0,24083,0,0,0,0,0,0,30510,25901,-25368,30067,-25401,0,0,0,28006,0,0,0,0,0,0,-27115,0,0,-25007,27755
84281249,Team1,-1,0,0,0,0,-29674,28409,0,-30050,0,22451,-33028,0,0,0,21903,0,20134,-31181,0,24665,0,0,0,0,-39532,0,0,0,0,0,0,0,0,0,0,26391,-30015,0
84281277,Team0,0,0,25851,0,-27076,0,28022,0,0,0,0,-33443,23347,32660,0,23252,-24113,0,0,0,0,-22773,0,-28348,0,0,0,0,-24017,0,0,0,0,0,0,0,24126,0,0
84281352,Team1,-1,0,0,0,0,0,0,0,-31862,0,-31457,0,0,-31967,0,0,0,0,0,0,0,0,0,0,0,0,0,0,0,0,0,0,0,0,-35913,0,0,0,0
84035989,Team1,0,-33542,0,0,0,0,0,0,0,-24408,0,-32383,0,0,0,0,0,24379,0,26993,-26958,0,0,0,0,0,0,28559,0,0,0,0,-23819,0,27272,24763,25474,-28902,0
84035995,Team0,1,-25980,25447,0,37078,0,0,0,0,0,0,0,0,-25432,0,26940,-24126,0,0,0,0,0,25614,0,0,0,0,-25669,-27167,-26566,0,0,0,26810,25744,0,0,0,0
84036036,Team1,-1,0,0,23892,-28704,25712,0,0,0,0,0,0,0,-29967,0,0,0,24510,0,0,0,-32630,-27907,-26857,0,31349,23852,0,24624,0,0,0,0,0,0,-33426,0,0,0
84036037,Team0,0,0,30560,-29160,0,0,0,0,0,-27857,0,0,27765,-25677,0,0,27568,25423,0,0,-26639,0,0,0,0,26875,0,-25135,0,0,0,0,0,0,28465,0,0,-20311,0
84036057,Team1,0,0,-28205,0,0,-26925,0,0,21136,0,21332,0,0,0,0,-23602,0,-25564,0,0,0,0,0,0,23585,0,22150,0,0,0,29142,-25095,0,0,-34769,0,0,0,21921
84036113,Team0,-1,24902,-33113,-26260,29070,0,0,-28131,0,0,0,-29480,24157,24945,0,0,-29392,-26105,27042,0,0,0,0,0,0,0,0,0,0,0,0,0,0,0,0,29157,0,0,0
84036154,Team0,1,0,0,31925,0,0,0,28704,0,0,0,0,0,0,0,0,0,-27002,0,0,27624,-23301,0,-22841,0,0,-24656,0,0,-25935,0,28225,0,29805,0,-27449,0,27529,0
84036209,Team0,0,24872,0,0,0,0,0,0,0,0,0,0,0,24221,27881,23959,0,0,0,25737,0,-27176,23095,0,-22438,0,-29629,0,-23402,0,-29455,0,0,0,0,0,0,-24801,0
84847675,Team0,1,-28034,0,0,0,0,-27564,0,0,-22768,0,0,34860,-24092,-22840,24569,0,31386,31603,25254,0,0,0,0,0,0,0,0,0,28234,0,0,0,0,0,0,0,0,-22512
84847743,Team1,1,0,0,0,-26616,-30550,0,0,0,24663,-27919,-26959,0,0,0,0,0,0,0,30117,0,-26446,0,-26794,0,0,0,24845,24043,0,0,0,0,27474,22832,0,0,0,0
84847811,Team0,1,24282,30843,0,32201,23148,0,0,0,0,0,0,0,0,0,-24935,0,-22402,0,-24240,0,-22177,24169,0,0,0,0,0,0,-36461,0,-25856,21868,0,0,0,0,0,0
84847818,Team0,0,0,0,0,25775,28339,-27369,-28490,0,0,0,0,0,0,0,23545,0,0,0,0,0,-22203,-23560,0,24936,28711,0,0,0,-23914,-25784,0,26777,0,0,0,0,0,0
84847920,Team0,1,0,0,0,0,0,31087,0,-29255,0,0,0,0,0,-21278,0,24294,0,0,0,0,-21993,0,0,-28764,0,0,24750,26808,0,28773,0,0,-24485,-30739,0,29699,0,0
84847922,Team1,-1,0,0,0,0,0,0,0,-31912,0,0,0,0,0,0,20714,21968,0,0,0,-24726,0,0,27468,0,-28358,-25715,0,-26524,30755,21304,0,0,-27130,0,0,20715,0,0
84847929,Team0,1,0,-20700,-18885,0,0,0,-21492,28049,0,0,0,29069,0,0,0,0,0,25915,0,31058,0,0,0,-24122,29547,0,0,0,0,0,0,0,-20295,0,-17954,0,0,30971
84847951,Team0,-1,0,0,0,0,20749,0,0,0,0,0,0,0,0,-27455,0,0,20737,0,-32611,-27158,-25538,0,25151,0,-28785,0,0,26113,26709,0,0,21316,0,0,0,-28876,0,0
84311853,Team0,0,25858,0,0,-27849,0,0,-26623,-27993,0,29046,0,25395,0,26479,0,0,0,0,0,-35029,-25062,0,0,0,0,0,0,0,0,27837,0,0,0,26739,-24277,0,0,0
84311855,Team0,1,-22532,0,0,25833,-22462,0,0,24333,0,-23634,-29263,0,-31346,0,0,0,30727,25008,0,0,-24063,0,0,0,0,24723,0,0,0,0,0,0,0,0,0,0,0,31200
84311856,Team1,0,-32795,0,0,0,0,0,0,0,-26389,23258,0,-22522,0,-23801,0,0,24819,0,0,-24008,25600,0,29890,0,-30379,23357,0,0,25473,0,0,0,0,0,0,0,0,0
84311858,Team1,0,-25299,0,0,0,0,0,0,30929,0,0,26073,0,0,-23737,-24011,29340,25288,0,0,-25708,0,0,0,0,0,-24130,0,5574,0,0,0,0,-24412,25419,0,0,0,0
84311880,Team1,-1,-29899,-28468,0,0,-32126,30864,0,22739,0,0,30963,0,-34163,-31080,0,0,0,0,0,0,0,0,28851,0,19229,26438,0,0,0,0,0,0,0,0,0,-33201,0,0
84311897,Team1,-1,0,0,0,0,19459,34196,0,-28661,0,-29054,-24374,0,0,21561,0,0,0,21968,0,24546,0,0,0,-31013,0,0,0,0,0,0,24681,0,-28547,-29576,0,0,0,0
84311925,Team1,1,0,26951,0,25055,-29303,0,0,0,0,0,0,26997,23511,0,-27079,27552,0,0,0,0,0,0,0,0,24349,0,0,-39383,-28780,0,0,0,-28579,0,0,-27729,0,0
84311926,Team0,1,32466,0,0,0,0,-26225,0,25975,29985,0,0,0,25108,0,23818,-22395,0,0,0,38204,0,-21847,-29249,0,0,0,0,-23227,0,0,0,0,0,0,0,0,0,-27021
84311932,Team0,1,0,31606,-24700,0,27480,0,0,-26557,0,0,0,0,0,0,-25707,0,0,0,-22840,27942,0,0,0,0,29123,0,0,0,0,0,23022,0,-23971,24649,0,0,-24042,0
84311945,Team0,0,0,-28113,0,0,-24807,0,0,23742,0,0,0,0,-24511,0,0,0,0,0,0,23687,23971,28264,-32274,0,0,0,0,0,22546,0,0,0,-23107,0,0,-10774,24509,0
84311946,Team0,1,0,-27755,23813,0,26962,0,0,0,28341,0,25998,0,0,0,-24720,0,0,-33886,0,-24487,-24553,0,0,0,0,0,0,0,0,26627,0,25132,-20136,0,0,0,0,0
84311989,Team0,1,0,29953,0,0,0,0,0,0,-21425,29977,-23374,0,-19548,0,0,0,-18744,0,0,0,0,0,0,0,0,0,28696,0,-24850,0,0,-19130,29208,29975,31219,0,0,0
84907082,Team1,1,-26700,26979,0,0,0,0,0,0,0,0,-26176,0,27314,0,0,20557,0,0,0,-27443,0,-24484,0,0,0,0,28489,0,0,0,0,0,0,-32069,0,0,21891,0
84907100,Team1,-1,30582,-22874,18599,0,0,0,0,-26149,0,0,-25678,0,21003,0,-22879,0,0,23227,0,27041,0,-22644,0,0,0,0,0,0,-32680,0,0,0,0,0,0,0,23201,0
84907107,Team1,0,0,27422,0,0,-26557,0,0,0,0,0,-36296,0,0,-24591,0,28302,-24284,0,0,23911,0,0,22243,0,0,25602,0,23881,0,0,-23162,0,0,-25190,0,0,0,0
84907119,Team1,-1,23267,0,0,-25928,0,-31777,0,0,-27253,0,23860,0,24870,0,-26103,0,24695,24090,0,-27663,-26611,0,0,0,0,0,0,0,0,0,0,0,0,28739,0,0,0,0
84907227,Team0,1,0,41119,0,0,0,-17759,0,29157,0,0,0,0,0,36092,0,0,28711,33459,0,-17925,0,-14770,-19284,0,0,0,0,0,30361,-18594,0,0,0,-24134,0,0,0,0
84907231,Team1,-1,-34862,0,0,0,0,0,23791,0,0,0,-31271,0,22855,0,-27736,-26898,21919,-27760,-28610,0,0,0,25859,0,0,0,0,0,29823,0,0,0,0,33378,0,0,0,0
84907237,Team1,0,-16490,0,0,-11950,0,0,7634,0,0,0,6277,-11940,0,0,0,0,-13602,-12252,9145,8781,0,0,0,0,0,-11949,0,0,0,0,0,0,0,4585,0,0,7642,0
84907249,Team1,0,0,0,0,0,26450,32578,-25308,0,0,-22510,0,-26473,0,0,25191,0,0,26077,0,0,0,0,0,0,0,0,-27386,0,-26635,0,0,0,-27724,0,0,0,24674,26993
84907250,Team0,1,0,38282,0,0,0,0,0,-27225,-27767,0,-22551,0,33083,0,0,0,-21234,0,32685,31475,-24073,0,0,0,0,0,0,0,-36202,0,0,0,0,0,0,29333,0,28463
84907311,Team0,1,-23882,0,0,0,0,0,0,0,0,0,-30018,0,0,0,-19718,-21989,0,-24580,0,-20363,23957,25375,36976,34784,0,0,26719,0,0,25466,0,0,0,0,0,0,0,0
84907344,Team1,-1,0,0,0,0,0,-26919,0,0,-25173,0,25971,-26834,0,0,0,20917,-27560,22587,0,-30666,0,0,0,0,0,0,25577,0,0,0,0,0,0,-29196,22365,0,22966,0
84758331,Team0,1,-23149,0,27586,0,-23463,0,0,0,0,0,0,0,-21861,0,27155,29167,0,0,0,0,0,0,0,0,0,0,0,-22038,23728,0,0,0,27051,25190,0,0,0,0
84758358,Team0,1,0,-31356,0,0,0,0,0,0,0,0,0,0,0,0,0,-23012,-23623,0,0,24965,0,27302,-26512,0,0,0,28178,0,35061,0,24105,0,25127,-23762,0,-21686,0,0
84758427,Team0,-1,0,0,0,-29345,-24416,0,0,0,31515,0,-25826,0,0,0,-24974,0,23186,-26902,0,0,24967,0,0,0,21540,-33290,0,0,21449,0,0,0,0,0,0,27100,0,0
84758429,Team1,0,-25349,0,32162,0,0,0,19050,0,0,0,-31010,0,0,0,0,-25112,27038,0,0,27216,-27070,0,0,0,0,0,0,0,33342,0,18594,0,0,0,0,-27141,0,-26421
84758433,Team0,0,-29257,0,23965,0,0,0,-23081,23518,0,0,0,0,0,-24152,0,26470,23652,0,0,0,0,0,0,0,28237,-23723,29431,0,0,0,0,0,0,0,-22172,0,-24346,0
84758473,Team1,0,24406,-30385,0,-25546,0,0,0,30324,0,0,0,22775,0,0,0,-25154,0,0,0,23581,-27296,0,0,0,0,0,0,-27419,0,27548,0,0,0,-35282,0,19223,0,0
84758474,Team1,-1,0,-39158,-29779,0,-23609,31868,22510,0,0,0,0,0,-25244,0,25389,0,0,0,22461,-26062,0,-24764,0,0,0,0,0,0,0,0,0,0,23504,26893,0,0,0,0
84125951,Team1,1,-25833,0,26813,-26495,0,0,0,0,-30316,0,0,0,-29945,0,-27679,22379,0,0,26210,0,-26450,0,0,0,0,22370,0,25847,26297,0,0,0,0,0,0,0,0,0
84125952,Team0,0,0,26036,0,0,0,0,0,-27886,0,0,0,0,0,-27699,21248,0,0,0,0,26219,0,27295,-21974,0,0,0,0,-25851,-22821,25995,0,0,-25737,25510,0,0,0,0
84126011,Team1,-1,25280,0,-25355,0,-23324,0,0,0,0,0,0,0,0,0,28176,0,0,0,0,25155,0,0,-31572,0,0,0,0,0,-26085,0,25144,-29618,27425,25081,0,0,-26589,0
84126086,Team0,-1,-24567,-29137,0,0,27227,0,0,0,0,-23933,0,0,-25385,0,25696,0,0,0,27908,-23378,0,30632,-29363,0,29623,25936,0,0,0,0,0,0,0,0,0,0,0,0
84126102,Team0,1,0,0,0,-25844,0,0,0,27297,0,0,0,0,0,0,34656,0,-21689,-20685,0,25155,-22371,0,0,-26538,0,29814,0,28499,0,0,27444,0,0,0,0,-21273,0,0
84126121,Team0,0,0,0,0,0,0,0,-25695,0,27306,0,-25661,0,0,26422,0,0,0,-28476,-23636,-26219,29302,0,0,0,0,0,29376,0,0,27448,0,0,0,29878,0,0,0,-27391
84789158,Team1,0,0,-28679,0,0,-27607,-28511,0,0,22341,-31557,0,0,-26166,25407,21901,0,0,21086,0,0,26924,0,0,0,0,0,0,-28297,0,0,0,0,21998,0,0,0,0,0
84789171,Team0,-1,0,0,0,0,0,0,0,0,0,-24671,-22934,27478,0,-25095,0,-26481,0,23913,0,23170,0,0,0,0,0,0,-24868,26954,-26233,25652,0,0,0,27514,0,0,0,0
84789192,Team0,-1,0,-26372,0,0,0,0,0,0,0,0,30472,-25957,0,0,0,0,-28839,0,0,-26449,0,30214,0,0,29537,0,0,0,27532,0,0,0,31857,-30351,24809,-24921,0,0
84789201,Team1,0,0,0,0,0,24595,27879,-24951,27665,28021,0,0,0,0,0,0,0,0,0,-26828,-25228,-25566,0,24717,0,0,0,0,30451,-31808,0,0,0,0,0,0,-25975,0,0
84789245,Team1,-1,22122,0,0,0,-28527,0,24640,-29145,0,0,27573,0,0,0,-28539,24997,0,0,0,0,23570,0,0,0,0,0,0,22187,0,0,0,0,0,-28589,0,0,-25179,-28453
84789249,Team0,-1,-30055,0,0,0,0,0,0,0,0,0,36433,0,0,0,0,0,27078,-24121,0,0,-22330,29920,0,0,0,0,0,-21423,28201,0,0,0,-26822,27316,0,-29159,0,30566
84789253,Team1,0,0,-29729,0,0,0,0,-23195,-24901,0,0,0,0,0,0,-22486,32715,-26872,0,0,0,0,0,0,0,0,25207,0,23215,28670,21540,0,0,0,0,0,22361,-21690,0
84789308,Team1,-1,0,0,26197,0,20609,-39702,21321,0,0,-28611,0,0,-29181,-31985,0,0,0,0,0,25820,23403,0,0,0,0,0,20473,-30685,-29575,0,0,0,0,0,0,0,0,0
84789341,Team1,0,0,31598,23351,0,0,0,0,0,0,0,0,0,0,0,0,0,0,-26577,-32706,24611,0,27902,31779,0,0,0,0,-30140,0,0,0,25479,0,-25329,-34537,0,0,-26500
84003317,Team0,0,0,0,0,0,0,0,-23932,0,0,0,0,0,-27886,0,28012,26441,0,24368,-30201,-24835,-22672,0,-29355,0,0,0,31250,0,0,25237,0,0,0,26260,0,0,0,0
84003367,Team0,0,0,31634,0,-24243,0,0,0,0,23786,0,0,0,0,22001,0,0,-18329,26101,-29340,0,-24373,0,0,0,0,-21374,0,0,0,22280,-21013,0,0,0,0,23119,0,0
84003403,Team0,1,0,0,0,-28178,0,0,27208,25803,0,0,0,0,0,0,-25102,-22847,26979,0,0,0,35009,0,0,0,0,0,-29798,25505,0,0,-21711,0,-29457,0,36030,0,0,0
84003419,Team1,-1,21834,0,0,-27320,0,0,0,0,-25190,0,0,0,-28018,0,0,0,0,0,0,27265,20476,0,25316,0,0,0,-27298,0,0,0,23808,0,19323,0,-30299,0,0,-31110
84003443,Team1,-1,-33935,0,0,0,0,0,0,0,0,0,-26754,0,-23202,-26665,0,0,26244,0,0,-28249,18370,-23564,0,0,24727,0,0,0,0,0,0,0,0,0,0,23227,25494,28037
84003500,Team0,1,0,0,0,0,29295,0,0,-24981,28036,0,27621,32546,0,0,0,0,0,-23495,0,29167,-25269,0,0,-22729,36329,0,0,0,0,-25095,0,0,0,0,0,0,0,-24283
84003505,Team0,0,0,0,27222,-29338,0,0,0,0,0,-21822,-25725,0,23615,0,0,-21822,0,0,30281,0,0,0,0,0,25852,0,29707,0,0,25631,0,0,0,-23524,0,0,0,-26352
84003507,Team1,-1,0,0,0,0,24893,0,-30530,23006,0,0,0,0,21653,0,0,0,0,0,-29012,-30634,25397,-28860,-32304,0,25549,0,0,29258,0,0,0,0,0,0,0,0,0,-29951
84003508,Team1,-1,0,0,21533,26649,0,0,0,0,0,0,0,0,22018,0,-28047,22128,-23448,0,-25853,-24538,0,0,-28984,0,0,0,36688,21929,0,0,-20231,0,0,0,0,0,0,0
84003545,Team1,1,0,0,0,0,22715,0,0,28028,24058,-22220,27954,-27098,0,23151,0,0,-24638,0,-33050,0,0,0,-30330,0,0,0,-23493,0,0,0,0,0,0,0,0,0,0,25903
84003558,Team0,0,26696,0,0,0,0,0,0,0,29948,0,31891,0,-24954,0,0,0,23492,0,-25553,-26692,0,0,0,0,0,29645,0,-24454,0,0,-25683,0,0,0,-29729,0,0,25764
84003565,Team0,0,0,0,-30265,0,0,0,0,-20244,-22865,0,0,0,22393,0,24566,-21582,24455,25262,0,-32396,0,0,0,0,0,0,24029,0,0,25946,0,0,0,0,0,0,-21839,0
84725729,Team0,0,21945,-26691,25531,0,-27108,0,0,0,0,-27406,-27460,0,0,0,24441,0,23151,0,0,0,-25098,0,0,-25875,0,0,0,0,0,28808,0,22258,0,0,0,0,0,0
84725730,Team0,1,0,28332,-19890,0,-23013,0,0,-18352,29978,0,37183,0,27567,0,0,0,0,26800,-30687,-19761,0,0,0,0,0,0,27837,0,0,0,0,-24536,0,0,0,0,0,0
84725733,Team1,0,0,0,0,0,-28062,27162,0,0,0,20864,-28526,0,-28687,0,0,0,0,0,0,20758,23685,-28743,0,23836,0,0,0,24858,-26572,0,0,0,0,-29605,0,0,0,0
84725774,Team1,0,0,32799,0,0,23304,24927,22694,0,-23377,0,0,0,23758,0,0,0,-24408,0,0,25450,-26157,0,0,0,-22525,0,0,0,0,0,0,0,0,-31018,0,0,0,-20950
84725844,Team1,0,32065,0,0,21633,0,0,0,0,0,23666,0,0,0,-30271,0,-29692,0,0,0,0,22128,0,0,25543,0,0,-27785,-33501,0,0,0,28110,0,0,0,-27608,-27666,0
84725859,Team1,0,0,0,-24488,0,-21871,0,0,0,-22589,0,36683,0,0,0,0,26189,23106,24846,0,-23485,22716,0,0,0,0,0,23795,0,-28699,0,0,0,0,-22256,0,0,0,0
84725869,Team0,0,23024,31668,0,0,0,0,0,0,0,0,0,0,0,0,0,0,-24852,0,-26143,23545,0,0,0,-28733,0,24861,0,23846,0,0,-27249,0,30258,-26092,0,0,0,-27684
84725889,Team0,1,0,0,0,0,0,41344,0,-28887,0,0,0,0,-26139,0,0,0,25524,-23035,0,-25937,24540,0,0,0,-22712,0,0,0,0,25641,0,0,0,24889,0,24537,-28834,0
84725957,Team1,1,0,-28547,0,0,26848,0,0,0,0,0,25113,-28373,25292,0,-24067,-27251,0,-23782,25114,0,33460,0,0,0,0,0,0,0,0,-32993,0,0,0,0,0,29116,0,0
84367157,Team0,0,0,32305,0,0,0,0,-20388,0,0,0,0,-24349,31553,0,0,0,24362,-23326,0,-21851,0,0,0,0,0,0,0,0,29532,-31470,0,0,0,-38455,0,24647,0,28479
84367852,Team1,0,0,0,0,0,-22986,0,0,0,0,0,26106,0,22674,0,0,-24145,0,0,-24368,22733,-23866,0,-36927,0,-28743,0,0,0,27076,0,26557,0,22291,0,0,0,0,0
84368366,Team0,0,0,35465,0,0,0,0,0,28870,0,26138,0,0,0,0,-27439,0,23944,0,-23797,-27137,0,-29973,-21799,0,0,0,0,0,0,0,0,0,0,24903,0,0,-29821,25416
84368516,Team0,0,9816,0,-4913,0,0,0,0,0,-2941,0,0,0,-1346,0,0,0,0,10000,9197,0,0,0,0,-2830,0,7891,-3174,0,0,0,0,0,-2836,0,0,0,8478,7726
84466847,Team0,-1,-23742,34403,0,0,0,-27245,0,0,-24662,0,0,-23553,0,-23065,0,0,0,0,0,25792,26162,0,27628,28472,0,0,0,0,0,-30605,0,0,0,0,0,0,24774,0
84466964,Team1,-1,0,0,0,28849,-27019,33539,0,26892,0,0,-30316,-34270,0,0,0,0,0,0,-29931,-28786,0,0,29004,0,0,0,0,0,0,0,0,0,25756,23634,0,-25821,0,0
84466977,Team0,1,0,0,0,0,0,-24466,0,30828,0,-21860,0,0,0,0,-22081,0,29814,0,28652,0,0,0,0,0,0,0,30093,0,-29364,0,0,0,-22319,0,0,25884,25408,-26576
84466999,Team1,1,-36383,28488,0,0,0,0,0,0,0,0,0,0,0,0,28279,0,25205,-23726,0,24593,-24557,0,-23482,0,0,0,0,0,0,-29638,0,23692,0,-25888,0,0,28901,0
84467068,Team0,1,0,0,0,0,29912,0,0,0,-22297,0,-29147,0,0,0,0,0,-14650,0,0,-29903,0,0,-29376,0,0,28625,0,29304,29606,0,0,0,33802,-23471,0,39263,0,0
84467082,Team1,0,0,-27880,0,0,0,0,0,25379,20257,-29227,0,0,0,0,0,0,0,0,23293,29560,0,0,27589,22545,0,0,-28105,0,0,0,0,0,-29907,-25259,-24165,0,0,0
84467084,Team1,-1,31812,29057,-25457,0,0,0,25938,0,0,0,24405,21041,-26230,0,21761,0,0,0,-37996,-24151,0,0,0,-31352,0,0,0,0,0,0,0,0,0,-28525,0,0,0,0
84467109,Team1,-1,23253,0,0,0,-28290,27049,0,0,-27913,0,0,0,-25960,0,0,0,25606,0,0,28212,-27855,0,0,0,0,0,-27298,-25719,0,0,0,0,0,27049,0,23587,0,0
84467134,Team1,0,0,0,0,0,0,0,0,0,24988,0,0,0,0,0,25728,0,0,-24359,29918,23325,-27137,0,0,0,0,0,-32891,-23969,0,0,0,0,-27581,33044,0,0,-25560,28936
84467140,Team0,0,30346,0,0,0,0,-30579,0,34064,24719,0,0,0,0,0,0,25873,0,0,-26741,0,-23162,0,0,0,0,0,0,0,31163,0,-23466,0,0,-29249,-30213,26292,0,0
84218053,Team0,1,0,0,0,32737,-20159,0,0,-19698,32694,0,-27813,33939,-19516,0,0,29390,0,-19288,0,0,0,0,35197,0,0,0,29050,0,-31013,0,0,0,0,0,0,0,0,0
84218067,Team0,0,0,0,0,0,-25151,0,26747,0,0,0,32701,0,-23367,0,0,0,0,0,0,0,22508,27124,-23760,0,-29257,0,0,0,-26656,30656,0,0,0,0,0,-24671,0,23787
84218079,Team0,0,0,0,0,0,24537,-38359,0,-26630,0,0,-32428,0,24964,-28705,0,0,0,22442,0,-24831,0,0,0,0,26743,0,0,0,0,0,-27613,0,0,27004,0,0,0,25607
84218081,Team1,-1,0,-35468,-36385,0,0,0,0,0,22462,0,16917,0,0,0,17806,0,0,24395,-37377,0,17732,0,0,0,0,0,25157,0,0,0,0,0,-36569,0,-35245,-34971,0,0
84218124,Team0,1,-30734,0,0,0,0,-23359,0,25909,23978,-24628,31729,0,0,0,0,-23964,23641,0,25875,0,0,0,26538,0,0,0,-22047,-25093,0,0,0,0,0,0,0,0,0,0
84218146,Team0,1,0,-31661,0,0,25872,0,0,38881,0,-24543,0,0,-21574,0,26117,0,0,0,0,-23563,0,0,0,0,27126,0,0,27690,-22256,0,0,0,29891,-22735,0,0,0,0
84218267,Team1,-1,0,0,0,-26577,0,0,22860,0,0,0,0,0,0,-27992,0,0,0,-27145,0,0,25781,0,0,0,24633,0,0,16352,0,0,0,0,20621,0,0,0,0,0
84876492,Team0,1,0,0,0,0,0,-28820,0,0,0,0,0,-27685,-23892,0,0,0,0,0,0,0,25623,0,0,0,27481,0,0,0,0,0,38039,0,0,0,0,0,-24839,0
84876594,Team1,0,0,-30720,20003,0,0,24670,0,0,0,-23500,-24317,0,22652,-32301,0,29871,0,0,0,22652,-21997,0,0,0,0,0,0,0,0,0,0,0,0,26268,0,0,0,-29260
84876963,Team1,-1,0,0,0,0,0,0,0,0,0,0,0,0,-24553,0,0,0,0,-26560,-33067,-25039,26914,0,0,0,0,0,27572,0,25063,0,0,0,26730,-33548,0,24212,32139,-25322
84877048,Team1,-1,0,-36336,0,0,22045,0,-32130,0,0,0,0,0,-27774,-27989,0,0,-32455,0,0,0,-28100,0,32377,0,0,0,0,0,21722,0,0,0,22241,24188,0,19317,0,0
84877096,Team0,0,-25243,20237,0,30243,0,0,0,19079,-21562,21841,26722,-25885,0,0,0,22412,0,-20549,0,0,-25676,0,0,0,0,0,0,0,0,-26889,0,0,0,0,0,0,0,0
84877314,Team1,-1,0,0,0,-24665,-21043,-25592,0,-25893,0,0,24742,0,0,0,30265,0,26010,0,0,0,0,-25896,-29560,0,0,0,0,0,24207,0,27455,0,23397,0,0,0,0,0
84250815,Team1,0,27644,0,0,-26779,0,0,0,25118,0,0,0,0,-25911,-28370,0,0,0,0,-25497,0,-22186,0,0,0,0,0,0,0,0,0,0,0,0,25495,28846,-27746,24199,26442
84250874,Team1,0,-22978,0,0,0,0,0,0,25924,0,0,-25609,0,0,-25021,-27120,-25009,0,0,-26973,23848,32257,0,0,26266,0,0,0,26882,28124,0,0,0,0,0,0,0,0,0
84250877,Team0,0,0,30459,0,0,-26606,0,0,0,0,0,27780,0,25822,0,0,0,0,0,-33644,0,24173,0,35523,0,0,-25974,0,-31947,-32870,0,22801,0,0,0,0,-25466,0,0
84250903,Team0,1,0,0,0,-17834,0,-29555,0,0,24806,0,0,0,0,0,-19366,0,0,0,0,26903,32531,0,0,0,0,0,-19059,25525,0,0,-19181,24408,0,-29293,0,0,24623,0
84250962,Team0,1,0,30327,0,42240,30586,-24350,0,0,0,0,-25675,0,32854,-21268,0,-28669,0,-24326,0,0,0,0,29048,0,0,0,0,0,-24350,0,0,0,0,0,0,34298,0,0
84250990,Team0,1,0,0,0,0,0,22511,23387,0,0,0,-36239,23844,20898,0,0,-3299,0,-5781,0,-31727,-5843,0,0,0,0,0,0,0,0,0,0,0,21026,-29152,0,0,0,21072
84250996,Team0,1,0,0,0,-27680,34382,-24920,0,0,0,25595,31970,-24623,0,0,22664,0,-21872,42379,0,0,0,0,0,0,0,20998,0,-24905,0,0,0,-23134,0,0,0,0,0,0
84251011,Team1,-1,0,-27435,0,32432,0,0,0,-25910,0,0,-31073,-27864,0,0,19915,0,25812,0,0,0,19389,-30169,0,0,-30207,0,0,0,22204,0,0,0,0,0,0,28616,0,0
84565629,Team1,1,0,0,0,0,-27367,0,0,0,0,0,0,0,0,0,0,0,0,0,0,0,0,0,0,0,0,0,27545,0,0,0,0,0,0,0,0,0,0,0
84565656,Team0,1,0,0,0,0,-17264,-30727,0,-17140,0,26902,0,28270,0,0,0,0,0,0,33675,34903,0,0,0,0,33039,0,0,0,31510,-18125,0,0,0,0,0,-16221,0,-22554
84565666,Team1,-1,23624,-31946,0,-26996,0,0,-26280,-31042,0,22878,27972,0,0,0,0,0,0,0,0,-27275,-28322,0,0,24070,0,0,0,0,0,0,0,19940,22880,0,0,0,0,0
84565783,Team1,1,-22013,0,0,0,-22350,0,0,0,0,0,31055,0,22463,-27526,0,0,0,-23734,0,24845,26979,0,0,0,0,-21904,0,0,-24578,0,23384,0,26106,0,0,0,0,0
84565809,Team1,1,0,29815,-26939,0,0,-25759,-32093,0,0,0,0,0,0,0,0,0,0,0,0,-23917,-23780,25649,0,0,0,25434,0,0,27600,29945,0,0,-29463,0,25952,0,0,0
84565921,Team0,0,25958,0,0,0,26850,-25542,-17729,28356,0,0,0,0,0,0,-18239,-17406,-19442,0,0,25953,-11580,0,0,0,31148,0,0,0,0,0,0,26180,0,0,0,0,0,0
84566080,Team0,1,23866,0,0,0,-25179,26021,0,22527,0,22456,0,0,0,0,-29277,0,-23440,0,0,30056,0,0,0,0,0,0,0,0,-24560,0,0,0,0,-22117,0,-23677,0,20201
84566102,Team1,0,0,0,25084,0,0,0,0,-24600,0,0,0,0,0,0,-28254,0,0,27888,0,29576,0,0,32042,-26319,26111,0,0,-24092,-30547,0,0,0,-22173,27931,0,0,0,0
84566136,Team0,1,0,0,0,0,0,0,0,23932,27267,0,0,0,0,0,0,0,26767,0,0,0,0,0,0,0,0,0,0,0,0,0,0,0,0,0,-22454,-22192,0,0
84340656,Team1,-1,0,-24119,0,0,28688,30471,-24109,0,0,0,0,27106,-29813,0,30087,0,0,0,0,-21939,0,0,27827,0,0,0,-23198,26619,-26961,0,0,0,0,0,0,0,0,0
84340667,Team0,1,0,0,0,0,0,0,34119,28920,0,0,0,0,0,0,0,0,30882,0,0,-23222,0,0,-25367,0,0,0,28440,0,-27163,0,0,0,29114,29301,-22966,-23749,0,-27422
84972988,Team0,0,0,36607,-20683,-24680,0,0,0,0,-21144,25985,-29002,0,25750,0,0,0,25911,0,0,0,-21053,0,0,0,0,0,0,27453,0,0,0,0,0,26853,0,-27357,0,0
84972996,Team0,1,-27692,0,28516,0,36280,0,0,25017,0,0,24242,0,-30209,0,0,30151,0,0,0,-29856,-30362,0,-27129,-26848,0,0,0,0,0,0,0,0,0,0,0,0,0,32730
84973026,Team1,-1,0,26088,26907,0,0,0,21475,0,-27230,0,0,-27309,0,0,0,24110,22171,0,0,0,24807,0,0,0,0,0,0,-28196,-33564,0,0,0,-26820,-31691,0,0,0,0
84973083,Team1,0,28514,0,0,0,0,0,0,25676,-24721,0,21875,-25770,0,0,-23253,0,0,27230,0,-24942,0,0,0,0,0,0,0,0,-32645,0,0,0,-24705,21057,0,0,0,23534
84973085,Team0,1,0,0,0,0,0,-27577,-23499,0,0,0,29805,0,-23037,0,0,0,28344,0,0,-23054,0,0,0,-27006,0,31382,0,27331,0,0,0,29031,28921,0,0,0,-21702,0
84973113,Team1,-1,-28331,27728,0,0,0,0,-26032,-25581,0,26599,0,0,28170,27255,28725,0,-28163,0,0,0,0,0,0,0,0,0,25860,0,-31723,0,0,0,0,-30816,0,0,0,0
84973142,Team0,1,0,26352,0,0,0,0,0,0,-22227,26466,0,0,25854,0,-27494,0,0,0,0,25437,-21189,0,0,0,-29906,0,0,28635,35941,-22384,0,0,0,0,-20331,0,0,0
84973213,Team0,1,0,32891,0,0,-17792,0,0,-18886,0,-19038,-18383,0,29141,0,0,28241,25566,0,0,0,-18589,0,0,0,-20155,0,27641,0,0,0,0,0,0,0,0,26596,0,0
84973267,Team0,1,0,30945,0,0,23536,44135,0,29889,0,0,-27326,0,-25605,0,0,0,0,0,0,0,-22417,0,0,0,0,0,0,0,-31349,-31800,0,0,0,-27507,32528,0,0,29924
84973269,Team1,-1,0,-49200,0,27875,-28027,0,0,0,0,0,-27954,22402,0,0,0,0,21392,18160,0,-30879,0,0,0,0,31531,0,0,0,0,0,-27870,0,0,21608,0,0,-26834,0
84973274,Team0,0,0,0,0,0,27364,0,24766,28618,0,0,30923,-23446,0,0,0,0,29842,0,0,0,24129,0,-28247,0,0,0,0,0,-28473,0,0,0,-22942,-24700,0,0,-20672,0
84973285,Team0,0,0,0,0,35363,24632,0,0,0,0,0,20723,29071,-23722,0,0,0,31448,0,0,-25096,0,0,0,0,0,-25953,0,-24030,0,0,24637,0,0,0,0,0,-27607,-28240
84973306,Team1,-1,0,19186,0,0,0,-37780,0,0,0,0,16456,0,-34157,0,17127,0,-31102,-27772,0,-29381,16172,0,0,0,27111,0,0,0,0,0,0,0,0,-28718,0,16380,0,0
84973311,Team0,1,0,0,0,0,0,-28328,0,0,-22805,0,32830,0,0,0,-25176,0,-21371,33747,0,-25661,0,0,40150,0,0,0,0,0,0,29549,0,30055,29591,-21824,0,0,0,0
84973314,Team1,-1,-26164,-29187,0,0,-29067,0,-24382,-32346,0,0,26018,0,0,0,25392,25621,27545,25684,0,0,0,0,0,-24384,0,0,0,0,0,0,0,0,0,26938,0,0,0,0
84973315,Team1,-1,0,32455,0,0,22533,0,-26889,0,0,0,0,0,0,0,0,0,-28309,0,0,22927,-29841,23691,29884,0,0,23151,-27871,0,0,0,0,0,-35228,-27828,0,0,0,0
84973323,Team0,0,0,0,22915,-26145,0,0,0,25790,0,0,0,0,-24836,0,0,0,27860,23340,0,-24272,0,0,0,0,0,23976,0,-24043,-27808,26042,0,0,0,0,0,-24269,0,0
84534096,Team0,1,0,0,0,-23677,0,-28001,0,-28607,0,0,30209,32323,0,0,25732,0,0,27571,0,0,0,0,0,-24190,0,0,0,0,0,0,29143,-24844,0,0,0,-22631,0,36573
84534117,Team0,1,0,-29224,0,0,-26267,-29678,0,0,24727,0,0,32670,-26194,0,0,0,0,0,0,27323,24154,-28036,0,25541,0,0,0,-25393,0,0,0,0,0,0,0,0,26514,0
84534170,Team0,1,-17493,36592,0,0,29202,0,0,0,0,0,33420,0,-16454,0,-16031,0,29214,29016,0,0,-20169,0,0,0,0,0,0,-15641,0,-20446,0,29179,0,0,0,0,0,0
84534178,Team1,-1,25276,-32200,-27388,0,0,-30503,29081,26485,0,0,0,0,25222,0,-21970,0,0,0,0,-23739,0,0,0,0,0,0,0,0,26204,0,0,0,0,0,0,-24201,24560,0
84534253,Team0,1,0,0,0,0,30878,28532,0,0,-20207,0,-41899,0,0,0,0,0,28300,31532,0,0,-28427,0,0,0,0,0,28680,0,-19087,0,0,27607,-21104,0,0,0,0,-19480
84534308,Team1,-1,0,0,0,0,-31819,-41614,0,0,0,0,0,0,0,-28790,0,0,0,-34200,0,-30882,0,0,0,0,0,-31929,27588,0,0,27335,15873,0,17736,18804,0,0,0,19805
84534317,Team0,0,30665,0,-21568,0,-19526,0,0,0,0,0,0,26269,0,0,0,0,-20947,-23340,0,29068,0,0,-26974,0,0,-23857,0,0,38189,0,0,0,0,32902,0,0,31293,0
84534337,Team0,1,0,29913,-24868,0,0,0,0,0,0,-20867,0,0,32216,0,0,0,0,0,0,-21519,0,-22566,0,0,0,0,-33085,0,0,29975,0,0,0,29093,0,29809,28457,-31006
84534545,Team0,0,0,0,0,0,0,0,0,-21826,26045,-24844,24149,27664,0,0,23995,0,22592,0,0,-26835,0,0,0,0,0,0,-24140,0,0,-25243,0,0,22712,-24357,0,0,0,0
84534574,Team1,0,27692,-26044,0,0,-24567,-33357,0,0,0,0,27055,0,26167,0,0,0,0,32551,0,27415,0,0,0,0,0,0,0,-29054,0,0,0,0,-22271,0,0,-24479,0,26099
84534576,Team0,1,0,0,26241,0,0,26830,0,-24828,0,0,0,-23760,0,0,0,25823,23855,0,0,0,-19653,0,24904,0,0,0,0,0,0,-26157,26591,0,0,-24454,0,0,-21199,0
84097339,Team1,0,0,-27443,0,0,0,41446,0,0,0,0,24718,0,-28989,25166,27731,0,0,0,0,-29513,0,-32565,0,0,0,0,-27123,0,0,0,0,26848,0,0,0,0,-29870,26524
84097365,Team1,-1,0,0,0,0,26742,0,0,26815,0,0,0,-27121,-24763,0,-26116,0,0,-32417,0,0,0,0,24373,0,0,0,0,-25836,29241,-44058,0,0,0,26354,0,0,0,27221
84097385,Team0,-1,0,0,-28474,0,-29496,0,0,-22890,-19636,0,0,22826,25184,0,0,0,31473,0,0,-27947,0,0,0,0,0,0,28751,0,29497,0,0,0,0,-30776,0,27991,0,0
84097421,Team1,-1,15815,0,16542,0,-24427,-24429,0,15725,0,0,0,0,12038,0,0,0,-24216,0,16847,-31092,0,0,0,0,0,15113,-30098,0,0,0,0,0,0,0,0,-27684,0,0
84097466,Team1,-1,0,0,21102,0,22553,0,26831,0,0,0,0,0,-31174,0,0,0,-27446,0,0,0,-30325,0,-34864,0,0,0,27733,0,-33662,0,0,0,23674,24793,0,-30946,0,0
84433569,Team0,1,25354,0,0,28641,-14442,-19082,-12449,0,0,0,-12647,0,23891,32251,0,0,0,-16871,0,-18108,0,0,0,0,0,0,0,0,23313,0,21539,0,0,0,0,0,0,0
84433663,Team1,1,0,29764,0,0,27252,-33858,0,24354,0,-22366,0,0,0,0,25626,0,28644,0,0,-20934,-21746,0,0,0,0,0,0,-20927,0,0,0,0,0,29332,0,0,0,-24385
84184848,Team1,-1,22332,0,-32270,0,24510,19054,0,-30466,0,0,0,0,-30975,0,0,0,0,0,-34297,-36035,0,17544,0,-34491,0,0,0,20442,0,0,0,0,0,0,0,0,0,24332
84184865,Team0,0,0,29074,0,26554,-25480,0,-30861,28853,0,0,0,0,25809,0,0,0,-20565,0,0,27758,0,0,0,0,0,0,-27915,0,-27008,0,0,-24864,0,0,0,0,27102,0
84184901,Team0,1,28575,0,0,0,-23919,40904,0,0,-21226,0,-25059,-25286,0,29072,0,0,0,0,-21770,0,0,0,0,0,0,0,-31708,0,0,0,0,0,33979,0,0,25624,0,27546
84184931,Team1,0,0,32148,0,0,0,25740,0,-27690,0,0,27695,22766,0,0,0,0,23724,-24945,-29713,-25197,-25135,0,0,0,0,0,0,-26102,0,0,22519,0,0,0,0,0,0,0
84184977,Team1,-1,0,0,0,0,15799,29439,25276,0,0,0,0,0,-24318,0,0,0,0,0,0,0,19838,0,0,-27764,-26279,-28339,19216,-23977,0,0,0,0,-24633,0,0,0,19575,0
84185195,Team0,1,0,0,0,-19141,0,0,0,28604,25466,0,0,0,-20066,30274,-20071,0,31912,0,0,0,-19936,0,34752,0,0,0,0,0,28924,-30336,0,0,0,0,0,-19603,0,0
84185203,Team0,0,26256,0,0,0,0,0,0,-26988,0,0,0,0,0,0,-24289,0,25866,0,0,-26696,0,25774,0,23251,0,0,0,21577,0,-32012,-28259,23565,0,0,-23382,0,0,0
84185216,Team0,1,0,0,0,0,-41422,0,0,-21513,0,0,0,36522,0,-23850,0,0,27791,31924,-24192,0,0,0,29118,28828,0,0,0,-20698,33377,0,0,0,0,0,0,-29263,0,0
84185268,Team0,-1,-22622,27797,0,0,-21242,0,0,27637,0,0,-27085,0,0,0,0,0,0,0,0,27900,-23819,0,0,0,0,0,0,26795,0,26619,0,0,0,26798,0,-21761,-32416,0
84185269,Team0,1,27071,-24367,0,0,-16474,0,0,0,0,0,-25451,-20465,0,0,0,0,0,-30275,0,27472,0,0,0,0,0,0,0,0,25838,0,0,27006,-22146,30259,0,0,28420,0
84185273,Team0,1,0,0,0,0,0,-31279,0,0,-21388,0,-25441,0,0,0,-21892,0,0,0,0,26414,22678,25915,26939,0,0,0,-20606,0,30684,0,0,0,0,29170,0,-25339,0,0
84185314,Team1,-1,0,0,0,0,0,0,27362,0,0,0,-37470,0,0,0,0,0,0,0,0,-30095,20309,0,24650,0,26331,0,-40991,0,0,0,0,0,-29671,0,0,0,-29447,0
84155806,Team0,-1,0,0,24862,0,-23827,0,0,0,0,0,30001,0,-21156,0,0,0,29455,0,0,27134,0,0,-24618,0,0,0,0,-34395,0,0,0,22098,-32458,26160,0,-21403,0,0
84155833,Team1,-1,-33552,0,0,0,26694,-33464,0,0,0,0,0,0,-28544,0,0,0,0,0,0,0,0,0,-28474,0,0,0,23411,22836,0,31444,18807,0,-31456,22295,0,-28374,0,0
84155834,Team1,0,0,0,0,0,-25815,0,0,0,0,0,25690,0,0,0,-28942,0,0,0,0,0,22571,24033,0,0,0,0,0,23484,-27161,-29407,-24138,0,27973,-26128,0,0,0,25249
84155884,Team1,0,-29899,0,0,0,23585,-30662,0,0,0,-21341,0,0,0,0,21563,0,0,0,-22196,-25742,0,23571,0,0,0,0,21888,0,0,24832,20987,0,0,-26250,0,0,0,0
84155900,Team1,-1,26122,-25687,0,0,0,0,0,0,0,0,27273,0,21895,0,0,0,20045,22020,0,-27677,-29669,0,0,0,0,0,0,-28790,0,-32150,0,0,0,22796,0,-24810,0,0
84155969,Team1,0,0,31414,0,0,22661,0,-28186,-28607,0,23955,0,0,0,0,22338,0,0,0,-29236,-27548,-29701,0,0,0,-34039,23472,0,0,0,22284,0,0,0,0,0,0,0,0
84155979,Team0,0,-26337,31628,0,0,0,0,0,0,-24968,24874,0,0,25343,0,-28025,0,21873,0,0,0,-25217,0,0,0,0,0,22884,22190,0,0,0,0,0,0,0,0,-25164,-25996
84067010,Team1,-1,0,26086,0,0,-25448,0,0,0,0,0,-27237,0,0,0,0,0,-24217,0,0,0,0,30695,0,20644,0,-25386,0,0,24784,24798,0,0,0,-30424,0,0,0,0
84067167,Team0,1,-27477,46096,0,0,23018,0,0,0,20721,0,25475,0,0,0,0,-25153,0,0,0,-26718,26994,0,0,0,0,0,0,0,-24051,0,0,0,0,-24290,0,-22557,20671,0
84067231,Team1,1,27270,0,0,0,0,0,0,-27285,-26071,0,0,0,21816,0,0,0,-22670,0,0,23743,25881,0,0,-23542,0,0,0,-22137,30120,0,0,-22796,0,0,0,22260,0,0
84067285,Team1,0,24824,0,0,0,0,0,0,0,0,0,0,0,0,0,0,0,28441,0,0,-34728,24716,26568,0,0,0,-24214,0,29439,-24867,-25913,0,0,0,25413,-25178,-24512,0,0
84067325,Team1,-1,0,0,-25198,0,0,26674,0,-30926,0,0,0,0,0,22421,0,0,0,0,0,-26640,-25531,0,0,0,0,0,0,0,0,0,22704,0,0,0,0,0,29286,0
84819269,Team0,-1,0,24802,-26455,0,-23263,-25739,-23076,0,0,-23855,0,0,0,-32436,24155,0,0,0,0,0,0,0,0,0,0,0,0,24310,0,27137,0,23287,24983,0,0,0,0,0
84819300,Team1,0,0,0,0,4189,0,0,0,0,0,0,0,-15492,14890,0,0,0,0,-16003,0,-15608,0,0,-15253,0,0,10400,0,0,11074,0,11021,0,-16952,0,0,0,13337,-15494
84819307,Team0,0,0,0,0,-24023,24757,0,-25390,-22306,0,0,-24668,0,0,0,0,-24185,0,0,28563,26405,0,0,0,0,0,0,35491,-20638,0,0,0,0,0,28326,0,25536,0,0
84819313,Team0,1,0,31604,0,0,30414,-28179,0,-18836,0,29149,0,0,0,-22658,0,0,0,0,0,-25139,0,0,0,0,0,0,34413,0,0,0,0,0,0,34837,31320,-22372,0,-23093
84819314,Team1,-1,24278,-39882,0,0,-25088,0,33248,-25193,0,0,0,0,0,-46614,0,0,0,0,0,-26002,0,0,0,0,0,0,0,0,0,23091,-27068,23662,0,22803,0,0,0,22328
84819337,Team0,0,0,0,30925,-24737,0,-26324,0,0,0,0,0,0,0,0,-25759,0,0,0,0,-25657,29712,0,0,0,0,-27648,22350,22404,0,0,-20712,0,28556,0,0,0,23686,0
84819347,Team1,-1,0,32288,-33508,0,26067,-26558,0,0,0,0,0,23050,0,-31478,0,-32862,0,23179,-27377,0,0,0,0,0,0,0,0,0,0,0,0,0,0,-30980,22145,0,0,23514
84819353,Team0,1,0,-35251,-21255,-25171,-28537,0,0,0,-21991,0,0,22223,0,0,24078,0,22208,23268,26154,0,0,0,0,0,0,0,0,0,0,0,0,0,0,-21023,0,0,0,31197
84819381,Team0,1,0,-25892,29601,-22738,-24033,0,-24020,0,0,0,0,0,0,0,0,0,0,0,0,29160,-19757,0,0,0,0,0,0,-27336,35197,34676,0,28824,0,0,0,0,29156,0
84819466,Team0,0,0,30556,0,0,0,0,0,30033,-20593,0,-20549,0,-21313,0,-22519,0,0,0,0,24777,0,0,0,25383,0,0,0,0,-28933,-23573,0,0,0,26457,0,0,26825,0
84819510,Team0,0,0,23970,21694,0,22141,0,0,0,21852,0,-19911,0,0,0,21135,0,-13152,-11871,0,0,-11000,0,0,0,0,0,23776,0,0,0,0,0,0,-13803,0,0,-16568,0
84819512,Team0,1,-22089,0,25023,0,0,0,0,-23116,0,0,29719,0,0,0,0,25909,0,0,0,-22713,23002,0,0,-27803,0,0,0,0,0,27814,-23356,0,-32338,33281,0,0,0,0
84626936,Team0,-1,0,-32206,0,0,19493,39311,0,0,0,0,24977,0,20962,0,0,0,0,0,19268,0,-27726,0,0,0,0,0,0,-27697,0,-27306,0,-27285,0,0,0,18019,-28304,0
84626945,Team1,-1,0,22991,0,-27984,0,0,0,25129,24325,0,0,0,24824,26582,0,0,22316,-22302,0,0,-30122,0,-26880,0,0,0,0,0,0,-38305,0,-23113,0,0,0,0,0,0
84626970,Team1,1,0,0,0,0,0,-26541,23679,-22811,0,0,0,0,0,0,0,22548,-25461,0,0,0,-26802,0,28564,0,26023,0,23680,-26704,0,28495,0,0,0,0,0,0,-23916,0
84626973,Team0,0,-29029,0,-26489,0,0,0,28560,0,0,0,0,0,0,0,0,0,22746,0,26097,-26668,-30826,26974,0,0,0,0,30069,0,0,0,0,26345,-26881,0,0,-31299,0,0
84626984,Team1,-1,0,0,0,0,0,0,-28745,0,-27539,0,30860,0,0,0,0,0,0,0,0,-30794,-28199,0,34158,-30507,-24461,0,0,0,0,0,0,0,24394,0,0,22809,21670,28766
84626986,Team1,-1,0,0,23086,0,-23089,0,0,-29635,-22400,0,-27377,27435,0,-34473,0,0,22938,23873,0,0,-23335,0,0,0,0,0,0,0,0,25618,0,0,0,25697,0,0,0,0
84627163,Team1,1,0,0,0,0,24693,28727,0,0,0,-23165,-32168,0,25656,-30495,0,0,-29002,0,-26208,34444,0,0,0,0,0,0,0,0,35525,0,22329,0,0,-25729,0,0,0,0
84627203,Team0,-1,0,0,0,28556,25645,0,0,26650,0,0,26514,0,-24121,-29232,0,0,0,0,0,0,0,25668,29768,0,-24338,0,0,0,-28999,0,0,0,0,-24042,0,0,-23301,0
84627303,Team1,1,-31408,0,0,-27841,0,0,0,-33110,-26415,0,0,0,-26722,0,0,0,0,0,24378,23253,23018,0,0,-26426,28615,0,0,0,0,0,0,25184,0,0,0,0,27805,0
84627333,Team1,-1,0,0,0,0,-24431,0,0,0,24053,0,0,0,0,0,28980,0,0,0,0,23845,28880,22012,-30172,-26313,0,0,0,0,30476,-36238,0,0,0,-26174,0,-28921,0,0
84627376,Team1,-1,0,22551,22204,0,23165,0,-26947,0,20840,0,-34678,0,-25039,0,21633,0,-24688,0,0,28449,0,0,0,0,0,0,0,0,-23902,0,0,0,0,-23791,0,0,0,0
84627414,Team0,0,0,0,0,0,0,-27950,0,0,0,-23372,0,0,0,27128,0,0,-23877,0,27244,0,-26133,0,0,-20703,0,-24017,30733,0,0,0,0,0,0,0,0,21521,22099,21578
84501713,Team1,0,0,-28442,25983,0,0,0,-23294,0,0,0,0,0,0,29665,-26966,-34508,-24847,23471,25354,0,0,0,0,0,0,0,-24515,0,0,28552,0,23068,0,0,0,0,0,0
84501719,Team1,-1,0,0,0,0,0,0,24357,0,0,-25195,-23720,0,-23898,0,0,0,19329,0,-24495,0,28376,0,0,-28974,0,0,0,0,25913,0,0,0,0,-27266,0,19638,0,26620
84501751,Team1,0,0,0,0,0,0,0,0,0,0,-26379,0,0,-25638,0,0,26892,0,0,0,-22932,0,0,-34343,27905,0,0,27432,25722,0,0,23738,0,25956,-26260,0,0,-23156,0
84501757,Team0,0,0,-25633,0,0,0,0,0,23879,26044,0,0,0,0,0,27108,0,23403,-22646,0,0,26394,0,0,0,0,-21127,0,0,25507,-20917,0,0,0,0,-22858,0,-18607,0
84501797,Team1,-1,-26900,0,0,-30272,0,29779,21682,-25380,0,0,27982,0,20491,0,0,23091,0,0,0,-28629,0,-37854,0,0,0,0,0,0,0,0,0,-25603,0,0,21323,0,0,0
84501877,Team0,0,32193,-27708,0,24277,24368,0,0,24246,-26371,0,-25183,0,0,0,0,0,0,0,-24297,0,24556,-23338,0,0,0,0,-27512,0,0,0,0,0,0,28744,0,0,0,0
84501945,Team1,-1,0,0,-32013,0,0,0,0,-27782,21323,0,0,0,0,0,23753,0,-27050,0,0,0,-27853,0,0,0,0,0,0,0,24828,23537,0,0,0,-33787,0,20315,-28488,26116
84501962,Team0,1,0,30098,26179,0,-24388,0,-25230,0,0,32176,0,0,31071,0,0,0,0,0,0,0,37169,0,-25906,0,0,0,-26420,0,0,27696,0,0,-21699,-22486,0,0,0,0
84689178,Team0,0,0,0,26493,0,27034,-29540,-24163,0,0,0,0,0,27219,0,0,0,0,31464,0,-24823,0,0,-19492,0,28058,0,0,0,39239,0,0,0,-23229,-20699,0,0,0,0
84690280,Team0,0,27921,0,-23157,0,0,0,23460,0,0,0,25062,0,24501,0,0,0,0,0,0,-22802,27095,0,0,0,0,-25359,0,0,0,-20587,-20101,0,0,30490,0,0,0,-17338
84658127,Team0,1,0,-27697,0,0,0,27247,0,0,0,0,0,0,-29840,0,0,0,-22237,0,0,20987,-23626,-23089,0,23246,0,19692,-29831,0,0,0,0,0,0,0,23080,0,0,21031
84658164,Team1,0,19465,0,21292,0,0,0,-21692,0,0,19682,0,22596,-24357,0,0,0,0,0,0,-23146,-27005,-20369,0,0,0,0,0,-27638,29038,0,0,0,21893,0,0,0,0,0
84658175,Team1,1,28807,0,0,-26408,27016,0,0,0,28092,0,30373,0,29492,0,28036,0,0,0,0,0,0,0,-25166,0,0,-29073,0,0,-37392,0,0,0,-26103,-29138,0,0,0,0
84658454,Team1,0,0,0,18943,0,0,0,0,-23649,0,0,0,0,0,0,0,0,27334,0,0,0,28924,0,0,0,0,24616,-22536,0,23391,-29356,0,19036,0,-28166,-25750,0,-23253,0
84398315,Team1,0,0,31649,0,22317,0,0,0,0,23926,0,0,25670,-26002,0,0,0,-26355,0,-32596,0,0,0,-25537,0,0,0,0,0,-29687,0,0,0,0,0,23265,-20841,0,23670
84398321,Team0,1,0,0,0,0,0,35413,0,29531,26128,-21925,-30453,0,0,25991,0,-24317,23658,0,0,0,0,0,0,0,-30387,0,0,0,0,0,0,0,-20368,26064,0,0,0,-22696
84278973,Team0,1,-30647,0,0,29151,0,35688,28570,0,0,0,-30950,0,0,0,0,0,0,0,0,31382,-22426,-20012,-21746,0,0,0,0,0,0,0,0,32423,-21857,0,0,0,28087,0
84278988,Team0,0,-30115,0,0,0,26990,0,0,-23777,20706,0,40844,0,21567,0,0,0,0,0,0,-24396,-19476,0,0,0,0,0,0,22621,28169,0,0,0,0,-26225,0,0,-22647,0
84279218,Team0,0,0,0,0,0,-24004,0,0,0,27352,0,30159,0,0,0,-23510,0,0,0,31276,33118,-17732,0,0,0,-23076,0,32591,-31474,0,0,0,0,0,0,-23163,0,0,27393
84280015,Team0,-1,0,0,0,0,0,31420,0,0,29118,0,0,0,0,-14072,27837,0,28125,0,0,-22132,-15970,0,0,-19123,0,0,0,-15478,0,0,0,0,28965,31528,0,-16620,0,0
84280122,Team0,-1,0,0,0,29144,23103,-38029,0,0,-26973,0,29211,0,0,-23288,0,0,0,23624,0,0,0,0,0,0,-27086,0,0,0,0,0,0,0,-24169,-21515,0,27473,0,24354
84280339,Team1,-1,-29096,-38133,0,0,0,27017,-28056,27888,0,0,0,0,0,0,0,0,19892,0,0,25728,-27811,0,0,0,0,0,0,0,0,-29022,0,0,0,-28182,0,23674,0,23771
84280397,Team0,1,0,0,0,0,-29588,0,-27485,-26481,0,0,-31543,0,30368,0,0,0,0,0,0,-26177,-26631,31618,33117,34906,0,0,0,31992,0,0,0,0,0,0,26616,0,0,0
84281476,Team1,-1,22625,0,-30098,0,25438,-33479,0,0,-27047,0,0,0,-25547,0,23470,0,0,0,0,0,0,0,0,25413,0,0,0,-25918,30551,0,0,0,-27689,0,0,20037,0,0
84036220,Team1,0,0,0,-25798,0,-29401,0,0,0,0,0,0,21527,0,27116,-25244,-27692,0,0,21101,26997,0,0,-29651,0,0,0,0,-27814,0,0,22269,0,0,0,0,0,23628,0
84036236,Team1,-1,25349,0,0,0,0,0,0,0,0,20805,28165,24768,0,0,0,20310,0,0,-25772,-32674,-29700,0,0,0,0,-27699,0,0,25027,0,0,0,0,0,0,-28604,-26211,0
84036255,Team1,0,28085,-33180,0,0,26840,-24762,0,-28107,0,0,-28130,0,0,0,27950,-24542,0,24987,0,0,0,0,0,0,0,0,0,28670,0,-27401,0,0,0,0,24257,0,0,0
84036271,Team1,0,0,34570,0,0,0,0,0,0,22487,0,-28905,25748,23027,-29227,0,-25464,27994,0,0,0,0,0,0,0,0,0,-25624,21879,0,-32407,-24498,0,0,0,0,0,0,0
84036276,Team1,-1,0,30133,0,0,0,-30537,-26292,-26925,0,0,0,0,26450,0,0,22262,-32051,0,0,0,-25623,0,0,0,0,0,32954,20322,27225,0,0,0,0,0,-33412,0,0,0
84036334,Team0,1,0,0,0,0,0,-32459,0,26717,-18669,0,26011,0,0,0,-22591,0,-20488,0,36392,0,-25065,0,0,0,0,25705,0,0,0,0,0,0,29547,0,0,0,29488,-22926
84036372,Team1,0,0,-33606,0,0,0,24762,26326,21809,0,-24814,-30329,0,0,0,0,0,22957,0,0,-23365,0,0,0,27475,0,-25727,0,0,0,0,0,0,-25017,0,0,0,21521,0
84036419,Team0,0,0,0,22262,-19541,0,0,0,-24019,0,0,0,0,-24948,0,0,0,22003,0,-26511,0,19593,23286,-26228,22591,0,0,0,-22206,25691,0,0,0,0,0,0,0,0,0
84846957,Team1,-1,20601,0,0,-26578,-26993,0,0,0,0,0,-33034,0,17984,0,19195,0,0,0,-39221,0,19654,0,0,0,0,0,0,21500,0,21892,0,0,0,-29748,0,-28242,0,0
84847214,Team0,1,-21590,-31180,32148,0,0,0,0,-26673,-23565,0,0,0,0,-24551,0,0,29995,0,0,-19088,29851,0,0,0,0,0,0,0,0,0,25902,0,30139,31670,0,0,0,0
84847358,Team0,1,0,24195,0,0,0,-25158,0,0,0,0,0,0,22966,-25026,0,0,0,-24278,0,-22615,0,0,0,0,0,0,0,25233,0,23033,0,0,0,-23261,0,22718,-24463,26358
84847455,Team1,1,-28558,27802,0,0,24539,32117,0,0,0,0,-27323,0,0,0,0,0,25188,0,-38127,0,0,0,0,0,0,0,0,0,0,0,0,-28866,-30624,29074,0,25812,0,-25272
84847498,Team0,1,0,26521,0,0,0,0,0,-24453,0,-27049,0,0,0,0,25179,27537,0,0,0,-22032,0,0,-30228,0,0,0,26285,28516,-25292,38250,0,0,0,0,0,-26590,0,0
84847510,Team0,0,0,-25914,0,0,-28300,0,0,0,0,0,0,0,0,0,0,0,28749,-22693,0,0,0,0,-18902,0,0,28248,29698,-25143,30632,0,0,0,0,29938,0,0,30286,-22926
84847618,Team0,1,0,0,0,-23977,27095,41574,0,0,0,0,0,27102,0,0,0,0,-21353,0,27350,27264,-22842,0,0,0,0,0,0,0,-25587,0,-22842,0,0,-28033,0,27963,0,0
84847756,Team0,0,0,0,0,24599,24637,-25462,23719,0,-26886,0,0,0,0,0,0,0,-23619,0,0,0,-23780,0,0,27275,0,23388,23123,0,-27450,0,0,0,0,0,0,-24280,0,0
84312070,Team1,1,0,0,0,25595,0,0,22202,-21697,0,-27948,0,0,0,0,0,21493,0,0,0,-20452,21956,0,0,0,0,34756,-22813,23336,0,-29562,0,0,0,0,0,-21820,0,0
84312078,Team0,0,-22838,27262,0,0,-23444,33584,0,26059,0,0,0,0,0,0,-29160,29810,0,0,0,29025,-25629,0,0,0,0,0,0,25248,0,0,0,0,0,0,0,-19338,-21565,0
84312081,Team0,0,27654,0,0,0,-24647,-30837,0,0,0,-27311,-26700,0,-25162,0,0,0,0,0,29788,0,0,23719,0,42178,0,23658,0,0,0,0,0,0,0,-29563,0,0,0,24241
84312155,Team0,0,0,0,0,0,27154,34033,-27943,-28613,0,0,0,0,0,21642,0,0,0,28266,0,26807,0,0,0,-24143,0,0,0,0,0,0,23694,0,-24953,-25317,-23441,0,0,0
84312218,Team1,-1,-27691,24847,-30007,27001,-26988,0,0,-29618,0,0,0,0,0,0,0,24104,0,0,0,20585,0,0,22214,0,0,0,0,0,0,0,21295,0,-21411,0,0,-28929,0,0
84312219,Team1,-1,-31197,0,-23469,0,22475,0,0,0,22082,0,31052,26993,0,0,0,0,22426,0,0,-23954,-22786,0,0,0,0,0,25787,0,0,0,0,0,-24855,-30500,0,0,0,0
84126175,Team1,0,25673,-31005,-24366,0,-24867,0,0,23804,0,-25294,33869,23355,0,0,0,0,0,0,27709,-24866,0,22877,0,0,0,0,0,0,0,0,0,-25698,0,0,0,0,0,0
84126181,Team0,1,0,-35130,0,0,-19507,0,0,0,0,0,0,0,0,0,35600,0,-21306,0,0,0,38161,0,0,0,0,-19817,-19701,0,34611,0,0,0,32822,-20459,0,27937,28867,0
84126303,Team1,-1,0,0,0,0,-30170,25833,0,23783,-26779,-26158,-31536,0,0,29761,0,0,0,0,0,25079,0,26997,0,0,0,0,0,-26802,0,0,0,0,0,-25360,0,0,22781,0
84126323,Team0,0,0,0,-25519,0,22511,0,22064,0,0,0,0,0,0,0,0,0,0,-22726,0,-30279,-25264,0,-25487,28709,0,0,26284,0,29860,0,0,0,-25308,29497,0,0,0,0
84126386,Team0,-1,0,0,0,-23987,-20390,0,0,-20583,0,24423,31722,0,0,0,24804,0,0,-18501,0,0,25882,0,-27803,0,0,0,0,0,-23438,0,0,0,26342,0,27107,0,0,0
84126413,Team1,-1,-30784,22234,20715,0,28735,0,0,0,0,0,0,0,0,0,0,-31002,0,0,0,0,0,0,25011,0,0,18587,-27876,0,-27561,0,0,0,24596,0,0,-27154,0,-25000
84126453,Team0,0,0,0,0,0,-30822,0,0,0,0,0,23925,0,-23879,-24159,0,23960,0,-32648,0,0,0,25340,0,0,0,0,28348,-25870,0,0,0,-24711,0,0,0,0,0,24321
84756282,Team0,1,28098,-27979,29909,0,0,0,0,0,-22260,0,0,0,23280,-26094,23044,0,-23538,0,0,0,0,0,0,0,0,0,0,-22302,0,0,0,-22255,0,32210,0,0,26595,0
84756445,Team1,0,25395,0,0,0,22530,0,0,0,21131,0,24142,-27754,23036,0,0,0,0,0,0,-28175,-28127,0,0,0,0,0,0,0,-28009,-30825,0,0,0,21141,0,-27811,0,0
84756808,Team0,0,-22367,0,22452,0,26157,0,-22717,0,0,0,28845,0,0,0,-30874,0,0,24568,-31609,0,0,0,0,25734,0,0,0,-21011,0,0,0,0,0,34356,0,-23550,0,0
84758384,Team0,-1,-33959,0,0,0,25245,0,0,-25756,0,0,27289,-29443,0,0,0,0,-25369,0,0,-27661,-24310,0,0,0,0,0,0,28223,28382,0,0,0,23491,0,0,27861,0,0
84789373,Team1,-1,-34936,0,0,0,0,0,-24035,25902,0,0,0,0,0,0,-24984,-27165,0,24825,0,24436,-31617,0,29223,-27139,0,0,0,0,0,24717,0,0,0,21550,0,0,0,0
84789425,Team0,-1,0,0,0,0,0,0,0,0,0,-25998,23058,0,0,0,-32026,0,0,0,27660,-31442,-33735,0,0,-29574,0,0,0,0,0,0,0,0,27343,27800,20113,21208,-28168,0
84789451,Team0,1,25773,29156,0,0,0,0,0,23751,0,0,-20833,0,29900,0,0,0,23558,0,0,0,24093,0,0,-24020,0,-23541,0,0,-24900,0,0,0,-24498,0,-33134,0,0,0
84789521,Team0,1,31062,0,0,0,0,0,0,27722,0,0,-26217,0,35898,0,-28661,0,28442,0,0,0,0,0,0,-23086,0,0,0,32074,-27287,0,0,-24232,0,31241,0,-31179,0,0
84789531,Team0,1,29588,34353,-23163,0,28894,0,29427,0,0,0,-36844,0,31095,0,0,-24722,0,-24317,0,-32697,0,0,0,-24263,0,0,0,28949,0,0,0,0,0,0,0,0,0,0
84789537,Team0,0,0,-25614,0,23470,-26522,0,28296,0,0,0,-23474,0,0,0,0,27961,0,23352,0,0,-22029,0,0,0,0,0,22940,0,0,0,0,0,-21142,23887,0,-23698,0,0
84789558,Team0,1,-27444,0,28557,0,0,0,-22174,-27821,23721,0,35865,26914,0,0,0,0,27453,0,0,0,-26781,0,0,0,-28656,0,0,0,0,-25143,0,0,29200,0,0,0,0,0
84789677,Team1,0,0,0,0,0,0,0,0,0,0,0,-27708,0,23023,0,20203,-28249,0,-28028,29395,0,0,-26730,-27513,0,0,0,0,0,26771,0,23027,0,0,0,0,0,30300,-29346
84789678,Team1,0,0,0,0,0,0,0,0,0,0,-27523,31991,0,0,-33465,0,0,0,0,0,0,0,0,0,25253,0,0,0,-31144,0,0,0,0,0,26101,0,22110,0,0
84907376,Team0,0,0,-30230,23093,0,0,36891,0,0,0,0,0,0,21072,0,0,0,-23415,0,0,30117,26581,-24137,0,0,0,0,0,-25440,-25572,0,-22327,0,21338,0,0,0,0,0
84907412,Team1,1,0,0,-22813,0,0,0,0,0,0,0,-22862,22571,0,0,-25671,0,0,0,30120,0,0,0,34356,0,0,22259,-27328,24185,26984,0,0,-22534,0,0,0,-25762,0,0
84907456,Team1,-1,0,0,0,0,22779,0,0,-23202,24002,0,0,24939,0,0,0,0,-29133,-28969,0,25182,-25965,0,0,0,0,0,24973,0,26033,0,0,0,0,-29247,0,0,-27552,0
84907471,Team1,-1,0,-31005,0,0,0,0,0,0,0,0,0,0,20419,0,0,0,-26507,0,0,21942,-27487,0,0,0,33507,-28316,0,-31978,0,27052,22803,0,0,21099,0,0,-25865,0
84907472,Team1,-1,0,0,0,0,-24318,-32983,0,0,0,0,-32049,0,0,0,0,0,21907,22727,-27279,0,21310,0,0,0,31944,0,0,0,0,0,0,0,-27082,23073,25386,-24400,0,0
84907546,Team0,1,28265,-26679,0,0,0,-25170,0,0,0,0,0,0,0,0,29499,0,0,0,0,-22103,0,26939,0,0,0,0,-26492,0,28870,0,0,-22253,25327,32956,0,-21903,0,0
84907567,Team1,-1,0,-34364,-28662,0,0,0,25192,0,0,0,-31759,0,0,0,0,-20771,-28465,-30476,23283,0,0,0,24365,0,0,0,0,0,23360,0,0,0,0,24332,0,0,24007,0
84907580,Team0,0,0,0,0,21998,0,30111,21360,-30612,0,0,0,0,0,0,-22982,29180,0,0,0,-29816,25831,0,0,0,23488,0,0,0,-29444,-30226,0,0,0,-26531,0,0,0,0
84726048,Team0,1,0,0,0,0,0,0,-18207,0,25687,0,0,0,0,0,24477,0,27479,0,0,-27583,0,0,0,0,-22821,0,30492,0,-25639,25181,0,-25891,0,26174,0,0,-24048,0
84726063,Team0,0,0,25568,0,0,0,0,0,27582,0,0,0,0,0,0,0,29316,0,28086,0,-23334,0,0,0,0,0,-23372,0,24872,-28461,0,0,0,-22172,-27302,0,-22879,23995,0
84726095,Team0,1,0,0,0,0,-26557,0,0,0,0,0,0,0,0,0,0,0,0,0,41992,31316,28530,0,-23794,0,-25475,0,34307,-31852,0,27987,0,0,0,-26204,0,26652,-23185,0
84726117,Team0,1,37422,0,0,0,-19381,0,-24210,0,0,0,31169,-26842,0,0,-23838,0,0,0,-25677,27669,28695,0,0,0,0,0,0,0,-19765,0,23941,26059,0,0,0,0,0,0
84726121,Team1,1,0,-31233,0,0,-23322,0,0,0,0,0,0,0,22690,0,0,0,28284,-22033,22372,0,-19227,0,0,0,0,25126,0,0,0,0,0,0,0,26206,0,-23976,25515,-20643
84726159,Team1,0,0,0,0,0,-26751,-30841,0,0,25327,0,0,0,21126,23215,19263,0,-28250,0,29063,0,0,0,-30032,0,0,0,0,22461,0,0,0,0,0,-29383,0,-30197,0,0
84726188,Team0,-1,-30522,30464,0,0,29560,-36127,0,0,0,0,0,-19842,0,0,0,0,24659,0,-25540,-18676,0,-19243,0,0,0,0,0,0,31079,0,0,0,0,27923,0,28741,0,0
84726196,Team0,1,-28652,0,-21976,0,0,44383,0,31427,0,0,0,0,0,0,0,0,0,0,0,31523,0,0,-25961,0,0,0,0,-19098,31986,37311,31904,0,-22919,-27105,0,0,0,0
84726273,Team0,0,0,27316,0,0,-18780,0,-24261,0,25294,0,0,23048,-20275,0,24584,0,0,0,0,0,0,0,0,0,-24934,0,0,-21580,0,0,0,0,25794,-39278,0,0,0,0
84467233,Team0,1,0,0,0,0,0,28725,0,33721,24312,-17320,0,-23537,0,0,0,-30985,0,0,-25692,0,0,0,0,0,0,0,-22212,-25088,0,23811,0,0,0,24826,0,0,0,29181
84467252,Team1,-1,-28939,0,22673,0,0,0,0,0,-31531,24171,-24879,0,23252,0,-24819,0,0,0,0,24691,24320,-23240,0,0,0,0,0,0,0,-26858,0,0,0,30055,0,0,0,0
84467295,Team1,-1,0,0,21991,0,-26701,-25519,0,0,0,0,-33971,0,24892,0,0,0,23955,0,26736,0,0,-24703,0,-24702,0,0,0,23832,0,0,0,0,0,28123,0,0,0,-29616
84467356,Team1,-1,-31588,0,0,0,0,0,0,0,19776,0,23903,0,-27558,-34530,0,0,0,-32839,0,19774,23206,0,0,0,0,0,0,-27497,-27290,0,0,0,0,28421,0,0,22564,0
84467418,Team0,-1,0,0,0,23475,24018,-24115,0,-30132,0,0,0,0,0,0,-26336,0,-28692,-26086,0,0,0,0,30637,0,0,0,0,0,23963,0,0,0,-31440,33281,0,22222,0,0
84467420,Team0,1,0,33983,0,0,0,0,0,0,0,0,0,29501,0,0,-23167,0,0,27959,0,28989,-24890,0,0,0,0,0,0,29720,-28983,-30377,0,0,28887,-20857,0,0,-21583,0
84467451,Team1,1,-32379,0,0,0,0,37267,-23171,-26404,0,0,-32866,0,26102,0,0,0,30040,0,0,28932,0,0,0,0,31107,0,0,-24432,0,0,26189,-22439,0,0,0,0,0,0
84467463,Team0,1,0,-30372,0,0,0,0,0,-23215,0,0,-20700,26763,0,0,0,-22167,29406,0,0,0,34881,25402,-32121,37920,29036,0,0,0,0,-32097,0,0,0,0,0,0,0,0
84467474,Team0,1,33424,0,0,0,0,-30691,-21330,30887,0,0,0,0,0,-22843,0,0,-17941,30818,0,34742,0,0,0,-18478,0,0,-20882,30679,0,30832,0,0,0,0,0,0,0,0
84467490,Team0,0,0,0,0,0,0,0,22355,-28244,0,0,0,0,-25849,0,27723,28546,0,0,29888,23249,0,0,0,0,0,0,29631,-28419,0,-27594,0,0,0,-23672,0,0,0,-32521
84467517,Team1,1,26422,0,0,-30642,0,-33446,-24446,0,0,0,0,0,0,0,0,0,-23428,0,0,24394,0,0,0,0,0,0,0,-22908,24305,27090,0,-22943,0,31808,0,24391,0,0
84467529,Team1,-1,0,33961,0,0,29732,0,-27548,0,0,0,0,0,-33850,0,-29429,0,0,0,0,27119,0,0,0,0,-32388,0,0,13835,30669,-33875,0,0,0,0,0,23356,0,-29428
84467560,Team1,0,0,0,0,24787,-29934,0,-23602,0,0,0,-28120,24590,0,0,0,0,-26746,-34111,0,0,0,25376,27030,0,0,0,0,0,0,0,0,0,24685,-25759,0,0,0,21603
84467572,Team0,1,0,0,0,-26711,23949,0,0,0,0,27079,25645,0,-24939,0,-28795,0,-33983,0,0,0,-26981,0,0,24894,22233,0,0,0,0,0,0,0,0,23264,0,-24600,0,0
84218293,Team0,0,0,0,29215,0,-21173,-30817,0,0,26865,-21305,0,0,0,25064,0,0,24869,26089,0,0,-26991,0,0,0,-20485,0,0,-22783,0,0,0,0,0,29782,0,0,0,0
84218295,Team0,0,0,-32706,0,35345,0,0,0,0,0,-21227,0,-28615,0,0,0,0,27293,0,0,-25468,26923,0,-34738,0,0,0,0,27386,0,0,0,26819,-21666,31744,0,0,0,0
84218399,Team1,0,0,-27355,0,0,0,0,0,27052,0,0,0,0,24325,0,0,-27472,28852,-27000,0,-32253,0,0,0,26077,0,0,0,-23396,26968,0,0,0,0,-25061,0,21782,0,0
84218439,Team0,1,0,-22322,0,0,24927,35725,0,0,-22595,24903,27389,24743,0,0,-18188,-26427,0,0,45174,-21062,0,0,0,0,0,0,0,-17903,0,0,0,0,0,0,0,0,0,0
84218495,Team0,0,24291,0,-23460,0,-29745,-31715,0,-27240,0,0,28979,22373,0,0,0,0,-22924,0,0,0,0,0,0,0,0,0,0,-28463,0,0,0,0,26402,0,21736,0,30016,0
84369695,Team1,0,0,-31247,0,0,-21791,0,0,-26210,0,-23481,20933,0,0,22027,0,0,0,0,36752,0,23289,0,0,0,0,0,-22861,0,0,0,24546,0,25208,0,-24419,0,0,0
84369787,Team1,0,0,0,-27986,0,0,0,0,0,21849,0,-25418,0,0,21475,0,-29821,0,0,0,-27623,21446,0,0,22268,0,0,0,0,25240,0,0,-34983,0,23455,0,0,-26825,0
84369910,Team0,1,0,35605,0,0,0,-24997,0,0,26828,0,0,0,-27847,-22401,0,0,32958,0,0,33254,0,0,0,0,0,0,0,0,-20106,0,-21116,31668,-20106,30446,0,0,0,0
84369938,Team0,1,0,-26319,-21302,0,-21567,-26212,0,0,0,0,0,0,32591,0,0,0,0,29596,0,-23860,0,-26530,0,26266,32934,0,0,0,0,0,0,0,29320,30314,0,0,0,0
84369950,Team1,0,28233,-25891,0,0,31085,-25368,0,0,0,0,0,0,26700,0,0,0,0,0,-22090,0,0,0,29414,0,0,0,0,0,0,0,24163,0,0,-29352,0,-24211,29851,-34121
84369974,Team1,-1,0,25933,0,-28658,0,-35454,0,0,0,0,-30331,0,0,0,0,-32629,0,-28948,0,22180,0,-29444,0,0,0,0,0,18847,0,25887,0,0,0,0,0,21927,0,21079
84251069,Team0,1,0,0,0,28398,0,-28124,0,0,0,-27653,0,0,0,0,0,0,0,29706,0,0,25611,25794,0,31174,0,0,0,-26588,-25445,0,0,0,-22985,25584,0,-23152,0,0
84251102,Team1,1,33439,0,0,0,25271,0,0,0,-22318,0,-29722,0,0,25318,0,0,-25048,0,0,-27421,0,0,0,0,25768,25383,0,23194,0,0,0,-27248,0,-25374,0,0,0,0
84251129,Team1,-1,0,22219,0,0,24731,0,0,0,20216,0,0,23051,0,-32747,-25488,-28213,0,0,0,0,0,0,27201,0,0,0,0,0,-25536,0,-31452,0,0,0,21280,0,-25283,0
84251169,Team0,1,0,0,0,0,0,-28458,0,0,0,-30697,-21903,0,0,0,0,-21501,30817,0,30273,0,24229,0,0,-20856,0,0,0,-27069,30447,0,27478,0,0,0,0,25830,0,0
84251199,Team1,-1,0,0,0,0,0,0,0,0,0,0,-26078,24378,22911,0,0,0,0,27450,0,24837,-22357,0,-29337,-25446,0,0,0,0,31296,0,0,0,-23509,0,28628,0,-23510,0
84251200,Team0,1,27326,0,23496,0,0,0,0,0,0,0,-21293,23257,0,0,-24329,0,0,25741,-22227,28614,-20007,-21273,0,0,0,0,-19378,0,0,24279,0,0,0,0,0,0,0,0
84251227,Team1,-1,0,-24936,-20982,0,0,19330,0,13149,0,0,0,0,14137,0,0,0,0,0,0,-26175,-24142,0,0,0,0,0,0,0,15916,15478,0,0,0,18731,-21647,0,-36432,0
84565760,Team0,-1,27213,-33781,0,0,0,0,0,0,0,-23271,0,24807,0,0,0,0,-25659,25055,0,20683,-24250,0,0,0,0,0,0,-25769,0,25845,0,20189,0,-26067,0,0,0,0
84565974,Team1,1,0,-29326,26013,0,-25584,0,0,-26879,23946,0,0,0,22080,-27714,0,0,23268,-28302,0,0,22006,0,24951,0,0,0,0,-24079,0,0,0,0,0,0,0,0,0,0
84566058,Team1,-1,0,0,0,0,29095,0,0,0,0,0,23420,0,0,0,0,0,-22415,0,0,0,-22883,-30319,-22977,0,27376,0,0,-24731,0,0,0,0,0,-38488,0,27337,27792,25429
84566091,Team1,0,-24768,-28987,0,25949,-26727,0,0,0,-19261,25940,0,-22002,0,0,25642,0,0,0,0,0,0,0,0,0,0,0,0,-26577,0,27323,0,27273,0,33662,0,0,0,0
84566167,Team0,0,24558,-23731,0,0,0,0,-23044,0,23551,0,-28358,0,33040,0,26632,0,0,0,0,0,-28614,0,-25929,0,0,0,24263,0,0,0,0,-27663,22356,0,0,0,0,0
84566211,Team0,1,23991,-31869,0,0,0,0,26016,0,-24416,-22170,0,0,0,-22721,0,0,0,0,27959,-26133,22262,0,0,0,0,0,-29005,26056,0,0,0,0,0,26393,0,0,0,0
84877648,Team1,1,0,0,20839,-32500,0,26820,0,-23982,0,-24187,0,0,-29919,0,0,0,0,0,0,0,23823,0,0,0,0,0,0,-36673,-27259,27316,0,0,21568,0,0,21905,0,0
84877658,Team1,0,-36711,-37019,0,0,23052,23769,0,0,0,0,0,0,0,0,19846,-29543,0,0,0,-27469,0,0,0,0,0,0,0,26884,-31388,0,20244,0,25905,0,0,-29735,0,0
84877661,Team0,1,0,0,0,0,25323,-28860,0,0,0,0,-27318,24093,0,-23055,23246,0,0,26488,0,28193,0,-24597,0,0,0,0,0,0,25969,0,0,0,-23109,0,0,0,-24858,0
84877797,Team1,0,26479,-26759,24478,-28722,0,0,-22154,0,0,-27476,-23616,0,0,26693,0,0,0,22749,0,-22770,23559,0,0,0,0,0,0,0,0,31013,0,0,0,0,0,0,0,0
84877817,Team1,0,-24240,-33798,0,0,0,0,0,-26191,0,-21569,-34387,0,30668,27025,0,0,0,28561,0,0,26514,0,0,0,0,0,0,0,27827,0,0,0,-25480,0,0,0,0,27234
84877859,Team0,1,29201,-26726,0,0,0,0,0,0,-18760,0,0,0,0,0,-20762,-16041,25726,0,0,0,0,0,0,-18842,0,34222,0,-22708,0,25698,28241,0,0,26564,0,0,0,0
84340843,Team1,0,0,0,0,0,28882,0,0,0,0,0,0,0,24561,0,0,0,0,0,0,-25542,-21893,0,0,27698,0,-25250,27069,-24707,32750,-36418,0,0,0,-29081,0,34571,0,0
84340846,Team0,1,0,0,0,0,27293,0,0,-26379,24608,0,0,0,-25885,29257,27699,0,0,-19985,-23174,-22054,26440,0,-24338,0,0,0,0,0,38803,0,0,0,0,0,0,0,0,0
84340857,Team0,1,0,0,0,0,0,0,0,0,0,27440,0,0,0,25869,0,0,-23398,0,0,-22481,-28425,0,29150,0,0,0,-27709,0,-31102,0,0,0,0,26242,0,-26854,26379,29801
84340858,Team0,1,0,-23365,28413,0,28324,0,25921,0,0,0,28259,0,-22232,0,0,-21242,0,0,0,0,0,0,-24992,0,-22575,0,0,-24576,0,0,0,0,26853,29489,0,0,0,0
84340901,Team1,-1,-24244,0,0,0,23093,0,0,0,0,0,26738,-24869,0,0,0,0,24162,0,0,-22926,0,-22169,-37527,0,0,0,24643,0,0,0,29494,0,0,0,0,0,-27394,32486
84340968,Team0,0,0,35783,0,0,0,0,0,-17452,-12667,23607,-18961,0,25050,0,23998,-16101,25596,0,0,0,0,0,0,31081,0,0,0,-12899,-24058,0,0,0,0,0,0,0,0,0
84341042,Team0,1,0,0,0,0,0,0,0,-18952,0,0,0,0,0,0,0,30707,0,-21622,0,-19932,0,0,-26653,31579,32050,0,32457,0,0,-21383,0,29632,0,-23489,0,0,32676,0
84972868,Team0,-1,0,29580,0,29075,0,0,-27301,0,0,0,-23300,0,26387,0,0,-30424,-25839,-24116,0,24757,0,26697,0,0,0,0,-31297,0,0,0,24248,0,0,0,0,0,0,0
84972876,Team1,-1,-30776,27423,0,0,-30314,-36635,-27611,0,0,0,0,0,0,0,0,0,22816,0,0,23374,0,22813,29877,0,0,0,0,-30702,0,0,0,28148,0,-28139,0,0,0,0
84972879,Team0,0,0,0,-18355,0,23702,0,26532,-25898,0,0,0,0,-34677,0,36123,0,0,0,0,0,-24108,0,0,0,0,23581,0,0,-36086,-27265,0,23576,0,0,0,24804,0,0
84972967,Team0,0,29430,-24803,0,0,25077,0,0,0,0,0,28042,0,-22690,0,-25027,0,0,0,0,21617,0,0,0,0,0,0,0,-27743,24083,-29517,0,0,0,0,0,23556,-25501,0
84973418,Team0,0,23026,-31545,0,0,0,0,0,23287,0,0,0,-8680,28077,0,24596,0,-26080,-26424,0,0,-33080,0,0,0,0,0,0,0,22990,0,0,0,24903,0,0,0,-27427,0
84973481,Team1,0,0,27825,0,0,0,-38336,-23659,0,0,0,0,0,20780,0,0,0,0,0,0,25309,0,-23671,-24536,-24744,0,0,0,0,0,27629,0,0,-20794,22806,0,31465,0,0
84094614,Team1,-1,-26711,29700,0,0,0,24984,0,0,0,0,-35212,0,0,0,0,0,0,0,0,0,0,-27128,-33599,0,0,19535,20639,20336,-30256,21535,0,0,-28244,0,0,0,0,0
84094728,Team0,0,0,30432,0,0,0,0,0,-25425,0,27974,0,0,0,0,0,0,0,0,-28058,-24348,-24416,0,0,0,0,0,0,0,25434,0,0,0,23026,27758,-24901,-25682,0,25434
84094776,Team0,0,0,0,0,0,0,31973,0,0,0,0,0,0,0,-23522,0,0,0,0,0,-27164,24044,26644,0,0,0,0,0,26149,-24590,0,-21749,0,-23589,-23908,26345,0,26478,0
84094869,Team0,1,0,27112,0,0,24805,0,0,0,0,0,-28144,0,0,0,25602,-23069,0,0,0,-23119,25807,26030,0,-26003,0,0,0,-22632,0,0,0,-25682,0,0,0,0,0,23283
84094988,Team0,1,0,0,0,0,28332,36450,0,-26153,30841,0,32181,0,0,0,26899,27264,-24630,0,0,-23393,0,0,-27637,0,0,0,0,0,-23393,0,-21721,0,0,0,0,0,0,0
84097545,Team1,0,14673,0,-16397,0,0,14912,0,0,0,10855,0,0,0,11613,0,-19086,0,-19390,0,-18819,13124,0,0,-20157,0,0,0,0,0,0,0,0,0,-18932,11519,0,0,0
84185314,Team1,-1,0,0,0,0,0,0,0,0,0,0,0,0,0,0,0,0,18984,0,0,0,0,0,0,0,0,0,0,0,0,0,-29506,0,0,0,0,0,0,22014
84185325,Team0,1,0,0,0,27990,0,26719,0,0,0,0,0,0,-22979,26388,0,26562,0,0,-26821,-24421,0,-21549,27235,0,0,0,-27696,35598,0,0,0,0,0,-28811,0,0,0,0
84185328,Team1,0,0,0,0,0,0,0,0,0,-25565,0,28642,0,0,0,0,0,-24137,0,25975,0,-24278,25072,0,0,0,26647,0,-24067,-23100,0,0,-25151,28031,0,0,0,0,25329
84185397,Team1,0,0,27266,0,0,-26456,0,0,22468,0,0,0,0,0,0,22148,23451,24325,-24693,0,0,0,0,0,-24317,26985,0,0,-25902,-26762,0,0,0,0,-39906,0,0,0,0
84185400,Team1,0,0,0,0,0,0,0,0,0,-4032,3385,0,0,0,0,0,0,2562,0,0,-8211,0,0,-7133,-6878,2754,0,2467,0,-6962,0,0,2763,0,-6850,0,0,0,2072
84185455,Team1,1,-32268,0,0,0,0,0,0,0,0,0,44036,0,-28102,0,-20077,27483,-22915,0,0,30151,-22874,0,0,0,0,0,0,-28085,0,0,0,0,0,26944,0,27460,23783,0
84185510,Team0,1,0,29231,0,30975,0,-24252,29073,28181,0,-24796,0,0,0,0,0,29169,-31151,0,0,0,-21233,0,35524,0,0,0,0,-21191,0,0,0,0,0,0,0,0,0,-25947
84185530,Team0,0,-29825,0,0,0,0,0,0,-34517,30921,0,-19836,0,0,0,27220,-21647,0,0,34066,33544,30276,0,0,33296,0,0,-26391,0,0,-20989,0,0,0,0,0,0,0,0
84000210,Team0,1,0,0,0,0,0,0,0,30130,-21935,32013,0,0,0,0,-24557,0,29690,0,0,-22352,-25996,0,0,-24889,31416,0,0,-23860,0,0,0,31318,0,0,0,0,0,30391
84002530,Team0,0,33401,0,25412,0,0,0,-26548,0,0,37297,-27169,0,26190,0,0,0,0,0,0,27827,-23482,0,0,0,0,0,-23527,0,0,-23031,0,0,0,0,-20220,0,27620,0
84002667,Team0,-1,0,-24317,0,0,0,0,0,23684,0,26274,22946,0,-27220,0,0,24951,0,-25462,0,-21064,0,0,0,0,0,0,0,0,25760,-23023,0,-23047,0,0,29057,0,0,0
84002992,Team1,-1,0,-28010,0,0,-24656,0,-23819,22892,0,0,-27981,0,20897,0,0,0,-25906,0,0,0,-29695,0,30485,27105,0,0,0,0,22414,23268,0,0,0,0,0,0,0,0
84003431,Team1,1,0,0,0,0,0,0,-28560,23544,24594,0,-28684,0,0,0,0,0,-26998,0,-33124,0,0,0,24537,-27108,0,0,0,0,23619,34334,0,-24069,0,0,0,0,0,24530
84433492,Team0,-1,22740,-25390,0,0,0,0,0,0,-23365,0,31155,0,0,0,0,0,0,-27301,26920,0,18274,0,0,0,0,0,0,-25337,0,0,0,0,21181,0,0,21661,-24741,-24822
84433500,Team0,0,0,22350,0,0,21500,-21226,0,0,0,0,0,0,0,0,21185,0,0,-17774,0,0,0,0,0,0,0,21101,-14912,-12254,22596,0,0,0,0,-13156,0,0,20953,-11934
84433559,Team0,1,0,37049,0,0,0,32235,0,-23437,-28396,31610,31308,-25191,0,0,0,32700,0,0,0,32287,0,0,0,0,0,0,0,-25549,-26640,-30328,0,0,0,0,0,0,0,0
84433574,Team0,1,-33489,-26780,0,0,-21870,0,0,0,28053,0,0,0,0,0,0,0,0,-24031,0,30285,25705,0,0,-27192,0,0,0,28343,29987,0,0,0,0,27233,0,-21281,0,0
84433588,Team0,1,-22710,0,0,0,0,-24632,0,0,-24574,27821,42314,0,0,0,0,0,0,0,0,-24811,29560,0,26565,0,0,0,0,0,31523,30468,0,0,0,0,0,-23061,-20246,0
84433652,Team0,1,0,0,-21870,29238,-27699,0,27976,0,0,0,0,0,0,0,0,0,27578,0,-23868,-23828,27964,0,0,0,0,30056,0,-23365,0,0,0,-21581,0,30514,0,0,0,0
84433680,Team0,0,0,0,24737,0,0,27145,0,25238,0,0,0,0,-26216,-24719,0,0,0,0,-25438,-26314,23957,0,0,0,0,0,0,0,0,30065,0,0,25853,-32191,0,-25328,0,0
84433727,Team0,1,0,-30329,0,0,25932,31791,0,0,0,0,26553,0,0,-25081,0,0,0,0,0,-23609,-19219,0,0,0,0,0,0,0,25750,-21000,-18424,0,30299,0,0,30768,0,0
84433748,Team1,0,22703,0,0,-25801,28805,0,0,24921,0,0,25157,0,0,0,0,0,0,0,0,-26732,0,23956,0,0,0,-21814,0,20686,-24641,0,0,0,0,0,-26715,-22094,0,0
84433812,Team1,-1,-28752,0,0,0,0,-32353,0,24910,0,0,0,-24462,0,20791,0,0,0,21370,0,-31226,0,0,0,0,0,0,29831,-27537,0,28597,0,0,0,-30243,0,0,21321,0
84433848,Team0,1,0,0,0,0,0,0,0,0,0,0,36275,0,-24483,0,0,30744,30598,-16482,0,32934,0,0,-22143,0,0,0,0,0,0,0,31447,33054,-19931,-27052,0,0,0,-21403
84433868,Team0,1,0,33757,0,0,23004,-27410,30614,0,0,0,0,0,0,-24715,0,0,-22526,0,-38281,24842,23771,0,25406,0,0,0,0,0,0,0,0,-21311,0,-28608,0,0,0,0
84534598,Team1,-1,0,0,0,0,0,29600,0,0,0,0,0,0,-26080,0,0,0,0,0,29894,-28282,0,19773,0,-30287,-27493,21488,0,23151,-28580,27016,0,0,0,0,0,-26783,0,0
84534733,Team0,0,0,34052,-28299,0,0,0,0,0,0,0,31302,0,0,0,0,0,0,0,-25596,0,28408,0,0,0,0,0,-30518,30811,0,0,28924,0,-26009,0,26452,-24251,-31342,0
84534806,Team0,1,0,0,0,0,0,-27014,0,0,0,0,-23414,0,0,-22531,0,-22434,-21706,0,29923,32015,0,0,0,0,0,36181,0,0,36637,0,-22034,0,0,0,25810,25809,0,0
84534850,Team0,0,-25107,0,0,0,24719,-23551,0,-20645,0,0,30479,0,-22791,0,0,0,0,0,0,0,20672,0,0,0,0,0,0,0,24556,0,0,0,20125,0,-21815,21916,-21856,0
84534957,Team1,-1,0,15748,0,0,16818,0,0,0,0,0,0,0,0,0,0,0,-25579,20659,0,0,-24527,0,22952,0,0,18296,0,19734,-27168,0,-23561,0,0,-26127,-24946,0,0,0
84534976,Team1,-1,-29125,0,0,0,-28551,-32962,0,0,25703,0,26211,31000,-31837,0,0,0,0,0,0,25678,0,0,0,0,0,0,0,0,-28055,22179,-28949,0,0,23589,0,0,0,0
84156077,Team1,-1,0,-25182,0,0,0,36484,0,26693,0,0,0,0,0,0,0,0,0,0,0,-26216,24424,0,31058,0,0,24127,0,24733,-24328,0,0,0,-28767,-26902,0,-27242,0,0
84156078,Team0,1,0,30345,0,0,27859,-28185,0,0,26304,0,0,0,-22195,0,27204,0,-21459,0,0,24612,0,0,27444,0,0,0,-21945,0,0,0,-22689,0,-20594,0,0,0,0,0
84156183,Team1,-1,0,-40353,0,28413,0,0,0,0,0,0,0,0,-24073,0,0,0,0,-25078,0,-26286,-25519,-24523,0,21947,0,0,0,0,0,0,21267,0,0,24099,25878,0,0,20132
84156184,Team1,-1,0,0,0,0,0,-29303,0,26398,0,0,-28904,0,-24423,0,0,-27899,27309,0,0,27806,0,0,27603,0,0,0,0,-30632,26690,0,0,0,0,0,-26626,25086,0,0
84594563,Team0,0,0,28196,0,0,0,-28757,0,0,0,0,26080,0,24818,0,26262,33089,0,0,0,0,0,-27970,0,0,0,0,-28213,0,0,30039,0,0,-25301,-25129,0,0,-27595,0
84594757,Team1,-1,24058,0,0,23436,0,0,0,0,23936,0,-33518,0,0,0,0,0,0,0,0,0,-30039,0,0,0,0,0,0,25784,-28609,0,-30487,25108,-28704,0,0,0,-30342,33782
84626166,Team1,1,0,0,0,0,0,0,0,-26363,0,20541,-29351,0,-17053,0,0,0,-21997,0,0,22936,0,-21971,28350,0,0,21326,0,0,-28391,27452,0,0,0,23095,0,0,0,0
84626729,Team1,0,0,0,0,-31147,0,0,23466,-27526,0,0,28617,0,23883,0,0,0,0,0,0,-26317,-24712,0,34015,0,0,0,0,0,25700,22915,0,0,0,0,-24019,-24696,0,0
84817641,Team0,-1,34860,-29588,0,0,0,0,0,0,0,0,30973,28316,-28505,0,0,0,0,0,-25272,-30732,25165,0,0,0,0,0,0,-24032,33662,0,0,0,0,32823,0,-23074,0,0
84819138,Team0,-1,0,34045,0,25206,0,-28142,0,0,0,0,-19416,25677,-19787,0,27816,0,-19137,0,0,0,0,0,0,26694,0,-22153,0,0,0,-23343,0,0,0,24528,0,0,0,0
84690570,Team0,0,0,33968,0,0,0,0,0,0,-31517,0,-27211,-26048,0,0,0,0,0,0,0,21999,0,0,33967,0,0,0,0,-23524,-33522,0,23158,0,22296,-24515,24530,0,0,0
84690575,Team0,1,44081,-39839,0,0,0,0,29256,0,0,0,30156,-22313,0,0,0,29340,-23420,0,0,0,-21777,0,0,0,0,0,0,-22845,0,0,0,0,29675,0,0,37335,-21084,0
84690601,Team0,0,0,-24340,0,0,0,34784,25858,-22135,0,0,0,0,0,35277,0,28319,-22764,-22079,0,25868,0,0,27941,0,0,0,0,-21211,0,0,0,0,0,0,0,0,0,-23576
84690618,Team1,-1,0,0,0,0,18852,0,22521,-27109,0,0,23723,0,0,0,0,-32100,0,0,0,-28357,0,-28860,0,23725,0,0,-27121,0,-36050,0,0,22252,23592,0,0,0,0,0
84690628,Team0,0,0,0,0,0,-24233,0,0,0,0,0,-25904,0,0,29576,0,0,25128,0,26240,0,0,-23935,0,0,34517,0,0,-27858,0,0,0,25991,0,-29761,-23595,25522,0,0
84690717,Team0,0,0,0,0,0,23078,-29846,25252,0,0,0,25381,-24125,-24010,0,0,0,-20329,-24392,0,0,0,0,0,0,0,0,30788,0,-28126,0,0,0,25180,30528,0,0,0,0
84690768,Team0,1,0,-22702,0,0,0,0,0,0,0,27103,-27557,0,0,0,0,-20282,-20337,24564,0,0,-18941,0,0,0,0,0,25469,0,33183,0,0,0,31799,0,0,-28914,0,24989
84655913,Team1,-1,0,31224,-30891,0,-21939,0,0,0,20841,0,0,24064,0,0,0,0,22755,-28426,0,25615,0,0,0,-27991,0,0,0,25311,0,0,0,0,-24446,-24566,0,0,0,0
84656060,Team0,-1,25531,0,-24292,0,-24353,0,0,0,0,0,21801,28133,-30239,-25376,0,0,0,0,0,0,0,0,0,25771,-22640,0,0,0,-35115,0,0,0,21411,0,0,0,27852,0
84658561,Team0,1,0,0,0,0,0,0,0,0,0,-22457,27576,-26316,0,0,0,0,0,0,0,0,0,0,0,-25821,0,0,30431,-26345,0,0,24580,0,-26532,-21285,0,0,0,0
84940229,Team1,0,24930,0,27192,-28018,0,0,-28771,0,0,-23554,0,0,26227,0,0,0,0,0,0,-28264,25263,0,0,0,0,0,-28464,0,0,0,0,0,0,-24095,0,0,28979,27599
84940234,Team1,-1,0,28130,0,0,0,0,22713,0,0,0,0,25089,0,0,0,0,0,0,0,0,0,-27549,28297,0,0,26183,22798,-28617,-31643,-38166,0,-25468,0,-28921,0,0,0,0
84940252,Team0,-1,0,32059,0,0,-23886,-31869,-25471,0,0,0,-28230,0,-26123,0,0,30270,0,0,0,0,0,0,0,31911,0,0,0,29242,-44765,0,0,0,0,31972,0,0,0,27482
84940287,Team0,1,0,30882,0,0,-17017,-19662,0,26982,0,0,0,0,0,30626,0,0,0,0,0,-21734,-19443,0,29399,0,-20925,0,0,0,0,26889,0,0,0,0,27167,-16191,0,0
84940296,Team0,1,0,-20400,-26597,34553,0,0,0,0,0,0,0,0,30701,0,0,0,0,0,0,0,-21469,-20400,0,0,42954,0,28869,0,0,-27028,0,0,27950,0,0,28352,0,-24005
84940371,Team0,0,0,0,0,0,0,0,0,0,-26016,24194,-23522,22629,23791,0,0,-26783,0,0,0,0,0,0,-24243,0,0,0,30222,0,23098,0,0,0,27281,-28662,-24187,0,0,0
84940375,Team0,1,0,0,0,0,27959,32671,30100,0,-24825,0,-32385,0,0,30753,0,0,-24114,25951,-25581,0,0,0,-24663,26377,0,0,0,0,0,0,0,-23588,0,0,0,0,0,0
84940507,Team0,1,0,0,0,0,0,33376,0,0,-20251,0,-18253,0,-20325,23529,-21173,0,0,23014,0,23844,0,0,0,0,0,-18374,-25448,0,0,0,0,0,0,28024,0,0,25664,0
84940534,Team0,0,0,0,0,0,20344,-25046,0,0,0,0,0,-25259,0,0,0,0,-20753,0,0,-33799,25231,-21214,25878,0,0,0,0,21946,-24113,0,0,0,0,26525,19975,0,0,0
84940629,Team1,-1,31050,0,0,25864,0,-36799,-27485,0,0,0,28139,0,-27578,0,0,0,0,0,0,-30233,20865,23611,0,0,0,0,0,-24994,-34105,0,0,0,0,0,0,0,0,21656
84940706,Team1,-1,0,26827,0,0,-29119,-30667,-27951,26294,0,0,25411,-28499,0,0,0,0,0,0,0,-30710,0,0,0,0,0,0,0,-31054,0,0,0,0,26452,0,0,0,23774,21680
84940708,Team1,-1,0,0,0,0,0,0,0,0,0,0,0,0,0,0,0,-28359,0,0,0,0,0,0,0,0,0,0,0,0,0,0,0,0,0,0,0,0,0,0
84281352,Team1,-1,0,31566,0,-31208,0,0,0,0,0,0,-41978,0,0,0,0,0,0,0,0,19290,0,0,0,20223,23836,0,0,0,0,0,21263,0,0,0,0,21692,0,0
84281367,Team0,1,0,0,0,-21851,0,0,0,25686,26023,0,-22068,0,0,0,27264,0,0,0,-30520,0,0,0,-29076,0,0,-18143,27772,31463,0,0,0,0,0,-20372,0,26370,0,0
84281460,Team0,-1,0,-31341,0,0,0,-26787,0,0,23392,0,29045,-24389,-27681,0,27115,0,-23864,0,0,24709,20997,0,0,0,0,0,25097,0,0,0,0,0,0,0,0,0,-23957,0
84281527,Team1,-1,29556,-33184,0,0,0,0,0,0,21080,0,-33521,0,0,-30025,0,-30376,0,0,0,0,0,-31331,24133,0,0,20579,0,0,28991,-28995,0,0,19126,0,0,0,0,0
84281561,Team1,-1,0,0,0,-30438,-27973,0,0,22339,-28199,0,22024,-25469,0,0,0,0,21958,0,0,0,0,22431,0,0,0,0,-25134,-27538,25444,0,0,0,0,0,0,0,0,27052
84281585,Team0,1,0,0,0,0,27377,31577,-22329,-23692,0,29161,0,0,28505,0,26951,0,0,0,-23391,-23913,0,0,0,0,29144,0,0,0,-23768,0,0,0,0,-22795,0,0,0,0
84281601,Team0,0,0,0,-24548,0,0,0,0,24151,0,24565,32449,0,27755,37130,0,-26981,0,-25115,0,0,-24486,0,0,0,30923,0,0,-24695,0,-39882,0,0,0,0,0,0,0,0
84281619,Team1,-1,0,0,0,0,-24618,-36170,0,0,0,-25743,-28143,0,0,0,0,0,-28298,25415,0,26569,22946,0,0,0,0,0,0,23079,0,0,0,0,0,22458,0,-26968,0,21297
84126453,Team0,0,0,0,0,0,0,0,0,0,0,0,0,0,0,0,28768,0,0,0,0,0,0,0,0,0,0,0,0,0,0,0,0,0,0,0,0,0,0,0
84126457,Team0,1,0,-23772,0,0,0,0,-25875,0,37660,0,-27962,0,33721,0,0,0,0,0,0,36178,0,0,-25030,31512,0,-24428,0,30171,-22127,0,0,0,0,30371,0,0,0,0
84126519,Team0,1,0,0,0,0,0,0,0,0,0,0,-24185,25716,0,0,0,28193,0,39714,-23815,-19900,0,24575,-19803,0,0,-21554,0,26329,0,0,0,0,0,32090,0,0,-24668,0
84126531,Team1,-1,0,-34445,0,0,0,0,-26159,-36327,0,0,24000,0,22015,0,0,0,0,0,0,26440,0,0,-30323,0,0,0,0,-27403,28234,0,0,0,26107,-32778,0,21764,0,0
84126532,Team1,0,0,-35798,0,0,-24471,0,0,-23575,0,0,27184,0,0,0,0,25350,0,0,0,31671,25256,0,0,0,0,0,0,0,25611,0,0,0,0,-22683,0,24111,-25946,-24453
84126533,Team0,-1,31085,0,0,0,0,31471,0,-28680,-21606,0,27605,0,26733,0,0,0,0,0,0,-21443,-21085,27754,0,0,0,0,-24856,0,0,0,0,0,34837,0,0,0,-25327,0
84126630,Team1,0,0,24730,0,0,-19223,0,0,0,0,0,-23959,0,0,0,-12933,16926,0,0,0,0,0,17363,0,0,0,0,17108,11320,-22300,-27414,-20401,0,0,0,7254,0,0,0
84126682,Team1,-1,0,32108,0,0,22424,26962,0,-29594,-29829,0,-36267,0,0,0,0,-29668,22490,0,0,-34115,0,0,0,0,0,0,0,-32270,0,0,0,0,0,22589,0,22456,0,0
84126700,Team1,-1,0,0,0,0,20231,0,0,0,0,-25789,0,0,0,0,0,0,0,0,29094,-29578,29962,28260,0,0,0,0,25501,28107,0,0,0,0,0,-28077,-28732,0,0,0
84848013,Team0,1,0,0,0,0,0,0,27730,0,0,26101,33525,0,27018,0,0,0,-23340,0,30693,24304,-22943,0,0,0,0,0,0,0,-30038,0,0,-26746,0,0,0,-25290,-24936,0
84848074,Team0,0,30393,0,0,0,0,0,0,-28816,0,0,0,0,29054,0,-30688,0,0,0,0,28730,-21264,0,0,-21915,0,0,0,0,0,-31285,29156,0,0,32433,-23326,0,30836,0
84848109,Team0,0,27122,0,-19592,0,0,-25750,0,0,0,0,0,28401,-23182,0,0,0,-20762,0,0,-20743,32894,0,0,25343,0,0,0,0,31504,0,-27249,0,0,26713,0,0,0,0
84848202,Team1,-1,0,0,0,0,0,0,0,0,23460,-35614,-31478,0,0,0,22868,0,-32595,0,0,0,0,0,0,0,-30857,0,0,28828,24503,0,0,-32070,23865,20605,0,0,0,-29470
84848241,Team0,0,0,0,0,0,25811,-30056,-25981,0,0,0,0,30498,0,-25675,0,-26938,0,28964,0,0,29241,0,0,27051,32216,0,0,0,-24818,0,0,0,0,-28963,0,0,0,0
84848242,Team0,1,-35799,33224,23835,0,-25060,0,0,24155,0,0,-29942,-24497,0,0,0,0,-24056,21145,0,0,0,0,0,21628,0,0,20602,0,0,0,0,0,0,0,0,-25372,0,0
84848244,Team0,0,0,35794,0,0,-21739,0,0,24719,22182,0,-24969,0,22921,0,0,-25531,0,-27569,0,23986,0,0,-23089,0,0,0,0,0,-28467,0,0,0,0,0,0,0,21711,0
84907625,Team1,0,0,0,0,0,-24509,0,0,19780,-22255,0,-24453,0,0,29173,0,0,20803,0,26868,-19294,-19687,0,0,0,0,0,0,0,26161,0,26097,0,0,-37225,0,0,0,0
84907657,Team1,0,0,0,0,0,0,0,0,0,0,0,0,0,0,0,0,0,0,0,-26988,12267,0,0,-17692,0,0,0,0,12513,14257,14368,-15943,10262,0,0,-16352,13004,-16133,-17617
84907675,Team1,0,0,28009,-32115,0,-29098,0,0,0,0,0,22502,0,0,22111,0,0,-30784,0,0,21835,0,0,0,0,0,0,-30346,0,0,26015,23965,-29466,0,0,-29936,0,0,0
84907719,Team1,-1,-30179,-43416,-27691,0,0,0,26255,0,0,0,30098,-26276,0,-31411,0,0,0,0,0,0,27209,0,0,0,0,0,0,0,29382,0,0,0,32699,-31922,0,0,0,27102
84907764,Team1,0,0,0,23634,-27079,0,-45050,0,-27465,0,0,23960,0,20190,0,0,0,0,0,33554,-29455,28736,0,0,0,0,0,0,0,0,-29204,-25814,0,21954,0,0,0,0,0
84907779,Team1,-1,0,0,0,0,0,0,0,0,0,0,0,0,0,0,0,0,0,0,0,-26354,0,0,0,0,0,0,0,0,0,0,0,0,0,0,0,0,0,0
84034438,Team1,1,0,26022,0,-21910,-22713,0,0,0,0,-24670,-39712,0,0,0,0,24260,0,23844,0,0,-21720,0,0,0,0,-25732,0,25921,0,26624,0,0,0,0,0,27194,0,0
84034633,Team1,0,0,0,0,0,0,0,0,-32031,0,0,0,0,-25275,0,0,0,23939,0,33856,0,22245,0,23041,0,-32867,0,0,24783,-24258,0,0,25490,0,0,-26030,0,0,-27273
84036009,Team1,0,-22592,0,0,-29722,0,30251,0,0,0,0,0,0,20040,0,22462,0,-25581,22631,0,0,0,-29505,0,0,0,0,-23672,0,0,24119,0,-24788,0,0,0,0,23050,0
84758481,Team1,-1,0,-34132,0,0,0,0,0,0,20044,0,29543,0,-30158,0,0,0,0,-27924,0,-29927,-24435,0,0,22457,0,0,0,0,-27925,0,17830,0,22629,0,0,0,0,17967
84758482,Team1,-1,0,-30879,0,0,0,0,24482,26900,28917,0,0,0,0,27331,-23959,0,0,0,0,0,0,0,0,0,34808,0,0,-27178,0,-30477,0,0,-28640,0,0,-25457,23948,0
84758501,Team1,-1,-31175,-31956,0,0,0,0,0,0,31518,0,0,0,0,0,0,0,0,0,0,24490,-27733,0,0,28092,0,0,26181,28531,0,0,0,0,0,-30580,0,-29211,-32340,25562
84758533,Team0,1,0,-31234,0,-30926,0,29595,29778,-22723,0,23163,30221,0,26953,0,0,0,0,0,0,0,-24644,0,-22471,0,0,0,0,0,0,0,0,0,29477,0,0,-24297,0,0
84758535,Team0,-1,0,-34709,0,0,0,26694,28267,-23743,0,0,0,0,-23987,0,0,25385,0,0,0,25314,0,0,0,0,0,0,0,0,26979,0,0,0,0,23282,-24552,0,-27624,-29350
84758562,Team1,0,0,-23664,0,0,-29725,0,-24664,0,0,0,0,0,23670,0,0,0,0,29057,0,-23542,-25485,0,0,27525,23997,0,0,0,0,0,0,0,0,31734,0,-23635,27340,0
84758684,Team0,1,0,-23995,-23580,-21959,-21732,0,0,0,0,0,37458,0,0,0,0,25016,28327,0,0,0,28561,-18067,0,0,31420,0,0,0,0,0,0,0,0,-24140,0,29082,0,0
84758718,Team0,1,0,-26701,27405,0,-25875,0,25515,0,0,0,0,0,0,-24991,0,0,0,0,0,0,0,0,0,0,-33117,0,0,0,36662,0,-24692,0,25516,26509,0,0,26362,-21364
84758763,Team0,-1,0,0,0,0,39683,23501,0,0,0,0,0,0,0,-28098,0,0,29518,0,0,0,-28347,0,-26487,-32319,0,21904,0,24065,0,0,0,28103,-24044,0,0,-24432,0,0
84400611,Team1,-1,0,0,0,0,23184,0,22883,0,-25613,0,26993,0,0,0,0,0,0,0,0,-24534,-24051,-27977,-28758,0,0,0,0,0,-24112,27061,0,26283,0,30283,0,0,0,0
84401136,Team1,-1,0,-36025,0,0,0,0,0,0,0,-28544,24525,0,22530,0,0,0,0,0,0,-28961,-30623,0,29153,-26575,26312,0,0,-33739,0,0,0,0,24343,0,24658,0,0,0
84401257,Team0,-1,0,-31697,0,32921,0,0,0,-18636,0,-19030,0,0,0,32737,0,0,-18348,0,30425,-23582,30426,0,32785,0,0,0,-19015,0,0,0,0,0,0,0,0,34631,0,0
84789678,Team1,0,0,0,0,0,0,0,0,0,0,0,0,0,0,0,0,0,0,0,0,0,0,0,0,0,-35401,0,-27521,0,24380,0,0,0,-26421,0,0,0,0,20531
84789691,Team0,0,0,-33569,0,0,0,29190,-25177,26842,0,25902,0,0,0,0,0,0,-24740,-27598,29438,28164,0,0,37107,0,0,0,0,0,-27740,0,0,0,0,-28590,0,0,0,0
84789719,Team1,0,0,0,0,0,0,0,0,21108,0,0,0,0,0,24267,-27993,0,0,23436,0,20782,-32401,0,0,0,0,0,-26091,-26639,32265,0,0,0,0,0,-27208,-26004,0,24908
84789724,Team0,0,0,-27714,0,-27157,25383,23766,21179,19902,-27427,0,0,0,0,0,-26208,0,0,0,0,0,0,0,0,25702,0,0,0,0,24296,0,0,0,-28436,-27920,0,0,0,0
84789763,Team0,1,-25304,0,26901,0,0,0,0,0,0,0,-21604,0,0,0,0,-21404,0,0,28987,-18538,28258,0,0,-26044,0,0,0,30565,0,0,-18810,0,0,0,0,27819,0,29563
84789817,Team0,1,0,-21984,0,0,0,0,0,0,0,-21295,0,0,30677,0,26593,0,26616,0,0,0,-21523,0,26914,0,0,0,0,-21064,0,0,0,0,-24995,-26590,0,31597,28875,0
84789885,Team1,-1,0,-35743,0,29770,0,-32971,0,-28121,0,0,-31055,0,31533,0,0,0,0,0,26269,-26466,0,0,0,0,0,0,0,0,0,0,-27904,0,0,25907,0,21621,0,28915
84789891,Team1,-1,0,0,21088,0,0,0,0,0,0,0,-32083,0,0,0,0,0,-30973,0,0,0,-26727,-27513,0,0,25035,0,0,23353,-29392,0,0,20845,27161,-28935,0,0,22258,0
84467130,Team0,1,0,0,0,0,23786,0,0,0,0,0,0,0,0,0,0,0,31977,0,0,-22791,0,0,0,0,0,0,0,0,0,0,0,0,-23302,-21736,0,0,-20675,0
84467371,Team0,1,0,29950,0,0,0,0,0,-27385,-22625,22415,33672,0,0,0,0,29153,0,0,0,26546,26851,0,0,0,0,0,-22892,-29935,0,-30522,0,0,0,0,0,0,0,-23969
84467386,Team1,-1,23741,0,0,0,22940,0,0,0,-31319,0,24177,0,0,0,-26783,0,0,0,0,-26655,-23362,0,25494,0,0,23417,0,0,0,0,22722,0,0,-29620,0,0,-26939,0
84467453,Team1,1,-25850,27658,0,0,23686,0,0,0,0,0,23951,0,0,0,0,-26841,0,0,0,-23299,0,21752,0,20463,0,0,-28353,22032,-28965,0,0,0,0,0,0,-23491,0,0
84467632,Team0,0,0,33781,0,0,0,0,0,0,0,0,0,0,21416,-27353,21162,-32726,0,0,0,0,0,23828,-29189,0,0,0,0,-26965,27318,0,0,0,24012,-31099,0,0,-30445,0
84726273,Team0,0,0,0,0,0,0,0,0,0,0,0,0,0,0,0,0,0,29567,0,0,0,0,0,0,0,0,0,0,0,0,0,0,0,0,0,0,0,0,0
84726274,Team0,1,0,33421,0,0,0,-30987,0,29015,0,28246,-27870,0,0,0,28164,-22490,0,-26754,0,27347,0,0,0,0,0,0,0,0,0,0,0,0,27441,0,-24568,0,-28885,0
84726332,Team0,1,0,0,0,0,33457,29803,-23480,0,29822,0,31418,0,-24475,0,0,0,0,-26585,0,-23834,26932,0,0,0,0,0,0,31288,-23751,0,0,0,0,-31719,0,0,0,0
84726454,Team1,1,32455,0,28943,-26282,0,0,0,0,-21065,0,0,0,24536,0,0,23490,0,0,0,23293,0,0,-26029,0,0,0,0,0,0,-29606,27383,-23711,0,-27580,0,0,0,0
84726457,Team1,1,0,0,29960,0,-20875,0,-22751,0,0,0,-23832,26973,0,0,0,29430,30087,0,0,0,0,0,0,0,0,0,27422,0,-26701,0,0,0,0,-22665,0,0,28252,-25650
84726470,Team0,1,0,0,0,-25537,26388,-26661,0,-25032,0,-21748,0,0,0,0,0,0,0,0,0,-19287,-24748,0,0,0,0,0,27325,28120,0,0,26438,0,28666,34516,0,0,0,0
84726479,Team0,-1,0,0,0,0,0,-31675,23476,0,0,0,-26763,0,0,0,0,-25815,-26020,21512,0,0,-27367,0,29105,0,0,0,0,0,24192,0,0,0,20834,0,0,-27166,0,21151
84726502,Team1,-1,0,0,0,24789,0,0,-34313,-37455,0,0,23956,0,0,19567,0,0,0,0,-31637,0,0,0,19712,-34313,0,0,20009,0,0,0,0,0,0,-41431,0,18420,-39359,0
84726541,Team1,-1,0,-39491,23431,0,21870,0,0,0,0,21520,0,0,0,-32721,21833,-28937,0,0,0,20936,26568,0,0,0,0,0,0,-26384,0,0,0,0,0,-27836,-27785,0,0,0
84726545,Team1,-1,0,20528,23551,-33699,-30005,0,-28716,0,0,0,0,0,0,0,-27959,0,0,0,0,0,-30652,31716,24783,0,-36135,0,25049,0,0,0,24096,0,0,0,0,0,0,0
84726553,Team0,0,0,-22919,0,0,0,0,0,0,27975,0,0,0,-22544,0,24327,0,-24724,0,0,0,22641,-25813,0,25358,0,0,-27478,0,0,0,0,0,0,0,-22581,0,21641,21461
84726592,Team0,1,0,-28249,0,0,0,0,24948,0,0,0,38688,0,-22537,0,-24017,0,-27654,0,0,25401,-27589,0,0,0,0,0,0,0,31583,0,0,0,25387,25084,0,0,-20260,0
84726626,Team0,1,0,-24555,0,0,25784,0,0,0,0,24745,27274,0,0,0,26727,-24300,0,0,0,0,28314,0,0,0,0,0,-23111,-25595,28945,-25692,-23558,0,0,0,0,0,0,0
84726648,Team0,1,0,-23486,0,0,24237,29623,0,0,0,0,0,0,0,0,24130,0,23750,0,0,-30160,-22455,0,-31125,0,28486,0,-27526,0,0,0,0,28008,0,0,0,-21454,0,0
84726653,Team0,1,24322,0,0,0,-22900,-24700,-29257,0,0,0,30314,0,20009,0,0,0,-22085,0,0,25886,0,0,0,0,0,0,-26058,0,0,40114,19986,0,0,0,0,-27152,0,0
84311189,Team1,0,0,0,0,28766,0,0,0,0,0,0,-24549,0,0,0,0,-22532,-21392,0,0,26284,0,28175,29846,26092,0,0,0,-24710,0,0,0,22376,0,-26726,0,-28944,0,0
84311440,Team0,0,-16846,0,0,0,0,0,0,0,0,0,-10901,0,0,18310,0,0,0,0,0,-9365,0,0,0,20727,0,0,22818,-12460,0,24194,19938,-16900,0,0,22601,-13484,0,0
84311477,Team0,-1,25642,25914,0,32923,29559,0,0,0,0,0,0,27491,-23314,0,0,0,0,-22955,0,-21976,-22126,0,0,-24557,-30421,0,0,0,0,0,0,0,0,25331,0,0,0,0
84311487,Team0,1,0,0,0,-17374,-24571,0,0,0,0,0,27931,0,27734,-20708,0,0,29652,-24942,28777,0,0,0,0,0,0,-24387,0,-19204,0,0,0,0,0,30343,0,32089,0,0
84311870,Team0,1,34628,-32842,26492,-23197,-23879,0,0,0,0,0,0,27066,-22756,30289,0,0,0,0,0,0,0,0,0,0,0,0,0,0,0,0,0,0,31996,-30829,0,-22039,29442,0
84312003,Team0,1,37357,0,26760,0,0,-25777,0,0,0,0,27855,0,30158,-29326,0,29187,0,0,29581,0,0,-27481,0,0,0,0,0,-25355,0,0,0,0,-31673,-26766,0,0,0,0
84312411,Team0,-1,0,0,0,0,0,37038,0,27225,0,0,0,0,0,0,25147,0,0,0,0,0,0,-22274,-25938,25347,0,0,-22171,-21861,-26720,0,23730,0,-20371,0,0,0,0,32243
84185643,Team0,1,0,0,22390,0,0,0,0,0,-27538,0,0,0,0,0,-25525,-27944,0,0,0,28744,0,0,-22299,0,0,0,-23244,0,0,-27165,26381,0,30260,34956,25993,0,0,0
84185644,Team0,0,0,-23925,0,0,22941,26396,22944,0,0,0,23029,0,0,0,0,0,0,0,0,-24616,-22937,0,0,0,0,0,0,-25060,0,39885,0,22091,-26563,0,0,-29050,0,0
84185677,Team1,-1,30273,-30146,0,0,-24822,0,0,19952,0,0,0,0,0,0,0,22642,-31795,0,0,0,0,0,28223,0,0,0,23286,0,0,0,0,0,0,-31771,0,-27807,22132,-27939
84185754,Team1,-1,-28247,0,-30839,0,0,28761,0,0,0,0,35213,0,0,0,0,26279,0,0,0,0,0,0,0,22602,0,0,0,0,-29636,0,0,-32636,29794,-28957,0,25592,0,-26987
84185790,Team0,1,0,0,0,0,0,29152,0,0,0,0,0,0,27057,26387,0,-24567,0,25098,0,-24446,0,0,0,0,30995,0,-29014,-29136,-32559,27472,0,0,0,0,0,-25522,0,0
84185809,Team0,1,0,0,0,0,-23254,-26442,0,26201,0,0,0,0,29925,0,0,0,23642,0,24489,0,-23128,-23762,-23772,0,26162,0,0,0,0,0,0,0,0,0,0,24433,0,-24766
84185826,Team1,1,0,0,0,-24140,0,0,0,0,0,0,0,0,27887,0,-26677,0,0,22988,-28284,0,0,0,30791,22504,0,-25389,0,0,0,23300,0,0,-26772,33526,0,-23506,0,0
84185863,Team1,-1,0,0,0,0,0,0,0,0,0,0,27520,0,-29579,0,0,0,0,-28930,0,0,0,0,0,0,0,0,0,0,0,0,0,22394,0,26717,0,26225,0,0
