match_id,winning_team,mid_boss.team_claimed,1,2,3,4,6,7,8,10,11,12,13,14,15,16,17,18,19,20,25,27,31,35,50,52,58,60,63,64,65,66,67,69,72,76,77,79,80,81
84031381,Team0,0,0,0,-11733,0,13517,0,0,15177,10505,-13687,13682,0,0,12910,-11176,11743,-13303,0,0,-12609,0,0,0,0,0,0,0,0,0,0,0,0,0,-11176,0,0,0,0
84031406,Team0,0,0,12563,0,-14352,0,0,0,0,11848,0,-12901,0,0,0,0,-11961,0,-12368,12157,0,-11813,12213,14266,0,0,0,0,15948,0,0,0,0,0,-12869,0,0,0,0
84031463,Team0,0,0,0,0,13933,12721,0,13356,0,0,-11073,0,0,0,0,0,0,0,12124,0,-11323,-12099,0,-15713,0,0,0,12383,0,-12827,0,0,0,0,13786,0,0,0,-13895
84031479,Team0,0,0,0,0,0,0,14098,0,0,-8736,0,0,-11471,11362,0,0,0,12839,0,0,12229,0,0,0,0,0,0,-16382,0,-14263,-13758,13177,0,0,16394,0,0,-15722,0
84031490,Team1,0,0,-12503,0,0,14836,0,19096,0,-12882,0,-13515,0,0,0,0,-13095,0,0,0,-12852,0,0,-12103,12049,0,0,16929,0,0,0,0,14602,0,0,0,0,15746,0
84031506,Team1,0,-17426,0,13363,0,0,16574,0,-17772,0,0,0,0,0,0,-15001,0,13625,0,0,14714,0,0,-14725,-14826,0,0,0,0,0,-16772,8900,0,0,0,0,0,0,15634
84031547,Team1,0,0,18374,0,0,0,11286,-14388,-14619,0,0,0,0,0,0,10864,0,0,0,0,0,10386,18230,0,-15728,0,0,-14737,13582,0,-15326,0,0,0,0,-14210,0,0,0
84031556,Team0,0,0,-13076,0,0,0,0,0,-11225,0,0,0,0,15255,0,0,0,12876,0,14560,-13111,13005,-12531,0,0,-13041,13076,14539,0,0,-12613,0,0,0,0,0,0,0,0
84031571,Team0,0,0,-14624,0,0,13936,13951,0,0,-11838,13775,-16651,0,14427,0,0,0,0,0,0,0,-12076,-12278,0,0,0,0,14588,13524,0,-15977,0,0,0,0,0,0,0,0
84031578,Team0,0,0,0,0,0,0,0,0,0,0,0,-13140,12139,10539,0,-13506,-15192,-13249,11909,13675,14628,-12543,0,0,0,-12457,0,0,10931,0,0,0,0,0,0,0,0,0,0
84031613,Team0,0,-11218,12642,0,-12189,0,0,0,0,0,0,15005,0,0,12851,-13103,10917,-11417,11889,0,0,-11606,0,0,0,0,0,0,0,0,0,0,0,0,0,0,-11498,11409,0
84031615,Team0,0,0,-13902,0,0,0,0,-11742,15537,0,12742,18119,0,0,-13288,0,-14906,13373,0,0,0,10607,0,0,12922,0,0,0,-13026,0,0,0,0,0,0,0,0,0,-13386
84031627,Team1,0,0,0,-12615,0,15300,-16696,0,0,-15074,0,14010,0,13242,-14678,0,-18986,0,11217,0,0,0,0,0,0,0,0,0,14041,14543,0,0,0,0,0,-13881,0,0,0
84031640,Team0,0,0,-11691,13657,14147,0,0,0,0,0,0,0,0,11237,0,0,0,-11589,0,11772,0,-11338,0,0,-13826,0,0,0,0,0,0,-10723,0,0,0,-14851,12974,0,11381
84031642,Team0,0,0,0,0,0,0,0,0,16323,14237,0,0,0,0,14375,0,0,0,0,13854,14391,0,0,-14529,0,0,-12841,14430,-10783,-16962,-17793,0,0,0,0,0,0,0,-9855
84031643,Team0,0,0,0,0,-14190,0,17328,0,-13253,0,13296,-14185,0,0,0,0,-12384,13499,0,0,15842,-11701,0,0,0,0,15997,13768,-15919,0,0,0,0,0,0,0,0,0,0
84031680,Team1,0,0,0,0,11594,0,-16422,13708,0,10698,0,0,0,13034,0,-12792,0,0,0,-12198,0,13356,0,0,0,0,0,12250,0,0,-10740,-10436,0,0,0,-12757,0,0,0
84031687,Team1,0,-11509,0,0,0,0,0,0,0,0,0,-12046,0,12948,0,-11568,-12761,0,0,-12000,0,-11332,0,9638,0,0,0,0,11973,0,14196,14309,0,0,0,0,0,0,13371
84031719,Team0,0,0,0,0,0,-11917,14700,0,0,0,-11481,-13231,13636,-12847,0,0,0,17247,0,0,0,0,0,0,0,0,-9097,0,0,-10839,0,0,0,16983,0,14840,14070,0,0
84031828,Team0,0,-14437,13905,0,0,13816,0,0,-12806,0,13188,12527,0,0,0,-12870,-13967,0,0,-12970,0,0,0,20902,0,0,0,0,-12307,0,0,0,0,0,0,13818,0,0,0
84031855,Team0,0,16321,0,0,0,0,-17109,12573,-4287,0,0,0,0,0,13939,11893,0,-12832,0,0,0,13354,-15109,0,0,0,0,0,0,-15168,18654,0,0,0,0,0,0,0,-13198
84031885,Team0,0,14268,-13449,14134,0,0,0,0,11518,0,0,0,-12524,0,0,0,16511,0,0,0,-13814,13561,0,0,0,0,0,0,15200,-13680,-13757,-14557,0,0,0,0,0,0,0
84031901,Team1,0,13653,0,0,-12876,14416,0,0,0,0,8949,0,0,0,0,-10822,0,0,-13899,0,0,10066,0,0,0,0,-16527,0,13511,0,-12119,-13125,0,0,11595,0,0,0,0
84031915,Team0,0,0,14983,0,0,0,-18665,-16424,0,12827,0,14761,0,0,-13520,0,-12725,0,-12803,0,0,12831,0,0,-13918,0,0,0,0,0,0,0,0,13069,0,0,0,13330,0
84031989,Team1,0,0,0,0,-13078,11553,0,0,0,0,-11276,-17778,0,-12575,0,0,0,-15598,0,0,14653,11202,0,11887,0,0,0,0,0,12332,0,11154,-11447,0,0,0,0,0,0
84032034,Team1,0,0,0,0,0,0,-12318,0,0,13091,0,0,0,14363,12299,-12588,0,-12523,0,0,0,-11456,0,0,0,13857,-13482,0,0,16033,-16019,0,0,0,0,12495,0,0,0
84032059,Team1,0,11297,13492,0,-15128,0,0,0,0,0,11175,0,0,0,0,0,0,10423,0,0,0,-12754,0,0,0,0,0,0,-11134,0,0,-12460,11700,-14001,-12227,0,0,0,13380
84032077,Team1,0,0,14593,10882,0,0,0,0,-11490,0,10182,-13406,-11818,0,11929,0,13553,-11799,0,-13966,0,0,0,0,0,0,0,0,0,0,0,0,0,0,0,-13127,0,0,14774
84032137,Team1,0,14894,13628,0,0,0,12054,13668,0,0,0,0,0,0,0,-15026,14213,-14480,-11945,0,0,0,0,0,0,0,0,-11702,11241,0,-15246,0,0,0,-13475,0,0,0,0
84062396,Team0,0,15121,0,0,0,0,0,-12194,0,0,0,13469,-16082,13248,0,0,0,-12164,0,0,13606,0,0,0,0,-12926,0,0,0,-13376,16371,14625,0,0,0,0,0,0,-14384
84062422,Team1,0,-11386,12165,0,0,0,0,0,0,0,-11948,-9777,11374,-15589,0,-14294,0,17871,12477,0,0,0,0,0,0,0,0,0,0,16861,-12670,0,0,0,0,0,0,15456,0
84062451,Team1,0,13494,17975,0,0,0,0,0,0,-12616,0,-12933,0,-16245,0,0,0,12194,0,0,-17090,12607,0,-18519,0,0,0,0,12433,0,0,0,12990,0,0,-11774,0,0,0
84062470,Team1,0,14679,12242,0,14452,0,0,0,0,0,0,0,-11588,0,0,0,0,-15582,-12609,-13438,0,-13248,0,-15289,0,0,11445,0,0,0,0,0,0,11081,11216,0,0,0,0
84062492,Team1,0,0,-14703,12265,0,0,0,0,0,0,0,0,-13751,15037,0,0,0,9524,0,0,0,-14330,-12430,0,0,0,0,13926,0,-13155,-10855,0,0,11110,0,0,13218,0,0
84062493,Team1,0,0,11222,0,12056,10707,0,11064,-13867,0,0,-12284,10716,0,0,0,0,0,0,0,0,0,-10727,0,-11102,0,0,0,10485,0,-14278,0,0,0,0,0,0,-14547,0
84062516,Team0,0,0,0,-10792,0,-14685,0,-11063,-9959,0,12105,14286,0,13138,0,0,0,14059,0,0,-13727,13793,0,14508,-11584,0,0,0,0,0,0,0,0,0,0,0,0,0,0
84062519,Team0,0,-11635,-10071,12905,0,-13982,0,0,0,0,0,0,0,-14750,0,0,0,12784,0,0,0,0,0,0,14936,0,0,0,-11148,0,0,0,13823,0,-13231,0,0,13437,12928
84062610,Team0,0,0,0,11283,-10978,-11775,18355,0,0,0,0,0,0,0,0,-15168,13583,0,0,0,0,0,0,0,13921,0,0,-13792,11628,0,-15634,-12080,0,0,0,15970,0,0,0
84062629,Team1,0,0,0,-13891,-15028,0,13600,0,0,0,0,0,11308,-16259,0,0,0,0,0,-15156,-13090,0,0,12063,0,16410,10419,16663,0,0,0,-13482,0,0,0,0,0,0,0
84062638,Team0,0,0,0,13285,12879,0,-14979,0,0,0,0,0,0,0,0,-13741,11600,0,0,0,-11886,0,0,0,0,0,-13394,15010,0,0,-11526,0,16268,10615,0,-11263,0,0,0
84062643,Team1,0,0,-12199,10534,0,0,9876,0,-11389,0,0,0,0,-10087,0,0,14636,-11251,-10356,0,9759,0,0,0,0,0,0,12888,0,0,0,12553,0,0,0,0,0,-12967,0
84062648,Team1,0,0,0,0,0,0,12999,0,0,0,0,-13280,0,-14499,14521,0,0,-12344,0,0,12285,12171,0,-13121,0,0,0,13154,0,0,-12518,0,-12866,0,0,0,12622,0,0
84062704,Team0,0,-11270,11140,-10849,0,0,0,0,0,0,0,0,10938,-13274,0,0,0,12875,0,0,0,0,12537,-12948,0,0,0,12904,0,0,18792,0,0,0,0,-13903,0,-10431,0
84062712,Team0,0,0,-13064,0,-14449,0,0,0,-14828,0,14513,14290,0,0,0,0,0,0,-11965,14393,0,13570,0,-14850,0,0,0,0,13979,0,0,0,0,-19659,0,0,0,0,16116
84062725,Team1,0,0,0,10907,0,-13624,-19086,0,-13331,0,0,0,0,0,-11855,0,0,13195,0,0,14880,12639,0,11830,-15598,0,0,0,-13248,0,0,0,0,0,0,0,0,0,12636
84062765,Team0,0,-12907,0,0,0,0,16593,0,-13221,0,16062,0,0,-12431,0,0,0,0,0,0,13872,0,0,0,0,0,0,-15526,-12284,13710,-13933,0,13884,0,0,0,0,13238,0
84062782,Team1,0,0,-15121,0,12616,0,0,0,-14443,11475,0,13429,-18862,12730,0,12630,0,14343,0,0,0,0,0,0,0,0,0,0,0,-12779,-21733,0,0,0,0,-14440,0,0,0
84062806,Team1,0,-11524,0,-14759,0,0,0,-13323,-11935,12780,0,15558,0,0,14953,0,9883,-12268,0,0,0,0,0,0,0,0,0,0,10171,0,0,0,0,0,12131,-13510,0,0,0
84062823,Team1,0,0,0,0,-14667,0,0,0,0,0,0,0,0,10264,-12395,0,0,0,-11043,0,0,12698,0,0,0,0,0,15431,0,0,12521,0,-13271,0,13041,-12445,0,12896,-11871
84062862,Team0,0,0,0,-12880,12784,0,14369,0,0,-12734,0,10953,0,-14934,0,0,15589,0,0,0,-17009,0,11561,0,0,10546,0,0,0,-12818,0,0,0,0,0,-12306,0,0,0
84062890,Team0,0,0,0,0,0,0,-13070,0,0,0,-10337,16707,0,0,-12147,0,0,0,12995,-12053,0,-10091,0,0,12924,0,13750,0,-18781,0,18194,0,0,0,0,0,0,11032,0
84062891,Team1,0,14082,0,-14548,0,0,15651,0,-15107,0,0,0,14700,0,0,0,0,0,0,0,0,-13895,0,0,12055,0,0,16436,0,0,-15338,11325,0,0,0,-15177,0,0,-13943
84062977,Team0,0,0,-16831,0,0,-13345,0,-11893,12203,0,0,14648,0,0,0,0,12885,-14979,0,0,0,0,0,-14289,0,0,0,12813,12996,0,15467,0,0,0,-12654,0,0,0,0
84032141,Team0,0,0,-15237,0,0,-12056,0,-11324,0,0,0,-13065,0,0,17081,0,-11708,13201,0,0,0,15600,0,-16591,0,0,0,0,0,12292,0,0,0,0,13653,0,12961,0,0
84032152,Team0,0,0,-13021,0,13009,0,0,0,-13209,0,0,0,0,0,-12373,0,13969,0,-11432,-12232,-13830,0,0,12963,0,0,0,0,13911,14821,0,0,0,0,0,0,15137,0,0
84032246,Team0,0,0,0,0,-13935,0,0,10867,11146,0,0,0,0,0,0,0,0,-9053,0,11210,0,-12364,0,0,10588,0,0,0,13977,-12768,0,-13042,-12887,0,0,0,0,0,16810
84032305,Team0,0,-11967,0,0,0,-10368,0,0,-13554,11346,0,12349,0,0,0,10897,0,12395,0,0,0,11989,0,-14946,-12939,0,0,0,-11098,0,0,0,0,0,0,11525,0,0,0
84032328,Team1,0,-15233,0,-11924,-15090,0,0,0,0,14788,0,0,12861,-11285,0,0,0,0,0,0,14334,12812,-10974,0,0,14024,0,0,0,0,0,0,0,0,0,0,0,12326,-14037
84032388,Team0,0,0,0,12975,0,11071,0,0,0,0,0,12875,0,0,0,-12343,0,-13124,14375,-12788,0,0,-12280,-14216,14838,0,0,0,0,0,0,0,0,0,-16183,0,0,11529,0
84063057,Team0,0,-6535,19575,0,0,0,0,0,-10727,0,15290,0,-12688,0,0,0,0,15340,0,-14227,0,0,0,18032,0,0,0,0,-8662,0,-12886,0,17248,0,0,14854,0,0,0
84063357,Team0,0,0,0,14247,0,-11398,0,0,0,12878,-10477,-12155,0,0,0,13893,0,0,-16141,0,18661,12845,0,-16988,0,0,0,0,0,-10288,14070,0,0,0,0,0,0,0,0
84122050,Team1,0,-13014,0,0,0,0,0,0,0,0,0,10271,0,11637,0,-12243,0,0,0,0,0,0,0,0,-13751,0,0,0,12080,14165,13098,-12109,0,-13158,0,0,10207,0,-13284
84122090,Team1,0,0,-17332,0,0,-16521,12757,0,-13753,0,0,9310,0,0,0,0,12183,13498,0,0,0,0,0,-16693,0,0,0,0,0,14228,-15494,0,0,0,-15374,0,11975,0,0
84122116,Team0,0,0,0,0,0,0,-15642,12968,0,-10995,0,12645,0,0,-11490,0,-11452,13904,0,12132,0,0,0,0,0,0,0,-13206,14493,0,0,0,0,0,13179,-13244,0,0,0
84122136,Team1,0,0,-18095,0,-12732,12713,0,0,0,0,0,13490,0,13243,-12938,13720,0,-12611,-14417,16197,0,0,0,0,0,0,0,0,13645,0,0,0,-13086,0,0,0,0,0,0
84122145,Team1,0,-15619,0,0,0,0,0,11845,0,10388,0,-15762,0,-11026,11065,0,0,-12319,0,0,0,11941,0,0,0,0,0,0,0,13905,0,0,0,0,0,-11347,-11991,0,11688
84122187,Team1,1,0,0,0,18948,11521,0,0,0,0,0,-18390,12397,-14622,0,-13219,0,11711,0,0,-17303,0,0,15841,0,0,0,0,0,-20378,0,0,0,-15971,0,0,10529,0,0
84122212,Team1,0,0,-14769,0,-13667,0,0,0,0,10539,0,0,0,0,10237,-11184,0,-12189,0,0,15562,0,-9693,0,0,14611,15598,0,0,0,0,0,0,0,-11572,0,0,0,11411
84122249,Team0,0,0,-14513,14299,0,0,0,0,0,0,-12481,13827,0,-11441,-12640,0,14204,0,0,16464,-11326,13972,0,0,17977,0,0,0,0,0,0,0,0,0,-14085,0,0,0,0
84122277,Team0,0,0,14130,0,10785,12652,0,0,0,0,0,-12453,0,0,0,0,-13193,0,-12179,0,-13793,0,0,0,14146,0,0,-12650,0,-15154,0,0,14288,0,11115,0,0,0,0
84122296,Team0,0,13293,0,0,0,0,0,0,0,0,0,14464,0,0,-11270,0,18346,0,0,0,-11727,-13532,13340,-16754,0,0,0,24443,0,0,0,-11855,0,-13867,0,0,0,13362,0
84122307,Team1,0,-14484,0,-10478,0,-14873,13450,0,0,10087,0,12719,0,0,0,10255,11448,-12946,0,14412,0,0,0,0,0,0,0,0,0,0,0,0,-10565,0,0,0,-10041,0,0
84122323,Team0,0,0,0,0,0,12769,0,0,-12376,0,0,0,0,0,-12378,13792,0,0,0,0,-10615,13093,-14957,0,11430,0,0,0,0,0,13135,11636,0,-14416,0,0,-12671,0,0
84122324,Team0,0,0,0,0,0,0,0,0,0,0,0,0,0,0,0,-10862,0,15792,0,0,0,0,0,0,0,0,0,0,0,0,0,0,0,0,0,0,0,0,0
84032412,Team1,0,13322,0,0,-13064,0,0,9253,0,-12750,0,0,0,0,0,12282,0,0,0,14242,14640,10422,0,0,-11097,0,0,-13234,-13575,0,0,0,0,0,0,0,0,0,-12209
84032448,Team1,0,0,14523,0,0,0,-16196,0,0,0,0,0,0,0,0,-12142,0,14158,0,-13821,0,12843,0,-14083,13513,0,0,0,0,0,-16984,0,0,0,0,0,11197,13084,-13322
84032482,Team0,0,-10261,0,0,11730,-12105,16499,0,-12660,0,12902,-13550,0,0,0,0,0,0,0,0,0,13049,0,0,-12007,0,0,0,0,0,0,0,0,0,12218,13878,0,0,-12722
84032494,Team0,0,15868,0,0,11171,0,0,0,0,0,-13581,0,-12239,12339,0,13196,0,0,0,-11470,-13696,0,0,0,0,0,0,-17048,0,0,15218,0,0,0,0,0,15423,0,-13147
84032507,Team0,0,0,15214,0,0,-12397,0,20532,-14062,0,0,-15419,0,0,0,-13031,0,0,-13646,0,14584,12157,0,0,0,0,0,19962,0,0,-13204,0,0,11352,0,0,0,0,0
84032537,Team1,0,11435,0,0,0,11579,0,0,-12688,0,0,-14943,0,0,14089,0,0,-12639,-13275,-15128,0,-13616,0,0,0,0,0,0,0,12456,0,12779,0,0,10620,0,0,0,0
84032571,Team0,0,0,0,13464,0,0,-13479,0,0,0,0,0,0,0,0,0,0,-9127,-11645,0,15718,-11000,0,0,0,0,0,0,0,-12229,16502,12763,12516,15503,-13221,0,0,0,0
84063411,Team1,0,0,0,0,0,0,0,0,0,10856,-12870,14291,0,0,0,0,0,0,0,-10635,-14912,9247,0,13594,0,0,-9646,-13200,0,15235,0,0,0,13105,0,0,0,-9849,0
84063473,Team0,0,13288,-13031,0,0,-12914,0,0,-14018,0,0,0,0,0,0,14964,0,-13959,16339,0,0,0,0,0,0,0,0,0,-8419,0,17049,-13443,14730,0,0,0,0,14369,0
84063475,Team0,0,15768,-11069,0,13763,0,0,0,14952,0,-12382,13323,0,0,0,-13616,12200,0,0,0,-13221,12009,0,0,0,0,0,0,-16257,0,0,0,0,-13452,0,0,0,0,0
84063486,Team1,0,11440,-16611,0,0,-14044,0,0,12425,0,0,0,0,12454,0,0,0,0,0,0,13247,0,0,0,0,0,-14197,0,-11214,11179,-17200,-17996,0,0,14209,0,0,0,0
84093774,Team1,0,0,10965,0,-17281,0,0,0,0,0,0,0,0,9830,0,0,0,11417,-12831,0,-11861,-8009,0,14987,0,0,0,0,0,0,12621,-12996,0,0,0,-11599,13577,0,0
84093787,Team0,1,16949,0,0,0,0,0,-12034,0,0,0,0,-12788,0,0,0,0,-11533,0,12165,17076,-11697,0,0,0,0,11977,0,-12496,-18590,0,0,0,13930,0,0,11660,0,0
84093801,Team0,1,-16262,13544,0,0,0,12082,0,0,0,0,0,0,17106,0,0,0,12970,12332,0,-11157,0,-11465,0,0,-14505,0,0,13030,0,0,0,0,0,-13254,0,0,0,-11978
84093802,Team0,0,13563,-16283,0,-15448,-10954,0,0,0,0,0,13467,0,0,0,0,13840,0,0,0,0,0,0,-11927,0,0,-11351,0,-10529,14928,0,0,13945,0,0,0,0,13639,0
84093803,Team1,0,-12329,0,16133,0,0,0,0,0,0,0,-11884,0,-10052,0,0,0,12468,12756,0,14443,0,0,0,0,0,0,-10608,0,0,0,0,13739,0,-9179,0,-12288,0,14424
84093807,Team1,-1,0,0,0,0,-12658,0,0,13859,-8947,0,0,0,13725,0,-10742,0,0,14499,0,-12660,17977,0,0,0,0,-13070,0,13859,-18452,14166,0,0,0,0,0,0,0,0
84093863,Team1,0,0,0,0,0,13589,0,11300,0,0,0,0,0,-11354,0,10515,0,0,-12562,0,-13385,15043,0,0,0,-12264,14049,0,0,0,0,0,0,0,14271,0,-14878,0,-11533
84093878,Team0,0,0,-14847,0,0,0,-14901,0,12614,0,0,0,12485,0,0,11679,0,-11989,0,0,0,11952,0,0,0,0,-12628,0,11891,17585,0,0,0,0,-12255,-14209,0,0,0
84093903,Team1,1,-14388,0,0,0,-10432,-14779,0,0,15215,0,0,0,0,0,0,0,0,0,0,16787,-16601,-11367,0,0,0,16322,15328,-15038,12469,0,0,0,0,0,0,0,13703,0
84122324,Team0,0,0,0,0,18222,0,0,16252,-12860,0,0,0,17363,0,0,0,0,0,0,0,-10206,16681,0,0,0,0,14601,0,0,0,-10381,0,0,0,0,0,-10904,0,-12274
84122408,Team1,0,0,0,-11882,10927,0,0,0,0,11434,11925,0,13374,0,0,0,0,-12793,0,0,11721,10869,-11353,0,-14779,0,0,-12609,-11113,0,0,0,0,0,0,0,0,0,0
84122454,Team0,0,-13095,-14280,0,0,14094,14827,0,13007,0,0,-13622,0,0,0,0,-11791,15291,13099,0,0,0,-12703,0,-12026,0,0,0,0,0,0,0,0,0,12851,0,0,0,0
84122539,Team1,0,-14810,0,0,-12088,0,0,0,0,0,0,0,0,0,0,0,0,11748,0,0,0,-15221,0,0,0,0,0,13525,0,0,0,-11836,0,12236,11457,14245,10918,-13280,-12667
84122553,Team1,0,15032,0,-13361,0,-11768,0,-11984,0,0,0,0,0,14293,0,0,0,13876,0,0,0,0,0,0,0,14368,0,-14524,0,0,0,0,11539,-11844,-11295,0,0,0,12781
84032623,Team0,0,-10811,-13379,0,0,0,0,-11891,0,0,12643,0,0,0,0,-11058,0,11595,0,0,-11021,0,0,0,0,12178,0,12959,0,0,0,0,12444,-11268,0,12866,0,0,0
84032704,Team0,0,-9978,0,0,0,-8586,17738,-15861,0,0,-11795,0,0,0,0,0,13218,13163,0,0,0,0,0,0,0,0,0,15386,-8468,0,0,12886,-13723,0,0,0,0,0,13071
84032733,Team0,0,0,0,0,-14958,0,0,0,0,-10047,0,-13816,-11981,0,0,0,0,11107,0,0,0,13364,0,13132,0,0,0,0,0,0,14372,11207,0,0,12007,0,0,-13436,-10573
84032739,Team0,0,0,12954,0,-14131,0,0,0,11329,10036,0,0,0,0,0,12520,0,0,0,-16345,-16590,0,0,0,0,-17555,0,0,0,0,13826,0,-10647,0,0,10113,-10235,0,0
84032745,Team0,0,0,0,0,-15035,0,-16482,0,0,-15404,0,19692,0,0,0,0,0,13771,0,17581,0,-13241,0,0,0,0,0,15189,-15949,0,0,0,16504,-13130,0,14974,0,0,0
84032768,Team1,0,-13057,0,0,0,0,-18250,0,0,0,12174,11365,0,9830,-11516,-10286,0,11640,0,0,0,13671,-10553,11156,0,0,0,0,0,0,-13824,0,0,0,0,0,0,0,0
84032815,Team0,0,0,15067,0,0,0,0,10618,0,0,0,-14675,0,-12401,0,0,0,13337,11812,0,0,0,-11192,13426,0,0,0,0,0,-12343,-13999,0,-10874,0,0,15256,0,0,0
84093906,Team0,0,0,-15004,-13374,0,0,17124,0,0,0,11577,0,0,15363,0,0,-16949,10876,0,0,-14059,0,-13205,0,0,0,0,0,-11560,0,0,0,0,0,14403,0,0,0,10792
84093907,Team0,0,0,0,0,0,-14494,0,14585,12920,0,0,0,-15763,0,-12728,0,0,0,0,-15513,0,0,0,0,11391,-15063,0,0,0,13561,0,0,0,13496,13015,0,-12233,0,0
84093908,Team0,0,-12026,-13686,11095,0,-13422,15910,0,10854,-14163,0,0,-13791,0,0,11406,0,0,0,0,0,0,0,0,-13801,0,0,0,12257,0,0,0,0,0,0,0,11977,0,0
84093913,Team1,0,0,0,0,0,14332,14562,0,15217,0,0,0,0,-11136,0,0,0,12260,-13305,0,0,0,0,0,-14826,0,0,-12561,0,16755,0,0,0,-15448,-16166,0,16357,0,0
84093975,Team0,0,12964,-14601,0,0,12907,0,0,0,0,0,0,0,0,0,0,-11959,0,0,0,-13150,0,12439,0,0,-16100,12373,0,0,13195,0,-13189,0,0,13665,0,0,-11307,0
84093993,Team0,0,0,-15265,0,0,-11602,0,13503,-11635,0,0,0,0,0,0,0,0,0,0,0,-11326,0,13695,0,0,0,0,13019,-12980,0,15824,-11714,0,0,21129,12947,0,0,0
84094017,Team1,0,0,0,0,0,14582,0,0,0,0,0,0,0,12501,0,0,0,0,0,0,-18547,0,0,0,-12272,0,-14559,17184,14606,-16837,-12275,-12570,0,0,0,0,12773,10353,0
84032819,Team1,0,16858,11447,0,0,0,0,0,0,0,-13562,12772,0,-10642,-15871,0,11495,13383,0,-14893,0,0,0,-16215,0,-17473,0,0,0,0,0,0,12600,0,0,0,0,0,0
84032852,Team0,0,0,0,0,0,14628,0,0,0,-12622,0,-13732,-12115,0,0,0,0,0,0,-14328,0,0,0,0,-12316,12941,0,0,0,0,14693,0,11696,0,0,0,16017,-12591,10592
84032884,Team0,0,-16325,14161,0,0,12598,0,0,-12207,0,0,0,0,0,0,0,0,0,0,0,0,-9472,0,0,0,0,0,15369,0,0,-14727,14275,0,0,0,13311,-10816,13997,-12655
84032894,Team1,0,0,-15974,0,0,-16640,15192,-14953,0,0,0,0,0,-12094,0,0,12377,0,11347,0,13148,0,0,14461,0,14878,0,-13431,0,0,0,0,0,0,0,-13433,0,0,0
84032931,Team0,0,0,0,0,-13743,0,0,0,0,0,-10924,0,-11825,-12467,-14881,0,0,0,0,0,14352,0,0,0,0,-13565,0,0,12739,12262,0,12104,0,0,0,11550,0,0,14638
84033016,Team1,0,-12513,0,0,0,12921,0,11765,11595,0,0,0,0,-11090,0,0,0,0,0,0,-11412,-12732,0,0,0,13724,0,14463,0,-19300,0,0,0,0,0,0,-13448,12373,0
84033049,Team1,0,0,16554,11571,0,0,0,0,0,0,-13649,0,0,0,11738,0,0,0,0,15384,0,-12856,0,-12846,0,0,0,-14335,-11375,0,-12842,0,11799,0,0,18871,0,0,0
84033055,Team1,0,12980,0,0,0,0,0,0,12619,13898,0,0,0,-13292,0,0,0,0,0,0,0,0,0,13909,0,-15100,0,0,0,0,0,0,-12482,0,0,0,0,0,12214
84152296,Team1,0,13560,0,0,0,-16322,11109,0,-13747,0,0,-18662,0,10457,0,0,0,0,-16516,0,17157,11955,11901,0,0,0,0,0,0,0,0,0,0,0,0,0,0,-12953,-16040
84152315,Team1,-1,17315,-17308,0,-20118,0,0,-14968,0,0,0,14217,0,0,-14678,0,0,12531,-16903,0,0,0,0,0,0,0,0,0,0,-16052,19252,0,13534,0,0,0,11737,0,0
84152319,Team1,0,0,-12373,-16322,16030,0,14569,-16054,0,0,0,0,-11014,13191,0,0,0,-11230,0,0,0,0,0,0,13379,0,0,0,0,0,0,0,0,-14711,0,0,13618,14291,0
84152350,Team0,0,-11853,12979,12074,0,14591,0,0,0,0,0,0,0,0,13973,0,-12199,0,0,13971,0,-13585,0,-12198,0,0,11471,0,-12694,-12965,0,0,0,0,0,0,0,0,0
84152358,Team0,0,0,-17016,0,13962,0,0,0,0,0,0,0,0,-12941,0,0,0,17756,0,0,-11717,14044,17741,0,0,0,0,11158,-11623,0,0,0,12731,0,-11823,0,-13265,0,0
84152381,Team0,0,0,-12741,0,0,0,0,0,0,0,0,12559,0,0,-13076,13192,-11786,13906,11858,0,-11154,0,0,0,0,0,0,0,-13053,0,0,0,0,0,0,14127,-12204,15818,0
84152486,Team1,0,-11958,0,0,0,14386,-10690,0,13778,0,0,0,-12217,0,-13006,0,0,-13335,0,14583,0,0,-10198,0,0,0,13578,0,0,0,0,0,0,0,15356,0,0,12924,0
84152488,Team1,0,0,-14169,0,17397,12511,0,0,14312,0,0,0,0,-12354,0,13651,0,-14527,0,0,0,13107,0,0,0,0,0,-15843,11670,0,0,0,0,-14410,0,0,-11889,0,0
84094089,Team1,0,18227,12828,0,0,0,-14057,0,0,0,0,0,0,11440,0,-13551,0,-16673,0,0,11439,0,13048,-12361,11005,0,0,0,0,0,0,0,0,-15731,-13723,0,0,0,0
84094091,Team1,0,0,0,0,12741,-11814,0,0,11310,0,13147,-12033,0,-11658,11148,11633,0,0,0,-12900,0,0,0,0,0,0,0,0,-12115,0,0,0,0,0,-13576,0,0,0,15649
84094108,Team1,0,0,14652,0,0,0,0,0,0,-13001,0,0,0,0,0,-12915,0,0,0,-14965,14763,10822,0,-14440,0,0,0,-13899,0,16061,0,0,0,-15752,11236,0,0,13779,0
84094111,Team1,0,-14741,0,0,0,0,0,-12131,0,0,0,14902,0,0,0,0,0,0,-14170,0,-13093,-15887,0,0,0,0,0,0,0,-11817,0,0,0,10547,14800,11688,10352,10138,0
84094124,Team1,0,0,14733,11318,0,0,12649,0,-11449,0,0,0,0,0,-14143,0,0,0,-10800,0,0,0,12455,13807,-12523,0,11872,0,0,0,-12192,0,0,0,-15791,0,0,0,0
84094159,Team0,0,11299,0,0,0,0,0,0,0,13170,0,12174,0,0,-12051,0,0,11736,0,0,0,12644,0,0,-12951,0,0,0,-12072,-14466,0,-10739,0,-12233,15282,0,0,0,0
84094204,Team0,0,0,0,0,0,0,0,0,14229,-13956,0,0,0,0,0,0,0,12413,11714,0,-10115,12298,0,-13032,11882,0,0,0,12143,-9835,0,0,0,0,-10148,0,0,0,-13060
84094205,Team1,0,0,0,0,0,-15963,-12558,0,0,0,0,12479,0,0,9615,0,0,0,0,-15267,0,9991,-12397,0,0,0,0,0,-12968,0,15000,13760,0,12157,0,0,-12615,0,0
84094226,Team1,0,0,0,0,0,0,0,0,0,13618,-11914,13254,0,14062,-15385,0,0,0,0,0,12797,0,0,0,0,-16772,0,-13460,14116,13919,0,0,0,0,0,0,0,-13158,-12558
84094257,Team0,0,-14589,0,12210,0,14475,-13085,0,0,0,0,0,0,0,14455,-11984,0,0,12566,0,-10343,0,12394,0,0,0,0,0,0,17514,0,0,-12043,0,0,0,-10736,0,0
84032655,Team0,0,0,-12967,0,0,0,14697,0,17192,13104,0,0,0,11457,0,0,0,12055,0,-13940,-11304,0,-11639,0,0,-13700,0,12055,0,0,0,0,-11974,0,0,0,0,0,0
84181536,Team0,0,0,-15079,0,0,0,15719,0,-14431,0,0,0,0,0,0,0,0,0,0,0,0,0,11838,-13028,0,0,0,0,0,15532,-12931,0,0,-13579,14734,0,-12178,14553,12367
84181563,Team0,0,-15954,0,-16742,0,0,0,0,0,0,0,13435,0,0,0,0,0,0,0,12969,0,-11752,0,0,0,0,0,0,0,-13124,14895,14166,0,0,14204,13797,-12384,0,-13739
84181679,Team0,0,0,18982,0,13020,12886,0,0,-10890,-12263,0,-14213,0,0,0,0,0,0,0,0,0,13027,0,0,13634,0,0,-11605,0,0,-11688,0,0,0,0,0,11637,-10100,0
84181749,Team1,0,0,0,12018,-17998,0,0,0,0,11971,0,-14815,0,11600,0,0,-13882,12669,0,0,0,13366,0,0,0,0,0,-13132,0,0,0,0,0,0,13527,0,-13668,-16198,0
84214924,Team0,0,0,0,0,0,13071,0,0,12586,-9964,0,0,0,0,0,0,0,0,0,-11604,-10718,-12284,0,0,0,12767,-15677,13373,-10860,0,14430,11891,0,0,0,0,0,0,0
84214930,Team1,-1,-14754,0,0,0,12418,14986,-15146,0,0,0,0,11900,0,13141,-13985,11633,0,0,0,0,0,0,0,0,0,0,0,0,0,0,0,0,-14495,-13774,-13678,12259,0,0
84214977,Team1,0,0,0,0,0,9597,11356,0,-13214,-12946,0,0,0,0,0,0,0,0,10393,0,-14524,9984,0,0,16560,0,0,-15193,10718,0,-15403,0,0,0,-17752,0,0,0,0
84152498,Team1,0,0,0,0,-13539,0,0,0,0,-12010,0,0,0,14465,0,0,0,0,0,0,-15967,-13578,0,0,0,-15781,-14705,15428,11764,0,12804,0,0,11964,0,0,12429,0,0
84152535,Team1,0,12985,-14041,11859,0,9665,0,0,12368,0,0,0,0,0,0,0,0,0,0,0,0,-12870,0,0,0,0,0,0,-13564,0,-13360,0,0,0,11546,11881,-15303,-12896,0
84152545,Team1,0,0,0,0,8596,0,0,0,0,0,13424,8582,0,0,-14115,0,0,-12566,0,8670,0,0,0,0,0,0,0,0,0,-13075,0,-15065,0,0,-12936,10843,4700,-16271,0
84152546,Team1,0,0,-12737,12272,0,12515,0,0,0,0,0,-12342,0,0,0,0,-12565,-13222,0,0,0,0,0,0,0,0,0,0,12434,16114,0,0,0,0,11260,0,-11276,12217,-13179
84152613,Team1,0,13688,-4080,0,0,0,0,0,0,0,0,1862,0,0,0,0,18051,14672,0,0,0,-14908,0,-15677,0,0,13972,0,0,0,0,10646,0,-12328,-15208,0,0,-15778,0
84152637,Team0,0,0,13664,0,-10932,13281,0,0,0,0,0,-12438,0,0,0,11656,0,11119,12867,0,-11726,0,0,0,0,0,-10740,0,0,0,0,-11016,14694,-11498,0,0,0,0,0
84152640,Team1,0,0,0,0,0,0,0,0,0,0,0,0,0,0,0,0,-11534,0,0,13503,-11963,15999,16555,14605,0,-14225,0,-14488,-15894,0,0,-13780,0,0,11730,0,0,14208,0
84152650,Team1,0,0,0,0,13105,14410,0,0,13087,0,-11794,0,0,-13037,0,0,0,0,0,0,-10236,0,0,0,0,0,0,0,11740,0,0,0,-12204,0,-11559,0,15093,-10299,12347
84152683,Team0,0,0,0,0,0,0,0,0,12626,0,-13866,9903,0,-13124,-16335,0,11984,0,0,14875,0,-14346,0,-15470,-12537,0,0,0,10305,0,0,0,0,0,10822,0,0,0,0
84152693,Team0,0,11865,0,0,0,0,0,0,0,-12999,0,14935,0,0,0,12409,0,0,0,0,0,0,0,0,-15548,-13772,0,17446,0,0,0,0,-11133,0,12377,0,12046,-16227,-16727
84122613,Team0,0,0,0,0,-12139,0,18585,0,-11954,0,0,12971,0,0,0,0,12061,12182,0,0,0,9066,-11579,-12733,0,0,0,0,0,-13235,0,0,0,0,0,0,13415,-15416,0
84122636,Team1,0,0,0,12095,0,15261,0,0,13725,0,0,0,0,0,0,13791,0,0,0,-14358,-14358,0,0,0,-16043,0,0,-18156,11074,0,0,0,0,12351,0,0,-14378,-13870,0
84122676,Team0,1,0,0,0,12933,0,-15590,0,11976,0,0,0,-12215,0,0,12772,0,0,-10824,16688,-13584,0,0,0,0,0,0,0,0,0,15584,0,11958,0,0,-10824,0,-11814,0
84122680,Team0,0,13879,13962,0,0,0,-13407,0,0,-13478,0,13753,0,-11014,0,0,12997,0,0,0,-12887,-13969,0,0,0,0,0,0,-12836,0,16891,0,13977,0,0,0,0,0,0
84122711,Team1,0,0,-15618,0,0,12592,0,0,0,0,0,0,0,-11931,0,13229,0,0,12240,0,-13848,-12187,0,-18121,0,0,0,10881,10594,0,12953,-12853,0,0,0,0,0,0,0
84122788,Team0,0,13893,0,14447,0,0,0,0,15568,-10613,0,0,0,0,0,0,0,14546,0,0,-11906,-14176,0,-13077,-13777,0,0,0,-12252,0,0,0,0,0,15635,0,0,13308,0
84063621,Team1,0,-15622,0,0,0,0,-20866,-13117,-13717,0,0,12786,0,0,0,0,15464,12294,0,0,-13434,0,0,12292,12680,0,0,0,0,0,0,14089,0,-16748,0,0,0,0,0
84063622,Team1,0,0,0,-17895,0,0,0,0,0,0,0,0,0,0,0,0,0,0,5417,0,9172,0,0,0,-16453,0,0,0,10167,12542,-22792,0,0,0,13208,-22760,-6925,10825,-17322
84063632,Team0,0,-12453,10823,-12899,0,0,0,0,-14190,0,0,14878,0,0,0,0,15046,-10751,0,-12440,0,0,0,0,0,0,0,0,10432,0,0,0,0,0,-15304,14898,0,0,9155
84063652,Team1,0,0,0,10252,0,-13533,0,-12779,0,0,11712,-12449,0,14568,0,0,0,0,0,-16818,0,-11559,-12749,0,0,0,11116,0,0,11097,13650,0,0,0,0,0,0,0,0
84063664,Team0,0,-13884,15296,0,0,0,0,0,0,0,0,-12028,0,14195,0,0,0,-11181,0,0,-12703,-11681,0,0,14300,0,0,0,0,0,0,-11741,0,0,0,18347,0,16842,15492
84063676,Team1,0,7615,0,8084,-13169,0,0,0,0,-14883,0,0,0,0,0,-12874,-12618,0,7521,0,0,0,0,0,0,0,0,-14867,0,0,0,0,0,10218,-13453,0,0,5906,7357
84063714,Team1,0,0,14014,0,-12152,11037,-13875,0,10217,0,-11587,0,0,-12237,0,0,0,0,0,0,0,-10622,0,0,12633,0,0,9739,0,0,0,0,0,9463,0,-11263,0,0,0
84063720,Team1,0,0,0,0,0,0,0,0,0,-14784,9936,-11998,-13462,-15216,0,0,10341,-13402,0,0,0,0,0,0,11022,0,0,13456,13687,14227,0,0,0,0,0,0,0,-11298,0
84063732,Team1,0,0,0,0,11608,0,11797,0,0,0,0,-12550,0,12382,0,11931,0,11857,-16120,0,0,-12752,0,0,0,0,0,0,-13859,0,-16482,0,0,0,13384,-12041,0,0,0
84063747,Team1,0,0,0,0,0,0,0,0,0,0,-14684,15028,0,0,-14565,0,0,0,13778,-13890,11612,-13375,0,0,0,0,0,-14507,0,0,0,0,0,12332,9801,13046,0,-13478,0
84063753,Team0,0,0,16297,0,0,11596,-11751,11488,0,0,0,-11906,0,-10041,0,13916,-11246,0,0,0,0,-12936,0,0,-12627,0,0,0,0,0,13031,0,13880,0,0,0,0,0,0
84063774,Team1,0,-6633,0,0,3177,0,-8820,0,0,0,2968,0,0,0,0,0,0,0,10763,-10469,-7907,0,-9828,0,0,0,-8936,4545,0,0,2588,0,2843,0,0,0,0,0,0
84094269,Team1,0,-15694,12942,0,0,-15800,0,0,0,0,0,14564,-11739,0,0,0,0,0,0,0,0,12359,0,-15848,10682,-13601,0,0,0,0,0,0,0,0,0,-13640,10640,0,13699
84094270,Team0,0,0,18491,0,0,11735,0,13758,0,0,0,0,-10502,14359,0,0,0,0,-12932,0,-12849,12918,0,0,-15485,0,0,0,13011,0,0,0,0,-13437,-15389,0,0,0,0
84094272,Team1,0,0,0,0,0,0,0,0,0,0,0,-12283,12045,-12891,10358,12153,0,-15102,0,0,0,-13700,0,0,0,0,0,0,11644,13253,0,0,0,9667,0,0,-11712,-11504,0
84094282,Team1,0,0,-16895,-15470,12632,0,15733,0,0,14044,0,0,16322,0,0,0,0,0,0,0,12026,0,0,0,-16253,0,0,0,12319,0,0,-14598,0,0,-17326,0,0,0,-12038
84094321,Team0,0,-14143,0,0,0,10943,-18544,0,0,0,0,-10331,0,0,0,0,-9948,0,0,0,0,0,-11371,11875,-10553,0,0,15023,0,0,16061,11736,0,0,0,0,0,0,19778
84094386,Team1,0,0,0,0,0,-13263,0,0,-12368,0,0,17951,0,0,0,0,12285,13371,0,0,-12079,0,0,-14056,0,0,0,15166,0,-11614,0,10391,0,0,0,0,-10676,0,13602
84094388,Team1,0,0,14131,0,0,12440,0,0,0,0,0,-16644,0,0,0,13685,-14778,0,0,0,0,0,0,0,0,-13586,0,0,0,-14485,0,0,-13898,8321,0,0,11884,-14373,11915
84094407,Team1,0,0,0,0,13799,-14349,19161,0,-12804,0,0,14298,0,0,0,12701,0,0,0,0,0,0,14465,0,-14843,11873,0,-13294,0,0,0,0,0,-10644,-14627,0,0,0,0
84094411,Team0,0,-13123,0,0,0,0,0,0,17031,0,11675,0,0,-15301,0,-14657,0,12128,0,12317,0,0,-13387,0,0,0,0,12832,0,-13515,0,0,0,-15754,17658,0,0,0,0
84094433,Team0,0,0,-12824,17035,14007,-13778,0,0,0,0,0,-11962,0,14046,0,0,0,-13129,12270,0,0,0,0,0,-13791,0,0,0,11891,0,0,0,0,0,0,11452,-13111,0,0
84094436,Team1,0,14794,0,13026,14588,11526,-13189,13529,0,0,0,-13114,0,-11631,0,0,0,0,-11897,0,0,0,0,0,0,0,0,0,0,0,0,0,0,-12947,15159,0,0,-13205,0
84094441,Team0,0,0,-15815,0,0,-10934,0,10962,0,0,0,0,0,0,0,12154,0,0,-14644,0,0,12086,0,0,0,0,0,-11710,-11649,0,14947,0,0,-11377,13327,0,14608,0,0
84094458,Team0,0,0,0,0,0,14507,0,0,13227,0,0,13987,0,0,17646,0,0,0,10501,0,-11417,0,0,-15672,0,0,-13816,0,-10124,17260,0,0,0,-17732,0,0,0,-9877,0
84248186,Team1,1,17560,0,0,0,0,0,0,0,9480,0,0,0,0,9535,12954,-12180,0,0,0,-15653,14686,0,-15579,10275,-16797,0,0,0,0,0,0,0,0,-20858,0,-17180,0,0
84248231,Team1,0,0,0,-14116,10605,-14398,-18888,0,0,0,0,0,0,0,0,-15368,0,0,0,0,0,0,-14159,11582,0,0,0,0,10500,0,0,0,10702,11815,15402,0,0,0,-14672
84248306,Team1,0,0,18869,0,0,0,0,-10851,0,0,0,0,0,-10259,0,0,0,11447,10363,-16716,12043,0,0,-11360,0,-15226,0,0,17265,0,0,0,0,0,0,0,10884,-15749,0
84248307,Team1,0,0,15760,0,0,-11457,0,0,-11319,13147,0,12071,0,0,0,0,14297,0,0,0,0,-14782,0,16844,0,0,0,0,-11927,-14245,0,0,0,0,-12255,14931,0,0,0
84248380,Team0,0,11667,0,0,13086,0,-16901,0,0,-11076,0,0,0,0,0,-11920,0,0,0,0,0,0,0,0,-13797,0,13557,-13622,12073,0,0,0,-12050,11640,12318,0,0,0,0
84248386,Team1,0,13634,12644,0,0,0,-14271,0,10618,0,0,-14601,0,0,0,0,16257,0,0,0,0,0,0,0,0,0,0,0,0,12180,0,0,-15334,-15742,13682,-15166,0,-14845,0
84248394,Team0,0,0,0,-12724,-11722,0,0,0,0,0,0,14779,14608,0,0,0,0,11431,0,0,-10904,-13814,0,0,0,0,0,13945,0,0,0,11932,-13902,0,0,0,0,-12732,11843
84248405,Team0,0,0,0,13081,0,0,0,0,0,14117,0,0,-12949,0,12132,-12948,0,11272,0,-12596,0,13231,0,13619,-14219,0,0,0,-13298,0,0,0,0,-15720,0,0,0,0,0
84033055,Team1,0,0,0,0,0,0,0,0,0,0,0,-16045,0,0,0,0,0,-11983,0,0,12251,0,0,0,0,0,0,0,0,0,0,0,0,0,0,-12720,0,0,0
84033073,Team0,0,0,-13250,0,0,0,15555,0,12359,-11583,0,13297,0,0,0,0,-11873,0,0,0,-15245,0,0,-13208,0,0,0,-14551,12386,0,0,0,0,15379,0,12796,0,0,0
84033080,Team0,0,-12055,0,0,0,0,0,0,0,0,0,0,-12163,0,-12217,0,0,13128,0,-16136,13068,0,0,0,-12990,0,0,0,11968,12697,0,0,11921,0,11992,-11364,0,0,0
84033101,Team0,0,0,14837,0,0,0,0,0,0,0,0,-15884,0,12979,14236,0,-11255,0,0,0,0,0,0,0,-12360,13712,-14334,0,-12686,0,15154,12063,0,0,0,0,0,-13328,0
84033112,Team0,0,0,0,0,0,12320,-14923,0,0,0,14034,14606,13160,-12282,0,-12378,0,0,0,17895,0,0,0,0,0,13708,0,0,-12014,0,-17793,0,0,0,0,-14940,0,0,0
84033235,Team0,0,18855,0,-12627,0,0,0,0,0,0,0,0,0,13841,0,0,0,0,0,-16351,-13035,0,0,16010,0,0,12835,0,11975,0,0,-12771,0,13669,0,-16265,0,0,-10911
84033237,Team0,0,0,0,0,0,0,-14277,0,0,0,13596,0,0,15880,-11954,14062,-12336,0,0,15182,16311,0,0,0,0,-13632,0,14411,-12763,0,0,0,0,0,0,0,0,0,-13232
84033250,Team1,0,0,-14177,-12480,12138,0,0,0,-12062,0,0,0,0,0,0,0,-11227,10075,0,0,0,0,0,0,0,-13506,0,9941,0,0,13519,9123,-14109,0,0,0,13570,0,0
84033263,Team1,0,0,0,0,-21446,0,0,0,0,-14582,0,10142,0,-13981,0,-14119,13771,8645,9901,0,0,-13709,0,0,0,0,0,0,0,-16469,0,10256,0,0,0,0,0,0,12096
84181803,Team0,0,0,0,13561,0,12148,0,-12065,0,0,0,0,-11702,0,0,0,0,13310,0,-13813,-12833,0,0,0,0,12890,0,0,0,-14019,0,0,13377,0,15102,0,0,0,-10930
84181804,Team0,0,0,0,0,0,-12488,0,0,13781,-11750,12893,-14956,0,0,12426,0,0,0,0,0,0,0,0,15214,0,0,0,0,-10983,17700,0,0,0,0,-14060,-11088,0,14038,0
84181805,Team0,0,0,0,-13248,14422,13164,0,0,0,0,0,0,0,0,13436,-12389,0,0,0,-13681,-11860,-11930,0,0,0,0,13507,0,0,13884,0,0,0,0,0,0,12007,-12617,0
84181871,Team1,0,0,11318,0,0,-15815,0,0,15386,0,0,0,0,0,0,13825,0,0,0,0,0,0,-12542,-13304,0,0,0,-14761,-12966,0,15513,0,0,12653,15440,0,0,-12537,0
84181898,Team0,0,15024,-14103,0,0,-13150,0,0,0,0,0,11595,-11215,0,0,-13117,0,0,0,0,0,0,11874,0,14945,0,0,0,-12509,-12339,15629,0,0,0,14831,0,0,0,0
84181970,Team0,0,0,-13177,-10210,0,-11372,18303,0,0,0,0,0,0,0,0,0,0,-12759,0,0,14989,13892,13086,17939,13275,0,-8586,0,0,0,0,0,0,0,-11289,0,0,0,0
84182010,Team1,0,0,-14775,13554,0,12630,0,0,0,-11147,0,-11553,0,10723,0,0,0,0,0,0,13564,-11739,0,0,0,16672,0,0,-12567,0,0,11512,0,-11311,0,0,0,0,0
84182018,Team1,0,0,11868,-15692,0,0,15365,0,0,-13153,0,0,0,-12910,12290,10365,0,0,10354,0,-16914,0,0,0,0,0,0,0,-16597,0,0,0,0,0,13995,0,0,0,-11429
84182024,Team1,1,0,0,0,0,0,0,0,0,0,-15155,13171,0,11857,0,-14958,0,0,12899,0,-14388,-14992,0,15331,0,0,0,0,-16476,-15037,15488,0,0,0,0,0,0,0,11361
84152732,Team1,0,16848,0,12688,0,9882,0,0,0,0,0,13633,0,-17443,0,13454,0,0,0,0,-15037,-13734,0,0,0,0,0,0,-19699,0,0,0,0,15579,-16339,0,0,-14436,0
84152750,Team1,0,0,0,12054,0,-13192,13570,0,0,-12749,0,-15208,0,12533,0,0,0,0,0,0,13597,-12452,0,0,0,0,0,-16680,0,0,0,12391,0,14738,0,0,0,-13143,0
84152761,Team0,0,-14272,0,0,0,0,13004,-12923,0,0,0,-16178,0,-13412,0,0,0,15377,0,0,12356,0,0,0,0,0,0,0,0,-16406,0,18390,0,-11046,12679,0,0,0,11288
84152821,Team1,0,0,14548,0,15266,0,0,0,0,0,0,0,13892,0,0,0,0,0,0,0,-17023,0,-15780,0,-14037,0,0,0,0,-14086,11727,0,0,0,-13589,15351,10459,0,-19804
84152847,Team1,0,0,0,-13405,0,-14047,10501,0,0,0,11657,0,0,0,10016,0,-14049,0,0,0,0,0,10338,0,0,0,0,0,-15803,10002,0,0,0,0,-14130,0,-12906,0,13435
84152862,Team0,0,12072,0,0,0,0,-14698,0,0,0,0,-14796,-11732,0,0,-13019,0,0,0,0,0,0,15208,-14311,0,0,11518,0,0,12459,11626,-11559,0,0,14145,0,0,0,0
84152903,Team0,-1,18366,-14878,0,0,12262,0,0,0,0,13517,16773,0,14668,0,13319,-13272,0,0,0,-19030,0,0,0,0,0,0,0,-15680,0,0,0,0,0,0,-11980,-12084,0,0
84367089,Team0,0,14651,0,-8764,0,-12160,-12481,0,0,14237,0,0,0,-9008,0,11931,0,16451,0,0,0,0,-14299,0,0,-8151,14490,0,0,13443,0,0,0,0,0,0,0,0,0
84367125,Team1,0,-14488,0,0,0,0,0,11086,0,10945,-13031,0,0,0,0,-12580,0,0,0,0,0,0,0,0,0,0,0,0,10990,-13385,14131,0,12066,-13672,-14605,0,0,0,13090
84367133,Team1,0,0,-13008,0,0,-11980,14165,0,13779,0,0,-11947,-10206,12355,0,0,-9128,0,0,0,0,0,0,12363,14863,0,0,0,0,0,0,0,0,0,0,0,10959,0,-10250
84367153,Team0,0,0,0,-15275,-10319,0,0,0,0,0,0,12720,0,0,0,0,0,12719,0,0,0,-13044,-15815,15217,0,0,0,13366,0,-12429,0,13166,0,0,9476,-15460,0,0,0
84367172,Team1,0,0,0,11792,0,0,0,0,0,0,11510,11223,0,0,0,0,11016,-13560,0,0,0,0,0,0,14038,-13726,-14624,0,0,14928,0,0,0,0,-11573,0,0,-12872,-19196
84367173,Team1,0,0,0,0,0,-17872,-14159,-12674,13275,0,0,0,0,-14041,0,0,0,0,0,0,-14524,0,0,13598,0,0,0,0,0,14804,13042,0,13859,0,-12911,0,0,9321,0
84367193,Team1,0,0,0,0,-16635,-13082,0,0,11024,-13312,11464,0,13298,0,0,-12975,0,11518,0,0,0,12185,0,0,0,0,0,0,-13088,15809,0,0,0,0,-14891,0,0,0,0
84367229,Team1,0,-13046,0,-12691,0,11477,0,0,0,0,12961,0,0,0,11767,13872,0,-12317,-13414,0,0,0,0,15403,0,14001,0,0,0,0,0,0,-13619,0,0,0,0,-14239,0
84367232,Team0,0,0,0,-16163,0,0,0,0,0,14129,0,0,0,0,12070,0,0,12109,0,0,-10992,0,0,12389,0,14705,0,0,-10773,0,0,-10570,13790,-13215,0,0,0,0,-11079
84122866,Team1,0,14242,0,0,0,14776,-17817,0,0,0,0,16870,-12805,0,-10005,0,0,0,0,0,10301,0,0,0,14443,0,0,-14266,0,0,0,-11826,12419,0,0,0,0,0,-11746
84122871,Team0,0,14403,0,0,0,0,-16391,-11927,0,0,0,0,0,0,-11888,0,14591,0,-11254,0,-12500,0,0,15269,0,0,0,14006,0,0,0,0,0,0,11551,0,0,13683,-11691
84122894,Team1,0,11460,0,-14442,-15447,0,-15279,0,0,0,0,0,0,0,12677,0,-13234,0,0,0,0,11829,12107,0,11078,12893,0,0,0,0,0,0,0,0,-14035,0,0,0,-14474
84122943,Team1,0,0,0,0,-11330,9372,0,0,0,-13167,0,10500,-13516,0,0,-14320,0,0,0,0,10053,0,0,0,0,0,0,0,0,-20522,0,0,0,0,13916,13169,12502,-14625,0
84123034,Team0,0,-15329,0,0,0,0,0,0,0,0,0,0,-11427,16098,0,-11428,0,12524,0,14442,-12386,-11846,0,16448,0,0,12849,0,0,0,-12148,0,0,0,13530,0,0,0,0
84123061,Team1,0,0,-12325,0,-15408,0,0,-10836,0,0,0,11572,0,0,13892,0,0,0,0,14412,0,-15819,0,0,0,0,0,0,0,0,-13811,0,-11469,0,0,13367,13737,14529,0
84398338,Team0,0,-16889,15904,0,0,0,0,0,0,0,0,15110,0,0,0,0,14997,0,0,0,0,-11758,0,0,0,0,0,-11867,0,0,0,0,0,-11925,0,0,0,0,0
84278538,Team0,0,0,0,0,0,-13255,-18025,0,0,0,0,-11352,0,15333,0,0,-13187,14521,0,0,0,0,0,0,0,0,-12894,13795,-12670,13460,0,0,12955,0,0,0,17232,0,0
84278611,Team0,0,0,0,0,0,0,0,0,-8208,13146,0,12850,0,13278,0,0,0,-16256,0,15261,13579,0,0,0,0,0,15759,0,0,0,-12845,0,0,0,-13617,0,-17591,0,-14213
84278628,Team1,0,0,0,0,-12466,0,-15064,11643,13385,-12364,0,0,0,-15695,0,0,0,0,0,0,0,15257,0,0,0,0,0,0,0,16452,19598,0,0,0,-12426,11901,0,0,-18850
84278685,Team0,0,0,0,0,0,0,0,-20646,13631,0,0,-9350,0,-10821,0,0,0,16431,14904,0,0,0,0,0,0,13176,0,-12250,0,0,-13284,0,0,0,15718,0,0,-12991,11574
84278688,Team1,0,-13016,-12407,0,0,-11937,0,0,0,0,-11329,-12935,0,-13801,0,11567,0,0,0,11416,11076,0,0,0,13804,0,0,0,0,0,0,0,0,0,0,12212,10879,0,0
84430308,Team0,0,13689,13721,0,0,0,0,-12659,0,0,0,0,10636,0,0,0,0,12814,0,0,-15365,-18004,12287,0,12654,0,0,-13866,0,0,-16331,0,0,0,0,0,-13681,0,0
84094517,Team1,0,-12940,-16819,0,0,15451,12013,0,0,-11455,0,0,0,-12203,0,11265,19483,0,11973,0,-13124,0,0,0,0,0,0,0,12316,0,0,0,0,0,-12228,0,0,0,0
84094541,Team1,0,0,0,0,-12610,-13705,0,0,12707,0,0,0,0,0,0,-14392,0,0,0,0,-14576,-14044,0,15257,0,0,0,10851,10975,0,14311,-15039,0,14181,0,0,0,0,0
84094576,Team1,0,0,15091,0,0,0,12708,0,0,0,0,-11512,-13243,0,0,0,0,0,0,0,-10521,13004,0,14959,0,0,0,0,12840,0,-11336,12919,0,0,-9992,0,0,-12209,0
84094579,Team0,0,0,0,0,0,0,0,14049,-13263,0,0,0,0,13454,0,0,0,0,0,12698,0,-11674,0,0,-13359,0,0,0,-16861,-14746,-14146,0,0,0,13218,0,0,12740,14171
84309092,Team1,0,0,12570,0,0,0,0,0,11900,0,0,16826,-11756,13347,0,0,0,0,0,0,-12086,0,12190,0,0,0,0,0,0,-14615,0,-13399,0,13522,0,0,0,-14512,-8754
84309110,Team1,0,18356,-19428,-13103,0,11324,0,-12065,0,11272,0,0,0,0,0,0,-12589,0,0,0,14469,13000,0,0,12355,0,0,-15141,0,-14931,0,0,0,0,0,0,0,0,0
84309121,Team0,0,0,0,0,-12097,0,18046,0,11113,0,0,0,0,-11444,0,0,0,10686,14770,-13427,0,0,0,0,-14485,0,-11096,0,0,0,0,0,0,0,10851,0,-14847,12464,0
84309199,Team1,0,12796,0,0,0,0,0,-14709,-17686,0,11053,0,0,0,0,14242,0,0,0,16482,13607,13155,0,0,0,0,0,-15507,-16811,0,-21287,0,0,0,0,0,0,-15309,0
84309203,Team1,1,11668,0,0,0,-11697,0,-13608,11833,11219,0,-12098,0,0,13176,0,0,0,0,-16206,0,0,0,0,-14286,0,0,0,0,15652,0,0,0,0,-16401,11215,0,0,0
84309219,Team1,0,0,0,13083,0,-15018,0,0,0,0,0,14805,0,0,0,-13075,0,0,0,20853,11777,-14544,0,0,-13054,-13728,13857,0,0,0,0,0,0,13796,0,-12131,0,0,0
84309220,Team0,0,0,0,-12829,-14029,0,12552,0,0,0,0,-12871,0,0,0,12130,-15554,0,11998,0,-14367,0,0,0,0,0,-12994,0,0,12795,0,0,0,0,13738,0,0,0,12897
84309233,Team0,0,0,0,-11233,0,11480,0,0,11015,14959,0,12844,0,0,0,-14348,0,0,0,0,14123,0,0,0,-11228,0,0,16511,0,0,-10946,0,-12169,-13632,0,0,0,0,0
84309315,Team1,0,0,13255,0,0,12692,0,0,0,0,12691,0,-14996,0,0,0,0,-13250,-13792,-15188,0,12217,0,14384,-15872,0,0,0,0,16629,0,0,0,0,-14031,0,0,0,0
84498655,Team0,0,-17203,0,0,0,-12780,-14583,0,0,14108,0,15532,0,-11271,0,0,13185,0,0,0,0,0,0,0,-11763,0,0,15283,0,0,13143,0,0,0,13563,0,-12964,0,0
84498683,Team0,0,-17244,15866,0,0,-11607,17768,0,0,0,-12350,-11203,0,0,0,0,11686,0,13064,0,18097,-13317,0,0,0,0,0,0,15042,0,0,0,0,0,-11022,0,0,0,0
84498694,Team0,1,-16932,14540,0,0,0,15305,0,0,0,15821,0,0,14649,0,0,0,0,0,-11058,0,-12428,0,0,0,0,0,0,0,0,0,0,0,-14176,-11585,0,-10718,16363,14777
84498732,Team0,0,0,0,0,0,0,0,12799,0,0,0,0,0,11469,0,0,0,0,0,0,-16920,-12979,0,-10383,0,11255,11944,0,-12789,0,14570,-12216,0,-14137,0,0,0,15619,0
84498817,Team0,0,-12843,0,-14065,0,0,14415,0,0,0,0,0,0,0,0,14527,-12753,0,0,-14210,0,0,13462,0,0,0,0,0,-13282,0,13959,0,0,0,14393,0,-12956,14041,0
84499033,Team0,0,-12091,0,-11819,0,12878,0,0,-13716,0,0,16304,0,0,0,12343,0,0,13648,12934,12295,0,-12668,0,-12741,0,0,0,0,0,0,0,0,-12968,0,0,0,0,0
84248441,Team0,0,0,13565,11688,0,13101,0,0,0,0,0,-15395,14218,0,0,0,-12631,0,11947,0,-13308,-13114,0,0,-12398,0,0,0,0,0,0,0,0,14140,0,0,-13236,0,0
84248552,Team1,0,0,0,0,0,13351,12564,14222,0,0,0,0,0,0,-15927,0,0,0,0,-14314,-16890,13570,11490,0,0,0,0,0,11363,-15481,0,-14336,0,0,-14148,0,0,0,0
84248553,Team0,0,17713,0,0,0,13406,0,-12116,0,0,0,0,0,15358,0,0,0,0,0,-12108,0,-12349,0,11982,12302,0,0,0,-12644,-14386,0,0,0,0,0,0,13825,0,-12259
84248582,Team1,0,-11925,11555,0,0,0,0,0,0,0,0,14831,0,-14379,11881,0,0,0,0,0,0,-12106,0,0,0,0,0,13072,-13335,0,0,11821,8971,0,-13399,0,0,-13741,0
84248586,Team0,0,0,13712,0,13805,13482,0,-13589,0,-11693,10419,-14447,0,-13595,0,0,0,0,0,0,-12374,0,0,0,0,0,11933,11749,0,0,0,0,0,0,0,0,0,0,-12270
84248613,Team0,0,0,-12580,0,0,0,-15838,-12776,-12676,0,0,0,0,0,0,0,0,0,0,15579,13879,15368,0,-12568,0,0,0,0,14134,15442,0,14004,0,0,0,0,0,0,-14288
84248638,Team0,0,0,0,0,0,11170,18448,0,0,0,0,12163,0,0,0,-12743,0,11165,-12489,0,-13729,0,11536,-13297,-13641,0,0,0,0,0,-14384,0,0,0,10741,0,0,0,0
84248681,Team1,0,11585,0,0,0,15025,0,0,0,-16168,0,0,-12331,-15457,0,0,0,0,11922,0,0,0,0,0,12817,0,0,13107,11138,0,0,0,0,0,-16679,0,0,0,0
84033283,Team1,0,0,0,0,-11046,12866,13171,0,9993,0,0,12637,0,11089,0,0,0,-14580,0,0,0,0,0,-16303,0,0,0,0,0,-11497,0,-9998,-15982,0,0,0,0,12643,0
84033284,Team1,0,0,13244,12378,0,0,0,0,0,0,-11940,0,0,0,0,0,0,10664,10635,0,-11494,-13488,0,0,-13151,0,12020,0,0,-16453,12000,-11291,0,0,0,0,0,0,0
84033310,Team1,0,0,0,0,0,0,0,0,-12799,-13527,0,12976,0,0,-14430,-15305,13236,0,0,13806,16994,0,0,0,0,0,0,13248,0,-17121,0,0,0,-15736,0,0,14919,0,0
84033379,Team0,0,0,-14603,0,0,0,16369,0,-10154,0,-11022,-11473,0,0,0,0,15801,-13777,0,0,-10926,0,0,0,0,0,0,0,12571,16053,0,0,0,0,0,10170,11934,0,0
84033423,Team0,0,0,0,0,0,0,0,0,-13593,0,-12284,0,0,-11797,0,0,0,12766,0,-14239,0,0,0,17186,0,0,13292,0,-10129,12920,0,14600,0,13445,0,0,0,0,-14298
84033435,Team1,0,0,0,12474,0,0,0,0,-13554,-12044,12224,0,0,0,-13695,0,0,0,0,0,0,12845,0,-14182,0,0,0,11440,0,-13883,0,0,0,0,11516,-16493,0,0,11269
84033436,Team1,0,0,14783,0,-12837,0,0,0,-14882,0,-13226,0,0,11476,0,-14155,0,15305,0,12527,0,0,0,14507,0,0,0,-15079,0,0,-15257,0,0,0,0,0,12857,0,0
84531592,Team0,0,0,0,0,0,0,0,0,0,0,0,0,0,0,0,0,10511,0,0,0,0,0,0,0,0,0,0,0,0,0,0,0,0,0,0,0,0,0,0
84563371,Team0,0,0,0,0,0,0,18240,-12634,0,0,12641,0,0,-13204,0,13405,0,0,0,0,12815,-11544,0,0,0,-13750,0,0,0,0,0,0,15323,12976,0,0,0,-13438,-13192
84182026,Team1,0,-20788,-19301,0,0,-13546,18486,11517,0,0,0,0,0,0,-12810,0,14938,10207,0,0,0,0,0,13199,-16172,0,0,14062,0,0,0,-13490,0,0,0,0,0,0,0
84182035,Team1,0,0,0,0,0,0,14854,0,0,0,0,-12348,0,0,0,0,0,0,0,0,14351,-12732,-13550,0,0,-13372,0,12957,12891,0,0,11227,0,-16466,13502,0,0,0,-10409
84182042,Team1,0,0,-16132,0,0,-15202,12763,0,11899,0,0,0,0,11530,0,0,0,12796,0,0,13303,-15000,-15633,-14539,0,0,0,0,-15158,0,0,13673,0,0,0,0,0,0,0
84182056,Team1,0,-16156,0,-14274,0,0,0,0,-14008,0,0,0,0,0,0,12865,0,-14086,0,13129,0,11608,0,0,14019,0,0,0,0,0,0,0,0,15287,-14852,0,12291,-16273,0
84182061,Team1,0,0,15953,0,0,-14273,0,-13665,0,0,14148,0,0,-12064,14075,-11438,0,0,0,0,0,0,0,0,0,0,0,18403,-11019,-16891,0,0,0,12885,0,0,0,0,13388
84182117,Team1,0,-11445,0,0,0,11832,12513,0,0,0,12339,13075,0,0,-12499,0,0,0,0,-15285,12613,0,-12507,0,0,-14824,0,0,0,0,0,0,-11267,0,16519,0,0,0,0
84182139,Team1,0,0,15746,0,0,0,-19749,0,0,-14625,0,0,0,-13234,0,13884,0,13390,0,0,-13886,0,0,0,0,0,11594,0,0,-15054,11644,0,0,0,-13074,9582,0,0,0
84182161,Team0,0,16663,-12582,0,-11932,0,12902,0,11154,0,-13828,12076,0,0,0,0,0,0,0,0,0,0,0,14054,0,0,0,0,0,0,0,-15721,16660,0,0,-15338,0,0,-13901
84182245,Team0,0,0,14149,0,0,0,0,0,0,0,0,0,0,0,0,0,0,-11785,0,0,14172,-11213,14991,16982,0,0,0,14313,-12134,-13024,0,-10059,0,13740,0,0,0,0,-14917
84338251,Team1,0,12603,0,-13545,0,-15551,0,0,0,0,0,13739,0,-16101,0,10484,9674,0,11492,15813,0,0,0,-15990,0,0,0,0,0,0,-16156,0,0,0,0,0,-14367,0,0
84338257,Team1,0,0,-14937,0,11311,-13809,0,0,-14062,0,0,12908,0,-11849,0,11413,12293,0,0,0,0,0,0,0,0,0,0,0,-11025,-16715,0,0,0,0,13006,14487,0,0,0
84338297,Team1,0,0,0,0,0,14205,-14101,0,0,0,0,11248,0,0,0,13088,0,-12458,0,11987,0,0,10581,0,0,12701,0,-16357,-13354,0,0,-12739,0,-17999,0,0,0,0,0
84338332,Team0,0,-11298,0,0,0,-14186,0,0,0,0,0,0,0,16670,-11730,11225,0,10863,-11973,0,0,0,0,0,0,15262,0,12635,-10981,0,0,0,0,0,-16173,0,10724,0,0
84338351,Team1,0,0,-11262,0,11635,-12528,10496,0,0,0,10960,0,0,15099,0,0,0,-15086,0,0,0,0,0,0,0,0,11991,0,0,0,0,0,-10479,0,0,10341,-12704,0,-15236
84338373,Team0,0,0,0,0,0,-11830,0,0,13605,-10337,0,-14382,-10639,-12972,0,0,0,16441,0,0,13047,12651,0,0,-11867,0,11390,0,14129,0,0,0,0,0,0,0,0,0,0
84338374,Team1,0,0,0,0,0,-15595,-15354,0,0,0,8748,5344,0,0,0,0,0,23434,19492,-15354,0,6226,0,-15605,0,0,0,0,0,0,0,0,0,0,5342,0,-16677,0,-15781
84152735,Team1,0,0,0,12899,0,-12496,0,0,0,10107,0,20207,0,0,-15399,-12769,10833,0,0,-14347,13688,0,0,0,0,0,0,0,-11259,13348,0,0,0,0,0,0,-9897,0,0
84593177,Team1,0,-15897,0,0,0,0,0,0,0,0,-13366,-13640,0,0,13844,0,0,12417,0,-18862,-16933,0,0,13744,0,0,-18558,0,0,0,0,11674,0,12531,15113,0,0,0,0
84624442,Team1,0,0,12946,0,0,-14167,-18722,13765,0,0,0,0,0,10174,0,10285,0,-13560,0,0,13119,0,0,0,0,0,0,0,-15322,0,0,0,-14333,0,0,0,-15759,11290,0
84624608,Team0,0,0,0,0,-10362,0,-16438,0,0,0,0,0,0,0,0,0,0,-9713,0,0,12809,0,-14870,14391,12831,0,0,0,-9795,0,0,0,-12186,15360,12525,0,13267,0,0
84122452,Team1,0,0,16597,0,0,-13525,0,0,0,0,12823,-11629,0,11733,-19766,0,0,0,0,0,13179,13366,-13295,0,0,0,0,0,11534,-13033,0,0,0,0,-10942,0,0,0,0
84122765,Team1,0,0,-12712,11198,0,17515,0,0,-12729,0,0,0,0,-12260,0,0,0,-10407,0,0,11740,0,-12137,0,0,0,0,11947,-15747,0,0,0,0,0,0,0,11836,14071,0
84122963,Team1,-1,0,0,0,0,10854,13481,0,0,0,0,-15507,0,0,0,-13665,9963,12103,0,0,0,-12466,0,0,0,0,0,0,-12879,0,0,0,0,0,-15303,9098,9176,-12094,0
84063841,Team0,0,0,15485,0,0,-11891,0,0,0,0,14971,-12096,0,-12063,0,11649,16418,0,0,-13279,0,-12390,0,0,0,0,0,0,12972,0,0,0,0,0,0,0,-13939,0,13263
84063854,Team1,0,0,0,-10415,0,11794,11478,0,-9503,0,0,10153,0,0,0,0,0,-10817,0,0,0,12017,13175,0,12382,0,0,-13129,0,0,0,0,0,-13338,0,0,0,0,-12544
84063861,Team0,0,0,13235,0,11659,0,0,0,0,0,0,16094,0,0,0,-11051,0,11973,0,-14415,0,-13713,10571,0,0,0,11643,0,-11613,0,0,0,0,0,0,-15204,0,-10182,0
84063928,Team0,0,-11297,0,0,0,11527,0,0,0,0,-11420,-10806,0,0,-15873,0,-12340,0,0,10530,0,-11604,0,14408,0,0,0,13379,0,0,0,0,0,0,0,0,12861,10637,0
84398093,Team0,0,18385,0,0,0,0,17331,12816,-10437,13086,0,-17430,0,0,0,12054,0,-9961,0,0,0,0,0,0,0,0,0,0,0,0,13671,0,0,-11875,-11306,0,-11152,0,0
84398108,Team1,-1,11980,16847,0,0,10825,0,-16082,-12531,0,0,15148,11110,-12996,0,0,0,0,0,0,0,-10684,0,0,0,0,0,0,0,-13193,-17490,0,0,15609,0,0,0,0,0
84398123,Team1,0,0,0,-14636,12293,0,0,0,0,9990,0,0,0,13385,0,0,0,11156,0,-13753,-13706,0,0,0,0,0,10699,11757,0,0,-13821,0,0,0,-12727,0,-11966,0,0
84398216,Team0,0,0,-14187,0,0,0,12520,0,0,0,-11921,14254,0,12827,-12552,0,0,0,11404,0,0,0,0,0,13169,-14779,0,0,0,0,0,0,-12253,-12757,12759,0,0,0,0
84398274,Team0,0,0,15003,0,0,10896,-14301,0,0,0,0,0,-12897,11136,0,13009,0,-11513,0,0,-11715,0,0,0,11430,0,-14153,0,11258,0,0,0,0,0,0,0,0,-18915,0
84398304,Team0,0,0,0,0,0,13537,0,-12233,0,0,12877,-13837,13909,0,0,0,-9298,0,0,0,-12733,0,0,0,0,15095,0,0,13786,-12205,0,0,0,0,-17761,0,0,0,17213
84278703,Team0,0,0,22350,0,0,0,-14140,0,0,0,0,0,0,13767,0,12841,0,13687,0,0,0,0,-11069,0,0,0,0,0,-13147,0,15292,12707,0,-12198,-12995,0,0,0,-14612
84278717,Team0,0,15976,0,0,14904,0,0,0,16168,0,0,0,0,16661,-11757,0,-13082,0,0,0,0,0,0,0,0,-18192,0,-13341,0,0,-10816,0,0,0,12365,0,-11657,13015,0
84278782,Team1,0,14940,0,0,0,-14461,0,0,-14756,0,0,-13198,0,16665,0,0,0,0,0,0,-14402,0,0,12980,0,0,0,0,0,0,0,0,0,12302,-16105,0,9747,-15619,13297
84278856,Team0,0,16028,0,0,0,0,-13373,0,-13602,0,0,0,0,0,0,0,0,-11749,0,0,16494,-13487,-11431,14226,12111,-13008,0,0,0,0,0,0,13278,0,0,0,0,13874,0
84278878,Team1,0,0,-19909,0,11901,-14301,0,0,0,0,-13649,-15565,0,0,0,-14511,0,0,13398,0,10084,0,0,0,0,0,0,0,0,0,0,0,0,0,12298,0,13282,-13645,10453
84278896,Team1,0,0,0,0,0,-14216,0,0,-14004,0,0,-16732,12196,0,0,0,0,-13296,12444,0,0,11914,0,-15834,12135,0,0,0,0,0,0,0,0,10805,-16866,0,0,0,13543
84278958,Team0,0,0,10842,0,0,-12189,-14335,-14903,0,0,0,14530,0,0,0,-12143,13512,-12672,0,0,0,11669,0,0,0,0,0,-15127,11188,0,0,0,0,0,0,0,0,10733,0
84687531,Team0,0,-13501,0,17970,0,0,0,0,0,12833,0,0,0,-11433,14780,12547,0,0,0,0,0,0,0,0,-11336,0,0,0,-11193,22445,0,0,0,16561,-14039,0,0,-14935,0
84687596,Team0,0,0,-12518,0,15487,0,0,0,0,0,-11713,-13455,0,0,-14858,0,-12378,0,0,18393,13724,0,0,0,0,0,0,0,14227,0,0,11347,12402,0,-16073,0,0,0,0
84687612,Team0,0,-15111,0,0,0,0,0,0,0,0,-11828,0,0,0,-14294,-11284,14022,0,0,-14823,0,-12223,0,12874,14780,0,0,0,13665,0,0,16041,0,0,0,0,0,0,14341
84687616,Team1,0,0,0,0,-14591,0,16080,0,13959,0,0,0,-11627,0,0,13394,0,12815,0,0,-12524,0,0,0,0,0,0,-13203,0,0,-12532,0,0,0,0,13251,-13266,12702,0
84687617,Team1,0,0,13175,0,0,0,0,0,0,0,0,0,11431,0,0,0,0,-14378,0,-12685,0,11691,0,0,0,0,0,0,11804,-16890,0,0,-11032,14426,0,0,-11401,11362,-16367
84687642,Team1,0,0,0,0,0,0,14605,0,0,-12503,0,-12579,0,-11050,0,0,12370,0,0,0,11479,-12057,0,0,-12768,0,0,13811,0,0,0,0,0,-17873,0,0,12658,16145,0
84687662,Team0,0,-12396,0,0,0,0,16267,0,-12346,0,0,0,0,0,-13876,0,0,11465,-12419,0,-11780,0,0,13509,0,0,0,0,-15734,0,0,0,0,14633,17517,0,12917,0,0
84687674,Team0,0,-10918,17189,0,0,0,0,0,17206,0,0,-11661,0,0,0,0,-11830,0,-13493,0,12495,0,0,0,0,0,0,0,0,17800,17100,0,0,0,-12887,0,12313,-11216,0
84687688,Team0,0,12036,0,-14189,0,0,0,0,0,0,12772,0,0,0,0,0,0,0,0,-13179,-16304,11091,-16288,0,-14203,0,-15695,16292,0,0,11570,0,0,0,0,0,0,0,15469
84687700,Team0,0,0,12042,0,0,-10519,0,0,14625,0,0,-16911,0,11506,0,-13585,0,-13557,0,-13578,12876,0,0,0,0,0,0,0,11162,0,0,-13006,0,0,0,0,0,11740,0
84687707,Team1,0,0,0,-13302,14969,15905,0,-13830,0,0,0,-13037,0,10922,0,13568,-17528,0,0,0,-15012,0,0,0,0,16944,0,0,0,-14260,0,0,0,0,0,0,13090,0,0
84687712,Team1,0,0,-16180,0,16335,0,-16028,0,0,0,-11922,0,0,-12305,-12481,0,0,9013,0,0,-13336,10764,11854,0,0,0,11177,10961,0,0,0,0,0,0,0,0,0,0,0
84687805,Team0,0,0,13701,0,-11522,13127,-18098,0,-13827,0,0,0,0,0,-12735,0,0,-11390,0,0,0,0,0,18888,0,0,0,0,13126,0,0,0,0,0,15203,0,-10397,12437,0
84687850,Team1,0,0,-11573,12871,-14483,-16133,0,0,0,0,0,-18324,0,11809,0,0,0,0,0,16414,15185,0,-12608,0,0,0,0,0,0,0,0,12410,0,0,-10525,0,0,0,11989
84430325,Team1,0,0,0,0,0,0,0,-11851,-12497,0,0,15327,0,0,0,-15259,14507,0,14113,-15065,-14441,0,13099,0,0,0,0,0,0,14894,0,0,0,0,0,-12774,0,0,15095
84430339,Team1,0,0,-26544,0,11940,0,0,0,0,0,-13270,0,0,0,0,-14494,0,15502,0,0,0,10967,0,0,0,0,0,0,-12448,16137,0,0,11415,-15470,0,0,12062,0,-14818
84430354,Team1,0,0,0,11949,0,0,12451,12030,0,0,0,-18883,0,0,-12594,0,12642,0,-17261,0,-11625,0,0,17407,0,0,0,0,0,0,16335,0,0,-10002,0,0,-9339,0,0
84430358,Team1,0,11882,0,0,13666,0,0,-12104,-16165,12698,0,-14446,14526,0,0,0,0,0,0,-14487,16745,0,0,0,0,0,0,0,0,0,0,0,0,-12126,13381,0,0,0,-14110
84430483,Team0,0,0,12974,0,-13379,-12521,20654,0,12098,0,0,12841,0,-12354,0,0,11097,10833,0,0,0,0,0,0,0,0,0,-16306,-14397,0,0,-12549,0,0,0,0,0,0,0
84430485,Team1,0,0,0,0,15169,0,0,0,13571,12519,0,0,13012,16214,0,0,0,12827,0,0,-13783,-12677,0,-12545,0,0,0,0,0,0,-17293,0,0,0,-12495,0,-12544,0,0
84430499,Team1,0,0,13845,0,0,0,0,0,0,-12440,0,-17189,0,11919,0,0,0,15724,-12408,0,0,11328,0,11366,-12252,0,0,0,-13242,0,0,0,0,0,0,0,0,-16032,11064
84430540,Team1,0,-11382,15544,0,0,0,0,0,-15261,0,0,0,12997,0,0,-13296,0,12830,0,0,-13418,0,12024,14953,-12383,0,0,12503,0,0,0,0,0,0,0,0,0,-12163,0
84430580,Team0,0,0,-16412,0,0,0,0,0,0,14271,0,17900,0,0,0,0,13102,-10040,0,0,11566,-12602,15340,0,0,0,0,17471,0,0,0,-8488,0,0,0,0,0,-14611,-8334
84430595,Team0,0,0,-11507,0,0,0,0,13562,0,-12202,0,0,0,0,0,0,13033,-12888,0,0,-12184,12749,0,14008,0,0,-10570,0,16024,12855,0,0,0,0,-11201,0,0,0,0
84430653,Team1,0,0,0,0,14984,-13165,0,0,0,12708,0,-12128,0,0,0,12709,-12589,0,-12644,0,0,18895,0,0,0,0,0,-14479,0,14304,0,0,0,0,-15433,0,0,0,13605
84430678,Team0,0,0,0,0,0,-11460,0,15840,14690,0,0,-15516,0,0,0,0,0,0,-11887,0,0,0,-14018,-14986,0,0,0,0,11380,12061,0,0,0,17559,12324,-11004,0,0,0
84430690,Team0,0,0,14297,0,-13931,-13453,0,0,0,-11342,0,12404,0,11401,0,0,0,0,12552,0,0,0,13175,-14496,0,0,-12939,0,0,0,14462,0,0,0,-14013,0,0,0,0
84464056,Team0,0,0,15778,0,0,0,0,0,0,0,0,0,0,0,-11206,0,-15170,12005,-14844,0,0,0,11355,15134,0,0,9859,-14561,0,-14622,0,0,0,11298,-16430,0,0,0,0
84464070,Team1,0,13530,0,0,0,0,0,0,0,0,0,-13536,0,-15091,0,0,0,0,-13130,-18864,-17434,0,14291,0,0,0,0,12073,-13802,13601,0,0,0,12102,12625,0,0,0,0
84464170,Team0,0,0,0,13618,0,0,0,0,12776,-11365,0,-14419,0,-13591,0,0,0,0,16620,0,0,11604,0,0,12780,0,0,-14669,0,14192,0,0,0,-15450,0,0,0,0,-11579
84464172,Team1,0,0,0,0,0,-12283,-13054,-11072,0,0,0,11551,0,0,0,0,11451,0,0,0,-10889,0,12599,0,12421,0,0,0,0,17551,0,-12593,0,0,12466,0,0,0,-11376
84464193,Team1,0,0,16062,0,0,0,-14233,-10572,13745,0,0,13981,0,0,0,0,0,0,0,0,-13326,0,-15400,0,-12379,0,0,0,0,0,0,0,0,16662,0,0,11943,16567,-11142
84464198,Team1,0,14207,0,0,-13096,15413,0,0,0,0,11470,13162,-13036,0,0,0,0,-12437,-12037,0,0,13879,-13033,0,0,0,0,-12867,14768,0,0,0,0,0,0,0,0,0,0
84464211,Team0,0,0,0,0,0,0,-15639,0,13618,0,0,-13765,0,11834,0,0,0,0,0,0,11004,0,0,-13997,0,12873,0,0,15057,0,0,0,0,0,0,-13682,-14137,12140,-18085
84464232,Team1,0,-14350,13228,11609,0,0,0,0,0,0,0,0,12147,-12671,0,13965,0,-11382,-11916,0,0,0,0,0,0,0,0,13430,-12720,0,0,0,0,0,-12317,0,15132,0,0
84723194,Team0,0,0,0,0,0,0,14357,0,0,0,0,0,13127,-11382,0,0,0,15871,0,0,-11325,11397,-11371,0,0,0,0,0,-11457,0,14829,0,0,0,-17752,0,13139,0,-12077
84723217,Team0,0,0,15631,0,0,0,0,13028,11873,0,0,0,0,0,0,0,0,11906,0,0,0,-13270,0,0,-12090,0,-12077,-14802,0,0,-13941,0,0,12966,11585,0,0,-12759,0
84723284,Team0,0,0,-14814,0,0,-11386,11879,0,0,12900,0,13049,0,12984,0,0,0,-11817,0,-12523,0,0,-11622,0,0,0,0,-13076,0,0,0,0,0,14452,0,0,0,0,12198
84723302,Team1,0,0,-18771,0,-15983,0,0,0,0,0,0,0,-12497,0,0,0,0,-13770,-13400,14955,15293,0,0,0,0,0,0,11798,10644,0,15139,10811,0,0,-12304,0,0,0,0
84723334,Team1,0,-15764,15915,9662,0,0,0,0,0,0,-13468,0,0,11382,0,0,0,13046,0,0,-16567,-12484,0,0,0,0,0,0,0,-13979,0,0,0,13236,-12921,0,10875,0,0
84723370,Team0,0,11879,0,-12732,0,-12691,0,0,0,0,0,13783,-16137,15220,0,0,0,13357,0,0,-13717,12696,0,0,0,-14819,0,0,0,-16559,0,0,0,0,16069,0,0,0,0
84723391,Team0,0,11988,0,11438,0,-10587,0,0,0,0,0,0,0,0,0,-10824,0,0,-10581,0,0,-12637,0,14935,0,-18071,0,0,0,-13218,17528,0,16847,11578,0,0,0,0,0
84723400,Team0,0,-12656,13321,0,-15130,0,0,13272,0,0,0,0,0,-13250,-12378,0,0,0,0,14037,0,0,0,0,0,0,0,0,13260,-14950,0,-12856,0,11849,13421,0,0,0,0
84723411,Team1,0,15054,-14911,0,0,0,-13922,0,16850,0,-11361,15429,0,0,0,0,-11475,0,15312,0,-12998,0,-12406,0,0,0,0,0,0,0,12376,0,0,0,0,0,12696,0,0
84723440,Team0,0,0,0,13443,0,-11357,0,0,-13168,9608,0,0,10279,0,0,0,0,12166,-12817,0,12490,-12047,0,0,-13604,0,0,0,-11118,15067,0,0,0,0,0,0,0,0,0
84723442,Team0,0,0,18386,-13359,0,-13434,-14126,0,-13264,0,0,0,0,11754,12413,0,0,-13993,0,0,0,0,0,-17126,0,0,0,0,0,0,14937,0,0,0,0,0,13519,0,12114
84723448,Team0,0,0,11893,0,14769,0,0,0,11671,0,-11876,0,0,0,0,0,0,15259,0,0,-16809,0,0,0,0,0,0,-13823,0,-17648,0,12106,-13101,0,0,0,0,0,11317
84755655,Team1,0,-16644,0,0,0,0,-13276,0,-14470,0,-12891,0,17241,0,0,0,0,12400,0,15688,-12868,14895,14841,0,0,0,0,16240,0,0,0,0,0,0,0,0,0,0,-14669
84755664,Team1,0,0,-14017,0,0,0,-12998,0,0,0,0,13856,0,0,-13056,0,0,0,0,12219,-16354,11438,0,0,0,13353,-14819,0,-13023,0,0,0,0,17769,0,0,11997,0,0
84755671,Team1,0,-13793,0,0,0,13979,-14759,-12729,0,0,0,13381,-12228,-12869,0,0,0,0,0,15016,13735,0,0,0,0,0,13794,0,0,0,0,12708,0,-12712,0,0,0,0,0
84755672,Team1,0,10502,-13803,0,0,0,0,-11169,0,0,0,13664,-12429,14894,0,0,-13477,0,0,0,0,0,0,0,0,0,0,0,-14593,14748,-12084,0,0,10408,0,0,14299,0,0
84755677,Team0,0,-14173,10973,0,0,0,0,0,-14137,0,0,-12098,0,0,13493,0,-12447,0,-11396,14574,-13718,0,0,0,12916,0,0,0,0,0,0,11810,0,10753,0,0,0,0,0
84755753,Team0,0,15384,16679,0,0,0,0,0,0,-9518,0,0,13791,15635,0,0,0,16956,14891,0,-17188,-11318,0,0,0,0,0,0,-9073,-14276,0,0,0,0,-12057,0,0,0,0
84755793,Team1,0,11308,12252,0,10811,0,-14056,0,0,0,0,0,0,0,-14534,0,-11139,0,-14028,0,0,0,0,0,0,0,0,-9342,0,-13603,0,0,0,13704,15535,0,8861,0,0
84755794,Team0,0,0,18496,0,0,0,-14591,0,0,-10485,0,-14017,0,0,0,0,12044,-9397,0,0,0,0,0,0,0,0,-9923,0,11255,13604,-15449,0,0,0,0,0,11503,0,11546
84755851,Team0,0,0,0,0,0,0,-13194,-13797,13389,0,0,0,0,0,12488,0,0,-15159,0,0,0,0,0,13788,-12411,12350,0,0,0,14032,0,0,-10758,13811,0,0,0,-17762,0
84755853,Team1,0,0,-12714,12617,0,0,16055,0,14634,0,0,0,0,13455,0,-14272,-13535,12642,0,0,13963,-13657,0,0,0,0,0,0,-16793,0,-13378,0,0,0,0,0,0,0,0
84755855,Team0,0,13373,0,13001,0,0,12040,0,0,0,11373,0,0,12355,0,-12945,0,0,-13439,0,-15267,0,0,0,0,0,0,0,0,-17089,-13322,0,0,0,-14076,0,0,11874,0
84755858,Team0,0,-12119,0,0,0,0,0,0,0,0,-10017,12047,0,11206,0,0,0,0,0,0,-14906,-14107,0,-11754,0,0,0,0,-15745,0,13221,0,0,16898,0,0,0,0,0
84094695,Team1,0,14169,0,0,0,15591,-14922,0,0,0,0,0,0,16537,-14623,14578,0,0,0,0,0,-13360,0,0,0,0,0,0,11881,0,0,0,0,-16681,10615,-15370,-12837,0,0
84094713,Team1,0,13852,0,0,14862,0,0,0,0,0,0,0,-15497,-14901,11029,0,10528,0,9471,0,0,0,0,0,0,-15451,0,0,-11539,0,0,0,0,-16503,0,-12683,11599,0,0
84094744,Team1,0,0,14268,0,-14421,13058,0,0,-12864,-15003,0,0,0,17433,0,-13424,0,0,0,0,-16734,0,0,-13659,11946,12126,0,0,0,0,0,0,0,0,0,0,13638,0,0
84094793,Team1,0,0,-16871,0,0,0,0,-14271,11175,0,0,0,0,13692,0,0,0,0,13195,15011,0,0,0,0,0,0,-13267,0,11097,-14338,-14740,0,0,0,0,0,0,13463,-15170
84094818,Team0,0,0,0,0,0,0,0,0,0,0,-12363,-10580,0,0,12131,0,0,12543,11691,0,0,-10167,0,0,0,0,0,-12533,0,16267,0,0,11963,-13547,11913,-11357,0,0,0
84094884,Team0,0,0,0,0,0,0,0,14025,0,0,-13335,0,-11625,0,0,12368,12507,-13114,0,0,0,12806,0,0,12695,11548,0,-12706,-12357,-14799,0,0,0,0,0,0,0,0,0
84094887,Team1,0,0,0,0,-16165,11993,-16049,0,-12150,0,0,0,0,0,0,0,0,0,12093,0,0,-12173,0,-16380,0,13961,0,14227,0,0,0,0,0,-13582,12565,13482,0,0,0
84094910,Team1,0,0,0,0,0,0,0,16041,0,0,0,0,0,0,-11597,0,0,0,-12032,0,10707,-11713,-13103,0,-11705,0,11885,0,0,-14854,11469,0,0,0,14314,0,0,0,12080
84094947,Team1,0,10544,0,0,-17255,-15315,0,0,-15400,0,0,14786,0,0,12141,0,12618,0,0,0,0,9933,0,0,0,10396,0,0,0,-16027,0,0,0,0,-13048,0,-13521,0,0
84094967,Team1,0,0,0,0,0,0,-16164,0,0,-13064,0,0,0,-11262,0,0,0,-14885,0,0,0,0,0,20069,-15319,0,0,14455,0,0,0,10795,0,13616,-14325,10640,0,12623,0
84094973,Team1,0,0,-13800,0,-14322,0,0,0,11121,0,0,13335,0,0,0,0,0,0,0,0,12828,13432,0,0,0,0,0,0,13200,-15311,0,0,0,0,0,0,-12083,0,0
84309382,Team0,0,0,0,-15185,0,0,15415,0,12841,-14215,0,-12324,13055,0,0,0,0,18207,0,0,-11468,-8110,0,0,0,0,0,0,0,0,15222,0,0,-12761,13392,0,0,0,0
84309435,Team1,0,0,14167,0,-13571,0,0,0,-12698,0,0,0,0,13752,-12265,0,0,0,-12030,0,-13710,-14364,0,0,11324,0,0,0,0,0,0,0,0,11508,0,0,13823,10477,0
84309452,Team0,0,0,0,0,-13908,0,-12725,0,13443,0,0,0,0,0,0,0,0,-13142,-12722,14484,12800,-12740,0,0,0,0,0,0,13945,0,0,0,-11975,0,13213,0,0,0,11492
84309506,Team1,0,0,-13525,0,0,10401,17278,0,0,0,0,0,0,-13420,-16061,0,0,-13944,0,0,12343,0,13187,0,0,-13308,0,15318,0,0,0,0,0,0,-12987,0,12630,0,0
84309531,Team0,0,0,12965,0,0,10315,0,8981,-10383,11787,0,0,0,0,-12976,0,0,0,0,-13100,0,0,-10808,19918,0,0,0,0,10566,0,0,0,0,0,-13729,0,0,-11223,0
84817341,Team1,0,0,0,0,13220,0,0,0,0,9715,0,11686,12282,-15487,0,0,0,-13358,-11931,0,0,0,0,0,0,-13447,0,-12035,0,14308,0,0,0,0,12651,0,0,0,-18634
84786945,Team0,0,0,-12943,0,0,-10714,12462,0,0,0,0,14866,0,11324,0,0,0,13217,-11006,12632,0,0,0,0,0,0,0,0,-10067,-11429,0,0,0,0,-10338,0,12647,0,0
84787020,Team1,0,0,0,-12662,0,-22671,0,0,-13417,-12415,0,0,0,0,0,12170,12824,0,0,12516,13339,0,0,12226,0,0,0,-12418,0,0,-10968,15143,0,0,0,0,0,0,0
84845384,Team1,0,-12979,12626,0,0,11416,15690,0,10818,0,0,-15597,0,0,0,0,0,12323,-11145,0,0,-12478,0,0,0,0,0,0,-12234,0,0,0,0,-14011,0,0,9973,0,0
84845422,Team1,0,0,-15982,0,0,-14091,0,-12520,0,0,0,0,0,-12693,0,0,0,0,0,0,13292,13528,0,0,0,0,0,13725,0,0,12674,0,0,0,-12295,0,13721,-15040,21215
84845426,Team1,0,0,14002,0,0,14216,0,-16786,0,10370,0,0,12996,12241,0,0,0,0,0,0,0,-11685,-12186,0,0,0,0,0,11728,-11975,0,0,0,0,0,0,0,-17353,-13687
84845450,Team0,0,-12687,13482,0,0,0,12544,0,-13130,13583,0,-15118,0,0,14297,0,0,0,0,-12729,0,0,0,-12620,0,0,0,0,0,0,0,0,-12730,12801,13782,0,0,0,0
84845506,Team1,0,0,-11498,0,18263,0,0,0,0,-12415,0,-14323,0,9425,0,0,9146,-11820,-12091,0,0,0,-11376,0,0,0,0,0,9364,0,0,0,0,0,12884,0,11654,0,0
84845515,Team1,0,0,0,0,0,0,0,0,-14370,12894,0,0,0,0,0,-12256,0,0,0,0,0,0,12293,0,0,0,0,0,11799,12594,-12487,0,0,0,-13392,11478,9916,-12697,-14936
84845570,Team0,0,0,0,0,0,0,-16427,0,13564,0,-10151,14364,-11724,0,0,0,0,16134,0,0,-13824,0,0,0,0,-11871,0,0,0,14619,0,14075,0,11830,0,0,0,-12233,0
84845576,Team1,0,-14727,11865,0,0,0,-17139,0,0,0,0,0,0,0,-12993,0,0,11625,12423,0,15585,0,0,0,0,0,10886,0,0,0,0,0,0,-13495,0,12043,-13044,-15677,0
84498883,Team0,0,0,-21045,0,0,0,0,0,0,0,0,0,0,15884,0,-9381,0,-10839,15372,0,15179,0,0,0,0,-9284,0,0,0,15724,0,0,-10280,-14679,17343,0,0,0,16893
84498931,Team0,0,-13731,0,0,0,12916,0,0,11837,0,0,0,0,14302,0,0,0,0,11228,0,0,0,-13402,0,0,0,0,-13825,13608,12209,0,0,0,-14769,-13946,0,0,-11910,0
84499032,Team0,0,-11661,0,0,0,-12225,0,0,-13109,13138,0,14901,0,-10554,0,0,0,0,16058,0,16278,13697,0,0,0,0,0,0,-14472,0,0,0,0,0,-15330,0,0,0,12952
84499050,Team1,0,0,0,0,0,0,14207,-17249,-13067,0,0,-13086,0,0,0,12823,12428,-16210,0,0,16879,0,9864,0,0,0,0,0,11667,0,0,0,0,-13493,-15481,0,0,0,0
84499281,Team0,0,0,0,0,17227,0,0,0,0,-11312,12220,13639,0,-12464,0,0,0,0,0,0,10867,-10911,0,0,-11103,0,0,0,-11394,-16851,0,0,11394,0,0,0,0,11652,0
84655697,Team0,0,0,21732,0,0,0,-13989,0,0,0,0,0,-13872,0,0,0,0,0,0,0,0,-12294,10974,-15208,-16427,13454,0,0,-10942,0,15939,0,14401,0,0,0,0,0,13679
84655699,Team1,0,0,0,0,-14254,0,0,0,-14798,0,0,0,0,0,0,12494,12382,0,0,13423,0,-13577,-13966,12167,-15279,0,0,0,-15788,11824,0,0,0,0,0,0,0,14346,0
84655766,Team1,0,0,13701,0,0,0,0,0,0,-13173,0,-12883,-12746,0,0,0,-18088,11438,0,0,0,11792,9680,0,0,0,0,0,-16601,-13663,0,0,0,0,0,0,14270,0,11615
84655806,Team1,0,12650,0,0,0,0,12609,0,-14423,0,0,0,0,0,0,-15468,0,0,0,0,11059,0,0,13577,0,0,0,-14023,0,0,-17966,0,0,10675,0,-14879,10176,-17219,0
84655824,Team0,0,0,0,0,-15316,0,0,0,11719,0,12609,16172,0,0,0,0,0,10265,-11999,0,-7607,13550,-12219,0,0,0,0,0,0,0,0,0,0,0,-14178,12137,0,0,-13341
84655842,Team0,0,0,11197,0,0,-14413,0,12075,-12659,0,0,0,0,0,0,0,0,-12336,0,0,0,0,0,0,0,-12023,14353,-18048,0,10326,15440,0,0,0,0,0,-11131,0,12757
84248681,Team1,0,0,0,0,0,0,0,0,0,0,0,0,0,0,0,0,0,-13018,0,0,0,0,0,0,0,-11620,0,0,0,0,0,0,0,0,0,0,0,0,0
84248685,Team0,0,0,0,0,-16666,0,14781,0,0,0,0,0,0,0,0,0,13688,15301,-12659,0,-13535,-12211,0,-12304,0,17079,0,16713,0,0,0,0,0,0,0,0,16398,0,-13539
84248686,Team1,0,0,0,0,0,12786,11418,0,0,-12822,0,0,0,10726,0,-14071,0,0,0,0,-17910,-13613,13100,0,12230,0,9983,0,0,0,0,0,0,0,-14092,0,0,-11884,0
84248727,Team1,0,0,0,11486,-13484,0,0,0,0,-11235,0,0,0,10902,0,12645,0,14058,11218,12402,-14753,0,0,0,0,0,-11669,0,0,-14695,0,0,0,0,-12895,0,0,0,0
84248739,Team1,0,0,0,0,0,0,-16618,14025,0,0,0,11518,0,0,0,0,-13535,-13561,0,0,13954,0,0,-13536,0,0,0,0,0,14419,10900,0,10409,0,-13347,0,-14669,0,0
84248806,Team0,0,-12755,-16274,0,0,-11503,0,0,14953,0,0,0,0,0,-13791,0,0,12315,0,15468,-13405,0,0,0,0,0,13251,0,0,14362,0,0,0,0,18340,0,-13243,0,0
84248853,Team1,0,0,-13886,0,0,0,0,0,12817,0,0,0,13268,0,0,0,0,17047,0,14696,0,-12126,0,-13108,0,0,0,0,-14111,16065,0,0,0,-10533,12508,0,0,-11830,0
84248854,Team0,0,0,0,0,-14736,0,0,0,-14461,0,0,0,0,0,0,14124,0,11929,0,0,0,-14100,-12140,-15322,-13320,14736,0,14872,0,0,0,10573,0,11166,0,0,0,0,0
84248858,Team0,0,0,17796,0,0,11757,-17580,0,-10695,13767,0,0,0,-12515,10841,0,0,-11595,12479,0,0,0,0,0,0,0,0,0,-11324,0,0,0,10818,0,0,0,0,-11452,0
84248919,Team1,0,0,-13387,0,0,-10086,0,0,14271,0,0,-11621,0,0,0,-10660,-10899,0,-16056,15817,13060,15282,0,0,0,0,0,0,14831,0,0,0,0,0,13523,0,0,0,0
84248923,Team0,0,0,-17688,0,0,13255,0,0,10935,0,0,0,0,0,0,0,-11151,-10888,0,0,0,0,10697,0,14417,0,0,0,-12823,17217,0,0,-13454,0,11489,0,-11053,0,0
84248946,Team1,0,0,0,0,0,0,13193,0,0,0,0,0,0,0,0,0,0,0,0,0,0,0,0,0,0,0,0,0,0,0,0,0,0,0,0,0,0,0,0
84033486,Team0,0,-12721,0,0,0,0,0,0,-12764,-12269,10847,-15081,0,0,0,0,0,14821,0,13803,0,0,0,0,-12740,0,0,0,0,0,0,0,0,0,0,0,0,0,0
84033547,Team1,0,15412,0,0,0,0,0,0,0,14010,0,-14708,0,11581,0,0,-10660,0,-13180,0,0,16015,0,0,0,-18486,-15803,0,11293,0,0,0,0,0,0,12233,0,-12351,0
84033593,Team0,0,0,-14071,0,0,0,0,-12614,0,0,13435,0,0,0,0,0,0,0,0,15633,0,-10765,0,14928,0,0,0,0,-11596,16074,-16279,0,11196,0,0,14453,0,0,-12492
84033648,Team0,0,0,0,0,0,0,12937,14376,-13543,0,0,0,0,14423,0,0,0,-15950,0,-14021,13662,-16267,0,0,0,0,-13198,0,-13613,0,0,0,0,0,13688,0,0,14024,0
84033685,Team0,0,0,0,0,13013,-11175,0,0,0,13801,0,0,12284,0,0,13336,10718,0,0,0,0,0,-11959,0,-12227,15561,-10666,0,0,-10451,0,0,0,0,-15662,0,0,0,0
84033691,Team0,0,13648,0,0,0,0,13127,13211,0,0,0,14126,0,13065,0,0,11833,0,-12161,-11867,0,0,0,0,0,0,0,0,-11257,0,-11589,0,0,-10235,0,0,0,0,-11700
84033703,Team1,0,10518,0,0,-12108,0,0,0,10949,0,-12639,0,0,0,0,0,0,0,0,0,11276,-15286,-11514,0,0,0,0,-12678,9470,0,0,0,0,14057,0,-15711,13556,0,0
84531494,Team0,0,0,15135,0,0,0,0,14421,-11433,0,0,0,0,11885,0,0,-13661,0,0,0,-15287,0,0,13159,0,-12836,0,0,-12816,0,18147,0,0,0,-15163,0,0,11886,0
84531524,Team1,0,0,-15278,0,0,0,-11894,13853,0,0,0,0,0,0,0,0,0,12417,0,0,-11041,12202,-13138,0,0,10277,10617,0,-13333,0,0,0,0,-10830,0,0,0,13864,0
84531612,Team0,0,0,0,-13331,0,-11584,-14933,0,0,0,-12744,0,0,0,0,-11584,0,14055,0,0,0,0,0,0,0,0,0,0,0,13134,14982,0,13477,-12274,16774,0,15234,0,0
84531660,Team1,0,0,0,0,0,12331,-16151,0,0,0,0,0,0,0,0,0,0,0,0,0,0,0,0,0,11630,-11517,-12087,0,12393,15578,-14169,10346,0,-11989,11684,0,-12387,0,0
84531745,Team1,0,14437,0,0,0,0,0,0,15686,-12245,0,0,0,0,0,-11074,0,0,0,0,-10930,-11789,0,0,0,0,0,-10844,12907,14854,-17175,0,0,13018,14271,0,0,0,0
84531756,Team1,0,0,13310,0,0,0,0,12892,-12269,0,0,-13244,0,12202,0,0,0,-13664,0,0,11472,11682,0,0,0,0,0,-12962,0,0,0,-11671,0,-12157,0,0,0,13807,0
84182324,Team1,0,-15587,17661,0,0,12946,0,0,0,0,0,0,0,0,-17670,0,0,0,-15441,0,12048,-15182,-18366,0,0,0,0,12516,-17009,0,0,0,0,0,0,16208,11963,0,0
84182351,Team0,0,12447,0,0,0,0,-12820,14372,12835,0,-11493,-14604,0,-14587,0,0,-14485,0,0,0,0,11303,0,17355,0,0,0,0,-11947,0,0,0,0,0,0,14379,0,0,0
84182367,Team1,0,0,12395,0,0,14983,-14040,0,12617,-14061,0,0,0,0,-13916,15853,-16333,0,0,0,12538,-13818,0,0,0,0,0,0,-15220,0,0,0,0,0,0,0,0,11992,0
84182408,Team0,0,0,0,0,0,0,-12946,0,0,0,0,-15038,12338,0,0,0,-11846,0,0,0,0,-11435,0,0,0,0,0,12891,-12559,14575,15480,0,0,12941,0,0,11699,-14243,0
84182477,Team0,0,0,-13803,0,0,12635,0,0,-12800,0,0,0,9699,0,0,-11614,0,0,0,0,0,13941,0,13526,0,-13633,-13747,0,14108,-10578,0,0,0,0,0,0,0,12130,0
84182520,Team1,0,17758,0,16816,0,0,-12295,0,0,0,0,0,0,0,0,0,17967,0,0,0,14150,0,-13150,-13468,-11866,15817,0,0,-12009,0,0,14225,0,-19003,0,0,0,0,0
84182521,Team0,0,0,0,0,0,0,-15548,-12478,-12871,0,0,0,0,0,12566,0,0,-12097,0,13192,-12281,17660,13907,0,13620,0,0,0,15162,-13213,0,0,0,0,0,0,0,0,0
84182522,Team1,0,13375,-14666,0,0,0,0,0,0,0,0,0,0,14368,-13795,13399,0,0,0,12877,13605,0,0,0,0,0,0,0,0,-12595,0,0,0,-18300,17052,0,-11422,-13163,0
84182552,Team1,0,0,-11428,0,11637,-12778,0,0,0,0,0,-12378,0,0,0,-14636,0,0,0,0,0,-12425,0,0,0,0,0,0,11543,15899,0,-15340,13373,11624,14441,0,0,0,0
84182554,Team1,-1,0,0,-15660,0,-13979,19932,0,10010,0,0,11407,0,0,0,0,0,0,-16255,0,-17789,0,0,-17603,0,-18293,0,0,0,0,0,0,0,0,13388,0,13349,0,9254
84182555,Team0,0,-12442,0,0,0,0,0,0,-11127,0,14129,12588,0,0,0,0,14150,0,0,0,0,-9461,0,0,0,0,0,0,12964,0,-12321,0,0,0,13903,12942,-13774,0,-14731
84182574,Team0,0,-12552,0,0,0,0,15879,0,0,0,0,0,0,13187,0,-13045,0,0,-13009,0,-13904,0,0,0,0,14904,-14184,12897,0,0,-13074,0,0,0,13981,0,11454,0,0
84338489,Team1,0,0,0,0,0,0,-12305,0,0,-13573,0,-13074,0,0,11516,0,-11848,0,0,12511,-12305,0,0,0,0,0,0,0,11515,0,14190,11815,12125,0,0,0,-11840,0,0
84338492,Team0,0,0,0,0,13055,-12124,0,0,14801,0,0,0,0,0,11110,-15466,0,0,0,-14251,-15509,-10064,0,0,0,0,0,0,-11641,0,11948,0,0,0,14167,0,10660,0,0
84338524,Team1,0,0,0,-13955,-10815,-12306,-14375,-16452,-16931,0,0,15472,0,0,0,14042,14252,0,0,0,0,0,0,0,0,0,0,13923,14670,0,0,14307,0,0,0,0,0,0,0
84338566,Team0,0,13161,-14897,0,0,13246,0,13040,0,0,-9802,0,0,0,0,0,0,0,0,0,-12682,13118,0,0,12946,0,-9887,0,0,-12737,0,0,0,0,13262,0,0,-11515,0
84338616,Team1,0,0,0,0,0,0,0,0,0,0,0,0,-13145,17252,0,-12961,0,0,0,0,0,-13445,0,-12104,0,14476,0,0,12270,-12725,0,0,0,13499,0,0,13202,-14859,12245
84152978,Team1,0,0,0,0,0,-12496,0,0,0,0,0,14183,0,0,0,0,0,15074,10260,11406,-13601,0,0,0,0,-13701,11254,-16429,13663,0,0,0,0,0,0,-10914,-13482,0,0
84152979,Team1,0,-14960,0,0,0,0,0,-12683,-13705,0,0,-12515,0,0,0,0,-13035,12013,0,0,0,12140,0,0,-12783,13752,0,0,0,0,0,0,0,13995,13019,0,12837,0,0
84153022,Team1,0,0,0,0,0,-14084,0,0,12634,0,0,12750,0,0,0,0,12202,0,0,0,0,-10552,0,0,-15234,-12363,10219,11785,0,-14577,0,11392,0,0,0,0,-10751,0,0
84153055,Team0,0,0,11278,0,-11682,0,18018,0,-13517,-14842,0,0,13614,0,0,0,0,0,0,0,-15029,13244,0,-16046,0,0,0,0,10308,0,0,0,0,0,-14690,0,0,11946,0
84153095,Team0,0,-11940,0,0,0,0,0,0,0,0,0,12482,0,0,0,11811,0,12842,0,14171,0,-11595,0,0,-12164,-14040,0,0,0,-17358,0,0,0,14067,20566,0,0,-11063,0
84153101,Team0,0,0,0,0,0,0,-11500,11933,0,0,0,13568,0,0,0,0,-14534,11863,0,0,-11595,14851,0,0,0,0,13872,0,0,0,0,0,0,13636,-15828,0,-12816,0,-10676
84153171,Team0,0,0,0,0,0,0,0,0,0,0,0,0,0,0,0,0,10925,0,0,0,0,14715,0,0,0,0,0,0,0,0,0,0,0,0,9658,0,0,0,9521
84000019,Team0,0,0,-16806,-12796,0,0,0,0,0,16441,-11765,12825,12090,-17283,0,0,0,15627,0,20756,-14524,0,0,12276,0,0,0,0,0,0,0,0,0,0,0,0,0,0,-13370
84000115,Team0,0,0,0,-17394,0,0,0,12600,0,10037,0,0,13980,0,0,0,0,12871,0,0,-5099,-11523,0,0,-11436,0,10236,0,0,22259,-13263,-13172,0,0,0,0,0,0,0
84000118,Team1,0,16093,12507,-10734,0,-13009,-21601,0,0,0,0,0,0,0,16078,0,-10936,0,0,0,0,12491,0,0,0,0,0,-15913,-11111,0,15635,14934,0,0,0,0,0,0,0
84000214,Team1,0,13240,0,0,0,0,17802,-11543,12030,0,0,0,0,-10563,0,-11896,0,13232,0,0,0,0,11685,11000,-12025,0,0,0,-12929,0,-15061,0,0,0,0,0,0,0,0
84000226,Team1,0,-14664,0,0,0,0,0,-11793,-11909,0,0,0,0,0,-15086,11402,0,0,11279,13845,11544,0,0,0,0,0,0,0,13569,0,0,0,0,0,0,12358,0,-11118,-11348
84000248,Team1,0,0,0,0,0,0,-13192,11867,0,-12259,0,0,0,-13162,-14017,13281,0,11867,0,0,0,10074,0,0,0,13088,0,0,-15673,0,0,0,0,0,0,14519,0,0,-13485
84000262,Team0,0,0,0,0,0,17044,-14895,0,-14973,-12567,0,0,0,14829,-12185,0,0,0,0,0,0,0,0,19287,13757,0,0,0,13864,0,0,0,0,0,0,-14197,15083,0,-10379
84000265,Team1,0,0,0,0,0,0,0,0,0,0,0,0,0,13385,0,0,0,0,0,0,0,0,0,0,0,0,0,0,0,0,0,-10656,0,0,0,0,0,0,0
84215024,Team1,0,-25731,14216,0,0,0,0,0,0,10323,0,-14084,0,0,0,0,-12691,12838,0,0,-14949,0,0,17164,0,0,10757,0,0,-17851,0,0,0,0,0,11995,-16721,0,0
84215057,Team1,0,0,0,11119,0,0,0,0,0,11160,0,0,-10353,0,0,0,0,-10881,0,0,14472,0,0,0,0,12332,0,0,0,-13814,-15455,-12060,12112,16529,-14333,0,0,0,0
84215073,Team0,0,15060,0,10493,0,0,-14850,0,-14040,-11356,12968,0,0,0,0,0,0,-11748,0,0,-12242,10829,0,-11374,0,0,0,15950,0,0,0,0,0,0,0,0,11070,0,0
84215111,Team0,0,11206,-13205,0,0,0,0,-13716,0,0,0,11907,0,15350,0,-15225,-16420,-15388,0,0,14458,-12040,0,0,0,0,0,0,0,0,0,0,0,13972,0,0,11516,0,0
84215190,Team0,0,0,0,0,-15013,0,0,0,14370,0,0,0,0,-11395,13829,12155,0,0,11835,0,-13392,-11160,0,0,0,-15546,0,13659,15163,0,0,0,0,0,0,0,-16871,0,0
84215259,Team1,0,0,14385,0,0,0,-13048,0,0,0,0,0,0,13250,0,-14538,0,14072,-14573,0,12993,0,0,0,0,0,0,0,-14592,13952,0,0,0,-14030,0,0,14243,-11064,0
84215279,Team0,0,15543,0,0,13412,0,11769,0,0,0,0,-11479,-12093,0,0,13733,12849,0,13179,-10726,0,0,0,0,0,0,0,0,0,-10748,0,0,0,0,0,0,-11896,0,-15688
84215284,Team1,0,13992,0,0,21943,11187,0,-13962,12889,0,0,0,0,-15300,0,0,0,0,0,0,-17707,11638,0,-18211,0,0,0,0,0,-13619,0,0,0,0,0,0,14815,0,-13429
84215328,Team0,0,0,0,0,-12625,0,0,0,0,0,0,0,0,-11153,13375,13974,0,0,0,16676,0,14158,15288,-14873,0,0,0,0,0,0,0,0,0,-12779,-12745,13384,-11349,0,0
84367303,Team1,0,0,0,0,-16699,-13505,0,0,11861,0,-11937,0,-12026,0,0,-12409,0,0,18149,0,0,0,0,-12868,0,13521,0,0,0,0,14291,0,0,0,13044,11592,0,0,0
84367326,Team1,0,0,-17670,0,0,15353,0,0,0,0,0,0,12958,0,-13479,0,0,0,-11960,0,-12053,0,0,0,12654,0,0,0,13663,15238,0,12265,0,0,-13021,0,0,-14001,0
84367390,Team1,0,0,-16651,0,0,12083,0,13690,0,0,0,14758,0,0,0,-10937,0,0,0,17708,0,11327,0,0,0,0,0,0,-12048,12572,-11840,0,0,-10811,-12774,0,0,0,0
84367466,Team0,0,0,0,0,0,0,0,0,0,0,0,14255,0,-10074,0,13766,0,-11782,0,14993,11782,-10614,0,-13147,0,0,0,0,-10043,0,0,11966,0,0,-14140,0,10695,0,0
84367473,Team0,0,0,13946,0,0,0,0,-11138,0,13754,0,-12770,12022,0,0,0,-11348,12996,0,0,0,13710,0,0,0,0,0,-13628,0,0,0,0,0,0,-11230,0,0,14783,-14759
84367573,Team0,0,0,13490,0,0,11746,0,0,-12035,0,0,13502,0,-15105,0,0,0,0,-14569,-10995,-12991,12036,0,0,-13103,0,0,0,0,0,0,0,0,13514,0,0,14132,0,0
84593122,Team0,0,0,15275,0,0,0,0,0,15305,11831,-12702,-11893,0,-13142,11452,0,0,0,0,13118,13267,0,0,0,0,0,-12539,0,0,-10761,0,0,0,-13350,0,0,0,0,0
84593261,Team0,0,0,-12414,-14659,0,12984,18095,0,0,0,0,10241,-12190,0,0,0,0,0,0,0,-11414,11128,0,0,0,0,0,0,0,-14274,0,0,0,11489,-13093,0,11250,0,0
84593280,Team1,0,14816,-15487,0,0,0,0,0,-13590,0,-11232,0,0,0,0,0,0,12547,0,0,-13795,-13841,0,0,0,0,0,0,0,0,13197,0,13152,0,12484,0,0,-13305,13921
84593335,Team1,0,0,-14069,0,0,16205,0,0,0,12506,0,0,0,13591,-12923,0,0,0,0,0,-13433,0,0,13022,0,12208,0,14801,0,0,0,0,0,-13245,-10332,0,-10821,0,0
84593337,Team1,0,-11899,0,0,-11340,0,0,0,11255,0,-11993,0,-11667,0,0,0,0,11485,11385,-16066,0,0,12415,0,0,0,0,12062,0,14759,0,0,0,0,0,0,-12181,0,0
84593353,Team1,0,0,0,0,0,-12519,0,0,12740,0,0,-15500,0,0,0,0,0,-13854,0,0,0,-12050,12357,-18705,0,0,0,13035,0,0,14632,0,0,11936,13991,0,-12926,0,0
84593382,Team1,0,-13998,12634,0,0,-12260,0,0,0,0,0,0,0,0,0,0,14132,0,11756,0,0,0,0,-18131,0,0,0,0,12272,14345,0,0,0,-12209,-11411,0,-12570,0,15217
84593407,Team0,0,-17405,12699,0,0,0,0,0,0,15377,0,12906,13252,12961,0,0,0,0,0,-10404,-11741,-12615,0,0,0,0,0,15774,0,0,0,0,0,0,0,0,-13980,0,-12037
84624339,Team1,0,0,15083,0,0,0,0,0,0,-11682,0,13542,-16902,0,0,0,13267,0,0,0,-14567,0,0,0,-14943,0,0,0,11348,0,0,0,0,11338,-14765,0,11672,-12815,0
84624382,Team1,0,0,12556,10745,0,0,-16367,0,0,0,0,0,0,11147,0,0,0,11859,0,0,-14977,0,11784,0,0,-14370,0,0,0,0,0,0,0,-16924,0,0,-13475,13004,-13098
84624445,Team1,0,0,-12936,-12165,-13220,0,0,0,0,0,0,0,12222,11425,0,0,-12930,0,13476,0,13925,0,0,0,0,0,0,0,11379,0,0,-11469,0,0,0,0,11199,-11056,0
84624506,Team0,0,0,0,0,0,0,0,0,-20339,-15006,0,-12865,-14897,12157,0,0,0,0,12346,0,-13255,0,0,0,14818,15686,0,0,13956,0,0,0,0,0,-14617,11508,0,0,0
84624515,Team0,0,0,0,11342,0,9941,14764,0,0,0,0,0,0,-11972,0,-14597,13768,0,0,-18753,0,0,0,0,0,0,0,0,12653,15157,0,0,0,-15427,0,0,-14359,-13805,0
84624524,Team0,0,12795,-9837,0,0,0,0,0,13173,17066,0,16616,0,18117,0,0,0,-10175,0,0,0,-11758,0,0,0,0,0,-12277,0,0,12794,0,0,-10695,0,0,-11605,0,0
84624528,Team1,0,0,0,0,0,0,0,0,11805,-12380,0,-12812,0,-14663,0,0,-13304,15521,0,11975,0,12420,17095,12892,0,0,0,-12035,-12087,0,0,0,0,0,0,0,0,0,0
84624659,Team1,0,0,0,0,0,12955,0,-11488,10493,0,0,12550,0,0,0,0,0,0,11303,11717,0,-9282,0,0,12253,0,-10501,-15571,0,0,-16520,0,0,-12517,0,0,0,0,0
84063981,Team0,0,0,16584,0,0,0,0,0,0,13370,0,16236,0,-12575,16843,-15137,0,0,0,0,0,11812,-12535,0,0,0,0,0,-13521,-11585,15326,0,0,0,0,0,0,-14674,0
84063995,Team1,0,0,0,0,0,0,4688,0,-9397,0,0,9322,0,-9608,0,11341,4689,0,0,0,-10028,-12363,0,0,0,0,0,0,-11757,0,4687,0,0,0,0,5763,0,-13437,0
84064018,Team0,0,0,14060,12580,0,0,0,0,0,-12982,0,-20453,-12725,-12354,0,0,13643,-13726,0,0,13927,0,0,0,0,0,9926,0,0,0,0,0,0,0,0,11201,0,0,-12854
84064026,Team1,0,0,-16946,0,0,0,0,0,0,14485,0,0,0,13080,0,13051,0,-13324,0,19201,12894,-14258,-12907,0,0,0,0,10810,-12083,0,0,0,0,0,-11318,0,0,0,0
84064039,Team0,0,0,-15333,0,12313,-12209,0,0,15688,0,0,0,0,0,-11489,-12097,0,0,0,-13542,0,0,14300,-14269,0,0,0,14033,0,0,0,0,0,0,0,0,0,12433,12621
84064076,Team1,0,0,0,11991,0,12117,-19588,-13264,0,0,-11412,0,0,0,0,10248,0,0,0,-11946,0,12765,0,0,0,0,0,0,-11997,14692,0,0,0,0,0,12169,0,0,-12489
84398053,Team1,0,0,0,0,0,12084,0,0,0,0,0,0,12566,0,0,0,0,-11299,-11464,-14889,13339,-11685,0,0,12754,18486,0,0,-12055,0,0,12050,0,0,-14106,0,0,0,0
84398224,Team1,0,0,0,0,0,0,0,0,14488,0,-10542,0,0,0,0,0,0,13640,13694,-15072,0,0,-11442,0,-14005,0,13182,-10926,12562,13272,0,0,0,0,-11746,0,0,0,0
84123116,Team1,0,0,0,0,0,-15046,0,0,0,0,0,17114,0,0,0,0,0,0,10604,0,0,11361,0,0,13976,-12892,0,-13970,-13829,14825,0,0,0,11489,-13690,0,0,-12225,0
84123124,Team0,1,0,13524,0,0,-14061,0,0,0,12558,0,-12029,16446,-12256,0,0,13514,0,0,0,0,0,0,0,0,0,0,-12900,0,0,0,-12219,0,13529,-15775,0,13124,0,0
84123164,Team0,0,12316,-13469,0,0,0,0,0,0,-13333,0,14825,0,12347,0,0,0,10274,0,0,-15095,0,11263,0,0,0,0,0,0,0,0,0,0,0,12193,0,-13670,-16273,-12730
84123188,Team0,0,0,-16140,0,0,0,13584,14367,0,0,-12755,0,14355,0,-12027,0,0,0,0,-10678,0,0,0,-12861,13695,0,13382,0,0,0,0,0,0,0,13136,-12805,0,0,0
84123194,Team1,0,0,0,0,0,-11395,0,0,11473,0,0,12139,0,0,-14814,13491,0,0,0,0,12286,-10742,0,0,0,12229,0,-12356,0,0,-14925,-12594,0,0,0,0,0,0,13743
84123313,Team0,0,0,0,12040,0,0,0,0,0,-10905,0,-10538,0,0,0,0,12352,-9507,0,0,16026,-11496,0,0,0,0,0,0,0,0,0,0,0,0,-12404,12429,12772,-13277,15868
84123317,Team0,0,14648,0,0,0,14050,0,-13314,0,0,0,-16742,14146,-11658,15925,0,0,0,0,-12534,0,-10197,0,0,0,16463,0,0,0,-10530,0,0,0,0,14341,0,0,0,0
84123382,Team0,0,0,-14174,0,0,-13139,0,0,0,11810,0,12340,0,0,0,10852,0,0,11358,0,0,0,-12320,0,0,0,0,-13130,0,0,0,0,0,12855,-12820,12724,0,-15793,0
84278999,Team0,0,-11965,0,0,0,0,0,0,11134,13440,0,13600,-13139,0,0,-11033,0,12182,0,0,11351,0,-14875,0,0,0,13705,-10693,0,-14313,0,0,0,0,0,0,0,0,0
84279019,Team0,0,15641,0,0,-15761,0,0,0,-17403,0,0,14324,0,-16176,0,0,0,15544,16933,0,13292,-15508,0,0,0,0,0,0,-15850,0,0,0,13105,0,0,0,0,-16124,0
84279047,Team0,0,13157,0,0,0,11223,0,0,12669,0,0,0,0,12346,0,0,0,-10989,-12686,0,0,-13115,-11552,14693,0,14011,0,-12092,0,-15278,0,0,0,0,0,0,0,0,0
84279082,Team0,0,-12360,12064,0,0,11279,-14695,-11690,0,0,12931,0,0,0,0,0,0,0,0,0,13380,-11246,0,0,0,0,0,15066,-12757,0,0,0,11878,-12574,0,0,0,0,0
84279175,Team1,0,0,0,0,0,0,0,0,0,10793,0,-16340,0,-13628,0,13772,-12820,13845,-10953,0,-12195,0,0,0,0,0,0,0,-12385,0,0,0,0,0,13677,0,10410,11271,0
84279241,Team1,0,-15633,15908,0,0,14459,0,0,0,0,0,-16453,0,10828,0,0,0,0,0,0,-13720,-12971,0,10923,9901,0,0,0,10808,0,0,0,0,-12970,0,0,-12562,0,0
84279244,Team1,0,0,-11748,0,0,0,0,0,0,0,0,15735,0,0,0,13106,12223,11455,-10839,0,-12614,0,0,0,0,-14183,-12230,0,0,0,0,12835,0,0,0,9874,-11575,0,0
84279247,Team0,0,0,14360,11310,-13811,-13851,0,0,-13199,13071,0,0,0,12928,0,0,0,0,0,13054,15005,0,0,0,0,0,-14105,0,0,-13706,0,0,0,0,-12724,0,0,0,0
84279257,Team0,0,0,0,0,0,13702,14826,0,0,0,0,0,14395,0,-13375,-13605,0,0,0,-13341,0,0,15118,0,0,0,0,23411,0,0,0,0,0,14049,-11765,0,0,-11327,-14188
84279276,Team1,0,0,0,0,-16329,0,0,0,-11674,10173,0,-15734,0,0,14164,0,-11937,0,0,0,0,-12034,0,0,14779,0,0,0,-11710,0,12117,0,10391,0,12667,0,0,0,0
84688266,Team0,0,0,0,0,0,-12496,0,0,-12586,0,0,-18243,-10801,11957,0,0,0,0,0,0,12961,12288,12532,0,0,0,0,13085,-11731,15415,-15799,0,0,0,0,0,0,0,0
84309549,Team0,0,0,0,0,0,0,0,0,14534,0,0,15131,0,-11201,14660,-11200,0,-12740,0,0,-12742,0,14052,0,0,-12473,0,0,0,0,0,-10486,0,0,0,15997,0,13886,0
84309634,Team0,0,12371,14470,0,0,10425,0,0,-13351,0,0,-14447,0,0,0,-16706,0,0,0,-12642,9371,-9183,-12029,0,0,0,0,0,0,0,0,0,0,0,13049,0,12107,0,0
84309637,Team1,0,0,0,0,0,0,0,0,12552,12554,0,0,0,0,13266,-13210,-10808,0,-11116,0,11697,17104,-10982,0,0,0,0,-11292,13870,0,-12878,0,0,0,0,0,0,0,0
84309718,Team0,0,0,14239,0,0,-11144,-12153,-16304,0,0,0,12078,0,0,0,0,0,0,0,0,-14784,13287,0,0,0,0,0,14637,0,-14817,0,0,-12804,11258,0,0,15479,0,0
84309719,Team0,0,0,0,10505,0,0,-15038,0,0,-12939,0,0,13080,0,0,-13595,0,-13071,0,0,0,0,0,0,0,13254,0,0,0,0,11834,11127,0,0,-13617,-14901,0,0,13986
84309720,Team1,0,0,0,0,0,12531,-17486,0,-10616,0,0,12176,0,0,0,0,-15232,0,0,0,-15186,11956,0,14805,0,0,0,0,0,-13926,0,10534,0,12426,0,0,-12826,0,0
84309734,Team0,0,0,14185,0,-13558,0,18002,0,12176,0,0,-15614,0,0,0,13691,0,0,0,-15172,0,-9559,-13776,0,0,0,0,0,0,15300,0,0,0,0,-15994,0,12791,0,0
84309776,Team0,-1,0,0,0,0,0,16041,-11239,0,0,0,0,0,0,10630,0,0,-12427,0,0,9514,-10279,0,-17993,0,0,0,-11258,0,0,0,0,0,12140,15920,0,12821,-11279,0
84309798,Team0,0,-16449,14808,0,0,0,0,0,0,0,0,10841,0,-11627,-11283,-10084,-12784,0,0,0,0,0,0,0,0,0,0,0,0,0,0,12689,0,0,13029,0,12156,0,0
84723505,Team0,0,-13384,0,0,12565,0,0,0,0,0,0,-14747,0,-13427,0,0,-13406,13870,0,0,12428,14467,0,0,0,0,0,0,0,0,0,0,11752,0,-12787,0,15484,-14723,0
84094973,Team1,0,0,0,0,0,-11598,0,0,0,0,0,0,0,0,0,0,0,0,0,13463,0,0,0,0,0,0,0,0,0,0,0,0,0,0,-14597,0,0,0,0
84094997,Team0,0,0,0,0,12245,0,0,0,-10729,0,11560,0,0,0,0,0,-12650,-10418,0,0,0,0,0,0,0,0,11567,-12094,15577,-16790,0,0,0,12395,16689,0,-14606,0,0
84095053,Team1,0,-14766,0,0,0,11553,0,-15398,13017,0,10458,11220,0,0,0,0,0,-13654,-15651,0,12302,0,0,0,0,0,0,13591,-16235,0,0,0,0,0,0,0,-13432,0,0
84095116,Team0,0,18189,12872,0,-12459,0,0,0,0,0,11428,0,0,11965,0,11829,0,0,0,0,17146,-13405,0,0,0,0,0,-18152,0,0,0,0,0,-13156,0,0,-12846,0,-12187
84095135,Team0,0,0,0,0,0,0,0,0,0,0,-12301,11088,-12056,11917,0,0,0,0,11916,0,-13153,0,0,-16690,0,-13818,0,0,17856,14419,0,0,0,0,17138,0,0,-11937,0
84095171,Team1,0,0,0,0,0,-9972,0,0,0,0,12881,-19008,0,0,17924,0,0,0,-11596,0,-15488,-12089,0,16049,14707,0,0,0,0,0,0,0,0,0,13275,0,-13257,13077,0
84095232,Team0,0,0,0,0,-15554,0,0,0,0,13402,0,10525,0,0,0,0,11542,-11822,0,0,0,0,0,0,11633,0,14365,-11440,0,15148,0,0,-10639,0,0,-10699,-10317,0,0
84787073,Team1,0,0,0,0,0,0,13645,0,0,0,-11386,0,0,-13279,0,0,0,14379,0,11461,0,0,0,-16170,-11804,0,0,0,11253,-15354,0,0,11241,0,0,0,0,-16545,13789
84787102,Team0,0,0,0,0,0,0,-13095,12604,0,0,0,0,0,0,0,0,-13190,13107,13265,0,-14943,0,-13441,17817,0,0,0,13687,-12928,0,0,0,0,15270,-12928,0,0,0,0
84787168,Team0,0,15046,0,0,0,13018,-17110,0,0,0,0,14308,0,0,0,-11880,0,0,0,0,0,0,11356,0,0,0,0,-12502,0,13324,0,-12531,0,-15496,10569,-12563,0,0,0
84787195,Team0,0,0,0,-12029,0,0,0,0,0,0,-12715,14752,-12302,0,0,0,13415,-12143,14626,0,0,14719,0,0,0,0,0,-11539,0,0,0,0,0,-12605,14626,0,0,15232,0
84787231,Team1,0,0,-14654,0,0,0,-12175,0,0,11448,-9968,11594,-13023,14703,0,0,0,0,0,12349,12045,0,0,0,0,0,10971,0,0,0,-9686,0,0,0,-14268,0,0,0,0
84787253,Team0,0,0,0,0,13859,13059,0,0,-17153,0,0,-11700,0,13209,0,-13360,0,-11462,0,0,0,0,0,0,11197,0,0,17068,0,-11072,0,10593,0,0,0,0,0,-12239,0
84787258,Team0,0,-15949,0,0,0,13027,0,0,0,0,0,0,0,0,0,0,0,-11177,12556,0,0,-12838,-14261,0,0,-12670,11207,12846,0,0,12351,0,-13768,0,12965,0,0,0,0
84787313,Team0,0,0,-12208,10216,0,0,0,0,-12530,0,11288,0,0,-12379,0,0,0,0,0,0,-16557,16616,0,0,13892,0,0,0,0,0,-13562,0,0,17687,15085,0,-13618,0,0
84787354,Team0,0,0,0,0,0,0,-11965,0,13012,0,-12380,0,0,12044,0,13431,0,0,12681,0,-14233,-11823,0,-14130,0,0,0,0,0,0,17144,0,0,0,0,-13020,0,0,13481
84787355,Team0,0,0,-14738,0,0,0,0,0,-14055,0,11444,0,0,0,-12957,0,0,-13708,-12350,0,11881,10754,-11757,0,0,0,0,0,0,12899,0,0,0,0,0,0,11445,0,14922
84755858,Team0,0,0,16328,0,0,0,0,0,0,0,0,0,0,0,0,0,0,0,0,0,0,0,0,0,0,0,0,0,0,0,0,0,0,0,0,0,12941,0,0
84755882,Team1,0,0,0,0,0,0,14656,-13893,0,-13711,0,13852,0,11634,0,0,0,0,0,0,11435,-13283,0,0,0,0,0,-14026,0,0,11537,0,0,0,0,0,12897,-18421,-15892
84755885,Team0,0,-10848,0,0,-11321,11824,0,0,0,0,-11696,-12035,0,12528,0,12855,0,0,0,18278,-12380,0,0,0,0,0,0,0,15361,0,0,0,-11400,0,0,0,12566,0,0
84755927,Team0,0,0,0,-13391,0,15612,0,0,0,-10658,0,14756,0,0,-12395,0,0,-10725,0,0,0,0,0,0,14060,0,0,0,0,0,14040,15269,0,0,16009,0,-10367,0,-14822
84756057,Team0,0,0,0,0,12097,17537,0,0,13159,0,0,-16207,0,-14197,0,13690,0,0,0,0,0,0,0,0,0,-14899,0,13187,-15186,0,0,0,0,-14807,0,0,0,12097,-15199
84756079,Team1,0,0,-16522,0,0,0,-18608,0,13409,0,0,0,0,-12560,0,0,11675,0,0,0,-12630,0,0,0,0,0,0,11508,11557,12848,0,0,0,-11990,-11709,0,0,0,10204
84499137,Team1,0,0,14342,0,0,-13323,0,-14100,0,0,0,-13947,0,12963,0,0,0,10764,0,15205,0,-10993,0,13516,0,0,0,-17547,0,0,-11753,0,0,0,0,0,11360,0,0
84499200,Team0,0,-13290,0,0,0,0,-14239,0,14587,0,0,0,0,0,0,15668,0,14124,0,0,-10482,-10926,-10051,0,-12667,0,0,14370,0,15587,0,0,0,0,0,0,20108,0,0
84499274,Team0,0,-17206,20285,-16762,0,0,15432,-17280,0,0,0,0,0,0,0,0,-18034,0,0,0,13904,0,12888,0,0,0,0,0,11717,-19042,0,0,0,0,0,-14841,0,15008,0
84499411,Team0,0,14285,0,0,0,0,0,0,-12883,0,0,-15364,0,0,0,0,-11353,0,-13410,0,12834,12438,0,0,0,0,0,-12276,0,0,-13717,0,0,13033,15014,0,15777,0,0
84499412,Team1,0,0,-14641,0,0,0,0,0,-11241,0,12589,-12630,0,13423,0,0,0,0,0,0,-11906,13672,0,0,-11055,14421,0,0,0,0,0,0,-11312,0,0,0,0,11937,15466
84499418,Team1,0,0,0,0,0,0,-13932,0,-11720,0,-11864,0,0,12183,0,-12831,0,11274,0,0,0,12632,0,0,0,0,0,0,15791,15615,0,0,0,-13296,0,0,10704,-13899,0
84499421,Team0,0,0,-12971,0,0,14410,-15186,0,0,13390,0,16386,0,-13128,0,13935,0,-12763,0,0,0,0,0,0,11947,0,0,0,0,0,0,0,0,-13279,0,0,-17594,0,14214
84499432,Team0,0,0,-11807,0,13645,0,15866,0,0,0,0,-12408,0,12506,0,0,16099,0,13212,-15370,0,0,-11400,0,0,0,0,0,0,0,0,0,0,-13047,14387,0,0,0,-14219
84904708,Team1,0,-14573,-12611,0,0,0,0,0,0,13379,15945,17308,0,0,-13967,0,0,0,-16085,0,0,0,0,0,0,15886,14598,0,0,0,12972,0,0,-11614,-11877,0,0,0,0
84904737,Team0,0,0,0,0,0,-14471,0,0,0,0,0,12999,0,-9660,0,13340,0,0,0,0,0,10775,0,-15123,0,16032,0,11334,-14472,-18890,0,0,0,0,-14260,0,17771,0,0
84904830,Team0,0,0,0,0,0,-13435,17713,0,0,0,-12217,-11677,0,0,14265,0,0,10847,-11843,0,-13173,0,0,0,0,0,0,-16974,0,0,0,11219,0,11412,10175,0,0,0,0
84904847,Team0,0,0,14304,0,0,0,0,0,-14621,-13650,0,0,0,0,0,0,0,0,0,11233,-13792,14631,14667,0,-12756,-13979,0,0,11723,0,0,0,0,0,0,0,0,12019,-14758
84904904,Team0,0,0,0,0,0,12753,0,11134,-16346,-12850,0,0,0,0,0,0,0,0,0,15205,0,-10968,0,-15114,0,0,0,14287,-15368,14058,-15590,0,0,0,0,0,14561,0,0
84904920,Team0,0,0,0,0,15944,12586,-13291,0,-13131,13150,0,15680,0,0,0,12586,-10770,0,0,0,-14699,11851,0,0,0,0,0,0,0,0,0,0,0,0,0,0,-10610,0,-12865
84248291,Team0,0,0,0,0,-11707,0,0,-11965,-18178,0,0,14592,0,0,0,0,0,11378,-10995,13479,0,0,14632,0,0,0,0,0,13238,-16341,0,0,15800,0,0,0,0,0,-11753
84248432,Team1,0,-14177,0,-11446,0,-11507,11219,-11460,0,0,0,0,10685,-8336,0,0,0,0,0,0,11601,0,0,0,-12300,14734,0,0,0,0,13099,0,11218,0,0,0,0,0,0
84033719,Team1,0,0,13512,0,0,0,0,0,13152,0,0,0,0,14450,0,0,-13842,12763,0,0,-15595,-9810,0,-13586,0,0,12477,0,0,-14501,0,-10934,0,0,0,11792,0,0,0
84033738,Team1,0,12288,0,12378,-12309,0,0,0,0,0,0,0,0,-12839,-12255,0,0,0,0,0,0,13067,0,15851,0,0,0,18027,0,-14913,0,-12887,14657,0,0,0,0,0,-12211
84033746,Team0,0,0,0,0,0,11927,0,13501,0,0,0,0,-18400,0,0,0,0,-15870,-13565,0,11839,11839,0,0,0,17531,0,14443,-14435,0,0,0,0,0,-13684,0,0,-14750,0
84033753,Team0,0,-11987,0,0,0,0,23762,0,0,0,-11702,19058,0,10826,-11913,0,0,0,0,0,0,-12233,11097,11718,0,0,0,13092,-15714,0,0,0,0,0,0,0,0,0,-13718
84033758,Team1,0,0,-15444,0,0,0,15821,0,13767,0,0,-12507,0,12212,0,0,0,0,0,17070,13618,-16267,0,0,0,0,0,0,12299,0,-17499,-14700,0,-19542,0,0,0,0,0
84033814,Team0,0,15238,-14963,11824,0,0,0,0,0,-11509,0,-14076,0,0,0,0,-12695,0,0,0,0,-11410,11377,0,0,0,0,0,-12969,0,14735,0,0,0,14305,0,0,0,16323
84033877,Team0,0,0,0,0,11743,0,-19311,0,0,0,0,12473,0,0,0,10942,-11903,-12543,0,0,0,0,0,18454,0,-12084,0,-13799,0,10863,0,14784,0,0,0,0,-11952,0,0
84033889,Team1,0,0,0,9909,0,-11961,0,0,0,10754,0,0,0,0,0,10923,0,10193,-11549,0,0,10106,0,0,11008,-11592,0,-12323,0,0,0,0,0,0,-12358,0,0,-12712,0
84033902,Team0,0,-12493,0,16117,12131,13624,13660,0,0,-9081,0,0,0,-8652,-14614,0,0,0,0,0,0,0,0,-12432,0,0,0,0,-12751,0,0,0,13119,0,0,0,0,12074,0
84033949,Team0,0,0,0,0,0,-11271,-17594,0,12228,0,-10652,0,0,-11593,0,0,9453,0,12605,0,0,11165,0,-15646,-13157,0,11476,0,0,0,0,13220,0,0,0,0,0,0,0
84033956,Team0,0,0,0,0,0,0,0,0,0,0,0,0,0,0,0,0,0,17836,0,0,0,0,0,0,0,0,0,0,-13059,0,0,0,12722,0,0,0,0,11382,0
84531519,Team1,0,0,0,0,12157,0,-14786,0,0,0,-12233,10284,0,0,0,-14042,0,-13166,14956,0,-16032,0,0,0,0,18921,0,0,0,0,0,11531,0,10102,-19435,0,0,0,0
84531662,Team0,0,0,15315,11425,0,10829,0,-14098,11587,0,0,-14758,0,0,0,0,0,0,-16426,12104,0,-12323,11895,0,0,0,0,0,0,-11616,0,0,0,-13581,0,0,0,0,0
84531684,Team0,0,0,0,0,0,13485,13379,12905,0,0,0,0,0,13770,0,-13920,0,0,0,0,-16992,-12180,14086,0,-12564,0,0,17613,0,0,0,-12525,0,-17053,0,0,0,0,0
84531799,Team1,0,0,0,0,13458,-14368,0,0,11493,0,0,13013,0,0,0,0,9130,0,0,14094,0,-12345,0,0,0,0,0,-15897,-12960,0,-14712,-12821,0,0,0,0,10126,0,0
84531851,Team1,0,0,0,0,0,0,0,0,16246,-15487,10779,0,0,-15184,0,11111,0,0,0,0,-16418,0,0,0,0,10959,-15005,0,-12403,-18574,0,0,0,13676,0,0,0,0,10369
84563475,Team0,0,0,0,0,0,0,0,0,0,0,14915,0,0,0,0,13917,0,0,0,-9834,-16478,13131,0,-11370,16458,0,0,-12449,0,0,0,0,0,-12589,0,0,-11067,13916,14505
84563712,Team0,0,0,0,-12027,0,0,0,-13750,0,0,0,0,0,0,0,0,0,14836,-11781,11298,-14519,-14243,0,0,0,0,11760,14488,0,0,0,0,0,13724,0,0,11084,0,-10985
84563740,Team0,0,0,11484,0,0,0,0,0,-12651,-13160,11278,-16406,0,0,0,-12762,0,15739,0,0,-12916,0,0,0,0,0,0,0,12113,9828,-13147,0,10834,0,0,0,0,0,0
84563861,Team1,0,0,0,0,-13677,0,15224,0,0,0,0,0,0,0,0,10626,9961,13599,12121,0,0,-14138,0,0,0,0,0,14553,-13654,0,-12937,0,0,0,-12862,0,-12710,0,0
84563921,Team0,0,0,0,0,0,0,-14373,0,0,0,0,0,0,0,0,0,0,-15171,0,0,18420,12539,0,0,0,-16059,-15945,13383,0,14654,-10779,0,-10891,11624,0,0,14531,0,0
84338633,Team0,0,-15927,0,0,0,0,0,-11820,11841,0,0,0,-13144,0,-12679,0,12031,-11968,14929,0,0,-14007,0,0,0,0,0,12662,13242,0,16662,0,0,0,0,0,0,0,0
84338672,Team1,0,0,0,0,0,0,-15451,22363,12021,0,0,0,0,0,-18262,0,12764,0,0,0,12975,0,0,-15492,0,0,0,14306,10831,0,0,0,0,-17768,0,0,-14476,-16846,0
84338688,Team0,0,0,-16178,0,0,0,0,0,0,0,-13142,-14274,0,-13479,-15423,15369,0,13959,0,0,0,0,0,0,0,0,0,17838,0,16220,-13733,14693,0,19482,0,0,0,0,0
84338734,Team0,0,0,13682,-14384,0,11904,0,-15168,0,0,0,0,0,-16921,0,0,-13163,0,0,0,-13770,9381,0,0,0,0,0,-13109,0,14026,0,0,0,0,0,8354,12998,0,0
84338737,Team1,0,0,0,0,0,0,0,0,-15352,0,0,12166,0,14169,0,0,0,11925,0,0,-16641,-11490,-11494,13736,-10972,0,0,0,-11870,0,0,0,0,15970,0,0,11405,0,0
84338742,Team0,0,12350,-14054,0,0,13543,-14795,0,0,0,0,0,11776,0,-11003,11811,0,-10056,-12833,0,11747,0,-10170,0,0,0,0,0,0,14178,0,0,0,0,0,0,0,0,0
84338753,Team1,0,0,0,14178,0,-16856,0,0,0,-11882,12395,-12855,0,0,0,-13390,0,0,0,0,-14143,12813,0,0,0,0,0,0,10843,15262,0,0,0,14523,-12958,0,0,0,0
84338768,Team1,0,0,-13591,0,-19883,0,0,0,13726,-14131,0,12080,-18401,0,0,0,0,0,12552,0,14646,0,0,10300,0,0,0,0,0,13171,0,0,0,0,0,-15186,0,0,-15349
84338769,Team0,0,0,-12221,0,11854,0,0,15546,0,0,0,0,0,9154,0,-14651,-10681,0,-16660,11052,0,12904,0,0,0,0,0,0,0,0,0,0,0,-12921,-15932,0,8921,0,0
84338785,Team0,0,0,0,0,13224,0,14113,-12569,0,12885,0,-11016,0,14754,0,0,-11942,0,0,0,0,12224,0,0,0,0,0,0,-16466,0,-13346,0,0,0,-10930,0,0,0,14275
84338809,Team0,0,0,0,0,0,0,0,0,0,-11734,0,0,0,-12021,0,14254,0,0,0,0,-8286,-13513,0,-11513,10298,-14570,0,21295,0,0,0,0,0,14697,13237,0,0,15729,0
84153171,Team0,0,0,0,0,0,-13566,0,0,0,0,0,0,-14528,0,0,-12913,0,0,-13667,0,-15601,0,0,0,0,13116,0,0,11589,-16677,0,0,0,0,0,0,0,0,0
84153226,Team0,0,0,-10663,0,0,0,0,0,0,0,0,-12823,0,0,-13979,0,-13686,11602,0,0,-11788,0,13769,0,13100,0,0,0,0,12406,0,-12058,0,0,17901,0,13199,0,0
84153227,Team0,0,0,0,0,0,0,-13008,13987,12736,0,0,0,0,0,0,15013,0,-10196,12670,0,13170,0,0,-13225,0,0,0,0,-10752,17427,0,-11183,0,-14694,0,0,0,0,0
84153340,Team1,0,0,-12656,-16301,0,0,0,0,0,0,0,16514,0,0,0,0,-11649,14397,0,0,0,14520,0,0,-18857,0,0,0,-12741,14779,0,14445,0,15416,0,0,0,-11856,0
84153372,Team0,0,0,0,0,-14560,15594,0,0,0,0,0,0,0,0,0,0,0,0,0,0,-12045,0,0,20279,0,15731,0,0,0,0,15166,-11371,13460,0,-16506,0,12870,-12256,-12327
84153387,Team0,0,11396,0,-12033,-15129,-11264,0,0,0,0,13049,0,10441,0,0,0,0,0,0,0,17810,18633,-12702,0,0,-14242,-12356,0,0,15464,0,0,0,0,0,0,0,0,0
84153411,Team1,0,0,-13873,12948,0,0,0,0,14075,-12261,0,14237,0,0,0,0,12661,0,0,-14582,-13994,0,0,0,0,0,0,0,0,12527,-14087,0,0,0,0,11861,0,-15718,0
84153423,Team0,0,0,0,0,0,0,-14734,0,0,0,0,-13524,0,15631,0,0,-12577,-8613,0,17246,12489,15109,-13160,0,0,0,0,-17856,0,15914,0,0,0,0,0,0,13674,0,0
84000265,Team1,0,13532,0,0,-8675,12045,0,0,-12316,0,0,0,0,0,0,13644,0,-9965,0,0,-15350,0,0,0,0,12229,0,0,14649,0,0,0,0,0,-19684,0,0,0,0
84000275,Team1,0,0,0,0,0,0,-11286,0,0,0,-11963,13029,0,0,0,-14023,12348,-11884,11108,0,0,-11999,0,0,0,12293,0,0,12587,-15766,0,0,0,0,0,13713,0,0,0
84000276,Team0,0,13589,0,-12199,0,0,-16812,0,0,0,0,0,0,0,-9828,0,-12206,14019,0,0,-11712,0,0,14251,0,0,13731,0,-12465,0,15397,0,0,0,12594,0,0,0,0
84000303,Team0,0,0,0,0,0,15654,0,0,0,0,0,13514,0,13116,-14831,0,0,0,0,0,0,13059,0,0,0,13854,0,-17197,0,0,-16512,-14275,0,0,0,-12586,0,16717,-14360
84000328,Team1,0,0,15111,0,0,-14006,-16095,9551,0,0,0,-12787,0,12997,0,-16246,0,0,0,0,14507,-13878,0,0,0,12667,0,0,0,0,-17582,0,0,0,0,13237,0,0,0
84000329,Team1,0,0,-13741,0,-12658,0,18454,0,0,-14875,10426,-14350,0,0,0,0,0,0,0,0,0,13022,0,0,13128,0,0,0,0,0,0,-13854,0,-12866,0,10488,0,0,10730
84000367,Team0,0,0,-17257,0,10600,0,15530,0,0,0,0,0,0,0,0,0,0,0,0,16429,0,0,20192,0,-16282,-14328,14412,0,-13388,0,0,0,-15065,0,0,14106,-14008,0,0
84000398,Team1,0,0,0,-13602,0,0,15096,-14295,0,10812,0,0,0,0,0,0,-12693,0,0,-13164,12735,11374,0,14272,-12089,0,0,-12618,0,0,0,0,0,0,0,0,0,11662,0
84000478,Team0,0,0,0,-10510,0,0,-12575,-11045,0,0,0,0,0,-13396,22375,-11562,0,12591,0,0,0,9734,0,11833,0,0,0,0,-16136,14090,0,12299,0,0,0,0,0,0,0
84000481,Team1,0,0,-13817,10206,12840,0,0,0,0,0,-13764,0,0,0,0,0,0,0,0,13247,-15401,14269,0,0,0,0,-9330,-12289,0,0,0,0,16952,-12140,0,0,0,11013,0
84000507,Team1,0,0,-13796,0,0,0,0,0,12569,0,0,0,0,0,0,-14729,0,0,0,-12105,-11050,0,-10785,14761,0,0,0,0,0,14051,12932,0,0,0,0,-12600,10431,10799,0
84000511,Team0,0,0,-12051,0,0,0,0,11907,0,0,-10949,0,0,12759,-13383,0,0,-11505,0,0,12977,0,0,0,0,0,0,11675,-16398,0,17531,0,-13855,0,0,0,14604,0,0
84000559,Team0,0,0,0,0,0,0,16088,0,0,0,0,0,0,0,0,0,0,0,0,0,0,0,0,17676,0,0,0,0,0,0,0,0,15930,0,0,0,0,0,0
84215382,Team1,0,12567,0,0,0,-14216,0,0,11225,0,0,0,0,0,0,-12530,0,0,0,0,9406,10510,-16496,14353,0,0,0,0,-14484,0,0,0,0,14784,-12044,0,0,-12846,0
84215391,Team1,0,0,0,0,-20068,0,0,0,0,0,0,16354,0,-16186,0,0,0,13500,0,11906,16591,-15284,0,0,0,0,0,0,0,-17440,0,0,13416,0,-18172,0,12654,-14068,0
84215461,Team1,0,-17347,0,0,0,0,0,0,-13588,13642,-18858,0,0,0,-14381,0,0,0,0,0,14973,13638,0,0,0,0,0,-15619,15027,12761,-17438,0,0,0,13224,0,0,0,0
84215474,Team0,0,16216,-14720,15390,0,0,0,0,0,0,0,14124,0,14293,0,0,14336,-17978,0,0,-15130,-17065,0,0,0,0,0,0,0,15230,0,0,0,0,0,0,-14720,0,-15094
84215486,Team1,0,14179,0,0,0,0,0,0,0,11015,0,0,0,16186,-15038,0,-17329,0,0,0,10482,0,-16322,-16400,0,0,0,-13663,13534,-17159,0,0,9361,0,0,0,0,0,0
84215509,Team0,0,-14796,0,0,0,0,-15389,16802,0,-12443,0,0,0,-14148,0,-14245,0,0,0,0,-14171,0,0,0,0,16319,12870,0,14147,14433,0,0,0,12224,0,0,0,0,0
84215551,Team1,0,0,-16660,0,0,10684,0,0,14069,0,0,11410,0,0,0,0,0,0,-13899,0,-14972,-14570,0,0,12682,0,0,0,0,0,-12966,0,-11265,0,0,0,0,13980,11574
84215575,Team0,0,-16457,14999,0,0,0,0,0,0,0,16693,0,-13534,17400,0,0,0,0,0,0,13911,-13087,0,15294,0,-12934,0,0,0,15438,0,0,0,0,-15673,0,0,0,-15072
84215580,Team0,0,-13007,0,14519,0,-16742,-14596,0,-12409,0,0,0,-11990,0,17604,0,0,0,0,14174,-12942,0,13169,0,0,0,0,0,14362,15256,0,0,0,0,0,0,0,0,0
84875524,Team0,0,0,12573,0,0,13017,0,-14558,0,0,12500,0,0,0,0,14482,0,0,0,0,12897,12250,0,-13750,0,0,0,-10604,0,0,0,0,0,-10379,0,0,0,-12200,-13859
84875539,Team1,0,-14806,-15680,0,0,12435,17122,0,0,-13396,0,0,-13474,0,0,12718,13037,0,0,0,-13507,0,0,0,0,13975,0,0,13492,0,0,0,0,-13784,0,0,0,0,0
84875607,Team0,0,0,0,0,0,0,0,0,0,0,0,-13680,0,0,0,0,0,0,-11493,0,0,-12054,-11787,0,0,0,12508,0,14006,13575,-14782,0,0,0,18051,12775,0,12048,-14640
84875614,Team1,0,0,0,-14889,0,0,0,0,0,13015,0,11865,0,11571,-14044,0,0,0,-14561,-15823,-15155,0,0,0,11112,0,0,0,0,0,0,0,0,11125,0,0,9040,0,-12571
84875615,Team1,0,0,0,0,0,0,14064,0,0,0,0,0,0,-14329,0,13198,0,0,-14055,-16903,-12468,0,11897,-18110,0,0,0,14263,0,0,10961,0,0,14478,-13525,0,0,0,0
84875653,Team0,0,16144,0,0,0,-14262,0,0,11516,0,0,0,0,0,0,11819,0,0,0,0,0,0,-12795,0,0,0,0,-11162,0,-15840,0,-15750,0,10207,12641,0,0,13466,-14164
84875685,Team1,0,0,0,0,0,-10449,0,0,0,0,12457,0,10621,0,0,12550,0,0,0,0,12489,-10576,0,0,-15254,0,0,0,0,13678,-16640,0,0,0,-11979,0,-10450,13378,0
84875701,Team0,0,0,-12761,0,0,0,15288,-13277,14565,0,0,0,0,0,15724,-11841,0,0,0,0,-13333,-10205,0,0,0,0,0,0,15764,16217,-11537,0,0,13922,0,0,0,0,0
84367262,Team0,0,0,0,0,0,-10785,0,0,0,0,-14141,-12616,0,0,0,-13492,13338,0,0,0,13836,-13159,0,0,0,0,0,0,15312,12722,-11899,0,0,0,13825,0,10711,0,0
84593227,Team0,0,0,13315,0,0,0,0,0,0,0,0,0,-11704,0,0,0,0,0,8590,0,0,0,-10557,-15286,0,-13220,0,11831,0,13374,11880,0,-17661,10463,-16327,0,0,0,0
84593286,Team1,0,0,16758,0,0,14239,-17364,-13694,-13497,0,0,0,0,0,-13703,0,0,-12265,0,0,0,-13055,0,0,0,12093,0,0,0,0,0,0,0,13717,11908,0,16587,0,0
84593316,Team0,0,15559,-14117,0,0,-15423,0,13464,0,0,0,0,0,0,0,0,0,0,0,12498,15128,14704,0,0,0,-14040,0,-16348,14806,0,0,0,0,-14990,0,0,-13692,0,0
84593463,Team0,0,0,17907,0,-14460,-17464,0,0,0,0,0,0,0,15751,17660,0,0,0,-12323,0,0,-13971,0,0,11785,0,0,-13633,0,0,0,0,0,11815,-13939,0,12803,0,0
84593482,Team1,0,0,-15146,0,13029,0,0,0,0,0,0,11427,0,-15307,0,0,0,-13910,0,0,0,-11376,0,0,0,0,-13757,0,0,0,0,11255,0,12194,10912,-16403,0,14660,0
84593549,Team0,0,0,0,12074,0,0,0,0,0,12799,0,-10894,0,0,0,0,0,0,-11142,-14034,12943,13586,-11395,0,0,0,0,-10829,0,0,15990,0,13012,-10612,0,0,0,0,0
84593576,Team1,0,14685,0,0,0,0,16507,0,0,0,0,-13955,0,0,0,0,-15797,0,-14944,0,-15788,0,11873,-11578,0,0,0,0,11854,0,11926,0,0,0,-15125,0,12141,0,0
84593670,Team1,0,0,0,0,0,0,-14138,0,0,0,12241,0,0,0,0,0,0,-13343,0,0,0,11475,9889,0,10707,0,0,15447,-13575,11771,0,0,-16506,-14420,0,0,-13412,0,0
84624836,Team0,0,0,19925,0,0,13079,-16946,0,14109,0,0,0,0,14757,0,0,-11829,0,0,0,-13496,0,0,-15022,-11812,0,0,0,12479,11981,0,0,0,0,-15040,0,0,0,0
84624839,Team0,1,12967,21961,0,0,13454,0,0,0,13155,-11080,0,0,0,0,0,0,0,14116,0,-11121,0,-13897,0,0,0,0,-13333,0,-13621,0,13089,0,0,0,0,0,0,-12951
84624844,Team1,0,0,-10256,0,0,0,0,-11088,0,0,-11628,0,0,0,0,0,12726,0,0,0,18669,0,0,14799,0,0,0,-12181,12976,16486,0,0,0,-11249,0,0,16989,0,-12005
84625002,Team1,0,0,0,0,13141,-12116,0,0,0,0,0,11233,0,0,0,-11670,0,14405,0,0,0,0,0,0,-13380,0,10877,0,-17259,-20008,0,9896,0,13757,-12954,0,0,0,0
84625031,Team1,0,16970,12243,0,0,0,17236,0,0,0,0,0,0,-15978,0,10384,0,0,-15629,-15958,-13888,0,11849,0,0,0,0,0,-15661,0,0,0,-14074,0,12425,0,0,0,0
84398439,Team0,0,0,-15587,0,0,15003,0,0,-11020,13361,0,16115,0,-14182,0,0,0,-12127,0,0,13135,0,0,0,0,0,0,15602,-12181,0,0,0,0,0,13276,0,0,0,-15821
84398514,Team1,0,0,0,0,0,-14255,0,0,0,0,0,-14990,0,0,0,0,0,0,0,0,12430,12832,14073,15307,13807,0,0,0,-13257,15477,0,0,0,-15921,-17463,0,-10856,0,0
84398540,Team0,0,0,0,-12860,0,-14347,15017,0,0,0,15591,0,13922,0,0,-11702,0,-10996,0,0,13942,0,0,0,0,0,0,13019,0,-13004,15522,0,0,0,-14774,0,0,0,0
84398576,Team0,0,0,0,0,-13508,0,0,0,14242,0,0,12137,0,0,0,-14396,-12112,0,13399,0,13589,-12480,0,0,0,0,0,0,-14530,0,0,0,0,11827,-13628,0,0,0,12421
84398584,Team1,-1,11908,0,0,0,0,-19420,0,0,0,0,0,12646,0,-14738,13218,0,10318,11062,13137,0,0,0,0,0,-21079,0,0,0,0,0,0,0,-13214,0,0,-13214,0,-13144
84064166,Team0,0,0,0,0,0,16925,-16140,0,-14286,0,0,16607,0,13173,0,0,0,-10413,12720,0,0,0,0,0,0,12773,-12743,0,0,19041,-12426,0,0,0,0,0,0,0,-10405
84064190,Team0,0,-9855,0,0,0,0,-10615,0,-11857,0,12009,0,0,0,0,0,0,-12751,0,14008,-11907,0,0,0,0,15984,0,13116,12962,0,0,-9817,14257,0,0,0,0,0,0
84064237,Team1,0,0,0,0,-12270,14510,0,10915,-12730,0,0,16452,-12474,0,0,0,0,0,0,15570,0,12233,0,13898,-13181,0,0,0,0,0,-15712,0,0,0,-12176,0,0,0,0
84064250,Team0,0,15267,0,0,0,0,-13827,0,-12207,0,0,0,0,-11056,-12875,0,0,-12813,-12761,0,0,0,0,10406,17773,0,0,0,12044,0,13089,0,0,0,10536,0,0,0,0
84064251,Team1,0,0,-3927,918,0,0,0,0,0,0,0,0,0,0,0,-19769,0,1158,0,0,1366,1478,0,-3925,0,0,921,-3925,0,1137,0,0,0,0,0,-3925,-3925,0,0
84064255,Team1,0,-10930,0,0,0,0,14290,0,-11904,0,0,0,-12333,13863,0,0,0,0,0,0,14618,0,13937,0,0,12879,0,0,-12749,0,-11960,0,0,0,0,-11658,0,0,14857
84064287,Team0,0,-13615,0,0,0,-11982,0,0,0,13941,0,-12444,0,-11775,14700,0,0,0,0,13833,0,-11677,11700,0,0,-14255,0,12938,0,0,0,0,0,0,0,0,0,0,15057
84123458,Team1,0,0,0,0,12311,0,-14904,0,0,0,0,0,12371,0,0,0,-11874,0,13293,0,-10154,0,14013,0,0,0,0,13412,-11343,0,0,-11102,0,14612,-10276,0,0,0,0
84123653,Team1,0,13189,-13370,0,0,0,0,0,0,13247,-12930,0,0,0,0,10701,0,11246,0,0,-14079,10041,0,0,-14558,0,0,0,9285,0,0,0,0,0,-13172,0,0,0,-13573
84430756,Team1,0,17456,0,0,0,0,0,0,0,0,0,0,13221,0,14091,0,13754,0,0,0,0,0,0,-11417,15877,13852,0,0,-12966,-14681,0,0,0,-12540,-11818,0,0,0,-11728
84430815,Team0,0,0,0,13944,0,0,-20520,0,0,0,15128,-12610,0,14460,-8809,13639,0,0,0,0,-10130,0,0,0,0,0,0,0,13244,0,15545,-8095,0,-10739,0,0,0,0,0
84430839,Team1,0,0,0,0,0,-13288,0,10741,0,0,0,0,0,0,0,-13246,0,11825,0,0,-12643,-15953,0,0,0,0,0,14242,0,-15668,0,0,11893,11442,12768,0,-14655,0,0
84430938,Team0,0,0,0,0,12346,11358,-16404,0,0,-13299,0,0,0,11470,0,0,0,0,0,0,-15027,-13373,0,0,0,18711,0,15579,-13275,0,0,0,0,0,0,0,11962,0,-16860
84430979,Team0,0,0,20003,0,0,0,-13873,0,-11986,11421,0,0,13369,0,0,0,-16632,13519,0,0,-15561,0,0,0,15165,0,0,0,-13133,0,0,0,0,0,-10840,0,0,0,12520
84430981,Team1,0,0,0,0,-18456,0,0,0,0,0,-11537,11773,-11179,0,0,0,0,0,0,-13720,0,-14832,0,0,0,-17017,10240,0,0,11067,12561,0,0,13229,0,0,11878,0,0
84430986,Team0,0,15083,0,0,0,-11272,0,12467,13525,0,0,0,0,0,0,0,0,13369,0,0,-10268,0,0,0,14184,0,0,-13940,0,0,-13062,0,-11174,0,12290,0,-15127,0,0
84431011,Team0,0,12246,0,0,0,-13532,-13777,0,0,0,0,0,0,0,0,-11145,0,15076,0,-13122,-10777,12537,0,0,0,0,0,0,0,0,14679,-11114,12139,0,0,0,11606,0,0
84687925,Team1,0,0,-15064,13710,0,0,0,0,10358,0,-12947,-15172,0,0,14727,0,0,0,0,0,0,-13602,12250,-15215,0,0,-13139,0,9975,15189,0,0,0,0,0,0,0,0,0
84687939,Team1,0,0,0,-16818,13838,-12943,0,0,12410,0,0,0,0,0,13921,-13160,-16348,0,11415,0,13868,0,0,0,0,-11597,0,-12068,0,0,0,0,0,0,12399,0,0,0,0
84688056,Team0,0,-14450,-11313,-12960,0,-13337,16074,0,0,0,0,0,12866,-11689,0,0,0,16907,0,0,0,-11420,0,0,0,0,0,0,0,19286,0,12820,0,12321,0,0,0,0,0
84688107,Team0,0,17026,-11546,0,-11312,-12598,0,0,0,0,0,0,0,0,0,-14295,0,12054,16029,0,-12132,11987,0,0,0,0,0,0,12209,0,0,0,0,0,15403,0,-10734,0,0
84688143,Team0,0,-14324,0,-12004,0,-13853,14960,0,0,0,0,0,0,13555,0,0,0,0,0,17009,-13882,0,0,-12150,0,0,0,0,13428,0,0,0,0,17237,-13520,0,11783,0,0
84688168,Team0,0,0,15851,0,0,0,-13188,0,-11733,0,0,0,0,-12650,0,-12169,0,0,11281,-15089,0,0,13283,13055,0,11840,0,0,0,0,-17576,0,0,15614,0,0,0,0,0
84688288,Team1,0,-12109,-18284,14242,0,0,0,0,0,0,0,13451,0,-17686,0,0,0,0,0,0,0,13293,0,13863,0,0,0,15668,0,0,-16535,-10239,0,0,0,0,13641,0,-9365
84464319,Team0,0,16422,0,0,0,0,0,0,13785,0,0,0,-12604,0,0,0,0,0,0,0,0,0,13573,0,0,0,0,0,14206,0,0,0,0,-12659,0,0,-11796,0,0
84464350,Team0,0,13621,17821,0,-13540,14259,-16562,18263,-15433,-11542,0,0,0,14243,0,0,0,0,0,0,-14893,0,0,0,0,0,0,0,17385,0,0,0,0,0,-13871,0,0,0,0
84464355,Team1,0,0,0,12403,0,0,-18048,-14387,12136,0,0,0,0,-13501,0,0,0,0,11642,0,-14960,0,0,0,0,-16953,0,18635,0,19181,0,0,0,0,11520,0,0,-14720,0
84464369,Team1,0,0,0,0,0,16316,15647,0,0,0,10883,-12524,-12647,0,0,11266,0,0,0,-13606,11547,-11501,0,0,0,0,0,11589,-10608,0,0,0,0,0,-13908,0,0,0,0
84464389,Team1,-1,-18298,0,0,0,-16725,0,0,-15931,0,10268,12472,11867,-12344,0,-20035,0,0,0,0,0,0,0,0,-14086,16307,0,14453,0,0,0,0,0,0,10818,0,0,0,0
84464453,Team1,0,14955,-16292,0,0,0,0,12985,13684,-14286,0,0,0,-20045,0,12139,0,0,0,0,-14472,12323,0,0,0,0,0,11264,0,0,0,0,0,0,-16909,-15374,0,0,0
84464519,Team0,1,0,0,0,0,-13078,-17204,0,0,0,0,0,0,17077,0,-13286,0,0,-15188,0,13535,-14583,0,0,0,0,0,0,0,13307,0,0,0,0,14428,-16133,13310,16458,0
84464541,Team0,0,18010,0,0,0,0,0,0,14716,0,-13105,0,0,0,-13919,0,0,-12578,0,0,14807,0,0,0,0,0,0,-13740,11857,-17671,0,0,-14236,0,14994,0,0,15316,0
84464563,Team1,0,0,13070,0,-12254,-16578,0,0,0,0,0,0,0,0,0,-12467,0,11965,0,-12329,0,0,0,0,0,0,0,-13082,0,13727,14250,-16383,12015,0,0,0,13359,0,0
84464611,Team0,0,0,-11134,-16523,0,0,16144,0,0,14207,0,14756,0,-11375,0,0,0,0,0,0,16633,-11189,0,0,0,0,-12782,0,0,0,0,0,0,14586,16136,0,0,-12244,0
84464719,Team1,0,0,0,0,11473,0,0,-15389,12926,12755,0,-12266,0,-10621,0,0,0,0,0,-15361,0,0,11727,0,12796,0,0,0,0,0,0,0,0,0,-12328,0,0,-14591,13131
84464753,Team1,0,0,-7956,0,0,-8241,0,0,0,0,0,4035,0,0,0,0,0,-7852,0,0,2894,0,0,-7869,0,4183,0,0,0,0,0,0,3322,3317,-8222,0,-6853,5701,0
84464850,Team1,0,0,0,0,0,0,0,0,0,13382,0,0,0,11612,12668,0,0,-14279,0,0,-12831,0,0,0,0,0,0,16042,12062,-17217,0,0,-14231,0,-15402,0,-10950,14430,0
84464855,Team1,0,0,0,0,0,0,-14489,0,-19041,0,10950,11587,0,0,0,0,0,-17239,-13714,0,10975,8929,0,0,0,0,0,0,-14547,0,0,0,0,0,13697,0,0,8462,-15141
84309804,Team0,0,13406,0,0,-15556,0,0,0,0,-11972,0,0,0,0,0,0,0,0,0,0,13036,19105,0,0,13047,0,0,-15624,-11319,14551,0,0,0,-16959,-12202,0,12923,0,0
84309906,Team0,0,0,0,0,0,0,12935,14041,0,0,13854,0,-13509,14506,0,0,0,0,0,0,-14049,0,0,0,0,-13822,0,0,15447,-20378,0,0,0,-14143,0,0,-12880,13353,0
84309938,Team1,0,0,15978,0,0,10809,0,0,12355,0,0,0,0,11770,0,-11903,0,-11948,0,0,0,0,0,0,0,-12772,-15142,0,13868,11725,0,0,0,-12675,-15467,0,0,0,0
84309986,Team1,0,0,-17585,0,0,10742,12037,0,0,12433,0,13070,0,0,0,0,0,0,-15005,0,0,0,0,-13852,0,0,0,0,0,0,0,0,0,-13324,-12829,12803,0,-11849,14437
84310082,Team1,0,11355,-13586,0,0,0,0,0,11532,0,0,0,0,0,0,-13154,0,0,0,0,0,0,0,0,0,0,0,0,0,0,0,-11171,0,0,0,0,10488,0,0
84723470,Team0,0,17457,14855,0,0,13067,0,0,0,0,0,0,0,-15826,0,0,0,0,0,0,11775,13117,0,0,0,0,0,-12368,0,0,0,-10624,0,-11955,0,0,13529,-9453,-12214
84723504,Team1,0,0,0,-13045,0,0,16861,12330,-15499,-12570,0,0,12956,0,0,0,0,-12929,0,0,-12357,10744,0,0,12282,10473,0,-14350,0,0,0,0,0,0,0,0,0,0,0
84723630,Team1,0,0,-14708,0,0,0,0,-14016,12779,0,0,0,0,0,13486,-13857,0,12989,0,0,-17122,0,0,14641,0,0,0,14018,-14319,0,-12865,0,0,0,0,0,0,11882,0
84723637,Team0,0,-12612,12160,0,0,0,-14669,0,-14393,0,10538,11399,0,0,0,10990,0,11267,0,0,0,0,0,0,0,0,-10821,0,0,0,-12083,0,0,11146,0,0,0,-13026,0
84723675,Team0,0,0,0,0,0,10041,-20168,0,11255,0,0,0,0,-12121,0,-13292,0,0,0,0,13589,0,0,11012,0,0,0,0,0,13087,0,11373,0,0,0,-12944,-12860,0,-13752
84723754,Team0,0,0,16006,0,0,0,0,0,0,-12795,11492,-13880,0,-15098,0,0,0,15394,0,0,0,0,11599,0,0,0,0,0,-14193,0,0,0,0,-13689,-11937,0,9921,0,11762
84756197,Team1,0,0,11180,0,13614,-11929,0,-13093,0,0,0,0,0,10732,0,-12055,0,0,-13424,-12797,14501,0,11666,0,0,0,0,0,0,0,0,0,0,0,-15793,0,13411,0,0
84756198,Team1,0,0,-14584,13408,0,0,0,0,0,0,-13216,-12416,0,12495,0,0,0,15047,0,15354,-15921,-15002,0,0,0,0,0,0,14326,0,0,0,12955,0,0,0,0,-11431,0
84756251,Team0,0,0,0,-12949,0,-16475,0,0,0,0,0,-14366,0,13946,0,0,-14336,0,0,0,0,12379,0,0,0,-15758,0,12043,0,12776,0,0,0,0,-16436,0,16247,0,10961
84756281,Team0,0,0,0,0,0,0,0,-13632,0,10987,0,15177,-11971,10926,-15232,12209,0,-12481,0,0,0,-10877,0,0,0,0,0,0,0,-12841,0,0,0,15184,0,0,0,0,15271
84756283,Team0,0,0,0,0,0,0,-15885,11464,0,0,0,0,0,14022,-12929,15074,-13252,14412,0,0,-14620,16103,0,0,0,-14904,0,0,15126,0,0,-14459,0,0,0,0,0,0,0
84756314,Team0,0,0,0,0,14674,0,0,0,0,11119,0,0,0,-13297,-12916,9635,0,-12839,0,0,0,0,0,0,0,0,0,-12905,11168,0,0,-12998,0,8937,0,0,9297,-13535,0
84756324,Team0,0,0,0,13681,-15766,0,0,0,0,-11178,0,0,0,0,0,-14498,0,-9622,0,0,0,0,0,16064,0,0,-10236,0,0,15898,17028,0,0,13263,-11537,0,13627,0,0
84756362,Team1,0,12970,0,0,0,0,12155,-13906,0,0,0,0,0,-11236,0,0,0,-11828,-12695,0,11510,-11926,0,0,0,-15046,0,0,0,15677,0,0,11382,0,0,0,13535,0,0
84756364,Team0,0,0,0,16289,0,0,0,0,13877,-11193,0,-13219,0,-11292,0,0,0,-10010,0,15876,0,-11835,0,19202,0,0,0,0,-15497,0,0,0,0,0,15656,0,0,0,14884
84756399,Team1,1,0,-15713,0,0,0,16300,0,18050,0,0,13573,16646,0,-16918,0,0,0,-11016,0,-17468,0,0,13669,0,12884,0,0,0,0,0,0,0,0,-10293,0,0,-12319,0
84756403,Team0,0,0,-600,20062,0,2835,0,0,2836,0,0,0,0,0,0,-610,0,0,-610,3814,3803,-656,0,0,0,0,0,0,0,0,-609,0,0,-609,2836,0,0,0,0
84095363,Team0,-1,0,0,0,0,0,14300,12426,0,0,0,0,-15846,0,0,12298,0,11529,0,0,-15491,-13302,0,0,0,-16936,0,0,0,-14979,12775,11001,0,0,0,0,0,-13001,0
84095366,Team0,0,-12486,14301,0,-11640,-12352,0,0,0,0,0,0,0,-13093,0,13883,0,0,18821,0,0,0,0,0,0,0,-12728,0,15001,0,0,0,0,12805,-12748,0,0,14613,0
84095375,Team0,0,-15062,0,0,0,-10688,16090,0,13457,0,0,0,0,0,0,0,0,13541,0,0,14419,-16964,0,0,0,-11031,0,0,-10571,17706,0,0,0,0,-11917,0,13476,0,0
84095422,Team1,0,16051,0,0,0,11573,0,0,0,0,0,0,14709,12049,0,0,0,-15807,0,0,0,0,0,11725,0,0,0,-23456,0,-14888,0,0,0,-13961,-14783,0,-15488,0,15906
84095426,Team0,0,0,12418,0,0,0,15347,0,-11769,0,0,-11200,0,0,0,0,0,0,-10856,14363,13917,0,11270,0,0,0,0,0,0,0,0,0,0,-10856,10957,-12499,0,0,-12920
84095428,Team0,0,0,0,0,-12373,0,13718,0,0,0,10076,0,0,12668,0,0,0,10910,10903,0,0,0,-13680,0,-11702,13529,0,0,0,0,0,0,0,0,-16531,-14158,0,-11283,0
84095448,Team1,0,0,15003,0,0,0,0,-12502,0,0,0,0,0,0,0,0,0,18588,0,0,-11674,0,-9465,-13027,15027,0,0,0,0,-15265,0,0,6775,13138,-9993,0,12907,0,0
84095456,Team0,0,0,14089,0,11751,0,-16202,-12644,0,12699,0,0,0,0,0,-13107,-12070,11787,0,0,0,0,0,0,0,0,12213,13615,0,0,0,0,0,0,-11284,0,0,-12841,0
84095457,Team0,0,0,0,0,0,-10928,0,0,0,-12234,0,-11230,15017,0,0,0,13313,0,0,0,-12009,-12916,0,0,0,13494,0,0,13247,14352,0,0,0,0,-14595,13876,0,0,0
84095510,Team0,0,0,15473,0,0,-10761,-13520,0,0,0,0,-12536,0,0,16042,0,0,0,0,-15013,13830,-14300,0,0,0,0,0,0,-13742,14299,0,0,0,0,0,0,12629,19864,0
84787203,Team0,0,14610,12170,0,0,0,0,0,0,0,10858,0,0,12076,0,0,0,0,0,-13387,11048,-14410,0,0,0,0,-11295,0,-13331,-13737,0,0,0,0,15426,0,0,-10761,0
84817337,Team0,0,0,0,0,-13299,11562,19609,-14246,0,0,0,16711,0,0,0,0,0,12749,0,0,0,12542,0,0,0,0,0,0,0,-13753,0,11890,0,0,-20204,0,0,-14558,-12204
84499484,Team1,0,0,0,-13768,0,0,0,0,-14066,0,0,13557,13966,0,-12120,-13063,11200,-11181,10542,0,-15148,0,0,0,13539,0,0,0,0,0,0,0,0,0,0,0,0,0,11601
84499504,Team1,0,-18795,0,11154,-12652,0,14366,-11694,0,0,0,0,-12813,0,0,13668,0,0,10182,0,0,0,0,0,0,12182,0,0,0,0,0,0,0,0,11670,0,0,-17709,-11849
84499509,Team1,0,0,0,0,0,-12988,0,12277,0,0,0,-14539,0,12397,-16430,0,0,0,0,-14288,12274,0,0,0,13011,10834,0,0,-12559,0,0,-14019,0,0,15283,0,0,0,0
84499528,Team1,0,0,0,0,-14542,0,0,0,0,0,0,0,0,-11854,0,0,0,0,-11877,-12695,0,-13875,14135,0,0,0,0,12662,-11655,16866,0,0,0,11865,16673,0,0,0,16015
84499600,Team0,0,-12515,0,12217,0,0,0,12883,0,0,0,-12550,0,13503,-11321,0,0,12785,-17643,13538,0,-10934,0,0,0,0,0,0,0,0,0,0,0,-12702,13506,0,0,0,0
84499607,Team0,0,0,-14373,0,0,0,0,0,10768,0,0,13281,0,-13071,0,0,0,11845,0,-16288,0,13871,0,0,0,0,0,0,-10875,0,0,0,0,-9738,-13204,0,0,13382,19223
84499685,Team0,0,0,-12964,0,0,-11683,12985,0,-13010,0,0,12547,0,0,0,0,0,0,0,0,11782,0,13276,0,-16093,0,0,0,-10005,0,0,0,0,13192,12201,0,0,0,-11278
84499699,Team0,0,0,0,0,11230,0,-21430,11671,0,0,0,0,-12469,11013,0,0,0,0,-13989,13616,-14246,0,0,0,0,0,0,16020,0,0,0,0,0,0,13421,0,0,-12753,-12496
84499748,Team1,0,0,9750,0,0,12337,-11359,12447,0,0,0,0,0,-11683,0,0,0,0,0,-13169,-12159,0,0,0,-12736,0,0,0,0,14309,0,-11192,0,0,0,0,9677,0,10605
84499800,Team0,0,0,0,0,0,0,0,0,14384,0,0,0,0,0,0,-14192,0,-10984,0,0,0,0,0,0,0,0,0,0,0,-13157,0,0,0,0,-12400,0,0,0,0
84845624,Team0,0,-12554,19480,0,0,0,-17700,0,13135,0,0,0,0,-10317,0,-11882,0,-11383,0,0,0,-12029,0,0,15294,0,0,0,0,11739,0,0,0,13052,0,0,11733,0,0
84845664,Team1,0,0,0,0,-12402,0,0,-11741,15138,12942,0,0,0,0,0,11994,0,12533,0,0,0,11748,0,-12705,0,-10193,-13332,0,0,12365,0,0,0,-12437,0,0,0,0,0
84845719,Team1,0,-20134,15923,0,0,11890,0,-13235,-12021,0,0,0,0,-13778,0,0,11177,0,0,0,0,0,0,0,-11677,0,0,11763,0,0,0,0,0,0,13012,0,9506,-10649,0
84845750,Team1,0,0,-15980,0,0,-14768,0,0,13494,0,0,0,0,11136,0,0,0,12545,0,13582,0,0,0,11928,0,0,-14150,0,-12898,0,0,0,0,0,14288,-11614,0,0,-13866
84845791,Team0,0,0,0,0,0,-11147,-14670,0,0,0,0,20159,15896,13523,0,-11578,0,-10026,-12559,0,0,0,0,0,0,0,0,14685,0,0,0,15078,0,0,-10447,0,0,15232,0
84845852,Team0,0,0,-11085,0,0,0,16456,0,0,0,0,0,0,-12586,0,0,0,12886,12973,-13004,-11846,0,-11131,0,0,0,0,14035,0,0,0,15383,0,13728,0,0,-9984,0,0
84845867,Team1,0,0,-12609,14581,0,0,0,0,12568,-10784,0,-11282,0,0,0,0,-19241,12985,13725,0,-14579,0,0,0,0,0,0,0,0,0,12008,0,10958,0,-11510,0,0,0,0
84845882,Team0,0,0,0,0,0,-15265,0,12359,0,-11376,0,0,0,0,-11737,-12409,0,11963,0,0,0,12151,0,0,-13011,-11466,0,0,0,0,13221,0,12506,0,17831,0,0,0,0
84845889,Team1,0,-9845,0,0,0,12051,0,-15420,13104,9140,0,13062,0,0,0,12353,0,-14103,0,0,13177,0,0,-14778,0,0,-11392,0,0,-9516,0,0,0,0,0,0,0,0,0
84655899,Team0,0,11458,13993,0,0,0,0,0,0,0,0,0,0,-11146,0,0,0,11204,0,0,0,11350,0,0,0,-10120,0,0,-15065,-15081,0,12289,-12152,0,0,0,0,-15744,12147
84656003,Team1,0,0,-16638,-12795,0,0,13478,0,-11433,0,0,-17182,0,-15328,0,0,13370,0,0,12390,-15481,0,0,0,0,0,0,0,0,0,0,12390,0,0,14939,0,0,12237,0
84656140,Team1,0,0,-13224,0,0,18453,12520,-13431,0,0,0,-14740,0,0,0,0,0,-12875,0,0,0,14248,0,0,0,0,0,0,11081,0,0,0,0,-16194,-15104,0,10665,12660,0
84656157,Team0,0,0,0,0,0,0,0,0,14754,0,0,0,0,0,0,0,0,-11902,0,14895,-11119,-11153,0,0,14490,0,0,-11058,14934,-13989,0,0,0,0,19074,0,-13093,14123,0
84904688,Team1,0,0,13601,0,-14880,-14812,13927,-14470,0,0,0,-18651,0,-14521,0,0,16577,0,0,0,14782,0,0,0,0,0,0,-15223,13930,0,0,0,0,0,13664,0,0,0,0
84904718,Team0,0,-13642,-15839,0,0,0,15226,0,0,0,11174,0,-12217,0,0,12263,0,17628,0,0,-12444,13105,0,-12549,16295,0,0,0,0,0,0,-12195,0,0,0,0,0,0,0
84904924,Team1,0,0,0,12340,0,0,-16653,0,-14019,0,-13250,0,12579,-12075,0,0,0,0,13133,13993,-13942,0,0,0,0,0,0,0,13466,-11576,0,0,0,12235,0,0,0,0,0
84248946,Team1,0,-12241,19118,0,0,0,0,0,0,0,9935,-13699,-12195,0,0,0,13025,0,0,0,0,0,0,0,0,0,0,11568,0,0,0,11346,0,-16902,-14606,0,-12422,0,0
84248954,Team1,0,0,13452,0,0,0,-18011,12171,0,0,-11842,16736,0,-11261,0,0,0,-11534,0,0,0,0,0,-14503,-13027,0,0,0,0,0,0,0,0,10146,0,0,0,10757,10622
84248955,Team1,0,-17062,0,0,0,0,0,0,0,0,11449,12243,0,0,0,0,-15168,0,-13031,11474,0,0,0,-15483,0,0,0,0,-12861,-15396,0,0,0,10628,13016,0,11398,0,0
84248970,Team1,0,0,0,0,-11625,0,0,0,0,0,0,11953,0,10786,0,-13247,-12110,12425,0,0,0,0,0,0,0,0,0,12869,0,-14962,12839,11286,0,0,-14722,0,-11368,0,0
84249064,Team1,0,0,-7722,0,0,11649,12045,0,0,0,4456,-17920,0,0,0,12254,-13469,0,0,0,0,-14078,0,17434,0,0,0,0,0,0,-24292,0,0,0,0,10190,-13759,0,0
84249066,Team0,0,0,0,-8911,-12215,0,15859,12547,-9791,0,0,17524,0,-16002,0,0,0,0,13514,0,12896,0,-11149,0,0,0,0,0,0,0,16281,0,0,0,0,0,0,-11902,0
84249144,Team0,0,-15498,0,0,0,0,14473,0,0,0,-12194,0,0,-12147,-14022,0,0,0,0,0,14957,0,0,0,0,0,0,12454,0,-11539,0,0,0,14497,-19775,0,12326,13961,0
84563574,Team0,0,0,14686,0,-12792,0,0,13722,15873,0,0,0,0,-12035,0,0,0,0,-11447,0,0,-11105,0,0,15322,0,0,0,14334,-17586,18030,0,0,0,-14359,0,0,0,0
84563655,Team0,0,0,17247,-13884,0,14894,0,16721,0,0,0,0,0,0,16588,0,0,0,0,0,-13604,15116,0,0,-12610,0,0,12985,0,0,0,0,0,-15101,0,0,-12468,0,-15062
84563707,Team1,0,0,15267,12393,0,0,0,12672,0,0,0,0,0,0,0,0,13225,0,0,0,-15493,-13478,0,0,13802,-13705,0,0,0,11425,-12884,-14006,0,0,-12440,0,0,0,0
84563742,Team1,0,14621,0,0,0,0,0,0,-13687,12600,0,12629,0,11701,0,0,0,13813,-12303,-15398,-10591,0,0,0,0,0,0,0,0,0,0,0,14830,0,-12630,0,0,-12841,0
84563744,Team1,0,0,-14256,0,0,-13669,0,0,-11729,-13422,0,-12827,0,0,0,0,0,13440,11428,12305,-13677,10592,0,0,0,0,0,0,11619,0,0,0,0,0,11552,0,0,0,0
84563821,Team0,0,0,18638,0,0,0,0,0,-13355,10877,0,0,0,-15128,12669,-15456,0,0,0,0,16359,12387,0,0,-13401,-12503,0,0,12317,0,0,0,0,-11148,0,0,0,0,0
84563925,Team1,0,12520,-14037,0,0,0,0,0,0,0,-14010,13584,0,13798,0,-11159,0,-10948,0,0,-7161,-13478,0,0,0,0,0,0,0,0,0,0,11156,13288,0,0,0,14340,0
84563990,Team1,0,-13705,16593,0,-14558,0,0,0,-12456,0,0,0,0,-13726,0,0,0,0,-12019,13634,0,11836,0,13506,0,0,0,0,0,-18119,16367,0,0,0,0,0,13418,0,0
84564009,Team1,0,0,0,0,0,-14908,-14382,0,11183,0,0,-11467,0,0,-11467,0,0,0,12408,11869,9161,0,0,17202,10311,0,0,0,0,0,0,0,0,0,-13890,0,0,-13236,0
84564016,Team1,0,0,0,0,0,0,0,0,0,0,13880,13205,0,0,0,0,0,11855,0,0,-12134,0,-13548,-13956,0,-12293,12441,0,0,16008,0,0,0,0,-18773,0,0,-17680,12912
84031488,Team0,0,0,0,0,0,0,0,0,0,-10913,0,0,11848,0,-10309,0,16365,12718,0,0,0,-10561,0,0,0,-12057,0,11777,16674,0,-14418,6558,-12984,0,0,0,0,0,0
84032278,Team1,0,0,-13987,0,0,-11035,0,0,10694,0,-13457,-12435,0,13414,-11173,12942,0,15719,0,0,0,0,0,0,0,0,0,0,0,0,0,0,0,0,0,-15837,0,10405,11723
84032681,Team0,0,0,0,0,0,0,0,0,0,-11676,11398,0,0,0,0,0,0,-11796,0,0,0,15645,0,-17675,0,0,0,15748,0,-11939,0,0,-13841,0,11818,13196,0,13877,-11678
84033439,Team0,0,0,0,0,15334,0,-14863,14937,11508,0,12272,-13124,0,0,0,0,0,-13022,-11748,0,0,12431,0,0,0,0,0,0,12616,0,0,0,-12382,-13909,0,0,0,0,0
84034061,Team1,0,-14923,0,0,0,-14380,-14123,-13506,0,10668,0,0,0,0,0,0,0,0,0,0,11302,12395,0,0,0,0,11745,13252,0,0,13392,0,0,0,-13165,0,0,0,-14131
84034085,Team1,0,0,-17035,0,0,0,0,0,-13386,10084,0,0,0,12753,-12708,0,0,0,9643,-15781,0,-13080,0,0,13203,0,0,14619,0,0,11295,0,0,0,0,0,0,-15799,0
84182600,Team1,0,0,0,0,0,10517,0,0,-14620,0,10628,0,0,0,0,0,0,-12290,0,0,0,12193,0,0,-11053,0,12296,0,11683,15800,0,0,-11049,0,-13950,0,0,-11028,0
84182664,Team1,0,15493,0,0,0,0,0,0,15276,0,-11204,-11535,13697,0,0,0,-13177,12336,12054,-11233,0,0,0,-16072,0,0,0,-15393,0,14042,0,0,0,0,0,0,0,0,0
84182674,Team1,0,-12600,0,11708,12553,0,0,0,-11847,0,0,14948,15690,-11746,0,-12770,0,-17529,13080,0,0,14059,0,0,0,0,0,0,0,-13308,0,0,0,0,0,0,0,0,0
84182686,Team0,0,0,0,0,0,11709,15922,0,0,0,0,0,0,11791,0,0,-14172,0,11148,0,-11429,-11438,0,0,0,0,0,-14473,13562,-16225,0,0,0,0,13152,0,-12466,0,0
84182688,Team1,0,13508,0,0,-12171,0,0,-14807,0,0,13510,0,0,13194,0,0,0,0,-10772,-12056,0,0,0,0,0,0,-11464,16638,14757,-12493,0,0,0,0,0,0,0,0,15411
84182704,Team1,0,0,0,0,-16288,11686,-15871,0,0,0,0,12903,0,0,15028,0,-15011,0,0,0,-14850,12396,0,0,0,0,0,-13004,0,14220,0,-12984,0,0,14298,0,0,0,0
84182744,Team0,0,-9676,0,0,0,0,0,12344,0,-10877,0,-10792,15590,0,0,-11880,0,15998,0,0,0,-16936,0,0,0,0,0,0,-10723,13225,0,0,0,0,15641,0,0,0,12342
84182754,Team0,0,0,0,0,0,0,-17230,-12746,0,0,0,0,0,0,18402,0,14343,-14413,0,0,-14066,0,0,0,0,0,-12341,14941,16640,0,0,0,0,0,14959,-11243,0,14063,0
84182782,Team1,0,13595,-11892,0,0,-12152,0,11784,0,0,0,12274,0,0,0,0,15035,0,0,-15217,0,0,0,0,-14793,0,0,0,0,0,16251,-12795,12120,0,-16544,0,0,0,0
84182783,Team0,0,0,0,0,0,-12847,0,-13113,0,12041,0,0,0,11978,0,0,0,0,0,0,0,-14120,0,0,12802,0,0,0,0,0,0,0,0,14164,0,0,0,0,-12989
84000559,Team0,0,0,0,-14192,10794,0,0,0,0,0,-12713,0,15515,-16256,0,0,0,0,0,0,-15121,-12665,0,0,-14288,0,0,0,0,0,0,0,0,0,0,0,10721,0,0
84000566,Team1,0,0,0,13086,0,0,0,12418,0,0,0,0,0,0,0,0,0,12169,0,-12035,0,15693,0,0,-16857,11649,0,-12002,0,0,0,0,0,-13592,0,0,-13354,14933,-11939
84000642,Team0,0,0,0,0,15710,0,-15220,0,-11673,0,0,0,0,-11335,0,0,0,0,0,0,17119,12973,0,0,0,0,0,15021,0,0,-14611,13213,0,0,0,0,-13386,12277,-10552
84000675,Team0,0,0,-14056,0,0,12871,0,0,0,0,0,14920,0,0,0,0,-13195,14443,0,0,0,-11994,0,14749,0,17108,0,-13076,-13544,0,0,0,13986,0,0,0,0,-14309,0
84000757,Team1,0,0,0,0,0,0,-14699,-14288,0,11738,0,10886,0,0,-17759,0,0,0,0,-15951,0,-10704,0,15026,0,0,0,15986,0,0,0,0,0,12490,0,0,0,13935,-13785
84000815,Team0,0,0,0,-12263,0,0,14988,11428,0,0,0,-12822,9880,-12599,0,0,-13074,15228,0,0,-12041,0,0,0,0,0,0,0,0,-16340,0,0,0,0,0,12539,0,10831,0
84215644,Team0,0,0,0,0,0,12794,0,0,0,0,0,-18492,0,0,0,0,0,0,0,0,12620,-12325,0,0,-14590,0,0,13696,0,14768,0,0,0,-12109,-12898,0,18782,-12881,13677
84215716,Team1,0,14117,0,0,12965,10832,13985,0,0,-12361,0,-14022,0,-13425,0,-11897,0,0,0,0,-16030,14119,11089,-21455,0,0,0,0,0,0,0,0,0,0,0,0,0,0,0
84215734,Team1,0,-15295,-14999,14101,0,-13255,18057,0,0,0,0,15254,0,0,0,0,11820,0,-9752,0,-12142,0,0,0,0,0,0,0,0,0,0,-13094,0,0,0,14340,0,11381,0
84215804,Team0,0,0,15381,0,-13260,0,0,0,0,11962,-10990,0,12815,0,-12281,-12367,0,0,0,0,17176,-12174,0,0,0,0,12189,0,-10927,0,17232,0,0,0,0,0,0,0,0
84215812,Team1,0,0,0,0,-12434,0,0,0,0,0,0,0,13026,0,0,-11916,0,0,11928,-15375,10806,-12233,-12241,0,12099,0,0,0,0,0,13151,0,0,0,10771,0,0,0,-13217
84215813,Team0,0,0,0,14926,0,12844,13124,0,-14180,0,0,0,0,-12775,0,0,16169,0,-13145,0,0,0,0,16156,0,-13625,0,0,-13608,0,0,0,0,-12716,0,0,0,0,13789
84215915,Team0,0,11725,0,0,0,14380,10964,0,-11419,0,0,0,0,15542,0,0,0,-14107,0,0,0,-10568,0,0,12924,0,0,0,-13381,0,0,0,0,0,-14562,-12199,11726,0,0
84215956,Team1,0,0,-13858,-12233,-11569,0,0,0,0,0,-11151,0,12624,-10315,0,0,0,10721,0,13506,-12188,0,0,0,0,0,0,0,10209,0,0,0,0,0,0,0,12724,0,10179
84153474,Team1,0,0,11585,0,0,0,0,0,0,0,0,0,11680,0,-16560,0,14240,14323,10601,0,0,0,0,-16557,0,0,0,12258,-12870,-18814,0,0,0,-13270,-14978,0,0,0,0
84153479,Team1,0,0,0,0,0,13556,16520,0,0,0,11595,0,0,14565,0,0,0,0,-12045,-13777,13219,0,0,0,-12487,-12529,0,0,0,0,0,0,0,0,-12810,0,12065,0,-14796
84153488,Team1,0,0,0,0,0,11422,0,0,0,0,0,11923,0,11663,-17935,0,0,0,0,-14963,-14524,-15243,-14925,17111,0,0,0,-13313,11422,17220,0,0,0,0,0,0,0,0,0
84153501,Team1,0,0,-17469,13224,0,-12915,0,0,0,0,0,0,0,11906,0,-14218,12860,0,0,0,-12475,-12084,-11704,0,12950,0,0,0,16970,0,0,0,0,0,0,0,0,0,12399
84153553,Team0,1,0,-13953,0,0,-13460,23882,-12566,0,0,0,0,0,13530,0,0,0,0,0,0,11783,-14866,0,0,0,13441,0,-12936,12556,0,0,10884,0,0,0,0,0,-14100,0
84153556,Team1,0,0,-12166,0,12975,0,0,0,0,12230,0,-12311,0,0,16031,0,-11183,0,-14775,0,0,0,0,0,-15808,11558,0,0,0,0,-14239,0,0,0,0,0,12434,0,12396
84153630,Team0,-1,0,-14078,0,0,-13516,0,0,13167,0,0,0,0,0,0,0,0,13272,0,0,16974,-10425,0,16913,-12631,0,0,0,0,15156,0,0,0,0,13674,-13839,-13453,0,0
84153635,Team1,0,0,13344,0,0,11300,-17040,-12943,14447,0,0,0,-13042,0,0,0,0,0,-12782,0,11280,0,0,0,0,0,11022,0,0,15820,0,0,0,0,-15813,0,-11556,0,0
84153707,Team0,0,15582,13770,0,-11107,-14526,0,0,0,13141,0,0,0,0,-13422,0,13707,0,0,0,12065,0,0,0,14947,0,0,0,0,0,0,-16221,0,0,-12922,0,0,0,-14668
84153716,Team1,0,0,0,-11194,-11773,0,0,0,0,-11641,0,0,15113,0,0,0,-15861,0,13809,0,11885,12352,0,0,0,0,0,-11992,11636,0,14982,0,0,0,-11938,0,0,0,0
84153743,Team1,0,0,0,12969,0,0,-18617,12669,-14315,10924,0,0,-15561,0,13995,0,0,0,0,0,-14099,12753,-14208,0,0,0,0,14137,0,0,-17030,0,0,0,0,0,0,0,0
84875796,Team0,0,0,-14661,0,0,14243,14277,0,0,0,12470,0,11890,-11328,0,0,0,-14619,0,0,-11319,0,0,0,14172,0,0,0,13413,0,0,0,0,0,-13131,0,-12550,0,0
84875797,Team1,0,0,-14424,0,-13933,-12693,0,0,0,0,0,9813,0,11889,-12964,0,0,10092,0,0,0,0,10872,0,0,0,9847,-12893,0,15232,0,0,0,0,0,0,-13793,0,0
84875800,Team0,0,0,0,-11940,0,0,0,0,-12092,0,0,12467,0,0,0,13318,15098,-11395,-11887,0,15069,0,0,-14315,0,0,0,0,0,0,0,0,0,-13059,12328,0,0,14019,0
84875835,Team1,0,0,0,0,0,0,14548,0,0,0,0,0,-11684,11386,0,0,-14640,11529,0,0,0,0,0,-17515,-14314,0,0,0,0,0,0,-10864,0,-11659,12106,0,12034,11355,0
84875836,Team0,0,0,0,0,15382,12726,-14621,0,0,0,0,0,0,0,0,12018,0,0,13645,0,-13022,-12305,0,0,-12913,0,0,15104,0,0,0,0,0,0,-15482,0,0,-11827,12931
84875839,Team1,0,0,0,0,0,0,0,-14024,0,0,0,0,0,0,0,0,0,14565,11827,0,0,0,0,12026,0,0,0,-12666,-13843,11562,0,0,15745,-11883,-10781,16123,0,-13574,0
84875847,Team0,0,9898,0,0,0,0,0,0,0,-14028,11289,-12816,0,-11637,0,0,0,0,0,0,8852,9461,-14382,0,0,0,0,-14621,0,14130,0,0,0,-13703,17268,0,0,0,0
84875849,Team0,0,0,19024,0,0,0,-13955,0,-12133,0,0,0,0,12068,0,0,0,0,0,0,0,0,-12303,-13165,-14350,0,0,0,-12669,14752,13487,0,0,0,0,0,12953,0,13606
84875854,Team0,0,0,-17389,0,0,12386,0,11407,0,0,0,14759,0,0,0,0,12488,0,0,-14950,-11978,-10249,-11396,0,0,13377,0,12055,0,0,0,0,0,0,-18769,0,0,0,0
84875856,Team1,0,13684,12489,9962,0,0,-17767,-14429,12381,0,0,0,0,0,0,0,0,11071,0,0,12405,-12798,0,0,0,0,0,-17672,0,0,0,0,0,-15150,0,0,0,-13214,0
84875859,Team1,0,0,0,0,0,12985,0,0,-14708,0,0,9939,0,-10840,0,0,0,-14104,0,14512,0,0,0,-18629,0,0,12976,0,0,0,0,0,0,0,14607,11089,-13966,-13328,0
84367595,Team1,0,11712,0,0,0,0,15888,11760,0,0,0,0,0,-14817,0,0,0,-16696,0,0,11736,-13100,0,0,0,0,11305,0,-13009,0,0,0,0,12618,-16099,0,-14116,0,0
84367652,Team1,0,13921,0,0,0,-13527,-18215,0,13003,0,-12190,0,-11692,0,17629,0,0,0,0,0,-13835,14238,0,14197,0,0,0,-14706,0,0,0,0,0,0,12160,0,0,0,0
84367767,Team1,0,0,-14873,0,12092,-11506,0,0,0,11345,0,-14804,0,-13676,0,0,0,0,0,-17184,0,10300,0,0,0,0,0,0,0,13837,0,0,9082,0,0,0,-10965,0,13508
84367804,Team1,0,13578,15350,0,0,0,0,0,0,-11714,0,0,0,-11168,0,0,0,0,0,0,-13670,-13381,0,-15704,0,-13662,0,0,0,15463,0,0,0,11415,0,0,12111,0,11491
84593976,Team1,0,0,0,0,0,0,0,0,14226,0,0,0,0,0,0,0,0,0,0,0,0,0,0,0,0,0,0,0,0,0,0,0,0,0,0,0,0,0,-17342
84398818,Team1,0,11524,12492,0,-13674,0,0,0,11553,-11044,0,-11851,0,-12868,0,12516,0,0,0,0,11731,-13568,0,0,0,0,0,0,0,-13651,0,0,0,13813,0,0,0,0,0
84398842,Team0,0,0,15251,0,15050,0,0,0,0,-12754,15672,0,0,0,-13935,19402,0,13890,0,0,0,0,0,-12203,0,0,0,0,-13792,-12244,0,0,0,0,16302,0,0,0,-13687
84398895,Team1,0,0,-14375,0,0,0,0,0,-13386,0,0,10892,15075,0,0,0,0,-11538,0,0,0,-14826,-12732,0,0,11531,0,0,0,-15191,0,10104,0,0,0,15679,0,0,10548
84398936,Team0,0,0,-15287,0,0,13745,0,-12409,0,0,0,0,0,-12051,0,14030,0,0,0,0,-11534,14622,0,0,-13298,13422,0,0,0,0,15199,0,0,0,11649,0,0,0,-17544
84398955,Team0,0,12257,12878,0,-13631,0,0,0,9804,0,0,0,0,0,0,-14476,-14034,9914,-12814,0,0,11109,11075,0,0,0,0,0,0,-13058,0,0,0,0,0,0,-12457,0,0
84123387,Team1,0,0,0,11000,-10964,0,0,11298,0,0,0,19062,0,0,0,-13310,0,0,12026,0,0,-11419,0,0,0,0,0,0,0,-13197,0,-8067,10476,-12239,0,14954,0,0,0
84123502,Team0,0,-9981,0,0,0,-13180,-12224,0,13465,0,12589,-14839,0,0,0,0,0,0,0,0,16883,0,-12008,0,0,13181,0,19444,0,0,0,0,0,0,-13132,0,0,13636,0
84123611,Team0,0,0,0,-12065,0,13101,0,0,0,0,0,0,18057,0,0,0,-15757,0,0,0,-14886,0,0,14585,0,16058,0,-10637,12219,0,0,0,-12006,0,12699,0,0,-11604,0
84123625,Team1,0,0,-11768,0,0,14593,0,0,0,0,0,12497,0,15968,-12541,0,0,0,0,12936,-16162,0,0,14218,0,0,0,0,13488,0,0,0,0,-20319,-17727,0,-12806,0,0
84123654,Team1,0,-13766,16009,13964,0,0,0,0,-13542,0,0,0,0,0,0,0,12406,12454,0,0,-11878,-12547,14650,-15826,0,0,0,0,0,0,0,0,0,0,0,0,12228,-14813,0
84123682,Team0,0,0,18051,0,0,-10399,0,0,0,0,0,-13720,0,-11492,0,-10895,0,-11190,12838,0,14182,0,0,0,0,0,0,0,14504,0,0,0,11396,14887,0,0,-9456,0,0
84123713,Team0,0,0,17427,-10628,0,0,0,0,0,-11277,-11635,14944,0,0,0,0,12420,13688,-10198,0,-10663,12419,0,0,0,0,0,0,0,0,0,0,0,0,0,0,12093,0,-13115
84123714,Team0,0,13200,-14846,12912,0,0,0,0,11982,0,0,0,0,0,-12271,0,0,0,0,0,-14770,0,0,-15320,0,0,0,0,0,-12159,13648,0,0,0,16898,0,-12341,12692,0
84064317,Team1,0,0,-17455,0,0,0,0,0,0,0,0,0,0,11580,0,-16309,0,-12482,13209,0,14093,-12364,0,0,0,0,0,11926,0,0,13797,11449,0,0,-13686,0,0,-11273,0
84064330,Team0,0,0,16387,0,0,-10901,-8681,0,-10886,0,0,0,0,0,0,-9581,0,-9518,0,0,0,0,0,0,-11974,0,15358,14929,0,0,0,0,0,14796,0,15922,0,15190,0
84064375,Team1,0,-12625,0,0,0,0,-13007,0,-12546,0,0,0,0,11675,0,0,0,0,0,15349,-15697,0,0,0,0,0,0,0,0,0,-14656,10447,-10330,0,16006,14308,0,12537,0
84064389,Team0,0,0,12890,0,0,0,17110,0,0,0,-13973,0,-10410,12475,0,0,0,12004,-11525,-12977,-11284,0,0,-13899,0,0,0,0,0,0,15921,11249,0,0,0,0,0,0,0
84064459,Team1,0,0,-16533,0,-14756,0,0,0,-15957,0,0,0,0,14498,12618,0,0,-12889,11367,0,0,-16316,0,0,0,0,0,11620,13417,0,0,0,0,9752,-14577,0,0,0,0
84064599,Team1,0,-19519,0,0,0,12507,0,-11519,0,0,0,12508,0,0,0,0,0,-14224,13008,0,12411,0,0,0,-12584,0,0,0,-13009,14034,0,0,-12918,0,0,0,14857,0,0
84064657,Team1,0,0,0,-12422,0,0,12592,0,0,0,-13108,-12172,0,0,0,15560,12755,-12162,0,0,13236,0,0,0,0,0,0,0,0,0,0,15003,-14332,-11994,0,12394,0,0,0
84064658,Team0,0,0,13562,16763,0,0,-15842,0,-14287,0,0,0,0,0,0,0,10383,0,0,13749,11239,-13659,0,-13055,0,0,0,0,0,0,-13874,0,0,0,0,0,14090,-13485,0
84064682,Team0,0,0,0,0,0,0,0,0,0,13143,0,0,0,0,13153,0,0,0,0,0,0,0,0,14982,0,0,0,0,0,0,0,0,0,0,0,0,-12217,0,0
84624781,Team0,0,0,16256,0,0,0,0,-14145,0,0,0,14886,0,12604,-15356,-13340,0,0,0,-14276,13859,0,0,-11174,0,0,0,0,0,0,0,11488,0,12812,0,0,0,-13682,0
84625032,Team1,0,0,-15300,0,14494,-13826,0,0,11861,0,0,0,0,0,0,0,0,-15795,0,0,12672,14087,0,0,13106,14184,0,0,-14891,0,0,0,-16728,0,-15528,0,0,0,0
84625040,Team1,0,0,14622,0,0,0,0,0,11190,10643,10388,0,0,0,0,0,0,0,0,14806,0,10597,0,-11282,0,0,0,0,0,0,0,0,0,-13345,-12334,0,-12061,-10831,-15861
84625127,Team1,0,0,-14068,0,0,0,11215,0,-12716,-12479,0,12605,0,0,0,10275,13386,0,0,0,-12434,0,0,0,0,13946,0,0,10448,0,0,0,0,0,-14370,0,0,-11945,0
84625144,Team1,0,14266,15699,0,0,13707,0,0,0,-14451,0,13754,0,12560,0,-13521,0,0,0,0,-13751,0,13168,-13743,0,-13819,0,0,0,0,0,0,0,-13419,0,0,0,0,0
84625181,Team1,0,0,12676,0,0,0,14360,0,0,-14549,0,0,0,-11003,0,0,0,10595,0,0,-14941,-12741,0,0,11081,0,12501,-12556,0,-19294,0,0,13433,0,0,0,0,0,0
84625183,Team1,0,0,0,0,0,0,13428,0,0,0,-14394,0,0,12797,0,0,0,0,0,0,-20016,0,0,-14344,0,0,0,0,-12365,13578,16263,14199,0,0,-14121,0,0,-15796,11957
84625244,Team0,0,0,-12493,0,0,0,0,0,0,0,12882,13221,0,0,13909,0,12897,0,0,0,0,-13065,-13708,18684,-11718,0,0,0,0,15024,0,0,0,-12403,-12705,0,0,0,0
84625245,Team1,0,0,0,0,13478,9508,-14888,0,0,0,0,-13846,0,0,0,0,-10771,0,13527,-13295,0,0,0,-11211,0,0,12646,0,0,15381,0,0,0,0,0,0,-12375,0,12125
84625247,Team0,0,0,0,0,-12428,0,-12694,14386,0,-10734,0,-12509,0,0,13080,0,-11187,0,0,15644,0,0,0,0,0,0,0,13457,0,0,0,13204,0,12724,-12249,0,0,0,0
84279286,Team1,0,0,0,10161,0,0,-13217,0,-12470,0,0,0,0,12776,-11338,0,0,11470,0,0,0,-11535,0,0,0,0,0,0,-12795,-12380,0,13133,0,0,0,11988,0,0,14589
84279363,Team1,0,0,-18455,0,0,0,0,0,0,-14950,12945,12701,0,-12516,0,0,0,0,0,0,0,0,0,0,15396,0,0,-11420,-11656,0,16993,0,0,-16610,17853,0,0,0,15017
84279382,Team0,0,0,14770,0,0,-13140,0,-11755,11904,0,0,0,0,0,13609,0,0,0,12715,0,-15398,13842,0,0,0,0,0,-13500,11527,-12774,0,0,0,0,0,0,-15038,0,0
84279448,Team0,0,0,12739,13094,-12471,11741,0,13028,0,0,0,0,0,0,0,0,0,-10031,0,0,14392,-10847,0,0,0,0,0,0,0,-11550,0,0,0,0,-11901,0,-12688,0,14115
84279467,Team0,0,0,-17052,13729,0,-12424,0,-12622,0,0,0,0,0,0,0,-13637,0,0,0,-12832,0,13907,14624,0,0,0,0,14860,0,14932,0,0,0,0,16759,-13772,0,0,0
84279479,Team0,0,0,15222,0,0,0,-12385,0,10880,-12762,0,0,0,12014,-12198,-13308,0,-12522,0,0,9904,-12328,12736,0,0,0,0,0,0,0,0,0,0,0,0,0,11158,0,0
84279520,Team1,0,13206,0,0,0,-18462,-15099,0,0,0,0,-14510,0,-13580,-20319,11455,11955,0,0,0,10007,0,-15467,0,0,0,0,11589,11222,0,0,0,0,0,0,0,0,0,0
84688339,Team0,0,0,16239,13026,0,0,0,0,-13979,0,0,0,0,0,0,0,13132,0,0,0,0,0,0,0,-11823,0,0,-11032,0,0,13315,15544,0,-16554,-14455,0,0,-14557,14811
84688445,Team1,0,0,0,0,0,-13875,0,13058,-14879,0,0,0,15249,0,11260,0,0,0,0,0,-13874,13684,0,0,0,-18746,0,0,0,13478,17600,-11959,0,0,0,0,0,0,-14530
84688518,Team1,0,-13551,0,0,0,-13442,0,0,9562,0,0,-16060,0,-15176,-13924,0,0,0,-12986,0,0,10688,13019,15560,0,0,0,0,0,0,10456,0,0,0,0,0,0,0,16605
84688530,Team1,0,0,0,0,0,14168,0,0,0,0,-11563,13024,0,0,0,0,0,14416,0,0,-16735,11167,0,0,0,0,11938,-13155,12624,-14359,0,0,-13810,0,0,0,0,-12352,0
84688543,Team1,0,0,0,0,11616,0,0,0,-12691,10737,0,0,12150,0,0,11682,0,0,0,0,-11090,-14293,0,0,-13646,0,0,10868,-14891,-14970,14021,0,0,0,0,0,0,0,0
84688544,Team0,0,0,-17233,0,13919,0,0,-14615,0,14089,0,-12059,0,0,0,0,0,12252,0,-13979,0,0,-12695,13318,0,0,0,0,0,0,0,0,12892,0,0,0,11843,-14079,0
84688565,Team0,0,-11886,0,0,0,10224,0,0,-13043,0,0,0,0,0,0,0,0,-14283,-13289,0,0,-12598,0,17940,0,0,0,0,-10226,0,11794,11934,0,0,13456,0,0,0,11483
84723578,Team1,0,11714,-16022,0,0,0,0,-13141,0,0,0,11873,0,-15998,0,0,0,-13992,0,0,0,-17470,14534,14465,0,0,0,0,-18897,0,0,0,13091,0,12877,0,0,0,0
84430397,Team0,0,0,10948,0,0,0,0,0,-11566,-14477,13849,0,0,-13712,0,0,0,-11818,0,0,11225,0,0,0,13917,-13589,0,-12374,0,0,0,0,14593,0,0,11654,0,0,0
84430415,Team1,0,-15661,0,15918,0,0,0,0,0,-16525,9920,-15183,0,-13427,0,0,11043,0,0,0,-15608,-12919,0,0,0,0,0,14462,0,0,14178,0,0,0,10375,0,0,0,0
84430505,Team1,0,0,0,0,0,10994,-12399,0,0,10819,0,12210,0,0,18781,0,0,0,0,-13625,-13193,0,14861,0,0,0,0,12967,0,0,-13655,0,-13145,0,0,0,-12399,0,0
84430632,Team1,0,0,0,0,0,13677,0,0,0,-17565,0,11366,0,0,-13184,-15047,0,0,0,-16097,17048,0,14297,0,0,0,0,0,14047,0,0,12989,0,0,-15257,0,0,-15007,0
84430711,Team1,0,0,12629,0,0,13803,-11858,13136,0,0,0,13521,0,0,0,0,0,11389,0,-13763,-14012,0,0,0,0,0,11934,0,0,0,-17737,0,-13435,0,0,0,-13739,0,0
84430732,Team0,0,0,0,12888,13994,13512,18330,0,-10657,0,0,0,0,12480,0,19039,0,0,0,0,0,0,0,-19605,-13815,0,0,0,-13847,0,0,0,0,-12733,0,0,0,0,-12089
84430995,Team1,0,-13327,0,0,0,-11775,16439,13407,0,0,0,-16418,10618,0,0,0,10872,0,-11875,0,0,-11854,-12696,0,11192,0,0,0,0,0,0,0,0,0,0,0,0,13799,0
84431130,Team1,0,0,-18304,0,0,0,0,0,-13511,10277,0,13323,-14628,12190,0,0,0,13439,0,0,0,0,0,0,-18169,0,10779,0,-14270,0,0,0,0,0,-13574,15772,0,0,0
84431133,Team1,0,0,-10657,0,0,0,0,0,-10939,-13416,0,0,0,0,-13084,0,0,-13991,0,15841,13325,0,10217,0,0,0,0,16822,0,0,0,0,0,0,-14986,0,14334,0,13074
84431218,Team0,0,17519,0,-10059,0,-11646,-14559,0,0,0,0,-12519,0,14212,0,0,-11872,11815,-10978,0,0,14722,0,0,0,0,0,0,0,14312,0,0,0,0,0,0,14116,0,0
84310082,Team1,0,0,0,0,0,-11434,0,0,0,0,0,0,0,0,0,0,0,0,0,-15735,-11716,0,0,0,0,0,0,0,12736,0,0,0,0,0,0,11116,0,12743,0
84310112,Team0,0,-12367,15457,0,-12291,0,13615,0,13499,0,0,11036,0,-13594,0,0,-12432,0,0,0,15884,0,0,0,0,0,0,-13928,0,0,0,-12277,0,0,0,0,14030,0,0
84310138,Team0,0,12913,-11004,0,-12162,0,0,-13349,0,0,0,19881,0,-12379,0,0,0,0,0,14764,-12146,11349,0,0,0,0,0,0,0,0,0,0,0,12847,-13356,0,11018,0,0
84310234,Team1,0,0,0,0,0,0,14648,0,0,0,0,0,0,0,14602,-12642,0,13847,-13122,0,-12944,-10460,0,0,0,0,0,14366,-11077,0,0,0,0,-14955,14710,0,12775,0,0
84310285,Team0,0,-16590,18194,0,0,-9468,-13563,0,0,0,0,0,0,0,0,11177,0,0,0,12080,0,-9595,0,0,0,0,0,0,-11342,0,0,0,0,18644,-11575,0,10744,11122,0
84310290,Team0,0,-13086,-10592,0,0,0,0,0,-11933,0,0,14403,0,13592,-11489,0,0,0,-10803,0,0,13038,0,0,0,0,0,0,0,0,14433,11271,0,-12282,0,0,0,14662,0
84310291,Team0,0,0,0,0,0,13492,0,0,0,0,0,0,13716,0,0,0,0,-11885,0,-11315,-11421,-11374,14493,0,0,0,-12408,0,17423,11886,0,-11314,0,0,0,0,0,0,12081
84464085,Team0,0,-12561,0,0,0,0,11821,0,-14615,0,0,-11184,17176,0,0,0,-14735,0,0,0,0,13062,0,-12758,0,11542,0,0,0,0,0,0,0,12919,0,-16329,0,14038,0
84464088,Team0,0,-14899,0,0,0,0,0,15152,0,0,0,-13920,0,0,14432,0,0,-10448,13987,12610,13815,0,-11116,15596,0,0,0,0,0,0,0,0,0,0,-11018,0,0,0,-11391
84464332,Team0,0,0,-14001,0,0,-13606,0,0,0,0,0,-12501,0,-13293,0,0,0,14658,-11939,0,-11970,0,0,0,12428,0,0,13386,11798,0,0,13829,0,11278,0,0,0,0,0
84464368,Team1,0,-15711,-19726,17675,0,0,0,0,-14037,0,0,0,0,-12684,-12193,0,0,0,0,0,17981,11719,0,0,0,0,0,0,0,15728,15373,11951,0,0,-13164,0,0,0,0
84464497,Team1,0,-14247,0,10916,0,0,11052,0,-12854,0,0,0,0,0,-12580,0,0,0,-13007,0,-13403,12887,0,14514,12666,-20236,0,0,0,0,0,11067,0,0,0,0,0,0,0
84464726,Team0,0,13150,0,-10725,0,-11451,0,0,11400,0,0,0,0,11399,0,11594,0,0,-10214,0,-13169,0,0,0,0,-14891,0,0,0,14864,14598,0,0,0,-12172,0,0,0,0
84464799,Team1,0,-17192,14397,0,0,14828,0,0,-10313,0,-12210,0,0,0,0,12075,0,0,0,11906,-11443,0,13764,0,12529,0,0,0,0,-15543,0,0,0,0,-12978,0,0,0,0
84464808,Team0,0,0,16831,0,0,13359,0,0,0,0,0,-15348,0,0,14637,0,0,0,0,0,-16392,-10702,0,0,0,-12463,0,15003,0,0,13675,0,0,-13221,-13299,0,13412,0,0
84095563,Team0,0,0,0,0,14974,0,-12796,0,13177,0,0,0,0,0,-12420,0,-14764,0,0,0,0,11888,0,0,0,0,15225,0,-11541,-18245,15574,0,0,0,13020,0,-14247,0,0
84095570,Team1,0,0,0,0,-14168,0,0,0,0,0,0,0,-14109,0,0,0,-15930,0,13605,0,12353,0,0,-11631,0,-14561,0,0,0,15326,0,12922,0,0,13085,0,0,12071,-14364
84095600,Team0,0,0,0,11782,0,0,-16496,0,0,0,0,0,0,11203,0,0,0,0,0,12620,0,12806,0,0,-12331,0,0,0,0,-14661,0,-12192,0,-12608,13172,0,0,11547,-12444
84095638,Team0,0,0,16971,-10936,0,0,-12068,0,-13921,0,-12502,0,0,0,0,0,0,-10856,0,0,0,12667,0,0,0,0,0,13535,0,0,13405,0,0,14007,0,0,12555,-13779,0
84095640,Team1,0,-16419,0,0,0,0,0,15984,0,0,0,0,0,0,0,-13509,0,0,0,14428,-15688,15417,14218,13999,0,0,0,0,-15701,0,0,0,0,-12142,-15823,0,0,0,14078
84095658,Team1,0,13260,0,0,0,11513,0,0,0,0,11831,0,16155,-12373,0,0,0,0,0,0,11001,-12319,-13220,0,0,0,0,0,13825,0,0,0,0,0,-13433,-12957,0,-12814,0
84095688,Team0,0,12433,0,-10775,0,0,0,0,0,0,0,0,0,12720,12315,0,0,0,0,-11398,0,-12760,-10454,0,17159,0,0,0,-12744,0,0,0,0,0,0,-9712,14517,12233,0
84095697,Team0,0,0,0,-9707,0,0,0,0,0,11424,0,-8990,0,12592,0,13055,0,12823,0,-12581,-8256,-13112,0,0,0,0,14617,0,0,17056,0,0,-12513,0,0,0,0,0,0
84817446,Team1,0,0,12943,0,0,10946,0,0,0,10961,0,0,0,11363,0,0,0,0,0,0,-14032,0,0,-15757,0,0,0,11530,13603,-15838,-13152,0,0,0,-12468,0,-14966,0,0
84817471,Team1,0,0,18403,0,0,-11446,0,0,0,-13937,0,-12884,-13931,12789,0,0,0,0,13457,0,0,0,0,0,0,-13442,0,0,13263,-14688,0,0,0,0,0,12500,0,13671,0
84817605,Team0,1,0,17727,-12156,0,0,0,12428,-13755,0,11679,0,0,0,0,0,0,-13365,0,0,13167,-11037,0,0,-14426,0,0,0,15874,14463,0,0,0,0,0,0,0,-15431,0
84817655,Team1,-1,12766,13194,0,0,0,-16877,0,0,0,0,0,0,0,0,11104,0,0,0,0,-13911,0,-11413,10494,0,12019,0,0,0,-14425,-14258,0,14156,0,-16370,0,0,0,0
84786944,Team1,0,0,14875,0,0,0,-17467,0,0,0,0,-13886,11697,0,0,0,-15103,13316,0,0,0,11355,-11813,0,0,0,0,0,0,16206,-12134,0,0,0,-12909,0,0,0,11005
84787048,Team0,0,0,0,0,13068,0,-15952,0,0,0,0,0,0,0,0,0,0,0,10644,0,-10717,-11201,0,16601,0,0,0,0,-14034,0,-13277,-11154,0,0,14345,0,0,14967,12415
84787138,Team0,0,-9780,0,-12240,0,15606,17185,14133,-12333,13226,0,13658,0,0,17953,0,0,-14187,-10453,0,-9439,0,0,0,0,0,0,0,0,0,0,0,0,0,0,0,0,0,0
84787247,Team0,1,0,18244,0,0,10665,-14518,-15491,0,0,10740,0,11171,0,9969,0,0,0,16313,0,0,0,0,-14737,-15552,0,0,0,0,0,0,0,0,0,-13209,0,0,-14341,0
84787470,Team1,0,-12159,-14311,0,0,12252,0,0,12512,0,11435,15556,-16895,0,0,0,0,0,0,0,0,0,0,0,12698,13192,0,0,0,0,0,0,0,-15060,-11826,0,0,-11798,0
84787529,Team1,0,0,13566,14527,0,0,-13780,0,0,0,0,-19359,0,0,0,0,-13180,0,0,0,0,15217,-13591,0,0,0,12631,12538,0,-15607,0,0,0,0,-15278,0,13731,0,0
84787531,Team0,0,0,0,-11758,15962,0,0,0,0,0,0,0,11063,0,11919,-12150,0,0,11928,13856,-8918,-12508,0,-14754,0,0,0,0,0,0,0,0,0,0,-11547,0,0,0,14037
84787541,Team1,0,0,15357,0,0,-11453,0,0,11745,-10899,0,16834,-11186,0,0,11745,15832,0,0,0,0,-12566,0,0,0,-23700,0,0,-15810,16228,0,0,0,0,0,0,0,0,0
84905031,Team0,0,0,0,0,15888,0,0,0,0,10757,0,0,-14794,10599,0,-12388,0,-12463,0,0,0,-13914,0,0,0,-16643,0,0,11866,17766,0,0,11919,0,0,0,-12431,0,0
84905070,Team0,0,0,-13605,0,0,11025,11747,0,0,-12505,0,16117,0,0,0,12130,0,15434,10341,0,-14702,-12203,0,-13551,0,0,0,0,0,0,0,0,0,0,0,0,0,0,-12246
84905077,Team0,0,13399,14709,0,0,-12373,0,0,0,0,-11641,-17039,0,0,0,0,0,0,0,0,13617,0,0,0,0,-15722,16610,0,13603,0,0,0,0,13805,-13610,0,0,0,-13710
84905079,Team0,0,0,12521,0,0,0,16855,0,0,0,0,0,0,-15747,11330,12833,0,0,-14810,0,-13514,9391,0,-14056,0,0,0,0,0,-14924,0,0,0,0,0,0,14262,0,-13123
84905113,Team1,0,0,-19010,-12330,0,0,0,0,13323,-12501,0,0,0,-11870,-12543,14093,0,-12017,0,0,0,0,0,15428,0,0,0,0,0,22162,17768,0,0,0,0,0,0,17652,0
84905199,Team0,0,17666,0,0,0,0,0,0,-13963,0,0,17433,0,13597,0,0,0,-11900,0,0,0,-11402,0,-15478,12904,-9863,0,0,0,0,16279,0,14477,0,0,0,0,0,-9376
84905215,Team0,0,-10882,0,0,-14814,12110,12627,0,0,0,0,-10848,0,-11963,0,0,0,13230,0,0,0,-9239,-11591,0,0,0,0,16764,0,0,0,12239,0,0,17683,0,0,0,0
84655779,Team1,0,12156,0,0,-21047,0,0,0,-13544,-12819,11393,-18119,0,0,0,0,0,0,-13926,-15065,14049,13662,0,0,0,0,0,0,0,12388,0,0,0,0,12253,0,0,0,0
84655841,Team0,0,-11707,18678,0,0,0,0,14600,0,0,0,0,0,-12769,0,0,13691,-11776,0,0,15685,14420,0,0,0,0,0,16062,0,-13410,0,-9993,0,0,-13517,0,0,0,0
84655935,Team0,0,0,12784,-13107,0,-15678,0,0,0,0,0,0,-13293,0,0,0,0,-11258,-12968,0,18168,0,0,0,-10748,0,0,0,0,13110,0,0,0,12851,13087,0,11569,0,0
84655991,Team0,0,0,13893,0,0,0,0,0,0,0,0,0,0,11932,0,0,0,11456,-12423,-12815,-14556,0,0,0,0,0,-14944,-13775,0,14863,0,0,0,0,0,0,8920,-14518,13317
84656077,Team0,0,-12241,0,0,0,0,0,0,19630,0,-11131,-16933,0,0,-12993,14358,0,13716,13973,16331,-12659,-13474,0,0,0,0,0,0,13824,0,0,0,0,0,0,0,0,0,0
84656200,Team1,0,0,12322,10982,0,-13068,-12129,0,0,0,0,0,-14416,0,-12963,0,0,-14048,0,0,0,11928,0,0,0,0,0,0,12361,0,0,10806,0,0,0,0,-12262,0,11625
84656263,Team0,0,-16099,0,0,12071,0,17614,-12897,-12615,0,0,0,11050,0,0,11923,0,-15690,0,0,0,0,0,15015,0,0,0,0,-12897,0,0,0,0,0,0,0,12945,0,-13074
84656275,Team0,0,14458,0,0,0,12012,0,-14570,-11186,0,0,0,0,14421,0,0,0,0,0,0,-12571,0,0,0,0,0,0,-11315,0,-13605,0,-9117,12752,0,15075,0,11918,0,0
84656352,Team0,0,0,11290,0,0,0,-12635,0,0,0,11379,0,-14141,0,0,0,0,13812,0,0,0,11922,0,0,0,0,13171,0,-12182,0,0,0,0,-11259,0,13872,0,-10587,-12746
84656459,Team1,0,0,0,0,0,15437,11838,0,12147,-12829,0,-12209,0,-14073,0,0,0,0,0,0,0,-14097,11014,0,0,0,0,15136,-13746,0,0,0,0,-13937,0,0,0,15153,0
84845880,Team1,0,0,13991,0,0,0,0,0,0,0,13216,13277,0,0,0,0,0,0,-11663,13566,0,0,0,0,-14702,-13199,-13480,0,0,-14854,-18259,0,0,12573,19466,0,0,0,0
84499340,Team1,0,0,0,0,0,15278,14618,0,0,0,0,0,0,13967,0,-11755,0,0,0,14595,0,0,0,0,14427,-15386,-15210,-12026,0,0,-13709,0,0,-12406,0,0,12266,0,0
84499481,Team1,0,12096,0,0,0,0,0,0,0,0,-11870,-15031,10190,0,0,11040,0,14220,0,0,-11837,13569,0,-14104,0,0,0,0,0,0,18462,0,0,-11837,-13491,0,0,0,0
84499563,Team1,0,0,-17801,0,-12675,0,0,0,-13856,0,0,0,0,11643,0,-15347,0,0,12212,0,12208,0,0,0,0,0,0,13937,0,15855,0,0,0,-13160,0,-13244,11532,0,0
84499781,Team0,0,0,-14893,0,-13336,11992,13684,0,0,-14281,0,0,0,0,0,-13736,0,15080,0,0,0,0,0,0,0,0,-12051,0,0,14576,0,11270,0,-10664,13456,0,0,0,0
84499987,Team0,0,0,17836,0,0,0,0,0,10347,0,-12267,-14006,0,14658,-15416,0,-11133,0,0,0,13917,0,12141,0,-14505,0,0,-15147,0,12978,0,0,0,0,0,0,0,0,0
84500063,Team1,0,0,0,0,0,0,0,0,0,-12143,0,0,-11639,15498,0,-11874,0,15831,0,-16260,0,15292,0,0,0,0,0,0,-13959,15986,0,0,0,-11201,0,0,13563,0,15526
84249232,Team0,0,0,0,0,0,0,0,0,0,15144,0,0,0,15113,-12099,14114,0,0,0,0,0,17689,0,-16945,16200,0,0,-15636,-12986,0,0,-11947,0,0,-14513,0,0,15244,0
84249294,Team1,0,-11962,-17971,0,0,0,13052,0,0,-13633,0,0,0,-12198,0,0,0,11912,0,0,-15052,13738,0,0,10602,0,0,0,0,0,0,0,0,0,-13174,0,13694,12048,0
84249295,Team0,0,0,0,0,0,0,0,0,0,0,0,-12316,0,0,0,0,-12468,0,0,-10767,19173,0,0,-12640,-11038,21226,0,0,0,12038,11269,0,11207,0,-14301,0,12673,0,0
84249361,Team1,0,0,-19506,0,0,13006,16274,0,0,0,0,0,0,0,0,0,0,-10574,0,0,0,-11220,0,0,13711,0,0,0,-12060,11796,0,0,11927,0,-13786,0,12170,-17480,0
84249363,Team0,0,0,19081,0,12274,0,-15126,0,0,-15049,0,-12303,12032,-13268,0,0,0,-13568,0,0,12518,-15212,0,0,0,0,0,0,0,0,0,0,0,13378,0,0,12152,0,0
84249375,Team1,0,-15199,0,0,0,0,0,0,9588,0,0,0,0,-11518,13168,0,0,11844,0,0,0,11154,-14093,0,0,0,0,-14880,-13406,12612,0,0,0,0,0,0,11522,-15609,0
84249399,Team0,0,0,0,0,0,0,0,0,0,0,0,-11699,0,-13646,0,0,0,-10364,-11569,0,10627,-11565,0,0,-11335,15941,0,11910,0,0,0,0,0,12823,0,0,11177,0,11366
84249411,Team0,0,0,0,0,0,0,0,-11241,0,0,0,0,16310,-12195,17205,-12233,0,-16796,0,0,0,-10979,0,0,-11844,19230,0,14510,0,0,0,0,14381,0,14272,0,0,0,0
84532064,Team0,0,-13368,-12101,0,0,0,0,0,-11321,0,0,14267,0,0,0,11648,0,-12086,13056,0,10176,16602,-11465,0,0,0,0,18082,0,0,0,0,0,0,0,-10247,0,0,0
84532237,Team0,0,0,15013,0,0,-11651,-14082,0,-11917,0,0,0,0,0,13566,0,0,14870,0,14445,-13445,15560,0,0,0,0,15503,0,0,-12264,0,0,0,0,0,0,-12078,0,0
84532283,Team1,0,0,14579,0,0,0,15109,0,0,0,-11648,-13886,0,0,0,-12545,0,-17731,12302,-12160,11074,0,0,-19471,0,0,0,0,0,0,0,0,0,12065,11572,0,0,0,0
84532302,Team0,0,17292,0,-13311,0,-13936,0,0,0,0,0,0,13396,-14275,0,0,0,-11863,0,0,0,11980,0,0,0,0,0,-10887,0,0,15594,0,0,0,13710,13074,-10532,0,0
84532328,Team0,0,0,0,0,0,14173,0,-12900,0,0,0,-12816,0,0,0,14178,0,13250,11757,0,-12915,0,0,0,0,0,0,0,0,0,14198,0,0,0,0,0,0,0,0
84033956,Team0,0,-12364,0,0,0,0,14734,0,0,0,0,-12946,0,-13331,0,0,0,0,0,-15323,0,13277,-12136,0,0,15732,0,0,0,0,0,0,0,0,0,0,0,0,0
84034007,Team0,0,0,0,0,11442,0,0,0,0,11330,0,0,0,17120,0,0,0,0,0,0,-15144,-11793,0,-10568,0,-12509,13040,0,14189,-12526,0,0,0,0,0,0,-11205,0,10837
84034045,Team0,0,0,13031,0,9934,0,0,0,0,0,0,0,0,13098,-13166,11398,0,0,-9738,0,0,-11022,13463,0,0,-14506,0,0,-12919,0,0,0,0,0,0,0,0,-12892,14164
84034076,Team1,0,14590,0,0,0,-11122,0,0,0,0,-11530,-11855,0,11338,0,12043,0,0,-12960,19623,0,-11136,12447,0,0,0,0,0,-13184,18617,0,0,0,0,0,0,0,0,0
84034086,Team0,0,-12585,0,0,0,16708,0,0,0,-12420,0,-17497,0,-12390,0,0,0,0,0,0,0,-11864,0,0,15431,0,9938,12774,0,0,13326,10319,0,0,0,-12905,0,0,0
84034118,Team1,0,-10911,0,0,14026,0,0,0,11570,14562,0,-11451,0,0,0,0,-12787,0,0,0,-14109,0,0,0,11393,0,11605,0,-13003,14691,0,-10912,0,0,0,0,0,0,0
84034119,Team0,0,0,0,14128,0,0,0,0,-11251,0,13456,0,14480,0,0,0,0,-11468,0,-12367,0,-11475,0,-14823,0,0,0,16431,-12173,0,0,0,0,13054,0,0,0,14032,0
84034122,Team1,0,0,0,15278,0,11029,12577,0,0,-14025,0,-11701,0,-12762,0,0,0,0,0,14673,0,0,0,0,0,0,0,0,0,-12199,-20588,0,-11697,0,0,8947,13253,0,0
84182783,Team0,0,0,0,0,0,0,0,0,0,0,0,0,0,0,0,11997,0,0,0,0,0,0,0,16414,0,0,0,0,0,-12959,0,0,0,0,0,0,-13119,0,0
84182925,Team1,0,0,15918,0,0,15974,-17479,10372,0,-12002,10408,-16001,0,0,0,0,0,-13316,0,0,0,0,0,0,0,0,0,15995,0,0,0,0,0,-14087,-15255,0,0,14389,0
84182937,Team0,0,12945,-11547,0,0,0,-12713,0,-12763,0,0,0,13016,0,0,0,0,14129,0,15468,-10109,14086,-11370,0,0,0,0,0,0,0,-12212,0,0,0,16389,0,0,0,0
84182946,Team1,0,0,12066,11483,-14568,0,0,-15416,15984,10081,0,0,0,0,-15308,0,0,0,0,0,10333,0,0,0,0,0,0,0,0,0,12091,-13774,0,0,0,-12460,0,0,-13269
84182957,Team0,0,0,0,15134,0,0,-13693,-11301,0,0,0,13566,0,0,0,0,0,-11357,14992,0,0,14874,0,0,0,-11172,0,15247,0,0,0,0,-12266,13345,0,0,0,-12986,0
84182989,Team0,0,0,0,0,0,12834,-12594,0,0,0,0,12744,0,0,0,0,-12512,0,0,0,13162,16098,0,0,0,0,0,0,-13763,15507,0,0,0,0,-14483,-12021,14336,0,-15173
84182990,Team1,0,-13212,14801,0,0,12609,0,0,0,0,0,0,-12727,0,0,0,0,0,0,0,0,0,12459,0,-12710,0,0,13185,12665,0,-14832,0,0,0,-13554,16980,0,0,-12767
84183003,Team0,0,16943,14204,0,0,0,0,0,0,-11695,0,0,-11390,-12252,16967,0,16206,0,13882,0,-12957,0,0,14883,-15121,-13364,0,0,0,0,0,0,0,0,0,0,0,0,0
84183023,Team1,0,0,0,0,0,0,0,0,0,0,0,12472,0,-15087,0,0,12197,-14239,0,0,0,11770,12365,0,0,15266,0,-13020,13145,-12820,0,-11799,0,0,0,0,0,0,-14790
84183036,Team0,0,0,10564,0,0,0,0,0,-14796,0,0,-13517,0,0,0,0,12142,-12488,0,0,0,0,0,-13004,0,0,0,-12734,12695,12818,0,-10688,0,0,0,0,16629,0,15896
84183050,Team1,0,0,0,0,0,0,14510,0,10865,0,0,-13487,0,-16100,12722,0,0,0,10734,0,16943,0,0,-14688,0,0,0,-13314,0,0,0,-13912,0,0,0,13441,-15498,0,0
84183051,Team0,0,0,0,0,0,0,0,0,0,0,0,0,13965,0,0,0,0,-12876,0,0,0,0,0,0,0,0,0,0,14128,0,0,0,0,0,0,0,0,0,0
84564079,Team1,0,0,-15732,15232,0,0,0,-13454,0,0,0,0,0,0,15766,0,0,0,0,0,-12187,-9991,0,15839,0,0,0,-10201,0,0,16291,0,0,-12710,13918,0,0,13860,0
84564101,Team0,1,0,16574,0,-13656,-13229,0,0,0,0,0,-10521,0,0,0,0,0,0,11073,0,16047,0,0,0,-16342,0,-8975,0,0,0,0,12462,-11070,11996,18963,0,0,0,0
84564149,Team0,0,0,0,0,0,0,-14794,0,0,0,0,12321,0,-11005,14924,0,0,-13381,0,0,-11220,0,14111,-12514,0,0,0,0,0,13951,0,0,0,0,16513,0,-18348,15562,0
84564219,Team1,0,0,0,0,0,-11536,-17138,0,-11563,0,0,14294,12543,0,-10933,0,12826,15557,0,0,-16989,0,0,13356,0,0,0,0,0,0,0,-12325,0,0,12727,0,0,0,0
84564223,Team1,0,0,0,0,0,11106,13426,-14938,0,0,11110,-15562,0,0,13755,0,-16815,0,-14236,0,-15045,12031,0,0,0,0,0,0,17527,-15292,0,0,0,0,0,0,0,0,0
84564238,Team1,0,13518,0,-14529,0,0,0,0,9608,0,-13680,0,0,0,0,-11909,0,10887,0,-17209,-13823,10279,0,0,-19784,14388,0,0,0,0,0,0,0,0,9401,0,0,0,0
84564244,Team1,0,0,-15614,0,0,0,15267,0,0,0,0,0,0,0,0,0,0,-12089,0,0,12832,-15420,0,0,0,0,-13255,0,-13679,0,13162,10926,0,-15007,12645,0,0,0,11805
84564336,Team0,1,0,0,0,0,13728,11891,0,0,0,0,-14441,0,13747,0,0,-12301,0,-15682,0,0,-10690,0,0,0,0,0,0,-12607,0,14601,0,0,0,14569,0,12527,0,-12014
84564337,Team0,0,-12506,0,0,-12942,-9198,0,0,0,0,0,12696,0,0,0,-15130,0,0,0,0,14571,15063,0,0,0,0,0,0,-11666,13184,14850,13850,-11564,0,0,0,0,0,0
84564343,Team0,0,0,0,0,0,0,0,16112,0,0,0,-13615,0,0,13345,0,0,0,0,-19760,-13547,-12093,-14341,0,14650,0,0,13069,-12433,0,0,0,0,12483,10461,0,0,0,0
84564346,Team1,0,-16449,0,0,0,0,0,0,0,0,0,-18860,0,11083,15023,0,0,0,0,7896,0,-16377,0,0,0,0,0,0,6897,7882,-16545,0,0,-16459,12658,0,-17910,0,0
84000831,Team1,0,12772,-15870,0,0,0,0,14408,0,0,-12456,-14253,0,0,-12529,0,-13920,0,0,0,12431,0,0,0,0,0,0,0,0,13683,0,0,15887,0,0,12998,0,0,-16483
84000835,Team1,0,13908,0,0,0,0,-15286,0,0,0,0,0,0,12689,0,0,-14432,0,0,13318,0,17358,-14812,0,0,0,17673,-14264,-15389,0,0,0,0,0,0,12725,0,0,-12721
84000891,Team0,0,0,0,0,0,0,0,0,0,0,0,14075,-12722,0,0,0,14528,0,-16023,0,0,0,0,0,-12755,0,0,22356,0,0,-15512,0,0,17194,0,-12772,15548,15354,-13021
84000913,Team0,0,0,0,0,-12418,0,14452,0,-10668,0,0,0,0,13328,0,0,0,16947,12315,0,0,0,12762,-12367,0,0,0,12861,0,-14501,0,0,0,-10094,0,0,-10842,0,0
84000914,Team0,0,0,-13818,-11159,0,0,0,15665,13042,0,0,0,0,0,0,14034,-11181,-11125,-10948,11885,0,11493,0,-13807,0,0,0,0,0,0,15417,0,0,0,0,0,0,0,0
84000992,Team1,0,0,12748,11118,0,0,14657,0,10626,0,0,0,0,0,0,13459,0,-14672,13707,0,-13346,0,-13662,0,0,-14077,0,-18979,0,0,0,0,-12663,0,0,0,0,0,0
84000993,Team1,0,0,0,15454,0,0,0,0,0,0,-12758,0,0,12524,13615,0,0,11647,0,16461,-16449,0,0,0,-14359,0,0,-15151,-13424,0,0,0,0,0,0,0,12928,-15679,0
84001008,Team1,0,0,-13898,0,0,0,0,0,-9715,12165,0,12583,0,12262,0,0,0,-14172,0,0,0,0,-12348,13758,17472,0,0,0,0,-12870,0,0,0,14631,0,0,0,0,-12339
84216016,Team0,-1,14138,-12699,0,0,0,0,0,-13457,0,0,-15508,14892,0,0,0,0,0,0,0,15996,0,0,0,0,0,0,-12582,-15493,14139,0,0,-14176,0,13996,0,0,14869,0
84216039,Team0,0,-14074,-13639,0,0,14729,15576,0,-12540,0,0,-16240,0,0,0,0,-11379,13464,0,0,-16123,14166,0,0,0,0,0,0,0,0,0,0,0,0,14849,0,14590,0,0
84216060,Team0,0,0,0,12650,0,12982,0,0,0,0,0,0,0,0,12846,-13003,0,0,14643,12294,-12406,0,0,0,0,0,0,-16291,0,0,0,0,13099,-11055,0,0,-13211,-13003,0
84216176,Team1,0,0,-14362,0,0,12498,0,0,12966,0,-10579,14820,0,0,0,-12060,0,13492,15427,0,0,0,0,0,0,0,0,15613,-13449,0,0,0,0,-11820,0,0,0,0,-11889
84216215,Team1,0,0,-13523,13634,0,0,0,0,0,0,0,0,0,-12785,0,-13995,0,18415,12419,0,11749,15945,-14290,17665,0,-14879,0,0,0,0,0,0,0,0,-13416,0,0,0,0
84216268,Team1,0,0,0,13556,0,0,0,0,0,0,0,0,-13379,0,0,13100,0,12937,-11072,15738,17042,0,0,-15118,0,0,0,0,-11038,0,-12018,0,14723,-10764,0,0,0,0,0
84216301,Team0,0,0,0,18171,-11011,-11652,-15509,0,-11422,13415,0,14389,0,14168,0,0,0,0,0,0,0,0,-15244,14521,0,0,0,-11984,0,0,0,0,0,14317,0,0,0,0,0
84216326,Team1,0,0,-15159,0,0,-11768,-12539,-13439,0,0,0,0,0,0,0,0,0,14064,0,0,-13204,0,0,13443,12807,0,0,0,0,0,0,12223,0,16161,12754,0,0,0,0
84338843,Team1,0,0,0,0,0,0,0,0,0,12959,0,12367,0,11644,0,0,0,0,11699,0,14352,11412,-14765,0,0,0,0,0,-18238,0,-15628,0,-13334,0,-15922,-14230,0,0,0
84338959,Team0,0,0,15808,0,0,-10077,-15368,0,12566,0,0,-13327,0,0,0,0,0,0,0,0,0,0,0,0,0,-13649,0,0,11184,0,15807,0,0,-12878,0,12834,-11760,14034,0
84339040,Team1,0,-14423,0,0,0,-11583,0,0,13938,0,12321,14251,0,0,0,0,0,12524,0,0,14564,-11921,0,0,0,0,11909,0,0,0,0,0,0,0,-16549,0,-11489,-13946,0
84339049,Team0,0,0,0,0,0,0,0,0,12811,-13922,0,-18747,-13475,0,0,0,0,0,0,14687,13191,-15823,0,0,-12297,0,11270,0,0,0,10552,0,0,-13362,15805,0,0,0,0
84339109,Team1,0,0,0,11005,0,0,0,0,0,10656,-11205,-14245,0,0,0,-13122,0,0,0,0,0,0,0,0,0,0,0,0,0,0,0,0,0,0,0,0,0,0,0
84153899,Team1,0,13013,-12630,0,0,-13493,0,-12894,-13068,11909,0,0,0,11771,0,12151,0,11913,0,0,0,14587,-14178,0,0,0,0,-14310,0,0,0,0,0,0,0,0,0,0,0
84153904,Team0,0,-11337,0,0,0,0,0,0,12337,13299,0,0,0,0,0,0,0,-13750,-11859,0,11566,-12012,0,14361,0,0,-12735,0,0,-12663,10563,0,0,0,13744,0,0,0,0
84153913,Team0,0,13298,14018,0,0,11398,-15994,0,-10884,-11542,0,-10647,0,0,14421,0,0,0,0,0,0,0,0,0,11875,0,0,0,0,0,0,0,0,-9758,0,0,11109,-13005,0
84153935,Team0,0,0,0,0,0,14417,0,-13229,0,0,0,0,0,0,0,0,0,0,15925,0,14462,0,0,0,-10953,-13724,0,14766,0,17739,0,14705,0,-14056,-16184,0,0,0,-10023
84875910,Team0,0,10816,11834,-13017,0,0,0,13260,0,0,0,0,0,-11366,0,14226,0,0,0,0,-16057,0,0,0,10513,0,0,0,0,-15447,0,0,0,10594,-12994,0,0,-10069,0
84875934,Team0,0,0,0,0,0,0,-14688,0,0,14046,0,0,0,-11490,16258,11056,0,0,0,0,-12398,0,-14145,0,11137,-12073,0,11319,0,-13865,0,0,0,11050,0,0,0,0,0
84876004,Team1,0,12519,0,14366,0,0,0,11079,-10359,0,0,-9911,0,12873,0,0,0,0,0,0,11392,0,-11506,0,0,0,12693,0,0,-10102,0,0,0,0,-18794,0,-12759,0,0
84876025,Team1,0,0,-16369,12146,-13195,10817,0,0,0,0,0,11967,-13376,0,0,0,0,-12909,9404,0,0,0,-13623,0,0,0,0,0,17213,0,15897,0,0,0,-14679,0,0,0,0
84876067,Team0,0,0,-17990,0,0,0,-16260,0,0,0,0,0,13395,0,0,0,-17840,-13163,12105,0,11341,0,0,-14247,0,0,0,0,13428,0,14230,0,0,0,14648,0,-13164,0,0
84876069,Team0,0,10139,0,0,0,0,0,0,-12965,10804,0,11739,-15093,12143,0,0,0,-11990,0,-14600,0,13277,0,0,0,0,0,0,0,0,16117,0,0,0,0,0,-13788,-11373,0
84876078,Team1,0,0,15795,0,0,13792,-16537,-15678,0,0,0,0,13321,-12132,0,0,0,0,14560,0,11799,0,0,0,0,0,0,-15917,13526,0,0,0,0,-13298,0,-14483,0,0,0
84367571,Team0,0,0,14887,18574,0,0,0,0,0,0,-9636,-14997,0,-7351,0,-8007,0,17477,0,0,0,0,0,15989,0,0,16745,0,0,-11431,0,0,18707,-9853,0,0,0,0,0
84367709,Team1,0,0,-14845,0,0,-13085,0,0,-13094,0,0,0,0,0,0,0,0,13301,0,13723,0,-13505,0,0,0,0,0,13999,-11904,0,0,11398,13260,0,0,-12738,0,12316,0
84367803,Team1,0,0,0,0,0,0,11818,0,0,0,0,0,-12436,11401,0,0,0,-11977,0,0,0,0,0,0,0,0,0,12417,-12119,-17354,18323,13425,0,0,-11747,-11039,0,10723,0
84368003,Team0,0,-11628,0,-11618,0,16446,15647,-15730,0,16966,0,0,0,0,0,15406,0,-10765,0,0,0,-11552,0,0,0,0,0,13068,0,0,0,0,0,0,0,0,0,14511,-15117
84593490,Team0,0,-10381,13944,-10956,0,-12776,0,0,0,12555,0,0,0,0,0,10713,12386,0,0,-10601,0,0,-11556,0,0,0,0,0,10863,13399,0,0,0,0,-12451,0,0,0,0
84593650,Team0,0,13274,0,0,0,0,0,0,11753,0,0,0,0,0,0,0,0,-12971,0,11617,14316,-13099,0,12903,0,0,0,-16051,17032,-13020,0,0,0,0,0,0,-12963,-12213,0
84593744,Team0,0,0,0,-12696,12808,0,-15232,0,0,0,0,-11645,0,0,0,14600,-13028,-10202,10720,0,0,-10674,0,0,11566,0,10722,0,0,0,17777,0,0,0,0,0,0,0,0
84593810,Team0,0,14278,-14617,0,0,-10673,0,13682,0,0,0,10228,0,0,0,-14039,15471,0,0,0,0,13921,0,0,0,0,0,0,0,-12639,-10784,0,0,0,0,0,-10981,13467,0
84593865,Team1,0,10758,0,0,0,10206,13889,0,0,0,0,0,-11942,0,0,0,0,-11588,0,0,14256,0,0,-12790,-15441,0,0,0,10713,0,0,-12520,10983,-12845,0,0,0,0,0
84123817,Team1,0,0,0,0,19448,0,0,0,-12549,0,0,-14020,0,11944,0,0,0,-13243,0,0,12449,-14027,0,15887,0,0,0,-12900,0,0,0,10281,0,0,0,0,-13048,11913,0
84123822,Team1,0,0,0,0,0,13982,0,0,-12726,0,0,0,0,10395,0,-13256,0,0,0,-11309,0,0,0,0,0,13686,0,16530,-11493,0,0,0,0,-10913,0,0,11521,15726,-14218
84123842,Team0,0,13764,0,0,0,-14759,0,0,10400,0,0,-14485,0,-15256,0,0,0,0,-11374,0,14660,13611,0,12224,0,0,0,0,-10788,-14050,0,0,0,0,0,0,0,10750,0
84123845,Team0,0,0,0,0,0,11811,17609,0,0,0,0,0,0,0,0,0,0,0,-13348,-11967,-13034,0,0,0,11537,-11301,0,0,0,0,11623,16042,-8966,0,15216,0,0,-11310,0
84123854,Team0,1,0,17627,-11488,0,0,-14189,0,14850,-14493,0,0,0,0,0,0,0,16762,-12898,0,13141,0,0,0,15755,0,0,0,0,0,-12369,14799,0,0,-12561,0,0,0,0
84123939,Team0,0,0,0,0,0,15338,0,-11650,0,11410,0,15188,10576,0,0,-11203,-11919,0,0,-14400,16013,11002,0,0,0,0,0,-12947,0,0,0,0,0,0,0,0,0,0,-12917
84123944,Team1,0,0,0,0,0,0,0,0,0,0,0,-13306,-12762,-14094,0,0,-13310,0,9427,0,9863,0,0,0,13708,0,0,0,0,12732,0,0,0,0,-19173,11645,10812,0,-12965
84123952,Team1,0,14450,0,0,-11064,13077,0,0,-12414,0,0,12369,0,0,16089,0,0,0,0,0,-15712,13325,-13449,17266,0,0,0,-13801,0,-12425,0,0,0,0,0,0,0,0,0
84399000,Team0,0,0,0,0,0,13736,15651,0,0,0,-11192,-13932,0,12857,0,0,0,0,17693,0,0,-12348,0,-18431,0,0,0,0,13410,-16762,0,0,0,-11696,14158,0,0,0,0
84399026,Team1,0,-16450,0,0,-11517,0,0,0,0,0,0,12414,11825,0,0,0,0,11593,0,0,-11846,-10210,0,-14809,0,0,0,0,12782,0,12765,0,0,0,15808,0,-12282,0,0
84399041,Team1,0,0,0,0,-14572,0,14741,0,0,0,0,0,0,0,0,-12223,0,12217,0,0,-13962,11022,13862,12872,10440,0,0,0,0,0,0,-16911,0,-12987,0,0,0,0,-13449
84399064,Team0,0,0,-17388,-14849,0,-13067,0,0,12499,0,0,0,-14364,0,13689,0,0,0,0,0,12236,0,0,0,0,0,0,0,-15634,14106,0,0,0,-15993,13248,0,0,13341,0
84399242,Team1,0,0,-16303,0,0,-13747,0,0,-13776,0,0,0,15464,0,0,0,0,-10325,0,12901,0,0,0,-15576,0,0,0,12905,0,0,0,0,0,13580,-12563,0,14166,15021,0
84938109,Team0,0,0,0,0,0,0,0,-12843,0,0,0,-13537,0,12693,0,0,0,11771,0,0,-10829,-13149,0,12578,0,0,0,0,11613,0,0,0,12721,-13060,-14017,0,0,11938,0
84938115,Team0,0,-14760,11969,0,-13375,0,0,0,-14167,0,0,0,0,-15352,0,0,0,-16006,15677,0,0,0,0,0,0,0,13591,0,14290,0,0,11051,-18571,0,16381,0,0,0,0
84938166,Team1,0,-14921,-13400,0,0,0,0,-11691,-13531,0,0,14261,10464,0,0,0,10911,-13353,14165,0,10909,-12799,0,0,0,0,0,0,0,13921,0,0,0,0,0,0,0,0,0
84938168,Team1,0,0,0,12362,13610,-12372,0,0,10075,-10736,0,-12440,0,12394,0,0,0,15702,14851,0,-13554,0,0,-21940,-14754,0,0,0,0,0,0,0,0,0,0,0,0,0,0
84938303,Team0,0,-13404,-12144,0,0,0,0,0,0,-13624,0,13968,13427,-11420,0,12540,0,16739,0,0,-13322,0,0,0,0,0,0,0,0,0,12531,0,0,0,-14768,0,0,12208,0
84938306,Team1,0,0,14970,0,0,14066,0,0,0,0,0,12306,0,0,0,0,0,-16885,12150,-13835,-12286,0,11452,0,0,0,0,-14305,0,0,0,-14608,-14413,0,0,0,0,0,8168
84938341,Team0,0,0,0,0,0,0,13719,0,16685,0,0,-12599,0,-13742,0,0,0,-14097,0,0,11815,-13117,0,15301,0,0,0,0,13702,0,-11682,0,0,14091,0,0,-11491,0,0
84938351,Team0,0,0,14563,0,-13435,0,0,0,-14570,0,0,-11060,13598,-12021,12936,0,0,0,0,-16164,13116,0,-11586,0,0,0,0,0,0,15430,0,0,0,0,0,0,0,13266,0
84624808,Team1,0,0,-15478,0,0,12408,14592,0,0,0,0,-11806,0,0,0,0,-12408,0,0,0,-10624,12668,12206,0,0,0,0,13174,0,-12579,0,-10153,0,0,0,0,0,12538,0
84624841,Team0,0,-11708,0,0,14069,12351,0,-13543,0,0,0,16290,0,0,0,0,0,12637,0,-9497,-11284,-9075,0,0,0,0,-9468,0,0,0,0,0,12574,0,0,0,13069,0,0
84625576,Team1,0,0,0,0,0,-10197,0,0,0,0,0,10988,0,0,-11261,0,0,13621,0,0,14358,12122,0,0,0,0,0,-11987,-13137,14771,0,12475,0,0,0,0,-16474,-14175,0
84431221,Team0,0,0,21609,0,0,0,-14231,0,-11504,0,0,0,0,0,12244,0,0,-10656,0,0,0,9899,-11874,0,15992,0,0,0,0,-11852,13989,11866,0,0,-11283,0,0,0,0
84431247,Team1,0,0,-14809,0,0,-13795,17762,-11791,0,9636,0,-13106,12763,0,0,0,0,0,-11916,0,13843,12566,0,0,0,0,0,0,0,0,13287,0,0,-11863,0,0,0,0,0
84431252,Team1,0,0,11921,0,0,0,-15489,0,0,-11868,0,-14696,0,12198,0,0,-11264,0,0,0,-10393,0,0,0,0,13997,0,0,0,0,16423,12966,0,0,-11944,0,0,0,12573
84431336,Team1,0,0,0,0,0,0,0,0,0,0,0,-15707,0,0,0,10694,0,0,0,0,-16131,-14113,-12329,-17833,0,0,0,14573,0,0,14064,12511,0,12113,0,12427,0,-17728,0
84431368,Team1,0,0,16730,-11667,0,0,0,-11788,0,0,13231,0,0,0,0,0,0,-14326,0,0,0,12165,0,0,0,0,0,-13803,11873,0,16430,0,0,-12609,-14450,0,0,0,11866
84687839,Team1,0,17025,-13360,0,0,-12023,0,12568,0,0,-11774,0,0,0,0,12252,14756,0,0,0,0,0,0,-14344,-13335,0,0,12541,0,0,0,0,0,0,-12078,0,0,15176,0
84817287,Team1,0,16974,0,-13499,0,13573,-13738,-13056,0,0,0,0,0,0,0,11582,-10584,0,12491,0,-11351,-11737,0,0,0,0,0,0,0,12556,0,0,0,0,11020,0,0,0,0
84723762,Team0,0,0,0,0,0,0,-13566,14775,0,0,0,0,0,-10623,0,0,13377,0,0,-11404,0,0,-10567,-14142,14552,0,0,12551,0,13647,0,0,0,0,11566,0,0,0,-11981
84723772,Team0,0,0,0,10714,0,-10944,0,15643,-13341,-10408,0,-13684,10526,0,0,0,0,9478,0,0,-10374,-12686,0,0,0,0,0,0,0,17938,0,0,0,12585,0,0,0,0,0
84723803,Team1,0,0,0,15930,0,12697,-15295,0,0,0,0,0,14012,-13785,0,11495,0,0,0,12972,-12183,0,0,0,0,0,0,-20894,0,0,-17568,0,0,0,0,0,-13154,9367,0
84723865,Team0,0,0,14058,0,0,-11542,16165,0,0,0,0,0,0,0,12492,-11378,0,0,0,0,13150,0,-15677,0,0,-10063,0,0,0,0,-16085,0,0,13267,-11747,0,12816,0,0
84723936,Team0,0,0,16915,0,0,0,0,-12651,0,0,0,0,0,0,0,0,-12356,12833,0,0,-11611,0,0,13209,0,0,17699,-13976,12545,-12740,0,0,0,17551,0,0,-12647,0,0
84723952,Team1,0,13405,0,12711,0,11445,-15511,-10951,0,10974,-12771,0,0,-11049,11993,0,0,0,0,0,-12123,-12033,0,10872,0,0,0,0,0,0,0,0,0,0,0,0,0,0,0
84723957,Team1,0,0,0,-16619,0,0,14790,11526,0,0,0,13392,0,0,0,0,13143,0,0,-13687,-14684,0,0,0,0,0,10309,0,0,0,14726,0,-14463,-13436,0,0,-12265,0,0
84723982,Team0,0,0,-13069,0,0,0,16591,-15362,0,0,0,0,0,14547,0,-10977,-11187,0,0,0,-12203,-8853,12988,0,0,0,0,0,0,0,17259,0,0,0,15989,0,0,0,18896
84724020,Team1,0,17215,-15090,0,0,-13901,0,0,0,0,0,0,0,0,14694,0,13426,0,0,0,-13112,0,0,15768,-13545,0,12995,0,13518,0,0,0,0,0,-15498,0,-11778,0,0
84756446,Team0,0,-13319,12401,0,0,0,0,0,0,0,-10696,-13887,0,-13007,0,-14454,0,9870,0,0,14909,12069,0,0,0,0,0,0,0,0,0,0,0,-15017,15901,0,10724,0,0
84756527,Team0,1,13043,0,0,0,-12144,0,0,0,0,0,13618,0,0,0,0,15250,0,0,-15167,0,0,13179,-12734,0,0,0,0,-12295,14571,0,-12430,0,0,15015,0,0,0,-13336
84756580,Team0,0,0,16165,0,0,0,0,11390,-15189,0,-12412,0,0,0,-15502,0,0,0,13046,-13884,-13750,12970,0,0,0,0,0,0,0,0,18589,0,0,0,-13165,0,0,0,14697
84756623,Team0,0,-12838,17469,0,0,0,14826,13390,10927,0,0,0,0,0,0,0,0,0,0,0,0,0,-10909,15050,-18172,0,-11792,0,0,-12952,0,0,0,-12004,0,0,0,15250,0
84756630,Team0,0,0,0,0,-11911,0,0,14504,0,0,0,0,0,0,0,0,-13414,-12337,15538,0,12940,13893,0,14055,0,0,-10478,-15533,0,0,0,0,0,14320,0,0,-13595,0,0
84756642,Team0,0,-11820,15988,0,0,-14616,0,0,0,0,12761,-12200,0,0,0,14240,14028,0,-13714,0,0,0,0,0,0,17194,0,0,0,0,0,0,0,0,-14064,0,0,-18535,13403
84756672,Team0,0,0,0,0,0,10078,0,0,13127,11991,-12960,14502,0,0,-12740,14235,0,-14195,0,0,9224,0,0,0,0,0,0,-13226,0,-15492,0,0,0,0,-11862,0,0,0,0
84756680,Team1,0,0,-13364,0,0,0,0,0,0,0,0,15562,0,-12822,0,-13250,12252,0,-15243,15478,0,0,0,0,0,0,0,12004,0,-13830,-12672,0,0,0,0,0,11751,12286,0
84756716,Team1,0,0,0,14021,0,0,0,0,0,0,0,0,0,0,-11180,0,0,0,0,0,13277,-13748,0,0,0,0,0,0,0,0,0,-14229,0,-13303,0,0,0,0,0
84656365,Team0,0,0,0,0,-17200,11070,18638,0,0,0,0,0,0,-12685,0,0,0,8562,-13766,0,0,0,-15588,-15967,0,0,0,14548,0,0,0,0,0,0,10181,0,9202,0,-12365
84656366,Team1,0,0,0,0,0,-13257,13843,0,-12386,0,12174,0,0,0,0,12003,0,0,0,-11862,0,11655,0,0,-13953,0,0,0,-10532,0,0,0,0,9485,0,-12393,0,11250,0
84656441,Team0,0,-13662,14279,0,0,0,0,13885,-12098,0,0,0,0,11677,0,0,0,11921,0,0,-10705,0,-10866,16837,-13274,0,0,0,0,-15198,0,0,0,0,0,0,0,0,11831
84656456,Team1,0,0,0,0,0,-12538,0,0,0,11314,0,10538,0,0,0,11123,11953,0,0,-14880,-15918,0,0,-12908,13476,0,0,0,0,14792,0,0,0,0,-15335,0,-15773,0,0
84656469,Team0,0,0,-16229,11976,0,0,16367,0,0,0,0,0,0,14276,0,0,0,13639,-12174,0,-12453,0,0,0,13396,0,0,0,0,12998,0,0,0,0,-10987,0,0,-11004,-11363
84656486,Team0,0,0,-13445,0,0,15355,0,0,0,0,0,0,0,0,0,0,-12183,0,0,0,-12263,12036,0,-15283,0,0,0,0,-14257,14215,15684,-14952,0,0,11702,0,13669,0,0
84656590,Team0,0,0,-13448,0,0,13529,0,0,0,12918,0,14417,0,0,0,0,0,-13161,0,0,12805,10590,0,0,0,0,-11873,12798,0,-12979,0,0,0,-13290,0,0,-13023,0,0
84656593,Team0,0,14337,0,-12083,-14474,12507,0,0,0,0,0,15453,0,0,0,0,-12591,0,0,0,0,0,12488,0,0,0,11984,-11605,0,15150,0,0,0,-12009,0,0,-13218,0,0
84656613,Team0,0,-14598,0,0,0,0,0,13804,15022,0,0,-15205,0,12288,0,0,-12779,0,-10851,0,0,0,0,-12532,0,0,0,13158,15117,0,0,0,0,0,15306,0,-16121,0,0
84656646,Team1,0,0,0,0,0,0,16471,0,11698,-16084,0,0,0,-11108,-14955,0,0,0,0,0,12042,0,12043,0,0,-14035,0,-12418,16444,0,0,0,0,0,13421,0,0,-14005,0
84499800,Team0,0,0,0,0,0,14317,0,0,0,-11931,0,22346,0,14981,0,0,0,0,0,0,0,-15476,0,15642,0,0,0,0,0,0,0,0,0,0,0,0,0,19201,0
84499867,Team1,0,16746,0,0,0,-13430,11929,0,13029,0,0,12033,13534,0,-14089,0,0,0,0,0,14406,-13503,0,0,0,-17174,0,0,-14646,0,0,0,0,0,-13109,0,0,0,0
84499947,Team0,0,-14695,0,0,0,0,0,-19059,17405,0,0,15040,0,0,0,0,15177,14001,0,0,0,-13553,0,0,0,0,0,-12917,13964,0,0,0,0,-14658,16485,0,0,0,-12198
84499968,Team1,0,0,0,13029,0,0,0,0,15705,0,-12666,0,0,0,0,0,0,0,0,0,-12681,-12504,0,0,12870,-13848,0,0,0,0,0,0,0,12738,-15281,11986,0,-13074,14212
84500070,Team0,0,0,-14249,12654,0,12664,0,14251,0,-12917,0,0,-12582,0,14245,0,0,0,0,13775,-15392,0,0,0,0,0,0,12444,0,-13675,0,0,0,0,0,0,0,-12478,0
84500113,Team1,0,13304,0,0,0,0,-17580,0,-13751,0,-9521,0,0,0,-10636,14251,-13696,0,0,0,0,17258,0,0,0,0,0,0,0,0,15366,12393,0,-11704,0,0,0,0,13567
84500132,Team0,0,0,-12822,-11653,16837,-14030,12030,0,0,0,0,0,0,12267,0,-15000,0,0,0,0,-11492,0,10246,0,0,0,0,0,0,19215,0,0,0,0,12160,0,0,-11090,0
84500173,Team1,0,0,0,12745,0,0,0,-15394,-9632,0,15370,0,0,12177,12789,0,0,0,0,-15403,-10386,-11402,0,0,0,-11837,0,0,0,0,0,0,0,0,0,0,0,15744,16481
84500175,Team0,0,14535,0,0,0,0,0,0,0,14715,12304,0,0,-12704,0,11205,0,0,0,0,-11981,0,0,-14008,0,0,0,14342,0,-15655,0,-12422,0,12699,0,0,0,-14362,0
84500176,Team0,0,16123,0,-13246,0,0,0,0,0,0,-10385,15474,0,-12308,-11771,0,0,-13141,12311,0,0,0,0,22066,0,0,0,0,0,17125,19138,0,0,0,-10866,0,0,0,0
84500203,Team0,0,0,11600,-10902,0,-13461,-12579,0,0,0,0,0,0,0,16159,11056,17591,0,0,0,-11853,-10963,0,10855,0,0,0,0,-10893,0,0,0,0,0,0,0,0,11215,0
84500207,Team0,0,0,-19044,0,0,0,-13033,-11928,10913,0,0,12115,0,0,0,0,-11786,0,0,0,-13245,13259,0,-15026,0,0,0,0,0,15369,0,0,0,0,13706,0,13399,0,0
84500242,Team1,-1,13042,0,11761,0,0,-13272,-11780,0,0,0,0,0,13309,-13499,0,0,-14571,0,0,10940,13204,0,0,12333,0,0,0,0,0,0,0,0,0,-13337,0,0,0,-12977
84787371,Team0,0,0,16844,0,0,0,0,0,-10518,0,0,15059,0,0,0,0,19947,16473,12227,-14129,-15475,0,0,0,-11563,0,0,0,12716,-11998,0,-12623,0,0,0,0,0,0,0
84787525,Team1,0,0,0,0,0,0,-16681,0,0,0,0,0,-12552,12525,0,-11108,0,-11739,-11074,12741,0,0,11748,0,0,0,0,19142,0,0,0,0,0,-13716,12592,0,0,15859,0
84787635,Team1,0,0,0,0,17581,14256,-17279,0,11573,0,0,15523,0,0,0,-16428,0,0,0,0,-15448,-17856,0,12112,0,0,0,0,0,0,-21134,0,0,0,-15207,0,0,0,14480
84787642,Team0,0,0,0,-12633,0,0,0,0,0,0,0,0,11688,-14183,0,0,0,12267,-11719,20051,-16252,0,0,0,-15607,0,0,11815,0,0,0,0,0,0,0,-13777,12021,13587,0
84787686,Team0,0,-11716,14411,0,0,13941,0,0,0,0,0,0,-11357,-14319,0,0,15143,-12775,0,0,0,0,0,-15540,-12809,0,0,16483,14177,0,0,0,0,0,0,0,12166,0,0
84310338,Team1,0,-12807,-11963,12607,-12760,11934,0,0,0,0,0,-17310,0,0,0,0,0,0,0,0,0,13844,11682,0,0,0,-10510,0,13645,14951,0,0,-10909,0,0,0,0,0,0
84310459,Team0,0,0,11915,0,10849,0,0,0,0,10320,0,0,0,0,-16865,11569,0,0,-13938,0,11440,0,-13374,0,0,-14199,0,0,0,-15420,0,0,9062,0,0,0,0,0,-13839
84310461,Team0,0,0,-16807,0,0,0,0,-10819,0,13861,0,15530,0,-12600,0,12039,0,0,0,0,-14524,-10925,0,13961,0,0,0,11603,-12921,0,19557,0,0,0,0,0,0,0,0
84310489,Team1,0,-16383,0,0,0,-16520,12512,0,16204,0,0,-16013,15892,-16675,0,0,0,11027,0,11184,0,0,0,0,0,0,0,0,13267,-17070,0,0,0,0,-16003,0,0,0,0
84310503,Team1,0,0,-13570,0,0,12075,0,0,12831,0,0,13417,0,0,-14315,0,-15852,0,13900,0,13922,0,0,0,-12366,0,0,0,0,14140,0,0,0,0,0,0,-12571,0,-12502
84310518,Team1,0,0,-11642,15159,-14497,0,0,0,0,0,12398,0,0,-13044,13598,0,-12817,0,0,0,0,10845,0,0,12092,0,0,12628,-10699,0,0,-11644,0,0,0,0,0,0,0
84310569,Team0,0,0,-18346,0,0,0,17108,0,0,0,0,16297,0,-13323,0,0,0,-10102,-14740,0,0,12915,0,0,0,0,0,0,0,0,0,0,13366,0,-14654,0,13674,14013,-12538
84905198,Team0,0,14897,-14601,0,14292,0,0,0,15048,11102,0,0,0,0,0,0,0,-11630,0,0,0,0,14487,0,0,0,0,0,-13071,0,-15500,0,-12753,0,11676,0,-15274,0,0
84845971,Team0,0,0,0,0,0,0,0,0,0,0,12510,0,13981,0,0,0,0,-15164,0,18680,12995,-13687,0,0,-11974,0,0,13566,0,-11389,0,0,0,0,-11425,13580,-11483,0,0
84845973,Team1,0,0,14439,0,-11701,0,0,-12787,0,0,0,18861,0,0,0,0,12512,0,12968,0,14291,12884,-14463,0,0,0,0,-13291,0,0,0,0,0,-12072,-14276,0,0,0,0
84846013,Team0,0,12228,-14212,0,0,11674,13482,0,0,0,0,0,0,12580,0,12493,0,-11623,14379,0,0,0,-12186,0,0,0,0,-14406,0,0,0,0,0,-11378,0,0,-14487,0,0
84846055,Team0,0,0,0,0,12278,12708,0,0,0,0,0,0,0,0,0,10543,0,0,0,0,-12175,12992,10478,0,0,0,-11455,13556,0,-13676,-13265,0,0,0,0,0,-12633,0,-12976
84846083,Team0,0,0,18789,13464,0,0,0,0,0,0,0,0,0,0,0,11975,0,0,-13953,-14655,0,12041,0,0,0,0,0,-13699,0,-12776,14836,0,0,12891,-13325,0,0,-14000,0
84846110,Team0,0,-13329,12696,0,-15072,0,0,0,12005,0,-11742,0,0,0,0,0,0,9894,0,0,0,-12282,0,15033,0,0,-15162,0,0,0,12681,8991,0,0,0,0,0,0,-10801
84846123,Team0,0,0,13026,-9924,-14341,0,16277,0,0,0,0,14738,0,0,0,0,0,15161,0,0,0,-8309,0,0,0,0,13389,0,0,0,0,14005,0,0,-14332,-8026,0,-10087,0
84846148,Team1,0,-13535,-18118,0,11907,0,0,0,-11847,10912,0,0,0,14244,0,0,0,-11040,0,15453,0,-12162,-13107,0,0,0,0,0,0,0,12498,0,0,0,13763,0,0,0,0
84249098,Team0,0,0,13203,0,-16581,-14960,0,0,0,0,0,0,0,0,0,-16446,0,12524,0,0,-12651,-12850,0,12810,0,0,0,0,0,0,15288,0,10558,0,12194,0,-12692,0,0
84249280,Team1,0,0,14477,0,0,12744,0,0,0,0,0,-18301,0,0,0,0,0,0,0,-11976,15294,-10592,-10093,0,-14663,0,0,0,15110,14971,0,0,0,0,0,0,15325,-12492,0
84532009,Team1,0,0,0,0,0,0,-13017,0,-12444,0,0,17201,12732,0,0,0,0,13074,-14493,0,-12111,12706,0,0,0,0,0,-11812,13428,0,0,0,0,-9356,13714,0,0,0,0
84532018,Team1,0,-14725,-16462,-11157,0,0,0,0,14946,0,0,0,0,15274,0,0,-12606,14034,0,13915,-13309,-11515,0,0,0,0,0,0,0,0,0,0,0,0,0,0,14170,0,13663
84532186,Team1,0,0,15667,0,0,0,0,0,13400,0,0,11942,0,0,0,0,0,0,0,0,-12514,-12544,0,15034,0,0,0,-15777,-12332,13372,-14138,0,0,0,-16147,0,11989,0,0
84532192,Team0,0,0,-13681,0,0,0,14781,0,-13255,0,0,14497,0,0,0,13794,0,-11463,0,-21056,0,13676,0,0,0,0,0,0,13927,0,0,0,0,0,13561,0,-14757,0,-13263
84532301,Team0,0,0,-18844,-11809,0,0,0,0,0,-11334,0,15104,0,0,0,-15957,0,0,-12481,0,0,-10891,0,12488,0,0,0,0,0,0,13493,12647,0,0,0,0,12192,0,14044
84532429,Team0,0,11305,13330,0,15131,0,0,0,0,0,0,10323,-10719,0,15483,0,0,-11814,0,0,0,0,-14554,0,-10654,0,0,0,0,-14617,0,0,0,0,-12202,0,14884,0,0
84532452,Team0,0,-9307,0,0,12959,0,-13689,0,0,0,0,16877,0,13133,0,-9971,-12758,0,0,0,-10721,0,13097,0,0,0,0,0,0,15449,0,0,0,0,14015,0,-13309,0,0
84034218,Team0,0,0,-12855,0,0,14921,0,13950,-12117,0,0,15168,14043,0,0,-13180,-11285,-13285,0,16183,0,0,0,0,0,0,0,0,0,-13042,0,0,0,0,0,0,0,0,13752
84034238,Team1,0,-11410,0,14083,0,0,0,0,0,-12440,0,0,-12251,11282,0,0,0,13553,0,13986,0,10777,0,0,0,0,0,0,10988,0,-11805,0,0,0,-11134,0,0,0,-11495
84034255,Team1,0,0,0,0,0,0,0,0,-15212,0,-12056,0,0,11882,-14121,0,0,0,0,13553,0,0,11570,-13247,11996,0,0,0,12246,0,-17442,0,12664,0,-13479,0,0,0,0
84034258,Team0,0,-18742,15583,0,0,17121,0,0,0,0,0,0,0,0,0,-11160,-12073,13617,0,0,0,0,0,0,0,0,12498,-9932,15770,0,-13237,12154,0,0,0,0,-9940,0,0
84034263,Team1,0,12159,-17759,0,-13675,-14260,12711,13106,-13668,0,0,-12552,0,-18073,0,0,0,0,0,0,0,0,0,0,0,0,0,0,0,0,14439,0,0,0,0,14000,11514,0,0
84034264,Team0,0,-13920,-16844,0,-13009,0,0,0,13344,0,16233,0,0,0,0,17226,-12898,0,0,11692,0,0,0,0,0,0,0,15525,-13366,0,12752,0,-12146,0,0,0,0,0,0
84034300,Team1,0,0,0,0,0,10241,0,0,12296,0,-9711,-14896,11590,-10852,0,0,0,0,0,0,-13019,0,0,0,-14682,0,0,0,14263,0,0,0,0,0,0,-10792,0,13951,11468
84034351,Team0,0,-13432,0,0,0,0,0,0,14528,0,0,0,0,11312,0,0,0,11110,11722,-14996,0,-13032,-13166,-11938,0,0,0,15973,-15531,14375,0,0,0,0,0,0,0,0,0
84034377,Team1,0,0,0,0,9175,0,0,0,7911,8640,-14419,-13076,0,-12985,0,9089,0,8612,0,-18438,0,0,0,-13527,0,0,0,7953,0,0,0,0,0,0,0,0,0,-14815,0
84034402,Team1,0,0,0,0,0,11779,0,0,0,0,0,14778,0,-10899,0,0,0,12135,0,13948,0,0,0,0,0,0,0,0,0,0,0,0,12738,0,0,0,11799,0,0
84183051,Team0,0,14466,0,12452,0,0,0,0,-12805,0,0,-14715,0,-14518,0,0,0,0,-10997,0,0,13580,0,0,0,0,0,16256,0,0,0,0,0,0,0,-12226,0,0,0
84183054,Team1,0,0,0,0,0,10768,0,0,16579,0,0,-15606,0,0,0,0,0,0,0,0,-11234,0,0,0,0,12298,0,0,11800,11712,-13609,-12009,-11981,0,14489,0,0,-12355,0
84183119,Team1,0,0,0,0,-18660,0,0,0,-11859,-14961,12925,14727,-14802,10342,0,-12414,0,0,11008,0,13898,11414,0,0,0,0,0,0,0,0,0,0,0,0,0,0,0,0,-11852
84183166,Team1,0,0,0,0,0,0,12117,-12549,0,0,14822,0,0,11846,0,13919,0,10611,0,0,-11656,14874,0,-11966,0,0,0,0,0,-13912,-20600,0,-12640,0,0,0,0,0,0
84183204,Team1,0,0,0,14138,0,12055,0,0,0,-11199,0,-13218,0,0,0,13368,0,16366,0,0,-11835,12278,0,0,0,14876,0,-12500,0,0,0,0,0,-11579,-15573,0,0,0,0
84183208,Team1,0,0,0,0,11004,11075,0,14676,11174,0,0,14601,0,-14191,0,-13034,0,0,0,0,-12807,0,0,0,0,13254,0,0,0,-15046,-15916,0,0,0,0,0,-11710,0,0
84183231,Team1,0,14900,13894,0,0,0,-18514,0,15221,0,-12842,0,13772,0,0,-14866,0,0,0,0,15045,0,12187,0,0,0,0,0,-12788,0,0,0,0,-16706,0,0,0,0,-16132
84183270,Team1,0,0,11867,-12734,0,0,0,0,0,0,0,0,0,0,-12567,12108,0,0,0,-17098,0,0,0,0,17380,0,0,13711,0,0,0,0,-13310,12345,0,-12631,10262,-13464,0
84183283,Team1,0,0,0,0,0,0,0,-16236,13693,0,0,-16221,0,0,-14795,-13879,-11621,10023,0,-20304,0,13348,0,15798,0,0,0,0,13138,14626,0,0,0,0,0,0,0,0,0
84183285,Team0,0,0,0,0,-13684,0,0,0,0,0,-10821,0,0,0,0,-15516,14131,0,14681,0,18196,0,0,0,0,0,0,13054,0,13826,0,0,-14255,0,0,0,13668,-11021,-11138
84183294,Team1,0,0,0,0,0,0,14186,-10838,0,0,0,0,0,0,0,0,10740,-13648,-11591,0,0,-13783,0,0,13274,0,0,13999,0,-13312,0,0,0,0,14553,0,0,13861,-11658
84564231,Team1,0,0,18915,0,0,-14604,0,0,0,0,0,-15791,0,-16273,12675,-15955,16005,0,0,-15624,0,0,0,0,-15593,0,0,13576,11287,0,0,0,0,0,0,0,0,11969,0
84001065,Team0,0,0,0,0,-13980,0,0,0,-14110,0,15904,-13497,0,0,13904,0,-14677,0,0,18641,0,0,0,0,-13825,0,0,14329,0,0,13682,0,14824,0,-15212,0,0,0,0
84001066,Team1,0,0,-13748,0,11512,0,0,0,0,17664,0,0,0,0,0,-14035,0,-13359,0,0,13951,13690,0,14349,0,0,0,0,-14636,0,-13693,0,-14972,0,11706,0,0,0,0
84001136,Team1,0,0,17177,0,0,0,0,0,0,0,11272,0,0,0,0,0,0,11565,-13061,-13900,9831,0,-14808,-19061,0,0,0,10921,0,-13918,0,0,11979,0,0,0,0,0,-11996
84001182,Team1,0,12591,0,0,0,-12117,-15486,0,0,-13217,0,0,-14851,13026,-10270,0,0,0,0,0,12200,0,0,0,0,14086,11430,0,0,-16564,0,0,0,0,0,0,0,0,15742
84001211,Team0,0,0,0,0,0,0,-14246,0,0,0,0,16362,-11604,-11433,0,10789,11227,-15849,9709,0,0,11771,0,0,0,-11935,0,0,0,0,16900,0,0,0,0,0,-12636,0,0
84001248,Team0,0,0,0,0,0,0,0,0,13015,-11660,0,0,0,13702,0,0,0,11324,14323,12188,-11660,0,0,0,-11789,0,0,14309,-12185,-14912,0,0,-10239,0,0,0,0,0,0
84001249,Team0,0,0,14751,-16881,0,14028,0,0,0,0,0,0,0,-13529,0,0,0,-12173,0,-14190,0,15758,0,0,0,13817,0,0,0,0,13302,-11887,0,0,0,-15915,14192,0,0
84001253,Team1,0,0,-11443,0,0,0,0,0,0,0,0,11825,-11646,11947,0,0,0,-15535,13378,11494,13823,11612,-11418,0,0,0,0,0,0,-12273,0,0,0,0,0,0,0,-12351,0
84001279,Team1,0,0,0,0,-13374,13261,13864,-11364,0,-13237,0,0,0,-11317,0,0,0,0,0,0,-16880,11565,0,0,0,0,0,-11917,0,0,0,11863,0,0,0,13425,0,12914,0
84001308,Team0,0,0,17096,0,0,0,0,0,0,0,0,0,0,0,0,0,0,0,11371,0,0,0,0,0,0,0,0,-12374,0,0,0,0,0,-14808,0,0,0,0,0
84216326,Team1,0,0,0,0,0,0,0,0,0,0,0,0,0,0,0,0,0,0,0,0,0,0,-12285,0,0,0,0,0,0,0,0,0,0,0,0,0,0,0,0
84216363,Team1,0,0,0,0,0,0,-17660,0,0,-11968,0,13262,0,0,0,8700,0,0,0,0,-14145,0,0,0,0,0,0,0,-14139,13349,17156,12550,-10749,11980,0,0,-11733,0,0
84216397,Team0,0,14426,0,0,-9363,0,-11779,0,0,0,0,-13063,0,-12115,0,0,-11226,15674,0,0,0,0,0,0,13413,0,0,0,-14111,13126,0,0,13414,0,0,0,15414,0,0
84216398,Team0,0,14224,0,0,0,0,0,0,0,-10463,0,12446,0,0,0,-13026,0,0,0,0,-16716,-11355,0,0,-15771,0,0,0,-12900,0,0,0,0,12762,18591,0,12934,13763,0
84216404,Team1,0,0,0,0,0,0,-14953,0,14114,0,0,-13803,0,0,0,0,0,14485,-13304,0,-12056,-11637,0,15015,0,13962,0,0,0,0,20885,0,12886,-13812,0,0,0,0,0
84216422,Team1,0,0,15196,0,-17000,0,0,12054,0,0,0,0,0,14164,-15874,0,-14925,13610,-13274,0,0,0,0,0,0,0,0,-12242,0,12582,0,-13149,0,0,13992,0,0,0,0
84216423,Team0,0,0,0,0,0,0,-16948,0,0,0,11725,13685,0,13162,-11485,0,0,-10726,0,0,14808,13530,0,0,0,0,0,0,0,0,0,0,0,-16129,-11933,0,-11256,15218,0
84216502,Team1,0,0,0,0,0,0,-14616,0,13000,0,0,0,0,0,0,0,0,11454,-11697,0,-13055,-12192,13740,12161,10911,17169,0,0,0,-14401,0,0,0,0,0,0,-12751,0,0
84216536,Team0,0,0,16312,0,0,11673,0,0,0,0,0,-11377,0,-9794,0,14738,-13603,0,0,0,13945,0,13062,0,0,0,0,-13939,0,0,-13247,0,0,0,14022,0,-14014,0,0
84216538,Team1,0,15921,0,0,-13071,0,0,11127,0,0,0,12934,0,-12284,0,0,0,13555,0,0,0,0,0,0,0,0,11795,0,0,-15423,0,0,0,12010,-15155,0,-16602,-13742,0
84216539,Team1,0,0,0,0,0,0,15735,0,0,0,0,-13407,0,0,0,0,0,10565,0,0,10633,-15740,0,0,0,0,0,0,0,11823,-16072,9540,0,0,14602,0,-13229,-11512,-14889
84876136,Team0,0,0,0,-14904,0,0,0,0,-15836,12609,0,0,0,0,0,0,0,-11526,0,0,12890,10095,0,15183,0,0,0,0,15307,13611,0,0,0,0,-14889,-13735,0,-12078,0
84876153,Team1,0,0,0,-10697,0,0,0,0,0,-10878,0,0,12498,0,0,0,13672,14604,0,0,-11314,-12060,0,0,-10971,12554,0,12006,0,0,0,12106,0,0,0,0,0,0,-15432
84876360,Team0,0,0,16151,0,0,0,0,-10761,0,-12897,-11719,-13088,0,0,0,15617,0,0,0,0,0,0,0,15094,0,0,0,0,-11726,0,0,0,0,0,18743,15328,14581,-14711,0
84876368,Team1,0,0,0,12517,0,0,-14148,0,-14778,0,0,0,0,0,-15411,0,13929,0,-13380,0,0,13351,0,0,0,12279,0,0,0,-14665,0,0,0,-13785,16296,0,0,13180,0
84154003,Team1,0,0,0,0,15102,0,0,-12771,0,0,0,0,15358,0,0,15429,0,0,14413,0,0,0,0,0,-12428,0,0,0,-11618,17957,0,0,0,14911,-12672,0,0,-12033,-12397
84154062,Team1,0,0,-14452,0,0,0,14741,0,0,0,0,0,0,-12548,0,0,0,0,0,0,13040,0,0,0,0,-12765,12217,0,15716,0,0,14496,0,-13203,12868,0,-13853,-12905,0
84154145,Team1,0,0,0,0,17587,0,15567,0,0,0,0,-15147,0,10926,0,0,-13356,0,-15436,0,0,0,0,0,-13499,0,0,0,0,-13943,0,0,0,11630,8228,0,10771,0,-12054
84154183,Team0,0,-11086,0,0,0,0,-12266,0,0,0,-12298,16316,0,0,0,-10462,-15594,0,0,11449,12583,0,0,0,0,0,0,0,14538,0,0,11706,0,0,12186,0,0,0,-13780
84154195,Team0,0,16298,0,0,0,0,0,0,-13807,0,15703,15799,0,0,0,0,0,-13216,0,0,0,-12989,-12966,0,0,0,0,0,0,-13672,0,0,15472,16391,-12632,0,0,0,14198
84154230,Team1,0,-15211,11876,0,0,0,0,0,0,11610,-11412,12277,12620,0,-13029,0,0,0,0,-11598,0,0,0,0,0,0,0,-14115,0,12168,0,11951,0,0,0,0,0,0,-13407
84154248,Team1,0,0,0,0,0,0,0,0,0,0,0,0,0,12037,0,0,0,0,0,0,0,0,0,0,0,0,0,0,0,0,0,0,0,0,0,0,0,0,-13879
84593808,Team0,0,0,0,0,0,0,13885,0,0,-11879,0,0,0,10867,0,0,0,0,11186,0,0,0,0,0,0,-16336,-12568,13331,0,0,-14578,0,0,10831,-15975,0,0,12406,-12207
84593834,Team1,0,0,-12306,0,0,0,-11915,0,12628,12659,0,0,0,0,0,0,-11048,0,0,12392,-14961,11954,0,0,0,0,0,13194,0,0,14045,-9791,0,0,0,0,0,-13725,0
84594070,Team0,0,0,15419,12500,0,14519,-15216,0,0,0,0,0,0,16566,0,0,0,0,0,0,-16053,15689,0,0,0,0,0,0,0,0,0,0,0,-10389,-14177,14802,-12740,0,-15339
84594136,Team0,0,0,0,0,0,0,0,10283,11970,0,0,0,0,0,0,0,-13768,0,0,10034,17840,0,0,10237,0,-12005,0,-16541,13506,0,0,0,0,0,0,0,-12542,-13226,-13890
84594194,Team1,0,11189,0,0,0,-12130,0,0,0,-14010,0,10457,-12557,0,0,0,0,0,0,0,0,13752,0,0,0,0,0,0,0,12637,0,-10569,0,0,10916,0,13694,-13822,-16437
84367937,Team0,0,0,-15281,12049,0,0,0,0,0,0,0,0,0,10601,0,0,0,10352,0,0,11474,0,-13169,0,0,0,0,0,-10090,0,0,13583,0,-14501,16743,-14634,-10621,0,0
84367940,Team1,0,-12732,14193,0,0,0,11471,0,0,0,11528,-12796,0,10812,0,0,0,10799,0,0,-13736,-11918,0,0,0,0,0,0,0,0,0,0,0,-18606,16142,0,-11924,0,0
84367960,Team1,0,0,14153,-13996,0,-12415,-15547,0,0,12596,0,0,0,0,0,0,0,0,0,0,-13250,15211,0,10769,0,0,0,0,10770,0,0,0,0,11147,-13966,-13398,0,0,0
84368105,Team0,0,0,0,0,0,0,-13812,-10596,0,0,0,0,0,0,13627,0,0,-12787,0,0,13559,0,0,-14370,13639,0,-11487,0,0,0,0,13885,0,-11248,18631,0,0,14975,0
84368116,Team0,0,18001,0,0,0,-10977,0,0,0,15386,0,16178,0,15925,0,0,0,0,-12089,-14341,14702,-12403,0,-14084,0,0,0,0,0,0,0,0,0,0,-12980,0,0,0,16396
84368126,Team0,0,0,0,-12280,0,0,0,0,-12592,0,0,14592,0,0,0,16700,14556,15066,15842,-13468,0,-14920,0,0,0,0,0,0,-16270,0,0,0,0,-13435,16318,0,0,0,0
84368166,Team1,0,-13053,0,13344,0,0,0,0,-14515,0,0,0,0,0,0,0,13416,0,0,0,0,13915,0,-14726,16599,0,0,13663,0,-14182,0,0,0,-14971,-14945,0,9068,0,0
84368215,Team1,1,-17245,0,0,0,-13323,0,0,0,0,12130,0,-16464,0,-11947,14257,0,0,0,0,14435,0,0,12589,0,0,0,0,0,0,12151,0,11720,0,0,0,-14387,-11151,0
84399285,Team0,0,0,0,0,0,0,18017,0,-16310,-17770,0,0,0,-11972,14762,13558,0,0,0,0,-14773,14869,0,-13080,0,0,0,0,18746,-11092,13111,0,0,0,0,0,0,0,0
84399310,Team0,0,-14914,0,0,0,-12084,0,0,0,11740,0,-11975,0,0,0,0,0,0,0,0,12792,10994,0,15258,0,0,0,-12719,12724,15468,0,-15000,0,-11837,0,0,0,0,0
84399417,Team0,0,0,15228,0,0,0,13215,0,0,0,12718,0,0,0,12944,14003,12635,0,0,0,-11154,-11759,0,-13570,0,0,0,0,0,0,-15125,-9054,0,0,-12827,0,0,0,0
84399544,Team1,0,0,14688,0,0,-12244,-15512,0,12056,0,0,-13974,0,0,0,-13838,0,-15706,-18039,0,12593,0,0,0,0,0,0,0,12746,0,13532,0,0,0,12741,0,0,0,0
84124050,Team1,0,0,0,-14248,0,11982,0,0,0,-14456,0,0,0,-14576,0,-14169,0,0,0,0,0,0,0,0,-16675,0,0,12510,14319,0,14742,0,0,-15012,15164,0,13905,0,0
84124053,Team0,0,0,13143,0,-13049,0,0,11870,0,0,-11074,0,14450,0,0,-14908,0,0,0,0,0,-12386,0,-13207,0,0,0,0,13655,0,0,0,0,10701,13146,0,0,0,-11501
84124097,Team1,0,-15345,0,0,0,0,0,0,0,14343,0,0,0,14240,0,0,0,0,-10817,14126,12452,-12385,0,0,0,0,-13961,13382,-11071,0,0,0,0,0,12464,-11718,0,0,0
84124120,Team0,0,0,0,16085,0,-12642,12177,-13565,-11277,12090,0,14392,12297,0,0,0,0,0,0,0,12108,0,0,0,0,0,0,-12947,0,-15171,0,0,0,0,0,0,0,-13121,0
84124139,Team1,1,-15070,0,0,0,12925,0,0,0,0,-12034,12321,0,9965,-12693,-11918,0,0,0,13567,0,12002,0,-14274,0,0,0,0,0,0,0,0,0,-13701,0,0,12280,0,0
84124231,Team0,0,0,13898,0,13584,0,0,0,0,0,0,0,0,0,-13127,0,12761,0,-8813,-12099,-11879,-12543,0,0,0,0,0,0,0,0,0,-14133,12866,0,0,16803,13826,0,0
84124257,Team1,0,13357,0,0,11303,-12964,0,0,0,0,0,15774,0,0,0,0,9754,-12677,0,0,0,-11423,13384,0,0,-12473,-12403,0,0,0,0,0,11933,0,-11103,0,0,0,0
84095136,Team0,0,0,0,0,0,0,15154,0,0,0,12857,0,-11920,0,0,0,12484,0,-13082,0,0,0,0,12329,0,-14934,0,0,12239,12181,0,0,0,-12091,-14268,0,0,-12916,0
84064682,Team0,0,15745,0,0,0,0,-13703,0,0,0,0,18274,0,0,0,0,13958,-10731,0,0,0,0,0,0,0,0,0,0,0,0,-15369,0,0,0,-14011,0,0,0,-12070
84064743,Team0,0,0,-13209,0,0,0,0,0,-12188,0,11899,0,0,-14949,0,0,0,-12054,0,0,17240,12956,0,0,13555,0,0,0,0,14099,0,0,12388,0,-11965,-13419,0,0,0
84064747,Team0,0,0,-15012,0,0,0,-14287,13833,0,-13063,0,0,0,-12327,0,0,0,-14255,0,15052,0,13063,0,-16267,0,0,0,14447,0,0,14068,0,0,0,16504,0,0,0,0
84064838,Team0,0,-3755,0,0,0,-7515,14400,0,0,0,0,0,0,15260,17695,0,0,0,-12585,0,0,-9957,0,0,0,0,0,0,-14840,0,19004,0,0,0,-11134,0,13852,0,15657
84064860,Team1,0,-16115,12185,0,-14595,0,0,-9552,0,0,0,0,0,12165,0,-9905,0,0,0,13072,0,-12364,0,0,10337,0,0,0,0,0,12368,0,0,0,0,0,10441,-12165,0
84064862,Team0,0,0,17101,0,-12794,0,0,0,0,0,-12886,-11018,0,0,0,12019,-13307,11677,11264,0,0,13228,0,0,0,0,0,-15581,-14109,0,0,0,0,0,0,0,0,13016,0
84064953,Team1,0,0,-13715,0,11444,0,0,-14255,-13604,0,0,0,0,-15014,0,0,0,0,0,0,12258,12083,0,0,0,0,0,15315,-13068,0,-12364,11137,0,0,0,0,0,11475,0
84065013,Team0,0,0,-14032,0,-12012,0,0,0,0,0,-10102,-12605,0,11339,14470,11874,-11972,13766,0,12233,0,0,0,0,0,0,-12566,0,0,0,0,12362,0,0,0,0,0,0,0
84065051,Team1,0,0,0,0,0,0,-12303,0,0,-13602,0,0,0,-20392,-15832,0,0,0,0,0,14004,14464,0,0,13772,-12715,0,0,13641,0,13928,13594,0,0,0,0,0,-14847,0
84938452,Team1,0,0,-13636,0,0,0,0,0,0,0,0,0,-13899,0,0,0,0,0,0,0,0,15896,0,11403,12424,0,0,-12279,0,12709,14223,-12605,0,0,0,0,14059,-14303,-11980
84938460,Team1,0,14870,0,0,0,0,12913,-13901,0,0,12892,0,0,0,0,0,-10320,14252,0,0,0,13736,0,0,0,-14760,0,0,-10955,-13189,0,0,0,0,-10050,0,12815,0,0
84938553,Team1,0,0,-13127,0,0,-13438,-14420,-11297,0,0,0,0,0,0,0,0,0,10760,0,0,-11842,-11223,0,0,0,0,11927,12036,16491,0,11651,0,0,0,11713,0,0,0,0
84938561,Team0,0,-13135,13558,0,0,14445,0,0,0,0,14280,14158,17609,-13381,0,0,0,0,0,0,14817,0,0,0,-13113,0,-11457,0,0,-13583,0,0,0,0,0,0,0,0,-11639
84938646,Team0,0,0,-13986,0,0,0,0,0,0,0,-12600,0,-13102,0,0,0,0,0,0,0,-14531,0,0,16854,0,0,15634,-15112,0,0,15525,0,0,-13604,12621,0,0,13552,13203
84938704,Team0,0,0,0,0,0,0,0,0,0,0,-12960,0,0,0,0,0,0,0,0,0,13857,-13088,0,14774,0,0,-12564,0,-12759,-14019,0,12169,0,13283,11913,0,0,-11554,14704
84971244,Team1,0,0,-16873,0,15636,0,0,0,-15781,0,0,-13600,0,-12581,0,0,0,0,14372,0,0,13174,0,13018,0,0,0,0,0,-14727,0,0,0,0,-17379,0,0,12546,13397
84971353,Team1,0,0,0,0,0,0,0,0,14895,11434,12250,13759,0,0,0,0,0,0,0,0,11748,-12033,13496,-14180,0,0,0,0,-14005,0,0,-10993,0,0,0,0,0,-13245,-13589
84971363,Team0,0,0,0,0,-12501,13868,-15333,0,11336,10525,0,0,0,0,0,10856,0,0,-13175,0,0,-11863,-12887,0,9770,0,0,0,11802,0,0,0,0,0,0,0,-12848,0,0
84971378,Team1,0,12952,0,0,0,0,-13778,0,0,12287,0,-11552,12661,16145,0,0,0,-14279,0,0,13401,0,0,0,0,0,0,0,-10414,15019,0,0,-10582,-10623,0,0,0,0,0
84971505,Team1,0,0,0,0,0,0,0,0,12041,11268,0,-15094,0,-14639,0,0,0,0,-13961,0,10586,0,0,0,0,0,0,14363,0,-14140,15783,12612,0,-13422,-15089,0,0,0,0
84971550,Team1,0,0,0,-9949,12290,-12214,-16486,0,14509,0,-11275,0,0,13442,0,0,0,0,10778,0,-12225,0,0,0,0,0,0,0,0,16099,0,0,0,0,-10314,0,0,0,12294
84971607,Team1,0,-13038,-14804,0,0,0,17131,-14127,12442,0,0,0,0,0,0,-12486,0,12593,0,0,0,0,0,13776,-14601,0,0,0,0,0,0,0,0,-16007,11598,0,0,11475,0
84971627,Team1,0,-14548,0,0,0,0,0,0,0,0,0,-13873,0,-13533,0,11751,0,-15287,0,0,0,-12912,0,0,0,11954,0,0,0,20516,0,0,11055,0,-16756,14872,12422,0,0
84971639,Team0,0,0,0,0,13543,15121,0,0,0,0,0,0,0,0,0,-11610,0,0,10670,0,-10062,0,0,0,-14241,-11480,0,0,13261,0,0,-9992,12078,-10966,12448,0,0,0,0
84971653,Team0,0,0,0,12773,12332,0,0,0,-10861,0,0,0,0,14927,0,0,0,-13003,11604,0,-10967,0,0,0,13281,0,0,0,0,-14124,0,-11291,0,0,0,-11432,0,19636,0
84971670,Team1,0,0,0,0,0,0,-17092,12768,10320,0,0,0,0,15304,-11097,0,0,12204,-12615,14507,0,0,-11755,0,0,0,0,9816,0,0,-16198,0,0,0,-10741,0,0,0,0
84971685,Team0,0,-16030,-13243,0,0,0,17889,0,12825,0,13013,-13756,0,-11841,14988,0,0,0,0,0,12668,0,-9850,-11190,0,0,0,0,0,15230,0,0,0,0,0,0,0,0,0
84625143,Team1,0,0,0,0,0,-13840,12915,0,-14171,0,0,-13808,0,-17018,0,0,0,0,13059,16737,14903,0,0,-18531,0,0,0,0,0,0,0,0,0,0,0,0,13095,-13454,13381
84625213,Team0,0,0,0,0,0,0,0,0,-14522,0,0,0,0,14208,0,-7897,0,0,0,0,16079,14883,0,0,0,0,0,0,-11945,-15480,13960,12770,0,-10956,13038,0,0,0,-11397
84625365,Team1,0,0,0,0,0,0,0,0,0,9258,-14924,0,13134,0,-13021,0,0,0,0,9834,11829,-11884,0,0,0,-14244,0,12674,0,-13647,0,0,0,0,0,0,0,-12171,11224
84431574,Team0,0,0,10193,-12739,0,-13676,0,0,0,0,10448,-17321,0,0,0,11318,0,0,0,0,-14497,-11833,-12771,0,0,0,11295,12182,0,14788,0,0,0,0,0,0,0,0,0
84431587,Team0,0,0,0,0,-12665,0,0,0,0,0,0,14623,0,0,12005,-13614,-12108,-13681,0,0,0,0,0,0,0,0,0,-13108,0,0,11130,11404,0,13552,15694,0,-12586,0,0
84431591,Team0,0,0,0,0,0,0,-13476,0,0,0,12194,0,0,0,0,16895,0,-11263,0,11659,11921,0,-12411,-13334,0,0,10013,0,0,11945,0,0,0,0,-13428,0,0,-12225,0
84431604,Team1,0,-16757,12945,0,0,0,0,-14361,0,0,0,0,-13582,0,0,0,0,-12862,0,-13690,0,13141,0,0,0,0,0,0,11221,0,14140,0,0,13453,-12863,0,14464,0,0
84431607,Team0,0,0,-14278,0,0,0,0,-13481,-14710,0,0,0,0,0,0,0,16461,0,13852,0,16011,-13486,0,0,0,0,0,14510,0,15181,-15201,0,0,0,0,0,14930,0,-11988
84431639,Team0,0,0,0,0,0,0,13239,0,0,0,10717,-13624,0,0,0,11650,-12670,-10590,0,0,0,0,13840,-15096,0,0,0,17067,0,0,0,-12943,0,0,0,-12610,14133,0,0
84431641,Team1,0,-11053,0,0,11352,-15583,0,0,-11513,0,0,-14391,0,0,0,0,0,0,0,0,0,10190,0,14687,0,0,0,0,12304,0,12927,0,11016,0,-11187,0,0,-14618,0
84431658,Team0,0,0,0,0,0,0,0,0,-12335,-12580,0,-12263,0,13204,-10711,14822,0,0,0,23818,16028,0,0,0,0,0,0,0,0,-13703,-13384,0,0,0,0,14688,12566,0,0
84431671,Team1,0,0,-15014,-11649,0,0,0,16697,0,0,0,0,0,13741,0,0,13910,0,0,0,0,-10984,0,0,15601,0,0,14765,18051,0,-16808,0,0,-10233,0,0,-10450,0,0
84431691,Team1,0,-17459,0,0,0,15830,14134,0,0,0,11454,12141,0,-13083,0,0,0,0,0,-15117,-13035,-11460,0,0,0,0,0,0,0,0,0,0,9207,0,0,0,-12488,13250,0
84431734,Team0,0,16141,19822,0,0,-12401,0,0,0,12064,0,-11780,0,13039,0,0,0,0,-13103,0,12815,0,0,0,0,0,0,-17193,0,0,0,16380,0,-9682,0,0,-12963,0,0
84431751,Team1,0,0,0,0,-12612,-13183,0,0,-11185,-13054,0,0,0,0,0,-17125,0,0,0,0,0,11288,0,0,0,12844,0,12041,13467,0,0,9828,0,0,-20798,0,13303,0,0
84431772,Team0,0,12908,-11532,12327,0,0,0,0,-11986,0,0,0,0,0,0,-8898,13689,14496,0,0,0,0,0,0,0,0,12418,0,10311,-12991,0,0,0,0,-12107,0,-12911,0,0
84431774,Team1,0,0,0,0,0,0,0,-13011,0,0,9627,11021,0,0,0,0,13214,0,0,-19572,-13690,0,-15268,14530,-16605,13307,0,-16853,0,12804,0,0,0,0,0,0,0,0,0
84688641,Team0,0,-12757,-12221,13237,0,13132,0,-12425,0,0,0,0,-17426,0,0,0,0,0,0,0,0,15189,0,15520,0,16359,-12185,0,-12185,0,0,0,0,0,0,0,0,14273,0
84688668,Team1,0,12061,0,0,-10250,0,-14323,0,0,10593,-13911,0,0,0,0,-9763,0,-11492,0,0,11474,11494,0,11078,0,0,0,0,12106,0,0,0,-11745,0,0,0,0,0,0
84688730,Team1,0,0,11959,0,0,0,-13496,12563,0,0,0,0,0,-13430,0,0,0,-12353,-14046,0,-12858,0,0,0,0,0,-15672,0,16546,11754,0,0,0,11889,11817,0,0,0,0
84688735,Team1,0,0,0,0,13411,0,-18197,0,0,14107,0,0,0,-13201,0,14653,11304,0,-14197,-18638,-12970,0,0,0,0,0,0,11810,0,0,0,0,0,0,-13821,0,0,0,11895
84688805,Team1,0,0,0,0,0,0,-14063,0,0,0,0,-14935,0,0,11152,13500,-13256,-12083,10543,0,11947,0,10732,0,0,0,0,0,0,14664,0,-11820,0,0,-13728,0,0,0,0
84688858,Team0,0,0,12675,0,0,12237,-12696,12354,-13321,0,0,13440,15688,0,0,0,0,0,0,0,-15802,0,-13009,0,0,0,0,0,-14698,0,13572,0,0,0,0,0,0,-13413,0
84688893,Team0,0,0,15187,-11552,0,0,-11795,0,-12182,0,0,-12654,0,0,0,-15995,0,0,0,0,19589,0,0,0,0,0,11612,0,0,0,12381,0,0,0,-14603,0,11713,13104,0
84688894,Team0,0,0,0,0,12994,0,-13044,0,0,0,0,14641,0,-13301,0,0,0,0,0,0,13273,-12471,0,0,-12952,0,0,0,-11466,0,0,0,11153,13190,0,0,18981,-11020,0
84688918,Team0,0,0,13819,13581,0,0,0,0,-16251,0,15273,19626,0,-11382,0,0,0,-13584,-12661,0,0,-11304,0,0,14289,0,0,0,-11642,13768,0,0,0,0,0,0,0,0,0
84688930,Team1,1,0,0,0,0,13930,0,0,0,0,0,0,13795,-11909,0,13349,-11599,13042,-11795,0,0,-10286,0,14939,0,13694,0,0,-17051,0,0,0,0,0,-12192,0,0,0,0
84817698,Team0,0,0,15136,0,0,0,0,0,0,0,0,-12351,0,0,0,0,0,-13066,0,0,12175,-13176,0,0,11946,0,13475,-12510,0,0,13675,-12257,-13160,0,13115,0,0,0,0
84817705,Team0,0,0,-15524,0,-16266,0,14574,12645,0,0,0,14485,0,0,0,0,0,12231,-13881,0,-15411,0,-13155,-14430,0,0,0,0,0,0,0,0,0,12025,15379,0,0,0,0
84817706,Team0,0,11519,0,0,0,13649,-13224,11647,0,0,-13208,16826,0,-12484,0,0,0,-10636,0,0,0,15534,0,-10973,13869,0,0,0,0,0,0,0,0,0,-13334,0,0,0,0
84817864,Team1,0,0,14070,0,0,-12616,-15241,-11778,0,0,0,13850,0,0,0,0,0,13496,0,-14615,0,11495,0,0,0,0,13245,0,0,0,0,0,0,0,11763,0,-12722,0,-11321
84817865,Team0,0,0,0,0,13127,0,18235,0,0,13147,-11858,0,12371,-12638,0,-12359,0,10983,0,0,0,-9763,0,-12790,0,0,0,0,0,0,-14308,0,11058,0,0,0,0,0,0
84723377,Team0,0,0,15404,0,0,0,0,13652,0,0,-11653,-13429,0,0,0,0,0,-12112,0,0,10024,0,0,-14652,0,0,0,0,0,0,-14606,0,-13643,11055,10170,0,0,0,13852
84724037,Team0,0,11437,0,-13049,13791,0,-12423,0,0,0,0,0,0,11368,0,0,0,0,11232,0,-12510,0,-9386,0,-13278,0,0,0,0,0,0,0,0,0,12897,0,0,-14206,11760
84279618,Team0,0,0,0,0,0,-14717,-15673,0,0,0,0,11550,0,-12475,0,0,0,12724,0,13499,13449,11421,-15363,0,0,0,0,-13018,0,-12245,0,0,0,0,0,0,11742,0,0
84279634,Team0,0,0,15737,12728,0,0,-14102,-12957,16707,0,0,0,-14066,14768,0,0,0,0,0,0,-13764,0,0,-12907,0,0,0,0,0,0,0,0,0,16950,-12664,0,0,13626,0
84279686,Team1,0,0,0,0,-16326,0,-15629,0,-14339,0,10756,-15910,-11964,13626,0,12396,0,0,0,0,0,0,0,0,13284,0,0,13964,0,0,0,0,0,12530,-13717,0,0,0,0
84279690,Team1,0,0,-12514,0,0,-11204,0,0,0,0,0,12141,-15563,0,0,0,0,0,0,15556,0,12034,0,0,0,0,0,0,12127,0,-12477,0,0,11632,15692,0,-14483,0,-13181
84279748,Team1,0,0,-14948,0,11542,0,-12695,0,0,0,-11927,16499,0,-12044,0,-10577,11780,0,0,0,0,0,0,0,0,0,0,0,12939,15468,-11647,0,0,0,0,0,12894,0,0
84279750,Team0,0,0,0,0,16706,0,0,0,-10733,0,0,0,0,-12267,0,0,15242,-12420,0,0,-12716,0,0,16199,15553,0,0,0,0,-12389,0,-15325,0,0,16948,0,15300,0,0
84655787,Team1,0,-16054,10644,0,0,0,0,-11544,0,10618,0,0,0,-12259,13322,0,0,-12393,0,0,0,0,0,13609,0,0,-14572,0,-12055,0,0,0,0,11456,10592,0,0,0,0
84655896,Team1,0,0,-13705,0,0,-14638,0,0,0,0,-12232,12601,0,0,-12231,0,0,11697,0,0,0,-13018,0,0,10370,0,0,9899,0,0,0,11314,0,12039,-11074,0,0,0,0
84464930,Team1,0,0,0,0,0,0,15299,0,0,0,0,0,-12684,0,17787,0,0,-12584,0,-17416,13167,0,0,0,0,0,0,0,0,-12595,0,-13013,0,12991,15401,0,14018,0,-10219
84464933,Team0,0,-14275,0,0,0,0,-14794,-15206,0,0,0,13047,0,0,-10913,-13536,0,0,12539,0,15317,13550,0,0,0,0,0,0,0,0,16218,0,0,0,13646,0,0,0,-14597
84465071,Team0,0,14879,-17958,0,0,0,0,0,0,0,0,0,13069,-10785,0,0,0,11573,0,14447,-12127,0,0,0,0,0,0,0,0,-13507,0,12780,0,0,0,0,-10708,-12119,14396
84465072,Team0,0,16074,-15163,0,0,0,0,-14612,0,0,0,0,0,0,0,0,0,-12593,0,0,-17814,13062,0,-16402,0,0,0,13405,0,0,17047,0,0,13182,-17335,0,16886,0,0
84465094,Team0,0,0,-16007,0,0,13985,0,0,0,0,-14646,0,0,-14557,-12288,0,0,-13782,0,12701,0,0,0,14925,14392,0,0,-14763,0,0,0,0,0,0,15305,0,14421,0,0
84465098,Team0,0,0,0,0,0,-9860,-16722,-14636,0,0,0,-11921,0,-15888,0,14200,13089,0,0,0,0,0,0,15752,0,0,0,14338,0,18906,0,0,0,0,0,0,0,13539,-10727
84465124,Team0,0,0,-16038,0,0,13226,0,0,-12026,0,0,14729,0,0,0,15509,0,-10892,0,0,-11830,12440,0,0,13363,0,0,0,0,-11494,0,12269,0,0,0,0,-12997,0,0
84465129,Team0,0,13622,0,11327,0,0,-18102,0,0,14300,-12828,0,12296,0,-15354,0,15467,0,0,0,11868,0,0,-12636,0,0,0,0,0,0,0,0,0,-13085,-18032,0,0,0,0
84465283,Team0,0,-12421,0,0,0,0,15562,0,-11886,0,0,9651,0,0,0,10839,0,-10875,0,0,0,-10971,9039,0,0,0,0,0,0,-18851,12314,0,11556,0,0,0,-11577,0,0
84465335,Team1,0,0,0,0,0,0,11093,0,0,0,0,-12441,0,15354,0,0,0,12170,-14317,0,14640,-11421,0,-16341,0,0,0,0,-13102,0,0,0,0,0,14297,0,14218,0,-14221
84465360,Team1,0,0,-17804,0,-12711,10988,12838,0,-12815,-12704,0,14499,0,0,0,0,0,0,0,0,-18899,0,0,0,0,0,0,0,0,0,12801,14097,0,0,-19171,0,0,0,11216
84465370,Team1,0,0,0,0,-10273,0,13639,0,0,0,0,-12021,-14979,-11294,0,0,0,0,-10990,0,0,0,0,0,11920,0,12237,15675,0,0,0,0,0,-11024,11838,0,13570,0,0
84465371,Team1,0,0,0,-11220,0,14390,0,0,0,0,0,0,0,0,0,0,0,0,0,0,-16149,0,0,0,0,0,0,0,0,16042,0,-14849,0,0,0,0,12912,0,0
84500354,Team1,0,11765,20671,0,0,0,0,0,0,0,0,0,0,0,0,0,0,11873,-11641,0,12394,0,-10967,0,0,0,11241,-16519,0,-11393,-13620,11867,0,0,-14314,0,0,0,0
84500355,Team1,0,-13568,0,0,0,0,0,0,12746,0,13511,0,0,0,-15374,0,15997,0,0,0,0,0,0,0,0,-13317,0,15879,11689,12313,0,-13804,0,-12449,-13792,0,0,0,0
84500386,Team0,0,0,14436,0,0,-13522,0,0,-11369,0,0,-15036,0,0,0,0,16771,0,0,-14228,-12578,0,13725,16230,14188,12536,0,0,0,0,0,-15448,0,0,0,0,0,0,0
84500497,Team1,1,0,16038,12869,0,0,0,0,0,-12230,0,0,12424,13214,-15729,0,0,0,0,0,13004,-13729,0,0,0,0,0,-13013,0,0,0,0,0,-15425,0,0,10108,0,-12632
84500502,Team0,0,0,-14003,0,0,0,-17009,12497,0,0,0,-13309,0,0,0,0,13343,0,0,0,12325,-12367,-12979,0,0,0,13580,12283,0,13336,0,0,0,0,-13461,0,0,0,0
84500503,Team1,0,0,0,-12342,0,12832,14632,0,-12270,0,14060,0,12546,0,0,0,0,0,0,-12818,0,0,-12332,0,11479,0,0,0,0,13172,-14905,0,0,0,-11548,0,0,0,0
84500626,Team1,0,-14970,16847,0,0,12505,0,0,-14199,0,13915,0,0,0,10292,0,0,0,0,0,-14837,12226,0,0,0,0,0,0,12687,0,0,0,0,0,-12049,0,0,-13150,-16726
84500627,Team0,0,-15286,16390,0,0,0,0,0,0,0,0,-10977,0,17510,0,0,0,13487,-13514,0,-11967,0,0,0,0,0,0,0,0,22130,0,0,0,-12908,-14379,0,14891,0,14827
84787816,Team0,0,0,0,0,0,0,0,0,-14518,0,0,0,11786,0,0,0,-14469,-11212,0,0,15434,13085,0,0,0,-14401,0,-11914,0,17665,13516,0,0,0,-11765,0,12589,0,0
84787851,Team1,-1,0,0,11329,0,0,-16623,-14108,0,0,0,0,0,0,0,0,0,12883,16532,0,0,13508,0,-14027,0,0,0,-14961,13095,0,-23459,-11106,0,0,0,14077,0,0,0
84787853,Team1,0,-13024,0,0,0,-14388,0,0,-13884,0,13318,0,-14371,0,0,0,0,16408,0,-11556,0,0,0,16515,0,0,0,0,-13230,12125,0,0,11504,0,13425,0,0,0,0
84787903,Team0,0,-12657,15554,-12060,0,0,0,0,-15042,0,0,0,0,0,0,0,0,-12902,-12164,0,0,0,0,12396,11321,0,11215,14612,0,0,0,0,0,0,0,0,13863,0,-12020
84787908,Team1,0,16018,14859,0,0,-16143,-14745,-13327,0,0,0,-18174,0,0,0,11180,11305,0,0,0,-12461,-12127,0,0,0,0,0,0,11566,0,0,0,0,0,0,0,0,0,13840
84309716,Team1,0,-16527,12498,0,0,-12906,-14651,0,0,0,0,0,0,12380,-15034,0,0,0,-14683,0,0,0,0,0,11672,0,12097,0,13061,0,15499,0,0,0,-13881,0,0,0,0
84249241,Team1,0,0,11889,0,15300,-10555,-12921,0,0,0,0,-18476,13673,0,0,0,0,-11234,0,0,0,0,0,0,0,0,0,14271,0,-11994,0,0,0,0,-15978,0,14696,12312,0
84846222,Team0,0,0,13833,-11727,0,0,0,0,0,0,0,0,-12955,13493,0,0,0,-11521,12521,-11593,9983,0,10846,0,12534,0,0,0,0,-12357,0,0,0,0,-13561,0,0,0,0
84846248,Team0,0,0,0,0,0,0,-13942,0,0,12537,0,-13011,0,12419,0,0,0,-12672,0,13134,13607,-14875,0,18815,0,0,0,0,0,0,0,0,0,-15979,15342,0,-11973,0,0
84846250,Team0,0,0,12185,-13304,0,-11261,-11902,0,0,11425,-10834,0,0,0,-13298,12531,0,12676,0,0,11399,0,0,0,0,0,0,0,0,-11070,0,11272,0,0,0,0,0,0,0
84846271,Team0,0,0,-10855,-10996,0,0,0,0,-13019,0,0,-11482,-10600,0,0,15612,14370,0,14374,0,0,14658,0,0,0,0,0,0,14144,18382,0,0,0,0,-13509,0,0,0,0
84846274,Team1,0,-21084,-15776,0,0,0,12150,0,12966,10717,0,-15845,0,-16715,-15759,0,0,0,0,0,11360,0,0,0,14735,0,0,0,12904,0,0,0,0,0,0,0,-12391,0,0
84846278,Team1,0,0,-12386,0,0,0,14592,0,0,-16430,0,0,0,0,15577,0,15060,0,0,0,-11886,0,0,13966,0,0,-15378,0,0,0,0,0,0,12216,-12561,0,13082,-15812,0
84846279,Team1,0,-15273,10224,0,0,0,0,0,0,0,0,10283,0,0,0,0,0,-11626,0,-11252,11351,-12414,0,0,0,0,0,0,0,15813,0,9875,0,11640,-16544,0,-13484,0,0
84846284,Team0,0,0,13316,0,0,0,0,0,0,0,0,0,0,0,11432,-13317,0,0,-13754,13234,-13120,-11018,0,0,0,0,0,0,-11370,-13733,18177,0,0,0,12051,0,11889,0,0
84846317,Team1,0,0,17452,0,0,0,0,11985,0,-11708,0,0,0,-12159,0,-11295,0,-14650,0,0,13021,0,0,0,0,-14348,0,0,-12096,13692,11992,0,0,0,0,0,11536,0,0
84846432,Team0,0,-10665,-10477,0,0,0,0,-16988,0,0,13010,0,0,-10500,0,-9825,0,0,0,0,0,0,0,12041,0,0,0,0,12697,0,13148,0,10797,-13763,0,0,0,0,10611
84905295,Team0,0,14018,0,15412,0,0,-16195,12587,11987,0,-9367,0,0,0,0,0,0,0,0,0,0,10989,0,0,-10013,0,0,0,0,14605,0,0,0,0,-11824,0,0,-12893,-8554
84905307,Team0,0,0,0,0,-13288,18274,12042,0,0,-13945,11232,0,0,-16568,0,0,0,0,0,0,13402,0,0,-13049,0,0,0,13231,0,-17292,0,0,0,0,-13418,0,14959,0,0
84905344,Team0,0,0,17637,0,0,0,-14418,0,0,11536,0,13652,0,-11035,0,0,11474,0,0,-11689,12046,0,-12795,0,0,13014,0,-12041,0,0,0,0,0,0,0,0,0,-11642,0
84905369,Team0,0,0,0,0,0,0,15806,0,0,0,13622,0,13027,-16836,0,0,0,-11944,0,17384,14138,-13614,0,-15680,0,0,0,0,0,-15216,0,0,-12852,0,14003,0,0,0,0
84905397,Team1,0,0,0,0,0,0,0,13385,14379,0,0,12589,0,14042,0,0,0,0,-13305,0,-13697,-12742,0,0,0,12665,0,12810,-13438,0,0,0,0,0,-12630,0,0,-13878,0
84905407,Team1,0,0,0,14385,-11749,0,0,-13979,0,0,0,0,0,0,0,11482,0,0,0,14511,12118,-12339,0,0,0,0,0,0,-13355,0,0,9420,0,14175,-16191,0,0,0,-12550
84905439,Team0,0,0,0,0,0,0,-14146,12642,11808,0,13402,0,0,0,13049,-11168,0,-12591,-10995,0,0,0,0,0,0,0,-8910,0,13589,0,0,0,0,-9495,16331,0,0,0,0
84905442,Team1,0,14066,-13170,0,0,0,0,0,-15303,0,0,15104,0,13380,0,0,0,0,-12236,0,-13598,12210,0,0,0,10181,0,0,0,0,-16436,0,14095,0,-15114,0,0,0,0
84905510,Team1,0,0,0,0,0,0,-15072,0,0,0,-12174,-15166,0,0,0,0,-12976,0,0,0,-14903,-13031,0,0,0,0,14051,0,13409,0,0,13767,0,13388,0,0,0,12673,13274
84905521,Team0,0,0,-18672,14094,0,0,0,0,-12281,11807,0,0,0,-15331,0,0,0,0,0,0,-13577,11649,0,0,0,-14815,0,0,0,0,13221,0,0,0,11191,0,-16377,0,10737
84034402,Team1,0,-16223,0,0,-9699,0,0,0,0,0,0,0,0,0,0,0,0,0,0,0,0,0,0,0,0,0,0,0,0,-15980,0,-11653,0,0,0,-13225,0,0,0
84034407,Team0,0,10789,0,0,0,0,-13160,0,0,0,-12362,-13631,0,-13919,13154,0,0,0,13030,0,0,0,12820,0,0,0,0,11879,0,0,15926,0,0,0,0,-12156,0,-15889,0
84034416,Team1,0,0,0,0,0,15841,0,0,0,0,0,17094,0,0,-12037,12098,0,12520,11849,0,0,-15377,0,-15435,-16736,0,0,16776,0,-15721,0,0,0,0,0,-15680,0,0,0
84034453,Team0,0,0,12179,0,-11496,0,0,0,0,0,0,0,0,12178,0,-13195,0,0,11443,0,0,-9662,-9996,12940,0,0,0,-11319,0,0,14855,0,0,-17427,0,16256,0,0,0
84034576,Team0,0,-10531,14014,-12562,0,0,0,0,-11844,10924,0,15050,0,11882,0,0,-10603,0,0,-14140,0,11479,0,0,0,0,0,0,-12148,0,12710,0,0,0,0,0,0,0,0
84034607,Team0,0,0,13018,0,0,0,-12834,0,0,13206,0,0,0,0,0,18614,0,-12336,0,0,-10437,0,0,0,11931,0,0,0,11747,0,0,-12992,0,11360,-11711,-11377,0,0,0
84034631,Team1,0,11113,0,0,0,-11565,-11231,0,14315,-11400,0,-11175,0,0,0,0,0,16043,0,0,0,-11271,0,0,0,0,0,12719,0,0,17977,0,0,0,0,0,10887,-13001,0
84034632,Team0,0,0,13304,-14467,0,12088,0,0,0,0,-13627,15971,0,0,14116,-14354,0,-14168,12870,0,0,0,0,0,0,0,0,-13166,0,0,0,0,0,-13566,0,12193,0,0,0
84532352,Team1,0,-12766,-13725,0,0,0,13343,9911,0,0,-14570,11352,0,-12260,-16435,0,0,0,0,10203,0,0,0,0,0,0,0,0,0,0,0,11693,0,0,0,14530,0,0,-15247
84532500,Team1,0,0,0,0,0,0,0,0,0,-13837,0,13151,0,-13180,0,0,0,0,0,0,-12513,10360,0,-22053,-14863,0,0,10885,0,-17540,0,0,0,0,12338,0,11724,0,11120
84532524,Team0,0,0,11460,0,0,0,0,0,0,-12125,-12613,0,0,9385,0,0,0,0,0,-11877,16176,-11201,0,0,-12294,0,-14205,0,0,0,0,11971,0,0,0,0,10232,0,12256
84532586,Team1,0,0,-13519,0,0,0,0,-14462,-13134,0,0,0,0,0,0,12997,0,13017,-15154,15456,-10171,12321,0,0,14204,0,0,0,0,0,0,0,0,-12071,0,0,12021,0,0
84532592,Team1,0,0,-13212,0,14141,-11944,0,0,-11598,0,11917,13301,0,-12459,0,0,0,0,-12911,15403,0,0,0,0,11495,0,0,0,-12218,0,0,0,0,0,0,0,11862,0,0
84532652,Team0,0,0,18518,0,0,-13670,0,0,0,-13709,12094,-12391,12297,11219,-15598,0,0,0,0,15054,11964,0,0,0,0,0,0,0,0,-17409,0,0,-12154,0,0,0,0,0,0
84532706,Team1,0,0,0,-12581,-11544,0,0,0,0,0,0,10956,0,0,0,0,-15376,10991,0,0,0,-13763,0,13956,0,0,0,0,-12606,0,0,10823,11149,0,-11941,0,0,0,15893
84532757,Team1,0,0,-13402,11622,0,0,12014,0,-13294,0,0,0,0,0,0,0,0,0,0,-13789,-12100,0,-13559,0,0,11592,0,10947,-12084,0,0,0,11669,0,0,0,12537,0,0
84183327,Team0,0,10549,0,0,-11229,13158,0,-12411,0,0,0,17258,0,0,0,0,-10465,12110,0,0,0,12870,0,0,0,0,0,-11278,0,0,0,14075,0,0,0,0,-12661,0,-13460
84183422,Team0,0,0,0,0,0,0,0,0,0,0,0,-12204,0,0,0,0,-10426,11149,0,0,0,0,17348,-11684,-13077,0,0,0,11071,13473,-14013,0,11195,0,0,13878,-12752,0,0
84183424,Team1,0,0,13949,-13324,0,0,0,0,9915,11112,0,0,0,-10413,10277,0,0,0,0,0,10422,0,-14505,0,0,0,0,0,13563,-13422,0,0,0,0,0,-11356,0,-12695,0
84183461,Team0,0,0,-13050,0,14751,17739,0,-11903,0,0,0,0,0,0,0,-12436,0,0,0,0,-14241,0,0,0,0,0,0,15173,0,0,0,0,0,-14104,16419,14281,15821,0,-14514
84183499,Team0,0,0,12040,0,0,11744,0,0,0,0,0,0,14034,0,0,0,0,0,0,0,-10662,12153,-10067,0,0,13670,0,-16317,0,-13143,13700,0,0,-12875,0,0,-10204,0,0
84183549,Team1,0,0,0,0,0,-13193,13395,-12041,0,14126,0,12550,0,-11123,0,0,0,12598,0,0,13251,0,0,0,-14508,0,11768,-13692,-12685,0,0,0,0,0,0,0,0,0,0
84183550,Team1,0,15306,0,0,0,0,0,0,0,0,0,0,0,0,0,14134,0,-12870,0,-17552,0,-12541,0,0,-11580,0,-10745,0,0,0,0,11059,0,12583,0,0,-13410,11326,11337
84564095,Team0,0,-12893,0,0,0,0,-14898,0,0,-12080,0,0,-10037,13815,0,12000,0,0,0,0,-11948,0,0,0,-13547,0,0,17999,12807,0,0,0,0,14965,0,0,0,12722,0
84564096,Team0,0,0,0,0,0,17019,-11506,14923,0,0,0,0,0,0,17193,0,0,0,0,17699,-9895,0,-12315,0,0,0,0,16992,0,-13076,-13888,0,-10716,0,17061,0,0,0,0
84564119,Team1,0,0,-13780,0,0,-12783,0,0,0,11466,0,0,0,13220,11173,11019,0,0,0,16816,0,0,0,-14769,0,0,0,0,12176,0,-13111,0,0,0,-12782,0,-14123,0,0
84564199,Team0,0,-12088,0,0,0,0,9896,0,12685,-11488,0,-14901,0,-11902,0,12569,0,9976,0,0,0,0,0,0,0,0,0,15518,0,0,-14133,10045,0,0,-14401,0,0,0,0
84564216,Team0,0,0,13449,0,-14457,0,0,0,0,0,0,0,-12121,14048,0,0,0,0,17558,-18600,15440,15462,-11427,0,0,0,0,0,0,0,0,0,0,0,-12754,0,15349,0,-10804
84564319,Team0,0,0,0,0,0,0,14057,-16172,0,0,0,-11941,0,11485,13934,-11747,-16092,0,0,0,-11434,0,0,0,11369,0,0,0,0,-14807,16084,0,0,0,0,0,10440,0,0
84564418,Team1,0,16873,0,0,0,0,0,0,0,-13871,0,-18651,0,-13745,-17424,0,11180,-16231,0,0,0,0,0,0,0,0,12878,0,12485,13872,0,0,0,12539,0,0,-13302,0,0
84564492,Team1,0,13686,0,0,0,0,0,0,-11324,0,0,0,0,0,-12569,0,0,0,0,-11323,9787,-13992,-12410,0,0,-10132,10696,0,0,0,11394,0,0,0,0,17258,9942,0,0
84001308,Team0,0,-12033,0,0,0,0,0,10998,0,-11045,-13093,-12272,0,10810,0,0,16984,0,0,0,0,0,0,0,0,0,0,0,0,0,12425,0,0,0,0,0,0,0,0
84001334,Team1,0,13239,-13948,0,0,0,-15769,-14432,0,0,0,0,13324,0,-17340,0,-11469,16398,0,13082,0,0,0,15506,0,0,0,0,0,-15678,0,0,0,0,12960,0,0,0,0
84001351,Team0,0,0,14547,0,13729,0,0,-10941,0,0,0,-12702,13895,0,-10315,0,-14095,0,-10880,0,0,0,0,0,0,0,0,0,0,-10273,13661,12975,0,0,0,13042,0,0,0
84001375,Team0,0,0,12746,-12895,0,-10425,0,12410,0,0,-12100,0,0,0,0,0,0,0,0,13049,0,-9589,0,0,-12093,0,12551,0,0,-11988,14262,0,0,0,0,12736,0,0,0
84001410,Team0,0,14172,-18592,0,0,0,14355,0,0,8867,0,0,11892,0,10097,0,0,-18159,0,0,0,-15433,0,0,-14818,0,0,0,0,0,18257,-15172,0,0,0,0,0,0,-14298
84001463,Team0,0,-12707,13886,0,0,0,0,0,0,0,0,10094,0,-9648,0,15393,0,0,17858,0,0,-13607,-11238,0,0,0,11284,0,-12145,0,0,0,0,0,0,0,0,13464,-14503
84001494,Team1,0,0,0,12368,0,0,0,0,0,0,0,-12189,0,11200,0,0,-11721,0,-11049,14518,0,0,11704,0,13191,0,0,0,11956,-12801,0,0,0,0,-11630,0,0,-10866,0
84001495,Team1,0,0,0,-12775,0,0,0,0,0,0,0,0,0,0,0,-11848,-16204,0,0,11430,0,-12220,9838,0,0,0,0,0,12193,-10822,-13459,0,10815,0,0,0,0,11797,12407
84001531,Team1,0,0,12501,0,-13675,0,0,12853,0,0,0,0,0,0,0,0,0,0,-15687,0,15220,0,10366,0,0,0,0,0,-17004,0,18843,0,0,0,8947,-14207,0,0,-13544
84339109,Team1,0,0,-13153,0,0,-16525,0,0,0,0,0,0,0,0,0,0,0,0,0,-14654,10898,0,0,0,10843,0,0,14194,0,0,0,0,0,0,11859,0,0,0,0
84339164,Team1,0,-13547,0,0,0,0,0,0,13980,0,10512,0,0,-14814,11148,12015,0,0,0,11908,10800,0,0,-15106,0,0,0,0,0,0,0,0,0,0,-17855,0,0,-14845,-13731
84339185,Team1,0,0,-12914,-15753,0,0,0,0,12843,0,0,0,0,0,0,-14201,0,15418,0,11989,0,12184,0,0,13342,0,0,0,0,0,0,0,-9832,0,-12484,0,11329,-11490,0
84339207,Team0,0,0,-13512,0,0,-14279,0,0,0,0,0,14079,0,-14019,0,13928,14844,0,0,15720,0,12532,0,0,0,0,0,0,-12497,-13451,12534,0,0,0,-14254,0,0,0,0
84339226,Team1,0,0,0,12659,0,0,0,0,14411,0,0,-12745,-12451,12798,0,0,0,0,-10931,0,0,13235,0,0,-14457,0,0,-13890,0,0,0,0,0,13150,-12214,0,0,15249,0
84339228,Team0,0,16569,0,0,0,0,0,13828,0,-12382,0,0,-13809,14257,-13894,0,0,0,0,11706,0,0,0,0,14209,0,0,0,-14449,0,0,0,0,0,13661,0,0,-17817,-13578
84339229,Team1,0,0,0,12903,0,13071,14285,0,-12373,0,0,0,0,0,0,-11291,0,0,11646,0,-11320,12924,0,0,-14686,0,0,0,-13881,0,0,0,0,-17411,0,0,14427,0,0
84339326,Team1,0,0,-12686,0,0,0,15058,-12187,-13722,0,0,-14971,0,0,15993,0,-12644,14025,0,0,0,11956,12413,0,0,0,0,0,0,0,-12337,0,0,0,16753,0,0,0,0
84875591,Team1,0,-11941,-18196,0,0,-15587,0,0,0,0,0,13992,0,0,-14443,0,0,11681,12445,0,0,-14749,0,0,0,0,12939,0,0,0,0,0,0,11872,14505,0,-12156,0,0
84875774,Team1,0,0,-14475,0,0,0,0,0,0,-11170,0,0,0,0,0,0,-10020,0,0,16113,12293,14320,13896,0,15492,0,0,0,-11515,-10512,0,0,0,0,-11739,0,13727,0,0
84876269,Team1,0,0,0,0,0,-13228,-13258,0,0,0,0,-13154,0,13433,0,0,0,10800,0,12321,0,0,0,0,0,11431,0,0,-14610,0,-16272,0,-15132,0,14752,0,12021,0,0
84876328,Team1,0,0,-22602,0,0,-12807,14960,0,0,13836,-11468,-17331,0,0,0,0,0,0,0,0,13900,-12815,0,0,0,0,0,0,14701,0,0,0,12299,0,0,-15842,0,10758,0
84876492,Team0,0,0,0,0,0,0,0,0,-13362,0,0,0,0,0,0,0,0,0,0,17914,15766,0,0,0,0,0,0,0,0,0,-12962,0,0,0,0,0,0,0,13625
84154311,Team0,0,0,0,0,12229,16198,-18380,0,-11717,0,0,0,0,0,13771,-12048,-11382,-15835,0,0,0,13792,0,0,0,0,0,16847,0,0,0,0,0,0,-11541,0,13407,0,0
84154344,Team0,0,0,0,0,0,14667,0,0,0,0,0,-13193,18960,0,0,13639,-11271,0,0,0,13113,0,13236,0,0,0,0,-11893,0,0,0,0,0,0,-16695,13674,-12002,0,-12312
84154359,Team0,0,-9629,13894,0,0,13473,0,0,-10157,0,0,0,0,0,0,0,0,-9915,0,0,0,11859,0,0,0,0,0,14416,0,-14435,14376,0,-11327,0,0,0,13629,-12484,0
84154360,Team1,0,0,0,-12615,0,0,12572,12860,-12629,-13619,0,12922,0,0,0,0,0,-15495,0,0,12542,0,15742,0,0,0,0,-13576,0,0,0,0,0,-12772,0,0,11707,0,0
84154372,Team0,0,0,0,0,0,15529,0,0,0,0,0,15241,13503,-12958,0,0,0,0,13779,0,10380,-10309,-10702,0,13148,0,0,-12691,-15518,0,-14807,0,0,0,0,0,0,0,0
84154377,Team1,0,0,-14210,0,0,0,14224,-16250,0,0,0,9944,0,12961,0,0,15038,0,0,0,-15128,-14730,0,0,0,0,0,0,-14105,0,11812,0,0,-13792,0,0,12001,0,0
84154383,Team0,0,0,0,0,0,-15270,-15490,9704,0,0,0,-14130,0,0,0,0,0,0,-11312,0,0,0,-11594,10222,0,0,0,0,16854,0,0,0,0,10376,0,14276,0,-14476,11149
84154487,Team0,0,-12458,-15217,0,0,12212,15079,0,0,0,0,11443,0,0,0,-12130,0,0,0,0,-11950,0,-13552,0,19419,0,0,0,0,0,11915,0,0,-13273,0,0,11945,0,0
84154507,Team0,0,0,0,-12949,14801,0,-13092,0,0,0,0,14083,0,-11414,0,0,0,10578,0,16039,-12796,0,0,0,0,0,0,0,0,0,-14707,0,11520,0,-12562,0,11712,0,0
84154514,Team0,0,0,17280,0,0,0,-13738,0,0,14300,0,12975,0,12676,0,11579,0,-11743,0,0,-12069,0,-12703,0,0,0,-12212,0,0,0,0,0,0,0,-11299,0,0,12423,0
84594164,Team0,0,0,-13352,0,0,0,0,0,12789,12507,0,-13393,0,14516,0,15175,-10925,-11255,0,0,15190,0,0,0,0,0,0,0,0,20479,0,-10983,0,0,-11105,0,0,0,0
84594199,Team1,0,-13827,0,0,0,-12855,0,0,-12800,0,0,0,0,0,0,0,0,10838,0,0,0,-10949,0,0,10569,-12812,9750,11206,-15008,0,14602,10816,0,0,0,0,0,0,0
84594230,Team1,0,0,0,0,0,0,0,-11118,11638,0,0,-16678,0,0,-15921,0,0,0,-15745,16604,0,-10063,0,-14580,0,12696,0,0,0,0,10573,12779,0,0,13149,0,0,0,0
84594277,Team0,0,0,13166,0,0,-12621,0,0,13156,0,0,-15993,0,0,0,0,0,15125,15041,0,-14016,0,0,0,0,0,15268,-12835,0,0,0,-13123,0,0,0,0,0,-14349,12093
84594280,Team0,0,14591,0,0,-13136,0,0,0,11663,0,0,-14596,0,0,0,0,-15073,0,13693,0,11631,13923,0,0,0,0,0,0,-12742,0,0,-14918,0,0,0,0,0,11994,-13152
84594366,Team0,0,0,0,0,14988,-10546,0,0,0,0,0,0,0,-14560,0,-16053,0,0,12955,0,16407,-11602,0,0,0,0,0,16846,-11637,0,0,0,0,13071,0,0,14546,-15627,0
84594379,Team1,0,0,11171,0,0,0,0,11631,0,0,0,14316,0,13111,0,-14047,0,-13901,-14903,0,-14806,0,0,0,0,-11771,0,0,0,0,10720,0,0,0,-15670,0,0,0,11641
84594429,Team1,0,13369,0,-12992,0,-12150,0,-10638,0,0,0,0,0,0,0,-12282,0,0,0,0,0,15580,0,17398,0,0,0,0,0,17003,-16295,0,0,13694,-10817,0,13835,0,0
84594433,Team0,0,0,0,-12677,0,-13793,0,0,0,0,10195,0,0,0,-12669,0,0,0,-12505,0,19293,0,0,0,0,14838,0,0,0,0,0,0,0,0,11897,-12671,15088,11003,-14827
84594437,Team0,0,0,12956,0,0,0,0,0,0,0,0,0,0,0,0,0,0,-14822,12477,0,13968,-9681,-12920,-12440,0,0,0,0,-11814,-11829,0,0,0,15027,13004,0,13395,0,0
84368219,Team1,0,-15561,13362,-14131,0,11260,0,0,13270,0,0,0,0,-15130,0,0,0,0,0,0,13042,-13371,0,15337,0,0,0,0,13525,0,0,0,0,-13267,-16492,0,0,0,0
84368233,Team0,0,0,-15478,12840,0,12403,0,0,-12501,0,0,0,12188,0,0,0,0,0,0,14434,12764,-11260,0,0,0,0,0,0,-12843,-17247,0,12146,0,-11575,0,0,0,0,0
84368317,Team0,0,0,0,11414,0,0,16133,0,0,0,0,0,-13568,0,0,0,0,0,0,0,13276,0,-9219,0,0,-16674,0,12085,0,0,-13101,0,-11103,0,12410,-9551,13511,0,0
84368370,Team1,0,0,0,0,12341,-18542,0,-13875,0,0,0,9365,0,-13390,0,0,0,0,0,0,9015,-13849,0,13924,0,0,0,0,0,-13390,0,9079,0,8343,0,0,0,-10899,0
84124318,Team0,0,0,0,0,0,11575,-14284,0,11556,0,0,0,0,0,15265,-11573,0,0,12299,0,0,0,0,0,12912,0,0,0,13908,-13430,-12000,-11841,0,0,0,0,0,-13714,0
84124444,Team0,0,14563,0,0,0,0,0,0,-12182,0,0,0,-12416,0,0,0,0,0,0,-12440,13506,0,-12605,0,-14344,0,0,0,0,15458,0,0,0,0,11614,12668,14636,-11339,0
84124483,Team0,0,0,0,14714,12504,0,0,0,0,0,0,0,0,-12403,13517,0,0,0,0,0,0,0,0,0,-12402,10746,0,0,0,-13398,0,13552,0,0,12194,0,-12103,-13319,-13192
84124498,Team0,0,0,-13843,12059,0,0,0,0,0,0,0,0,12915,0,0,0,0,-9271,0,0,-13226,11872,-13301,0,12770,0,-10560,0,0,0,0,0,0,13507,-10323,0,0,11102,0
84124518,Team0,0,0,-12664,0,0,0,0,0,-10536,0,0,12398,14878,0,0,12935,0,0,14218,9949,-13185,0,-11813,0,0,-14429,0,0,13210,0,0,0,0,0,0,0,0,-13332,0
84124519,Team0,0,13127,-11865,0,0,0,0,13128,0,0,0,0,0,14990,0,0,0,-11862,0,0,0,0,0,14817,-10700,0,0,0,0,0,15838,0,-10170,-12373,14323,0,-12381,0,0
84124536,Team1,0,0,0,0,-14397,0,16544,0,-12975,0,0,10518,0,0,10699,0,13689,0,0,-18290,-12104,11698,12917,0,0,0,0,0,0,0,0,0,0,0,-11904,0,-11760,0,0
84124538,Team0,0,0,0,-12644,0,0,0,0,0,13176,-12083,0,0,0,-12083,0,0,0,0,0,13603,0,0,0,0,-13433,11486,0,0,17655,0,0,0,-13607,18907,0,0,14014,-13982
84095720,Team0,0,0,17599,0,11103,-14593,-15138,0,0,11797,0,-17386,10355,0,0,0,0,0,0,-10490,-13857,0,0,12724,0,0,0,0,0,0,0,0,0,13939,0,0,-12190,0,0
84095771,Team1,0,0,15261,15220,0,0,0,0,-10511,0,0,0,0,0,0,0,0,0,-9584,-13567,0,12601,0,13510,0,0,0,13698,-16233,0,-9917,0,0,0,-13207,0,13017,0,0
84095774,Team1,0,-12072,0,0,0,0,-14076,0,0,0,10929,0,0,-11670,0,-12282,0,12355,-11767,0,0,0,0,-14925,0,9466,0,0,0,12940,0,0,11906,0,13236,0,0,0,0
84095780,Team0,0,15221,0,0,0,-13643,0,0,0,0,0,-13942,13443,0,0,0,-11214,14567,0,0,-12983,13209,0,0,0,0,0,-10300,0,0,0,-11114,0,0,15487,0,0,13150,0
84095845,Team0,0,-13337,12745,0,0,14780,-11050,0,0,0,0,0,0,-10146,0,0,0,0,0,0,11404,15417,-11234,0,0,0,-12442,0,12772,0,-12731,11389,0,0,0,0,0,0,0
84095852,Team0,0,0,-15240,0,0,-11926,0,0,14431,0,0,0,0,-12067,0,12572,0,11333,0,0,15876,0,12656,0,-13310,20357,0,0,0,0,0,0,0,0,-16666,-17526,0,0,0
84095916,Team1,0,0,14789,0,0,-14805,-17089,0,0,0,0,0,0,0,15405,0,0,-13521,13329,0,13658,0,0,15753,0,0,0,0,-12869,0,0,0,-13471,15524,-13480,0,0,0,0
84095944,Team0,0,0,16517,0,0,13457,-14863,0,14108,0,0,0,0,0,0,0,0,0,-14710,0,-14179,0,0,-14182,0,0,0,0,-11679,0,0,0,0,-10866,14400,0,0,14076,13656
84095951,Team1,0,0,13405,0,0,-14579,0,13330,0,-13465,0,0,0,-14217,0,-12122,0,0,0,0,0,0,12745,0,0,0,0,11818,-14768,0,0,0,0,12403,-11891,0,0,14311,0
84095979,Team0,0,12981,-17608,0,0,0,0,0,-11062,-11782,0,0,0,-11598,12339,0,0,0,0,0,-14950,0,0,0,0,0,0,0,0,12724,0,11409,0,16227,15880,0,0,-13492,0
84095981,Team1,0,0,0,0,14789,-13030,0,0,-12662,11043,0,-14427,0,11362,10422,0,0,0,0,0,-13103,0,0,0,0,0,0,13337,0,0,0,0,0,0,-12436,0,0,-17775,12037
84096007,Team0,0,0,-13496,0,0,0,0,0,0,0,0,16815,0,0,0,0,0,0,0,0,0,0,0,0,0,0,0,0,0,0,0,13983,0,0,0,-13430,0,0,0
84065268,Team0,0,-10015,0,0,-10155,17830,0,0,15389,0,0,0,0,0,0,0,0,-11427,0,0,0,-13451,0,0,0,0,0,15071,0,15939,0,0,-11832,0,17277,0,-9974,15500,0
84065409,Team0,0,-11243,-15276,0,0,0,0,0,14409,0,0,14358,0,0,0,0,0,0,0,0,14912,0,0,16147,14720,0,0,0,0,0,-12927,12765,0,-12048,-12496,0,-12661,0,0
84065428,Team1,0,0,-11979,13128,0,0,0,0,-12493,0,0,18110,0,0,0,0,13318,-11929,-11929,0,0,-13877,0,0,-13662,0,0,0,11417,11650,0,0,0,0,0,11659,0,0,0
84065443,Team1,0,0,0,0,16272,0,-12886,-12068,0,0,0,-13171,0,0,12037,-12023,-12808,-12602,0,0,0,0,0,0,0,0,0,11652,0,0,0,11291,0,0,0,0,0,14893,12669
84065509,Team0,0,-14637,0,0,0,-10311,16772,0,0,0,0,0,0,0,-13139,-14415,0,13128,0,0,0,0,0,0,0,0,0,-12299,-15059,0,15873,13129,12695,0,0,0,0,0,12827
84065526,Team1,0,0,-15754,0,0,0,0,0,12205,0,0,0,0,14972,0,0,0,-13079,14983,0,12675,13231,0,0,0,0,0,0,-13346,14846,0,-12966,-14342,-13134,0,0,0,0,0
84065529,Team1,0,-11257,0,0,-14662,14251,16479,0,0,0,0,-9995,0,0,0,0,-12074,0,-15104,0,14414,12726,0,0,0,14533,-11964,0,0,0,0,0,0,0,0,0,15312,0,0
84971722,Team0,0,0,0,15213,0,0,0,0,0,-15899,0,-16492,-12268,0,0,13767,14494,-10862,-12843,0,0,10496,0,14815,0,0,0,0,0,0,13440,0,0,0,0,0,0,0,-12290
84971752,Team1,0,0,12523,0,0,0,0,-11164,0,0,0,13032,0,0,14737,-12098,0,10925,0,0,0,0,0,0,0,0,0,0,0,-14519,0,12046,11862,-10954,-13635,0,0,-12132,0
84971790,Team1,0,0,0,0,0,17116,0,-11548,0,0,0,0,0,12661,0,11469,0,0,-11418,11532,0,-10786,0,0,0,14340,0,0,0,-18090,-10786,0,0,0,-14073,0,13147,0,0
84971832,Team1,0,0,-12168,0,0,0,12845,0,-10863,0,9778,0,0,12302,0,0,0,10812,0,0,-10575,0,0,0,-17343,0,9936,0,0,15003,-14401,-12524,0,0,0,0,0,0,0
84971849,Team0,0,0,0,0,0,0,15094,10766,0,0,0,-13435,14451,11403,0,0,-14168,11802,0,0,-12230,0,0,0,0,13035,0,0,0,0,0,0,0,0,-14452,0,-12330,-12842,0
84971870,Team1,0,0,13743,14986,0,0,13721,0,0,0,0,0,-13875,0,0,0,0,-14940,0,0,10798,0,10205,0,0,0,0,-13227,0,-13687,0,0,0,-15048,0,0,-13908,11859,0
84971892,Team1,0,0,0,13600,11085,-15109,-15538,0,13850,0,0,-11726,0,0,0,0,8892,0,-12946,0,-14128,-13359,0,0,13133,0,0,0,0,0,0,0,0,0,0,0,14879,0,0
84938492,Team0,0,0,-12488,0,0,0,17346,-15599,0,0,0,0,0,11307,0,0,-14801,0,0,-15090,12463,14264,11539,0,0,0,0,0,-13916,14240,0,0,0,0,-15772,0,0,0,0
84938762,Team0,0,0,0,0,0,0,0,0,15449,13635,0,14857,0,0,0,0,0,-15086,0,0,0,0,-13868,-14974,0,17192,0,0,-14416,-15739,0,0,0,14134,-13836,0,0,0,15263
84938780,Team0,0,0,12652,0,11499,11799,0,0,0,0,0,-16060,0,11542,0,0,-11821,0,-11802,0,-13524,0,0,14711,0,0,0,0,-12391,0,0,0,0,0,-14170,0,10750,0,0
84625313,Team0,0,12334,0,0,0,0,0,0,0,0,0,14929,-11214,0,0,11493,10100,0,12696,0,12288,-13468,0,-13060,0,0,0,0,-11331,0,-11655,0,0,0,0,0,0,-18390,0
84625387,Team0,0,15359,-12887,14143,0,-11621,0,14110,-12481,0,0,0,21146,0,0,0,17221,0,0,18914,-13355,0,0,0,0,0,0,0,0,-12743,0,0,0,0,0,0,-13080,0,0
84625452,Team0,0,0,-16214,0,0,-11218,-11216,-12360,0,-12659,0,15219,0,0,0,0,0,0,0,0,-10647,0,0,0,0,0,12451,0,0,0,14352,12280,0,12502,0,0,13172,0,0
84625599,Team0,0,0,0,0,0,-13268,16032,13841,0,0,0,0,0,0,0,0,0,0,0,0,11518,-14464,0,0,0,0,0,0,-12356,-13022,0,-11908,0,13538,0,-13324,9158,0,12937
84625710,Team0,0,0,0,0,-11936,15611,14085,0,0,15705,-11677,0,14718,0,0,0,0,0,0,0,15134,-11925,-12442,0,0,0,0,-13353,0,0,0,0,0,0,0,0,15503,0,-13363
84625711,Team1,0,-16809,13435,0,0,0,0,0,0,11712,0,11371,9137,-13827,-13941,0,0,0,0,-15036,9204,0,0,0,0,0,0,0,0,-15799,0,0,0,0,9213,0,-13826,0,0
84625724,Team0,0,0,0,0,0,-12405,0,11051,10421,-11653,0,-10155,0,-11864,0,15584,0,11499,0,15534,0,14332,0,0,0,0,0,-13637,0,-14891,0,0,0,0,0,0,0,0,0
84625727,Team0,0,-14808,17200,0,0,10024,0,0,-12473,0,0,0,0,-13090,0,0,-13783,0,0,0,0,13548,0,0,13830,0,0,-14794,-13331,13810,0,0,0,0,0,0,14511,0,0
84625790,Team1,0,0,0,0,0,0,0,0,0,0,-12995,14920,0,10903,0,0,0,10616,12199,0,-14299,0,0,0,0,0,0,0,0,-16647,0,0,-13691,11991,-15636,0,15013,-13483,0
84625828,Team0,0,17846,0,13650,0,14755,0,0,0,0,0,14584,13867,0,0,0,14182,0,0,0,-14208,0,-14139,0,0,-12806,-11539,0,-11584,0,-11385,0,0,0,0,0,0,0,0
84625856,Team0,0,0,15725,0,0,0,0,0,14223,0,0,15547,-13386,0,0,0,0,-15158,0,-14112,13980,-13578,11847,-15015,0,0,0,0,-12430,0,0,0,0,14576,0,0,0,0,0
84625863,Team1,0,11726,-11226,0,0,11669,0,-11196,0,0,0,-16934,0,15563,0,10796,0,-12553,0,0,0,-12794,0,0,0,0,0,0,0,13376,0,0,0,-15258,0,0,10076,0,0
84688960,Team1,0,0,-14418,0,15295,0,-13360,0,-13899,0,0,0,0,12418,0,0,0,0,0,16589,0,-13817,12616,10004,0,0,0,12380,-10484,0,0,0,0,0,0,0,-11112,0,0
84688974,Team1,0,0,0,0,0,0,0,-14203,0,0,0,0,0,-13264,0,0,12835,0,0,-12954,-12723,-13075,0,13276,11921,17760,0,0,0,0,0,0,13191,0,-12061,13254,0,0,0
84689027,Team1,0,0,-13031,14593,0,-13355,-16146,0,0,0,0,0,0,0,0,0,0,12544,0,0,-12304,0,0,13538,-14633,0,0,0,0,15075,0,13357,0,0,0,0,-16486,0,13483
84689043,Team0,0,-17235,0,0,0,13467,0,-13708,-11855,0,0,14244,0,-11873,0,0,0,-11645,0,0,0,0,12233,0,0,0,0,13647,14208,0,0,0,0,13589,-13034,0,0,0,0
84689045,Team1,1,0,19440,0,0,11407,-22717,0,0,0,0,15959,0,0,0,0,0,0,0,0,-11504,0,-12572,0,-12574,19029,0,0,0,-13274,0,11676,0,11970,-16477,0,0,0,0
84689048,Team0,0,0,16181,0,-10186,13667,0,0,0,14259,0,0,0,0,0,13662,0,13531,0,0,-8515,-9172,-12679,-9946,0,0,0,0,0,0,0,0,13885,0,-13286,0,0,0,0
84689107,Team1,0,10410,0,0,0,0,0,-13910,0,10717,0,14804,0,0,11196,-16963,0,-10853,0,0,0,0,0,0,0,0,0,-12707,0,0,12605,0,10744,-14189,-12614,0,0,0,0
84689120,Team1,0,-13486,0,0,-15018,0,0,0,-13050,0,0,0,12795,14997,0,0,0,-14938,0,0,0,0,0,0,0,11844,-15195,0,12663,15800,0,0,0,12978,-17513,0,0,0,0
84689203,Team0,0,0,-13086,0,-10356,12146,0,0,0,0,0,17801,0,0,0,0,0,0,0,0,0,-10186,0,0,0,0,0,18353,0,0,-11885,0,0,0,16583,13002,-15008,14311,-12924
84689216,Team1,-1,-14484,0,0,0,0,11622,0,0,0,0,0,0,0,0,-14034,12888,14239,15317,0,-13341,0,-13695,0,0,0,0,13376,0,-15803,0,0,0,0,14473,0,0,0,-15374
84689217,Team0,0,0,-14417,0,-14359,0,0,0,0,-12636,11455,17919,-12374,-11709,0,0,0,0,0,0,0,11864,0,0,0,12276,0,0,0,0,0,0,0,13627,0,-13688,0,0,12871
84398528,Team0,0,-14359,11439,0,0,0,0,0,0,0,0,0,11343,0,0,0,0,10861,0,0,-12097,-10728,-11857,0,12293,-11463,13229,0,-13446,0,11738,0,0,0,0,0,0,0,0
84398650,Team0,0,0,12955,0,0,-12464,0,0,-13224,0,0,10671,0,0,0,-13324,10850,9718,0,0,0,-14152,0,0,0,0,0,0,12249,-15548,0,0,0,0,0,0,10487,-14401,0
84398674,Team0,0,0,-14526,0,0,-11581,0,0,0,0,-11635,11301,10828,0,0,-12868,0,0,0,12312,-13040,0,0,0,13956,-15345,0,0,0,0,0,0,0,11448,13008,0,0,0,0
84399228,Team1,0,0,-15244,0,0,0,0,0,12581,0,0,0,0,0,-13872,0,0,13804,0,-14030,0,0,0,0,0,14529,0,0,14709,0,0,0,0,0,12700,15521,-17226,-13879,-12686
84399381,Team1,0,0,0,0,0,0,-15083,12377,0,0,0,0,0,-12438,0,11260,0,-14701,0,14269,12129,10105,-14229,0,0,-15209,0,0,0,0,0,0,0,0,-12897,0,0,0,15702
84399475,Team0,0,0,15385,0,0,0,0,0,-13240,0,0,0,0,0,14776,0,0,0,12027,-12387,-13684,-12602,0,0,0,0,0,-16165,0,11642,0,0,0,10446,10199,0,-12360,0,0
84817694,Team0,0,0,-12873,0,0,12733,0,0,0,-12147,0,-16635,0,-13366,-14446,0,0,0,0,14274,0,0,12987,0,13460,0,0,22894,0,0,0,0,0,-13750,12985,0,0,0,0
84431946,Team0,0,0,-12146,0,13167,0,0,-12604,11641,0,0,0,0,0,0,0,0,0,0,12102,-12655,0,12413,11422,0,-14371,-11309,0,13565,0,-14323,0,0,0,0,0,0,0,0
84431975,Team0,0,0,0,18420,0,-13982,0,-13690,0,0,0,-11370,-14771,0,13993,0,0,0,16266,-14213,0,0,13269,0,0,0,0,0,0,0,16529,0,0,0,12967,0,0,0,-11563
84431993,Team0,0,12068,-14369,0,0,0,0,0,0,0,0,0,13845,0,0,0,0,-14722,0,0,-12284,0,0,0,0,12531,13351,0,0,0,13175,-10451,0,0,-11741,-10991,0,11621,0
84432122,Team0,0,-14133,-13607,0,0,0,0,0,12633,0,0,12797,0,-10773,0,0,0,-13854,0,0,-14660,0,13181,0,0,0,0,0,13743,13337,0,-11837,0,13671,0,0,0,0,0
84756716,Team1,0,0,0,0,0,-13715,0,0,0,8522,0,-14533,0,11751,0,0,0,0,0,0,0,0,0,0,0,0,0,0,0,0,11752,0,12295,0,0,0,0,0,0
84756722,Team0,0,0,13137,0,0,14494,14094,0,0,0,0,-13100,0,14757,0,0,0,0,13041,-12581,0,0,-13601,-16246,13227,0,0,0,0,0,0,0,0,-15904,-13143,0,0,0,0
84756731,Team0,0,0,0,-14838,12569,14847,0,0,-13722,0,0,0,0,-13819,0,14263,0,0,0,0,0,-12748,0,-13905,0,0,0,15547,0,-15449,0,13290,0,0,0,0,0,14214,0
84756813,Team1,0,0,-17968,0,0,0,0,0,-13721,0,-13590,0,0,0,-13909,0,0,0,0,0,-17244,0,0,13781,0,0,0,12367,12187,0,0,0,14440,0,11763,0,0,11435,-15025
84756897,Team0,0,13853,0,0,0,0,0,0,0,0,0,12478,0,0,0,0,0,0,0,0,11399,12466,-12080,0,0,0,14140,0,-9711,-17801,0,14659,0,0,-14533,0,0,-13602,-16747
84756962,Team1,0,0,-12289,13951,0,0,13746,0,13526,0,0,17413,0,0,0,0,13113,0,0,0,-12050,0,0,0,0,0,0,-13424,0,0,-15259,0,0,0,16026,0,-13469,-12459,0
84724223,Team1,0,14478,0,0,0,0,9880,0,0,0,0,16882,12866,0,0,0,11885,-12880,0,0,0,0,0,0,0,0,-12797,-13053,0,-14434,0,0,0,-19058,11866,0,-13738,0,0
84724260,Team0,0,14786,-18606,0,0,0,15229,0,0,0,-13518,0,0,0,13711,-15358,14190,0,0,-12121,-7711,-11663,0,0,0,0,0,0,13716,0,0,0,0,0,14041,0,0,0,0
84724288,Team0,0,0,0,0,0,0,-13495,0,0,0,0,16756,0,17608,13929,0,0,-12053,0,0,0,0,0,0,0,0,-11963,-13396,0,0,12781,13480,0,-11780,-11739,13914,0,0,0
84724293,Team1,0,0,0,0,0,13121,14234,-13261,0,0,0,-15118,12929,0,0,0,0,0,13817,-11743,12037,0,0,-11949,0,19849,-16413,0,0,0,0,0,0,0,-11588,0,0,0,0
84724347,Team1,0,11506,0,0,0,13209,0,18096,-13706,0,0,11340,0,0,0,0,0,0,0,0,-15610,0,0,15697,0,0,0,-13481,0,0,-18044,0,0,0,0,15210,-11791,-12022,0
84724351,Team0,0,0,0,0,0,0,0,0,0,0,0,0,0,0,0,0,0,0,0,0,0,0,0,0,13925,0,0,0,0,0,0,0,0,0,14759,-11622,0,0,0
84656850,Team1,0,0,-12899,-12085,0,0,11222,-14755,-14831,0,0,-12860,0,0,12293,0,0,0,0,9623,13660,0,0,0,0,0,0,0,0,0,0,0,0,0,0,-13880,11296,13195,0
84656902,Team1,0,0,12809,0,14732,0,-18593,-11230,0,0,10964,11372,12133,-15467,0,-12323,13105,0,0,0,0,0,0,0,0,0,0,0,0,-12905,0,0,0,0,-13177,0,0,0,0
84656924,Team0,0,0,0,0,0,-12251,-13260,0,-12339,0,13799,12426,0,11245,0,0,0,0,0,0,-11368,0,0,0,0,0,0,0,-12758,11595,18069,13595,0,0,-10348,0,0,0,0
84656961,Team0,0,0,15196,0,0,0,0,0,-13204,15052,0,0,0,0,0,14619,15218,0,0,0,-12107,0,0,0,-14129,0,0,0,14323,0,-12985,-11946,0,0,-7800,0,0,0,13770
84279453,Team0,0,0,0,11812,-9801,11905,-14038,0,0,0,0,0,0,-12912,0,-9711,0,0,12448,0,0,0,0,0,14129,0,0,0,0,0,0,0,12090,-12090,0,0,-10324,12368,0
84464883,Team0,0,0,0,0,-14807,0,0,14827,0,0,-11082,0,0,0,0,0,0,0,0,0,-12405,-10673,13239,0,0,0,-14893,15048,-11240,0,15410,0,0,15739,0,0,12447,0,0
84465087,Team1,0,0,0,0,0,0,0,11269,12353,0,0,11209,0,-16049,0,-13626,0,10927,0,-16691,15080,-12046,0,-20780,0,0,0,0,0,0,-14469,0,0,0,12181,0,0,0,0
84465188,Team0,0,0,15259,-11491,0,0,0,14951,14136,0,0,0,0,0,0,0,11734,0,0,0,0,-12939,0,20131,0,0,0,0,0,0,9396,0,0,-16782,0,0,-13402,-13090,-11899
84465467,Team0,0,0,0,-10976,0,13483,16888,0,-9815,0,12353,12956,0,-13858,0,12200,0,-13839,0,0,0,0,0,0,0,0,0,0,-10737,-18142,0,0,0,0,0,0,0,15047,0
84465478,Team0,0,-11594,0,0,16345,0,15382,0,-12816,0,0,-12794,12677,13270,0,-11271,0,0,0,0,22028,0,14360,0,0,0,0,0,0,0,0,0,0,-15989,0,0,0,-13795,0
84500314,Team1,0,-17553,14784,0,0,-13150,0,0,-15775,13111,0,-14710,0,10848,0,13870,0,11876,-12995,0,-13902,10709,0,0,0,0,0,0,0,0,0,0,0,0,0,0,0,0,0
84249505,Team0,0,0,0,13485,0,0,-13894,0,-12708,0,10699,0,0,0,0,0,0,-13556,0,0,12746,10884,-10512,0,0,0,0,0,0,-14460,12679,0,0,0,13042,0,0,0,-10482
84249564,Team0,0,0,0,0,0,0,13670,0,0,0,0,0,12199,0,-10605,-10429,-10123,0,0,0,14515,12592,0,0,0,-14406,0,0,0,13483,0,0,0,0,-13986,0,0,15893,-12729
84249576,Team0,0,0,0,0,-9757,0,-13946,-10757,0,0,0,0,-12756,14590,0,0,0,0,11910,-10886,14488,0,-14073,0,0,0,0,0,0,14056,0,0,0,0,0,0,14222,0,18161
84249578,Team1,0,0,-13823,0,0,0,-12099,0,0,0,-9821,0,0,12962,0,0,0,0,0,0,0,0,0,-15190,12979,0,0,0,0,15593,19382,0,0,-13432,14144,0,15734,-11568,0
84249605,Team0,0,-10902,15011,-11007,0,-12311,0,0,0,0,0,-12632,0,-11105,13101,0,0,0,0,0,0,14708,0,0,15216,0,0,0,11656,0,0,0,0,11715,0,0,0,0,-13561
84249608,Team0,0,0,0,0,0,0,0,0,0,0,0,0,0,-14867,0,0,13147,-15372,0,-14202,12157,0,-11429,11367,0,0,10445,-16181,11876,15411,0,-14289,0,0,0,0,0,0,0
84249634,Team0,0,0,0,0,-10091,0,0,0,-13875,-12985,0,0,0,-12629,0,11822,0,0,13825,0,13497,-12569,0,0,0,0,0,0,-13685,13793,0,11108,0,13551,0,0,0,0,0
84249635,Team1,0,0,0,0,0,0,-13134,11485,0,0,-12699,9883,0,14757,-11058,0,0,0,0,0,-15073,10564,0,0,-13895,0,0,0,14289,0,0,0,0,12585,-11636,0,0,0,0
84249660,Team0,0,14559,0,14069,-13292,-11732,0,0,0,0,0,16007,0,0,0,0,11110,0,-12710,0,0,16633,0,0,0,0,0,-12395,-11005,0,0,0,0,0,-13619,13322,0,0,0
84249680,Team0,0,0,0,-17026,15218,0,13967,0,0,0,0,0,0,-14329,0,-11051,0,0,-12961,0,12917,0,0,0,0,0,0,-11817,0,-14107,0,0,0,0,12257,0,18075,14620,0
84309623,Team1,0,-13742,16027,0,0,12049,0,0,0,-11749,0,0,0,0,0,-12610,13435,0,0,0,-11904,-13789,0,15318,0,0,0,0,13989,-15929,0,0,0,0,0,0,11410,0,0
84309829,Team1,0,0,0,0,0,0,-17614,0,-12680,0,12696,11771,0,12568,0,0,0,0,0,0,-13956,0,0,0,0,0,0,16917,0,12730,0,0,12645,0,-13567,-13469,0,-13100,0
84309909,Team1,0,14469,11722,11370,-15646,0,0,0,11367,0,0,-12578,0,0,0,0,0,-13590,0,0,-14213,0,0,0,0,13400,0,0,0,0,0,-15522,-13545,0,14355,0,0,0,0
84309974,Team1,0,15134,0,0,0,0,0,0,0,-11404,0,-11955,0,11722,0,-11327,-11387,0,0,-13545,12133,11022,0,0,0,13578,0,0,0,0,0,14444,0,0,-12324,0,0,0,0
84309976,Team1,0,0,-15427,17970,0,0,0,-11225,-12583,14791,0,0,0,12382,13333,0,13310,0,-11492,0,-11536,0,0,0,0,0,0,13818,0,0,0,0,0,-14473,0,0,0,0,0
84310251,Team0,0,0,0,0,11807,12182,0,11579,0,0,0,0,0,10634,0,0,0,0,0,0,-17097,0,0,0,-11038,0,0,15066,0,-17796,0,-11370,-12323,0,0,0,12454,-13434,0
84310592,Team1,0,12435,0,0,0,0,-13465,0,0,0,0,0,0,0,0,-12196,-11769,-12934,0,0,0,-11844,0,0,0,0,0,0,10948,0,0,10783,0,14516,-16097,0,10928,11033,0
84310681,Team0,0,0,-16241,0,0,12196,0,0,-14051,0,11954,11992,0,0,0,0,13508,0,0,0,-11868,-11084,-10335,0,0,0,0,11678,0,-14107,0,0,0,0,14304,0,0,0,0
84034689,Team1,0,0,0,0,0,0,0,0,0,-12580,0,-17814,0,12233,0,9234,0,0,0,12133,0,0,0,0,-13498,0,0,0,13645,0,-18550,12770,-12531,15496,0,-13027,0,0,0
84034719,Team0,0,0,0,0,13705,-11830,0,0,0,0,13328,0,-12029,0,0,0,0,0,-12519,0,-12254,13189,0,12057,0,-11776,0,11785,0,-16752,0,0,0,11188,0,0,0,0,0
84034745,Team0,0,-12177,0,0,0,0,0,0,14084,0,0,12838,-14662,-11649,0,0,0,11807,0,20024,0,0,0,0,-12708,0,0,0,0,-12667,0,0,0,0,0,14698,17185,-12123,0
84034753,Team1,0,0,12426,0,0,10727,0,0,0,0,0,-17379,-12368,0,0,0,12767,0,-15385,0,0,0,0,0,0,0,0,10763,13791,-13577,0,0,0,-14219,0,0,11298,-16899,0
84034764,Team0,0,14547,11560,0,0,0,0,0,12919,0,0,0,0,-9679,0,13146,0,0,11837,-11866,0,0,0,0,-14647,0,0,11523,-12566,0,0,0,-12724,0,0,-12524,0,0,0
84034779,Team0,0,0,-12746,0,0,0,0,0,0,0,0,0,0,0,0,0,0,-12585,0,0,-10894,11964,15621,0,0,0,-11729,0,9046,0,0,-11389,0,0,14309,-11302,0,11618,13210
84034792,Team1,0,0,0,-13337,0,0,-13243,0,0,0,0,0,0,15251,0,-12306,0,13311,-12009,13250,0,13066,0,0,0,14885,0,0,0,0,-11408,0,0,-12462,0,0,13055,0,0
84034814,Team0,0,0,0,0,0,-9762,-16603,0,0,0,11751,0,0,-12979,0,10137,12370,0,11053,0,0,0,0,0,-12458,0,0,0,0,20303,0,0,0,0,0,13104,-13895,-11900,0
84034837,Team0,0,0,-17767,0,0,0,0,0,15157,-12726,0,12470,0,-12079,0,0,0,11968,0,14718,-12640,0,0,-13741,-11999,0,10417,0,0,0,0,0,0,0,0,13706,0,0,0
84034842,Team0,0,0,0,13524,0,0,0,0,14556,0,0,0,0,11933,0,-11662,0,0,14349,0,0,0,0,0,0,0,0,18388,-12073,14399,-13817,0,-11482,0,0,-16426,0,-12754,0
84034850,Team1,0,0,-11812,0,0,0,0,0,0,0,12876,13885,0,0,0,0,0,0,0,0,0,12519,-13359,-14007,0,0,-13279,0,-12889,0,16984,0,12960,-12604,0,0,0,14064,0
84034911,Team1,0,-13209,13896,0,11410,0,0,-12103,13845,0,0,-12713,0,0,0,0,-12105,12286,0,0,0,-12135,0,0,0,0,0,0,0,0,0,12249,0,0,0,14884,0,-13535,0
84788065,Team1,0,0,-18748,0,0,0,0,0,0,0,0,0,-14883,0,-14680,0,0,0,15991,0,10839,0,0,0,0,0,0,14920,13456,-13916,0,0,0,14009,14014,-14026,0,-13824,0
84788246,Team1,0,0,0,0,0,0,0,14326,-11485,0,0,0,0,13074,0,0,0,0,-13279,13613,13464,0,0,0,13053,0,0,0,-12600,0,0,13526,0,-11897,-16133,0,0,0,-11516
84788278,Team1,0,0,-12673,0,11005,13391,0,0,0,0,0,-11698,0,0,13692,11241,0,0,-10823,0,0,0,0,0,0,0,0,0,0,17866,0,12232,0,-9428,-13105,0,-9487,0,0
84001531,Team1,0,0,0,0,0,0,0,0,0,0,0,0,0,0,0,0,0,0,0,0,0,-14488,0,0,0,0,0,0,0,0,0,0,0,0,0,0,0,0,0
84001610,Team1,0,17586,0,0,0,-14621,0,0,0,-11615,0,-16484,-11994,0,0,10944,0,0,11513,0,0,0,0,0,0,12254,0,12519,-13560,0,14986,0,0,0,0,0,0,0,-14273
84001628,Team1,0,0,-17803,0,0,-13367,0,-11194,0,-14032,0,0,12776,0,0,0,0,0,12090,0,-16681,0,0,14365,0,0,0,-15876,12828,0,12428,0,0,0,0,0,0,14761,0
84001655,Team0,0,-13512,0,0,0,-15517,-15411,-11821,16692,0,0,12236,0,0,0,0,11758,0,11136,0,15043,-12185,0,0,0,0,0,0,-14751,0,0,0,0,0,0,17174,0,0,0
84001657,Team0,0,0,0,0,-11092,12142,0,0,-11093,0,12281,12362,0,12060,0,0,0,0,0,0,0,0,0,-12618,0,0,0,15906,12486,-14774,-11044,0,-11057,0,0,0,0,0,0
84001687,Team0,0,-14096,19989,0,17338,0,0,11267,0,0,0,0,0,-17389,0,0,0,11309,0,0,0,10928,-11377,0,0,0,0,-15621,-14774,0,0,0,0,0,16097,0,0,-13712,0
84001710,Team1,0,13259,0,0,0,0,0,-13629,0,12230,0,10658,8907,10483,0,0,-15773,10722,0,0,0,0,0,0,0,-13612,-13305,-13757,0,0,-17968,0,0,0,0,0,0,0,0
84001727,Team0,0,-11243,-16147,0,0,-12456,18532,-12292,0,0,0,0,0,13894,0,13252,0,0,16873,13106,-14787,0,0,0,0,0,-10623,0,0,0,15567,0,0,0,0,0,0,0,0
84001755,Team0,0,-12636,0,0,13771,0,-13884,0,0,0,-12316,0,0,-12146,9136,0,0,0,12169,0,-11175,0,0,0,0,0,0,0,-14778,17038,0,0,16362,0,0,17238,0,0,0
84001819,Team1,0,0,0,0,0,11698,15002,0,12059,-13097,0,0,-12732,0,0,0,0,0,0,-13122,11869,0,0,0,12484,0,0,0,-13161,-15617,0,11694,0,0,0,0,0,0,-14025
84001859,Team0,0,0,-12699,0,0,0,18018,0,-10718,0,-11010,0,0,12151,0,0,0,0,0,0,14255,0,0,0,-12532,0,0,0,13474,0,12753,12873,0,0,0,0,0,-7875,-11059
84905563,Team1,0,0,-12545,0,0,0,0,0,-13383,13937,0,15414,0,0,0,0,0,11283,0,0,13673,0,0,12129,0,0,0,0,0,0,-11637,0,12813,0,-14456,0,0,-13300,-15728
84905600,Team1,0,0,-15482,0,0,-12543,15526,0,0,0,0,0,0,11391,0,-12788,-16442,0,0,0,15577,0,0,0,12989,0,0,0,0,0,0,0,0,12336,-13517,0,13696,0,-20609
84905604,Team0,0,-16583,-18885,0,0,0,0,0,0,0,0,12875,-13872,14348,0,0,-13153,0,10933,0,13892,0,0,0,0,0,0,0,-13599,0,0,0,0,0,15773,0,0,11877,-11773
84905609,Team0,0,12459,0,0,0,13907,21242,-15506,-12529,0,0,0,15771,0,0,0,0,0,0,-14942,-12100,-12559,0,0,0,0,0,0,-12160,0,0,0,0,0,13762,0,0,15030,0
84905611,Team1,0,0,0,0,0,-11017,13309,0,0,0,0,0,0,0,0,-10936,0,0,0,0,14501,12786,14093,0,12865,0,0,0,0,-13735,-15879,0,0,0,-14026,0,-14720,0,17230
84905624,Team0,0,15618,-13757,-10717,0,-13261,0,-12389,0,15102,0,15371,0,0,0,0,0,15964,0,0,-13301,18521,0,0,0,0,0,0,0,0,0,0,12638,0,-14031,0,0,0,0
84905698,Team1,0,0,0,0,0,0,12822,0,13221,0,0,-13155,0,0,11362,0,0,12049,-12786,14872,0,0,0,-14644,0,-13343,0,0,0,0,-13123,0,-12654,0,0,0,12097,0,0
84905700,Team1,0,0,-14089,-14531,0,0,0,-11983,-14813,0,0,10639,0,0,0,0,0,11338,0,0,17768,11535,0,0,0,0,-12785,0,0,0,-18020,18733,0,0,0,0,0,0,13185
84905715,Team0,0,0,0,0,0,0,0,0,12533,0,0,0,0,-10910,12306,0,0,0,10990,0,-13150,11827,0,0,-15548,12544,0,0,0,0,0,0,0,13141,-12110,0,-12168,-12456,0
84905723,Team0,0,-12455,0,0,0,10413,0,0,0,0,0,18498,0,0,-12235,-11237,0,0,-12921,0,0,0,0,0,0,16404,0,0,0,0,-15514,12176,0,0,-12276,0,0,12805,12186
84905735,Team0,0,0,12839,0,0,-13096,0,0,0,0,0,0,0,0,0,0,0,14444,0,0,-13507,12514,0,0,0,-15379,0,-14206,0,0,12652,11288,0,0,14304,0,-10679,0,-13807
84905759,Team0,0,0,0,0,0,-11223,-17007,0,12451,0,0,0,0,0,-11963,15181,0,18754,0,0,0,12603,-12826,13018,0,-11778,0,-14430,0,0,0,0,0,12711,0,0,0,0,0
84846450,Team0,0,0,0,0,0,0,9614,0,0,0,0,12226,0,-13220,0,-10881,11350,0,0,13024,10497,0,0,-12260,0,-12350,0,0,0,0,0,0,0,0,-14162,0,12075,0,-15372
84846568,Team0,0,-11940,0,-12911,0,0,12938,-14190,0,0,0,0,0,0,-17025,0,0,12937,0,0,17527,0,12123,0,0,0,15956,0,-13456,0,0,0,0,-11782,14135,0,0,0,0
84846673,Team0,0,-16034,-14446,0,0,0,0,0,0,0,0,14053,0,0,0,0,-12761,13345,0,0,-13138,0,0,-18364,0,0,11989,0,0,12776,16211,12713,0,0,0,0,-13132,0,0
84846676,Team0,0,0,0,0,-8203,0,0,15415,-13329,-13814,0,-9393,15425,0,15609,0,0,17729,13819,0,0,0,0,0,0,0,0,0,-11462,16584,0,0,0,-7155,0,0,0,0,0
84216643,Team1,0,23330,0,0,0,-12147,0,0,0,0,0,-13747,0,0,14491,0,0,0,0,-11633,0,14261,12390,0,0,15121,0,0,0,14093,0,0,0,0,-13257,-15062,-11977,0,0
84216646,Team1,0,13439,0,0,0,13300,-16717,0,-11955,0,0,13569,-15927,0,12529,0,0,-15092,0,0,0,0,9454,0,0,0,0,16382,0,0,0,0,0,0,0,0,0,-11755,-12134
84216688,Team0,0,-20633,0,0,0,14314,16535,0,0,0,-12541,13283,-13092,0,0,13472,0,0,0,0,-12930,0,0,-18076,0,0,0,0,11627,-13222,0,0,0,18832,0,0,0,0,0
84216710,Team1,0,-14035,0,0,-13288,0,14576,0,0,11670,-12618,-16326,0,0,10356,0,0,10324,0,0,-11739,0,0,22824,0,0,0,0,0,0,0,0,-14101,0,9450,0,0,0,0
84216715,Team1,0,0,12448,0,0,0,12472,0,-14432,0,-12837,0,0,0,0,0,0,11900,0,0,-13777,0,0,0,0,0,0,-13623,0,-17630,0,0,0,11500,13256,-14033,15320,0,0
84216733,Team0,0,0,-14824,0,0,-10782,0,0,0,12863,0,0,0,11523,-14096,13707,0,0,0,17353,-10827,0,0,-12113,0,0,0,0,16532,0,0,-14284,0,0,0,0,0,0,11821
84216773,Team0,0,0,0,12976,13257,-12467,0,0,0,0,10881,0,0,0,0,-11006,13342,-11845,0,0,0,13345,0,12778,0,-12404,0,0,0,0,0,0,-11331,0,-12485,0,0,0,0
84216778,Team0,0,0,15549,0,0,0,0,-12467,0,-12540,0,0,0,0,0,14751,0,0,18684,0,-13659,-12878,0,-12589,15662,0,0,-13370,0,0,15108,0,0,0,0,0,13600,0,0
84216782,Team1,0,0,14867,0,0,14904,0,12036,0,-11061,0,0,0,14762,0,-14356,0,0,0,0,14589,0,0,12976,0,0,0,-12695,0,0,0,0,0,-11414,-15139,0,0,-12643,0
84216873,Team1,0,-15986,0,0,0,0,0,0,0,0,0,0,12905,0,-14848,0,0,0,-13777,0,0,-13779,0,14188,-13550,13470,0,0,-15606,12190,0,0,0,0,0,0,14466,0,11448
84216893,Team0,0,0,-13930,0,18853,0,12872,0,0,-11834,0,0,0,0,-14823,0,0,11658,13492,0,-11941,-13877,-12122,12511,0,0,0,0,0,0,0,0,0,0,11832,0,0,0,0
84216902,Team0,0,0,16225,12998,-13820,-14868,-15621,0,0,15183,0,0,0,-13564,0,0,14929,0,0,0,19178,0,0,0,0,0,0,16517,0,0,0,0,0,0,-12126,0,-12544,0,0
84339355,Team0,0,0,0,13481,0,0,0,0,0,-13899,0,0,11400,-12533,0,0,0,-9699,0,12705,0,0,0,0,0,-16654,0,-13215,0,0,0,0,15170,12834,-13319,0,0,14037,0
84339385,Team1,0,0,15090,0,0,-14303,0,0,0,0,0,-10690,0,0,0,15589,0,11760,0,0,-13731,11846,0,0,0,0,0,0,0,0,0,-15142,0,11710,-12204,0,10432,-11519,0
84339388,Team0,0,12484,0,0,0,-11961,0,0,0,0,-12215,-12530,0,16503,0,0,0,0,-11672,0,-12367,0,10676,0,0,0,0,-12961,0,11631,0,0,0,0,13543,0,0,14133,0
84339390,Team0,-1,0,0,12044,0,-11215,-12100,0,-10525,0,0,0,0,0,0,0,13510,-12359,0,0,0,0,0,0,0,23994,14483,0,0,0,0,0,0,0,-15756,0,-9370,17651,14868
84339402,Team0,1,0,0,0,0,0,23691,0,-12393,-13332,0,0,0,0,0,19529,0,12777,0,0,15952,0,12110,0,0,0,0,-13725,-13818,0,0,0,0,-12953,13706,-12257,0,0,0
84339450,Team0,0,0,0,0,-13189,0,0,11391,0,0,0,11684,0,0,0,0,0,-10853,0,0,0,-13582,0,0,0,0,0,14374,0,-11515,15332,0,-10975,12387,14414,0,-13760,0,0
84564495,Team0,0,0,0,-13558,0,-13598,0,-11212,-15492,0,0,0,0,0,0,11258,0,0,11847,18219,0,12794,0,0,0,0,0,0,15094,0,11856,0,0,0,0,0,0,-12940,-11710
84564611,Team0,0,-14215,0,0,0,-11574,-14427,-13500,0,11499,0,17478,0,0,0,0,0,0,0,0,-13100,0,0,0,0,0,0,0,0,0,0,11634,-13611,11711,0,0,0,13826,13802
84564640,Team0,0,0,0,0,11943,-9998,0,0,-11828,0,0,0,0,0,0,0,0,0,-10645,16193,12904,13778,0,0,0,-15853,14357,0,0,-14479,0,0,0,0,0,0,13041,0,-11116
84564685,Team0,0,16569,-15827,0,0,0,0,0,-13293,0,-12936,15958,0,0,0,0,12686,-13767,0,14621,-12446,0,0,-12361,0,0,0,0,16151,0,0,0,0,0,14383,0,0,0,0
84564704,Team1,0,0,-16581,0,-11949,16050,15076,0,14495,0,0,-13517,0,0,0,0,-13338,0,0,0,14697,-11999,-12279,0,0,0,0,0,0,13106,0,0,0,0,11295,0,0,0,0
84564850,Team0,0,0,14106,0,0,0,15840,0,0,0,0,0,0,0,-10558,0,0,0,0,0,-13185,-12157,11685,16080,0,0,0,0,-13695,0,0,0,0,0,12356,0,-11322,-12610,12479
84564885,Team0,0,0,0,0,0,14791,0,0,16558,0,0,14775,0,0,-15402,-13963,0,-14704,0,0,11470,0,0,0,0,0,0,0,0,0,-18533,-13074,0,0,-14204,13292,13902,0,0
84564889,Team0,0,0,0,0,0,0,0,0,0,0,0,-13944,0,-10747,16117,0,-14637,0,0,17767,0,0,-12872,14346,0,0,0,-10823,0,0,0,0,0,14638,13152,-12462,14577,0,0
84181589,Team1,0,0,0,0,-10563,24023,0,-14730,4275,0,12278,0,-13949,-8800,-13515,0,0,0,0,-11965,0,0,0,11006,0,16804,0,16784,0,0,0,0,0,0,0,0,0,0,0
84182055,Team1,0,0,0,0,0,0,6142,0,0,-13699,0,0,0,12871,0,-17420,-13561,14089,11340,0,0,0,0,0,-18447,0,0,0,-17694,-19175,0,0,0,0,13300,14046,0,0,0
84182705,Team0,0,17130,0,0,0,0,-15055,0,0,0,0,0,0,0,-12536,0,-11211,0,-13069,0,13319,13283,0,0,0,-12736,0,0,-12460,0,11660,0,11648,0,0,0,11876,0,0
84532584,Team1,0,0,-17229,13742,0,14823,0,-11201,0,0,0,0,0,0,0,0,0,14204,-11732,0,-14306,0,0,15336,-11153,0,0,0,0,0,0,0,14232,0,10367,0,0,0,-12937
84532727,Team0,0,0,0,0,0,10438,0,-12894,-10836,0,0,0,0,0,0,11509,0,0,-12796,0,0,15506,0,0,-14411,0,0,0,0,8887,0,0,0,-13713,0,0,11723,11183,-12086
84532936,Team0,0,11030,-14300,0,0,0,12469,0,0,0,0,12036,13252,12335,0,0,-12262,0,0,0,-14086,0,11153,0,0,0,-10892,0,-9928,0,0,0,0,0,0,-12253,0,0,0
84876441,Team1,0,-14129,-14123,0,0,0,-14840,0,0,0,0,0,0,0,0,11261,-14618,0,0,0,-14977,0,0,0,0,0,0,0,0,14793,0,13869,0,11596,0,0,-17075,12038,13385
84876510,Team1,0,-17029,0,0,0,0,-13614,0,0,0,0,11667,0,-12605,0,11325,0,-12171,-13449,0,13454,0,10065,0,0,0,0,0,0,12175,0,0,0,11652,-12674,0,0,0,0
84876533,Team1,0,0,13134,0,0,10827,0,0,0,0,0,13170,0,-13606,0,0,0,0,0,0,0,0,0,-18546,0,-13917,11447,0,0,0,15321,0,0,-14346,0,-13116,-13632,11937,0
84876561,Team1,0,0,-14530,0,0,0,0,0,0,0,0,14898,0,0,0,-12254,11568,0,0,0,-13459,0,0,13560,-14345,11080,0,0,0,0,0,0,0,-13218,13828,0,-11018,14486,0
84876629,Team0,0,20392,0,0,0,0,0,0,0,0,0,0,0,0,0,14121,15170,0,-10666,-12442,-16797,-9221,0,16724,0,0,0,0,16037,15033,0,0,0,0,0,0,-10905,0,-10668
84876694,Team0,0,0,0,0,0,-12196,0,-14298,0,12201,0,0,12851,-11864,0,-13088,0,0,0,0,12741,0,0,0,0,-11198,0,0,0,12928,0,0,0,0,12609,-9677,0,11836,0
84876695,Team0,0,0,12562,0,0,0,0,0,0,-12294,0,12238,0,15909,-15338,0,0,0,0,0,11892,-14077,0,0,0,0,0,0,-12934,-12221,16989,11941,0,0,0,0,0,0,-13378
84153151,Team0,0,-11052,0,0,0,-10765,0,0,0,13128,0,14373,0,11796,0,-11494,0,13853,0,0,0,11806,0,0,0,0,0,11968,-10624,0,0,0,0,-14499,0,0,-12232,0,0
84124599,Team1,0,0,-15243,11574,-12441,-13886,0,-11545,0,0,0,0,0,11753,0,14618,0,0,11017,0,0,-16036,0,0,0,0,0,0,0,0,19946,-12527,0,13047,0,0,0,0,0
84124675,Team0,0,0,0,0,0,0,0,0,13121,0,0,-15215,0,0,13149,0,0,0,11176,0,11026,0,0,0,14054,13600,0,-15792,0,0,-13919,0,0,-14201,0,0,-12160,0,-13329
84124678,Team1,0,0,0,-14723,0,13024,0,0,-11748,0,0,12705,0,0,0,0,-12236,-13012,0,13044,0,0,0,-19730,0,0,0,0,-14048,0,0,0,10283,0,0,0,12733,10921,0
84124734,Team0,0,0,0,0,0,-12435,0,0,-11842,12134,0,-12360,0,0,16720,0,0,0,0,0,0,14165,0,0,15816,0,0,0,11732,-14134,-15594,0,0,0,0,0,-10480,0,10702
84124735,Team0,0,0,15678,-10386,0,13628,0,0,11821,0,0,0,0,0,0,-10583,-12846,12910,0,0,0,0,0,12898,0,-14118,0,0,0,0,0,0,0,0,13791,0,0,-15063,-13631
84124772,Team0,0,10749,-12073,0,0,0,0,-12649,0,0,0,0,0,0,0,0,0,-12290,-12472,12799,-13849,0,10913,0,0,0,-14891,9462,0,0,0,0,0,11069,13913,0,0,0,0
84124811,Team0,0,13039,0,0,0,16555,0,0,15776,0,0,0,0,0,0,0,0,-12326,0,0,0,13103,0,15679,0,0,0,-15432,13195,0,-12446,0,0,0,-15364,0,-13651,0,-14642
84124875,Team1,-1,-15021,-22595,0,0,0,0,-11580,0,-12199,-13167,0,0,11836,0,0,-12094,14772,0,0,0,0,0,14281,0,0,0,0,0,15961,0,0,12145,0,0,0,0,0,12235
84368485,Team1,0,13174,0,0,0,0,0,0,16595,0,0,-15368,0,0,11764,0,-14074,0,-13957,0,9888,0,0,-13904,0,0,0,-14065,0,14902,0,0,0,-12434,12464,0,0,0,0
84368518,Team1,0,0,13946,0,0,0,0,0,-12355,0,12432,0,13178,0,0,0,12716,0,-11886,0,12623,0,0,0,0,-13093,0,13088,0,0,0,0,0,-11776,-14760,0,0,0,-11752
84368602,Team0,-1,0,0,0,0,-11695,0,0,-12583,0,0,-13873,0,0,0,0,0,0,0,0,11757,0,0,0,-12725,13519,0,0,0,15653,-15056,0,-13848,15666,12052,0,13035,0,0
84368677,Team0,0,0,13519,0,0,-12131,0,0,0,-12376,0,-11673,-12069,0,0,0,14706,15584,0,0,0,0,0,0,0,0,0,0,12110,-15352,0,0,15801,0,13331,0,0,0,-14826
84368680,Team0,0,-12893,14541,0,-15213,0,0,-12146,0,0,0,0,0,-11846,13250,0,0,0,0,0,0,-12906,-12684,0,0,0,0,0,0,0,0,12116,0,12383,13562,0,0,15092,0
84594063,Team1,0,0,-17731,0,0,0,0,0,0,0,0,0,0,-12993,0,0,0,0,-13686,13686,-12749,11554,0,16608,0,0,0,0,11403,0,0,0,0,12004,-12644,0,12307,-13827,0
84594266,Team0,0,-11843,0,0,0,-12865,0,0,0,0,0,0,-15093,0,0,0,0,12376,0,0,-14837,10605,0,13911,0,-11202,12329,0,0,0,17280,0,0,0,15190,0,-11980,0,0
84594412,Team0,0,-14566,0,-11712,13416,0,13092,0,0,11028,0,0,0,0,0,11751,-12122,-14778,0,0,0,0,0,0,0,-12716,-11133,0,0,0,14066,0,11224,0,0,0,0,0,0
84096007,Team0,0,0,0,0,0,0,0,0,-14278,0,0,0,12156,-13142,0,17163,0,0,0,14464,0,0,0,0,0,0,0,0,0,-15699,0,0,0,0,0,0,0,-12313,11879
84096012,Team1,0,11946,0,0,13003,0,0,-14452,0,0,0,0,12364,-12853,0,11484,0,0,11483,0,0,0,0,-15098,0,-10947,0,0,0,-10849,17572,0,0,0,0,0,0,-13099,0
84096145,Team1,0,0,600,0,0,-5344,0,0,0,-2862,0,-16537,0,0,0,-2861,0,0,0,0,-2861,600,0,-2861,0,0,0,600,0,0,0,0,0,600,0,0,600,600,0
84096157,Team0,0,-10769,0,0,0,-13649,17504,14889,12274,0,0,0,0,0,13349,0,0,0,0,14040,12505,-11903,0,0,-16440,0,0,0,0,-12932,0,0,0,0,0,0,-12182,0,0
84096188,Team0,1,0,0,0,0,12060,-24519,0,0,0,0,16279,0,-15097,0,0,0,0,14212,17814,0,13669,0,0,0,0,0,0,14140,-15650,0,0,0,-12396,0,0,-12066,-15581,0
84096233,Team1,0,14982,-12056,0,0,0,12848,0,0,0,0,0,11387,0,-12072,10880,-12678,0,0,0,0,0,0,0,0,0,0,-10097,0,0,0,11250,0,-14036,0,0,-11823,0,16514
84971360,Team0,0,0,14130,0,0,-12429,-12119,14054,0,0,0,-15514,0,0,0,-10765,-11183,0,13471,0,12415,0,0,0,0,0,0,12831,0,0,0,0,0,12376,0,0,-12279,0,0
84971409,Team0,0,13330,0,0,0,0,0,-13004,0,0,0,16705,0,0,0,11656,0,-14108,-13680,0,-14671,0,15776,0,0,-11887,0,0,0,19724,0,0,0,14086,0,0,-13930,0,0
84971750,Team0,0,0,13776,0,0,0,-12702,13188,0,0,11160,0,0,16100,12090,0,-11867,0,0,0,12970,-12241,0,-15401,0,0,0,0,0,0,0,0,0,0,-12389,0,0,-15024,0
84971871,Team0,0,0,0,0,0,14954,12771,0,0,0,0,12392,0,0,-11969,-13202,0,0,0,0,-12731,-14711,0,13690,0,0,0,0,0,0,12741,-11911,0,-12046,0,0,15545,0,0
84062918,Team0,0,0,0,0,0,11462,17676,0,-13834,0,0,-15721,0,0,0,0,0,11269,0,-15169,0,11067,0,-13192,0,0,0,15580,0,0,0,11681,0,-11205,0,-12631,0,0,0
84064265,Team1,0,0,-14053,12767,0,16775,12889,-13166,0,0,0,0,0,12798,0,0,0,16493,0,0,0,0,0,0,-15014,0,15856,0,-12503,0,-20860,0,0,0,-12315,0,0,0,0
84065285,Team1,0,12942,15506,0,0,0,-11836,0,0,-10650,0,-11706,0,-13873,0,0,0,11053,0,0,0,-11363,10901,0,0,0,11828,0,0,13487,-12537,0,0,0,0,0,0,0,0
84625725,Team1,0,0,11462,0,0,0,-12990,-10961,12361,0,0,0,0,13669,0,-13449,-12087,0,0,0,11089,0,12699,0,0,0,0,0,-17215,15003,0,0,0,0,0,0,0,0,-13242
84625752,Team0,0,0,0,0,14148,0,0,0,0,0,13237,0,0,14050,0,-11818,0,0,0,-10802,-11290,0,-12064,14086,-14927,0,0,0,13713,18704,0,0,0,0,-12091,0,0,0,0
84625882,Team0,0,0,14226,0,0,0,-13973,0,-13358,0,0,0,0,12373,14081,0,0,0,0,0,-14078,0,0,-14415,0,0,0,-13674,0,0,0,0,-11254,12432,16036,13036,0,0,0
84625889,Team1,0,0,16527,0,0,0,0,0,13120,0,0,-14316,0,12888,0,0,0,-10015,13137,-12726,0,0,0,0,11239,0,0,0,0,0,17214,0,0,-14154,-11939,0,-12070,0,0
84625937,Team1,0,0,-18185,0,13092,0,0,0,-13921,13268,0,-16464,0,0,0,14608,8720,0,0,0,-15803,0,0,0,0,0,0,0,-16376,0,0,0,0,0,-13675,10320,11271,0,0
84626020,Team0,0,-14545,0,0,0,0,0,13430,12282,0,0,0,0,0,0,-13845,-12963,11338,0,0,-16124,12979,0,17851,0,0,0,0,-13069,0,0,0,0,0,-11013,0,0,12656,0
84817919,Team1,0,11685,0,-12997,0,0,-14690,-12839,0,11700,0,13086,0,12806,0,0,0,13954,0,0,-18471,10384,0,0,-12886,0,0,0,0,0,0,0,0,-10633,0,0,0,0,0
84817936,Team0,0,0,-12203,0,0,0,0,0,14410,0,0,0,0,0,0,-12654,0,18806,0,0,-12631,13168,-12800,13358,0,0,0,0,0,-12064,14291,0,0,0,0,0,13901,-14157,0
84817973,Team0,0,0,16005,0,0,12841,0,0,-14831,0,0,0,0,0,12379,0,0,-15338,0,0,-12957,0,0,12997,0,0,0,0,0,-17746,0,12490,0,14266,-14236,0,-12272,0,0
84818006,Team0,0,0,13698,0,-11232,0,0,0,-14113,0,12210,0,0,-12940,-12727,0,0,10982,0,0,13808,0,0,0,0,0,10842,0,0,0,-13465,-12690,0,0,14948,0,0,0,0
84818116,Team1,0,10784,0,8991,-13511,0,-13987,0,0,0,-12266,0,0,0,0,11066,0,0,0,0,0,0,-12417,0,0,0,0,-14156,0,17120,0,0,11417,0,-15033,0,0,0,11167
84399562,Team1,0,0,0,0,0,0,-18292,0,-12905,0,-11326,0,14427,11306,0,0,0,0,-11755,0,-13947,0,0,0,11588,0,0,0,12340,11549,0,0,0,0,0,0,0,11196,-14733
84399707,Team0,0,0,15585,0,0,0,-14459,0,12859,0,-10114,0,0,0,12941,-9808,-14014,0,0,0,-10079,0,0,0,0,0,0,-12367,0,0,13131,11922,0,0,0,0,0,0,12640
84399738,Team1,0,0,-14730,0,0,0,0,0,-13673,0,0,10742,0,0,-12776,0,11484,-16055,0,0,0,0,0,0,13177,12730,0,0,0,0,-12904,0,0,0,16208,11828,-13799,0,0
84399750,Team1,0,0,-18850,0,0,-11623,15578,0,0,0,10843,-12716,0,0,0,0,0,11196,-15017,0,12047,-12391,0,11173,0,0,0,0,0,0,0,0,0,0,14634,0,0,-14998,0
84399899,Team0,0,0,19046,0,0,0,0,12958,0,0,-11095,-14404,0,-11567,0,0,0,0,0,0,13896,0,0,0,0,0,0,0,0,0,0,0,0,0,0,0,0,0,0
84431286,Team1,0,14643,0,0,12783,0,0,0,0,-10175,0,-13180,0,0,0,0,-13538,0,0,0,12653,0,0,-14148,0,-16302,0,0,0,15421,0,12239,0,0,13132,0,0,0,-12738
84431773,Team1,0,0,10932,0,0,0,0,0,0,11356,-11213,13569,12950,0,0,-10893,0,0,0,0,0,-13397,0,0,-12233,0,0,11940,0,-12617,0,0,0,-15608,11471,0,0,0,0
84431827,Team0,0,-10062,0,0,0,0,0,0,0,0,0,-13939,0,0,0,-14683,0,0,0,0,0,13521,-11171,0,0,0,0,19822,13521,0,0,0,0,-12355,17548,0,17051,16038,-12009
84431941,Team1,0,0,-13931,13507,0,0,0,-12306,0,0,0,-13450,0,0,0,0,-9583,13336,-13440,0,-10760,12918,0,13431,0,0,0,0,0,0,0,0,0,12536,0,0,13603,0,0
84432097,Team1,0,0,-13233,0,0,0,20089,-12228,0,0,0,-15099,0,11339,0,0,-13917,0,0,0,13436,12656,0,0,0,0,0,0,0,-13036,13444,0,0,0,0,-12294,13326,0,0
84724367,Team0,0,0,0,0,0,0,-20242,0,0,15359,0,16256,0,-9478,0,0,0,12435,0,0,-14403,13596,0,0,10590,0,0,0,0,-14630,0,0,0,0,14195,0,-13557,-10591,0
84724401,Team1,0,0,0,13355,-13764,0,-12581,-10838,0,0,0,0,0,0,0,17303,0,0,0,0,12451,0,0,0,0,0,0,18093,-10715,17088,0,13031,0,-17077,-13212,0,0,0,0
84724451,Team1,0,0,-15852,13693,0,0,15598,0,0,0,0,11922,0,-17141,0,0,11369,0,13242,0,0,0,-13185,0,-17886,0,0,0,0,0,0,0,0,10553,-17132,0,0,-14165,0
84724460,Team0,0,0,17361,16036,0,16056,0,0,0,-8819,0,-8505,0,0,0,0,0,-9421,17080,0,-9706,14915,0,0,-6992,0,0,0,0,0,15575,0,-9226,0,0,0,0,0,0
84724482,Team0,-1,0,0,0,0,0,15504,-13401,0,0,0,15914,-12747,14070,0,-13785,0,-13394,0,-19852,10865,0,0,0,0,0,0,0,0,-14127,0,13580,0,13204,0,0,0,0,0
84724485,Team0,0,-12663,0,12232,0,0,0,0,0,-16638,0,-13196,0,-13667,0,0,0,15292,14538,14598,0,12003,0,0,0,0,-10206,0,0,0,-12625,0,0,0,13525,0,0,0,0
84724494,Team1,0,0,0,0,0,0,16662,0,-13244,-16981,0,0,0,0,0,0,0,-13661,16220,0,14250,-12087,0,14082,0,-13233,0,-15477,12005,0,0,0,0,11908,0,0,0,0,0
84724531,Team1,0,0,13596,0,0,-16323,-13294,0,9559,0,0,10577,0,0,-13706,0,0,0,0,0,15955,0,-13779,0,0,-16439,0,0,-14307,11221,0,0,0,0,0,0,10144,0,0
84724534,Team1,0,0,-13401,0,0,0,0,0,-15069,12445,0,13972,12947,12965,0,0,0,12137,0,0,-12009,-14289,0,0,0,0,0,0,0,0,0,0,0,0,0,-11138,-12802,0,12165
84724582,Team1,0,0,0,0,11691,-11751,-15512,0,0,0,0,0,0,17004,0,0,0,0,11292,0,11346,17140,0,0,0,0,0,-12220,-10567,0,0,-11279,0,-11665,11778,0,0,0,0
84724589,Team1,0,0,0,11252,0,0,0,0,-15481,0,0,0,0,-12762,0,-12935,0,0,0,0,14657,0,0,-18375,0,0,0,12414,0,0,-14324,0,0,11923,18894,10382,0,-16829,0
84724656,Team0,0,0,0,13663,0,0,0,-13123,0,0,0,0,0,15236,-14371,11689,0,0,-11545,-13323,-14767,0,0,0,0,0,0,0,0,0,14748,0,-9106,15687,13654,0,0,0,0
84724662,Team1,0,0,0,0,-12771,11345,15092,0,0,0,0,0,11859,0,0,-13391,0,0,-13995,0,0,0,0,0,0,0,0,0,10383,-14828,12821,0,-15073,-14570,11724,0,0,0,0
84656959,Team0,0,0,-12051,12296,0,0,-19810,-13174,0,0,11474,0,0,17552,0,0,0,0,0,16362,14224,0,0,0,0,0,10934,0,0,0,0,0,0,-15068,-10831,0,0,-10379,0
84756021,Team0,0,0,0,-12824,12549,0,0,0,-13170,0,0,0,0,13165,0,-11771,-12970,0,0,0,14332,0,0,13948,0,0,0,-14277,-15262,0,0,0,0,0,0,0,13753,0,10656
84756210,Team1,0,-19292,0,0,0,0,-21678,0,-12585,0,0,-11145,0,-12103,0,0,0,17034,-12126,0,0,13779,0,13113,0,0,0,0,10599,0,0,11058,0,13484,0,0,0,0,0
84756532,Team0,0,0,-11958,0,0,0,-12326,0,0,0,0,17026,0,0,0,0,-12773,14523,-12541,0,-12515,0,0,18404,0,0,0,0,-11990,0,14226,10933,0,0,15239,0,0,0,0
84756966,Team0,0,0,0,0,0,0,0,0,0,0,0,0,-12429,0,13339,0,0,12342,12297,0,0,0,0,14549,-14514,13167,0,-12580,-14147,0,0,0,0,-12931,13652,0,0,-12011,0
84757041,Team0,0,0,17008,0,0,-14652,0,0,0,0,0,0,0,14074,0,11498,0,0,-13149,-10862,0,0,-13021,0,0,0,0,-13530,0,0,0,15056,11432,0,-11681,0,13969,0,0
84279905,Team0,0,0,16734,0,0,0,-20916,-14810,11428,0,0,14806,0,-12023,0,0,0,15635,0,0,-12580,-12064,0,0,0,0,0,0,-12261,0,0,0,0,14513,0,0,11243,0,0
84279969,Team1,0,0,17104,-12252,0,0,0,0,0,-12283,0,0,0,12566,12002,0,0,0,0,0,-12547,-12274,10798,0,0,14742,0,0,0,14613,0,0,0,0,-17076,0,0,-12038,0
84279994,Team1,-1,0,0,0,13024,-15930,-12748,-12885,0,0,0,0,0,0,0,0,14308,0,0,0,-12497,-15830,0,0,0,0,0,13126,16151,0,0,0,0,0,-17839,0,13512,0,13939
84280017,Team1,0,15415,15456,0,0,10550,-16692,0,0,0,-16942,-13136,0,0,0,0,-17517,0,0,0,-14055,0,0,17850,0,0,14401,0,0,0,0,0,0,0,-14974,0,0,13686,0
84465371,Team1,0,0,0,0,0,0,0,0,0,0,0,0,0,0,14410,-11830,0,0,0,-18075,0,15812,0,0,0,0,0,0,13902,0,0,0,0,-14846,0,0,0,0,0
84465412,Team0,0,0,-13972,0,0,14269,0,0,-15589,13520,0,16330,0,12604,-12835,0,0,0,0,0,0,-12070,-12347,0,0,13756,0,0,0,0,-13302,0,0,0,17210,0,0,0,0
84465438,Team0,0,18024,0,0,-13206,0,-13959,-12137,-13807,0,0,13567,0,-13309,0,0,13934,0,0,-12918,14699,0,0,0,15383,0,0,0,0,0,0,14053,0,0,0,0,0,0,0
84465477,Team0,0,0,0,13327,0,0,-15703,0,-11864,0,0,13240,0,0,0,0,-11168,0,15612,0,-11685,0,0,-14136,0,-10703,0,0,0,0,15619,0,0,0,0,15891,13242,0,0
84465581,Team1,0,0,-13807,0,0,12699,0,0,0,0,0,0,0,0,0,0,0,0,0,-14671,-13043,0,12874,14585,0,0,0,15562,0,14310,0,0,0,-13027,-13331,0,-13528,0,12995
84465643,Team1,0,-13306,10661,-12538,0,0,0,0,-13375,0,9735,0,0,0,0,0,0,-15792,0,16820,13524,0,0,0,0,13424,0,0,0,0,0,0,11775,0,-11871,0,0,-12750,0
84465667,Team0,0,0,-10839,10715,0,12857,0,14766,0,0,-11640,-11382,0,0,0,-11003,-11814,0,13784,-15807,0,11908,0,0,0,0,0,0,0,0,0,0,0,0,0,11810,0,0,0
84465672,Team1,0,0,14966,0,0,13583,0,0,0,0,-12542,0,0,14904,-15449,-13573,0,0,0,-14365,12888,-13548,0,15250,0,0,0,0,0,0,0,10247,0,0,0,0,0,0,-17688
84465793,Team1,0,13783,0,0,-12188,0,0,0,11509,0,0,0,0,12246,0,0,0,0,0,0,14389,-13402,-14298,-14551,0,0,0,0,14239,12628,0,0,0,0,-12982,0,0,-13028,0
84465845,Team0,0,0,17279,0,-16045,0,15460,13539,0,0,-11492,0,0,0,-13200,0,0,0,0,0,11108,-14368,13376,0,0,0,0,0,0,-16446,0,0,0,11676,-15021,0,0,0,0
84465846,Team1,0,0,14013,0,0,0,0,0,0,0,-16103,-12918,0,-16205,0,0,11685,0,0,-18562,-13564,0,0,12160,0,0,0,14013,0,0,0,0,0,0,-17310,0,13497,12087,0
84465870,Team0,0,0,-14396,0,0,0,0,-12292,0,0,-10524,13065,0,0,0,0,0,-14342,0,0,0,13361,0,0,0,0,12902,0,0,0,14625,0,0,0,0,14756,-10587,13629,-15220
84465871,Team0,0,0,0,0,0,-4014,-4071,0,-6605,0,0,0,0,0,0,-3871,0,-852,10694,0,8479,10029,0,8157,-4460,0,0,0,0,0,0,0,0,9103,9659,0,0,0,0
84465935,Team0,0,0,0,0,16244,0,0,0,0,12870,0,0,0,0,0,0,0,0,0,0,0,0,0,0,0,0,0,0,0,0,0,0,0,0,13532,0,0,0,0
84500252,Team1,0,0,-12708,0,0,0,15083,0,0,-10401,0,-13882,13023,-11744,0,0,0,-15081,-14138,0,0,0,0,0,0,0,0,0,0,13720,14383,0,0,0,0,0,11534,11794,0
84500408,Team0,0,0,0,0,0,13935,18151,0,-12101,0,0,-11958,0,-11619,0,13657,0,-11805,-11847,-14793,0,13522,0,0,0,0,0,0,0,0,0,0,0,0,15381,0,0,13404,0
84500438,Team0,0,0,0,0,0,13294,0,13962,0,-13975,0,0,0,0,0,12898,0,-11702,0,-13259,0,12409,0,0,0,0,0,-13547,-10767,12594,0,0,-10540,0,0,0,0,0,13315
84500623,Team0,0,0,0,0,0,0,13001,0,13366,13287,0,0,0,0,-14414,13887,-14076,0,-14760,-10720,13286,0,0,-12786,0,0,0,-16400,0,0,0,0,0,13630,0,0,0,0,0
84500680,Team1,0,-15670,0,0,0,-12443,0,0,-14231,0,-14041,-13812,0,-13513,0,0,0,15751,0,0,0,13044,0,0,0,0,0,0,12612,0,0,0,0,16618,13204,0,17302,0,0
84500681,Team0,0,0,0,13658,0,-11198,-13687,0,0,12531,-10635,-13280,0,0,0,0,0,0,0,0,-19206,0,0,0,12160,0,0,0,0,11282,0,0,-11683,12104,11210,0,0,0,0
84500697,Team1,0,-14505,17600,0,13008,-16908,0,0,12356,0,0,0,0,0,0,13061,0,0,-12450,0,0,0,0,0,0,0,0,0,-14583,-13333,0,0,0,13380,-13417,0,0,0,12751
84500755,Team1,0,0,11895,0,0,-12692,-17317,0,0,-9890,0,-18291,-10854,0,14710,0,0,0,0,0,14028,0,0,0,0,0,0,0,0,0,-10536,9710,0,0,0,0,0,11777,12300
84310612,Team1,0,0,0,-10883,0,0,-15482,-10238,0,0,0,0,0,0,0,0,-15452,11568,0,0,12865,0,0,0,-12404,0,0,0,10748,13825,0,15564,15381,0,0,0,0,-13696,0
84310633,Team0,0,13415,0,0,0,0,11635,13286,0,0,-10259,0,-10574,12810,0,0,0,13174,-10140,0,0,0,0,0,0,-17356,0,0,-10446,0,-15551,0,0,0,12806,0,0,0,0
84310666,Team1,0,0,14128,0,0,12932,-16429,0,12947,0,0,13710,0,-14586,0,0,0,12961,0,0,0,0,0,-14752,0,0,0,0,0,0,0,0,0,-14432,12803,0,-13746,-14405,0
84310668,Team0,0,0,0,0,0,11870,0,0,0,11246,0,13563,0,0,0,-13858,-10872,0,-11596,0,-11436,-12390,0,0,0,0,0,18779,0,13664,0,0,0,0,0,0,-12307,0,13650
84310682,Team0,0,0,0,0,0,0,14847,0,0,0,0,-14101,0,0,10365,13036,-14092,-13383,0,0,0,0,0,0,0,0,0,0,-13387,-15218,13824,10124,-12625,9308,0,0,0,0,0
84310698,Team0,0,-13317,15097,0,0,-15518,0,0,13779,0,0,0,0,0,0,13914,0,0,11818,0,12822,-11681,0,-13602,0,0,0,12442,0,0,0,0,0,0,-14080,0,0,-12915,0
84310745,Team1,0,0,-16231,0,0,12315,0,0,14616,0,0,12756,0,0,0,12612,14208,0,0,0,0,-12615,0,0,0,13904,0,0,-13832,-16492,0,0,0,-14495,-15334,0,0,0,0
84310798,Team0,0,0,13231,-12492,0,0,0,0,0,12422,0,-13799,0,13841,0,-14066,0,0,14467,0,11981,0,0,-15800,0,0,0,-12991,14784,0,0,-12431,0,0,0,0,0,0,0
84310803,Team1,0,0,0,0,0,-13122,0,10148,0,0,0,0,-14143,14822,10622,0,0,0,0,11014,0,-14075,0,-12460,0,0,0,0,-12111,0,0,0,0,0,14446,0,0,-11069,11943
84310876,Team1,0,0,12453,0,10765,0,0,0,0,0,0,0,0,0,0,0,0,0,0,0,0,0,0,0,0,0,0,0,0,0,0,0,0,0,0,0,0,0,0
84001881,Team0,0,0,0,0,0,0,0,0,0,0,-10641,-13403,0,12510,0,10929,0,11834,0,18912,0,0,0,0,0,0,0,0,15183,-14212,-18886,0,-13025,0,12634,0,0,0,-12747
84001885,Team0,0,0,0,0,0,0,-13401,12429,11872,0,-11580,0,0,0,0,0,0,-12666,0,0,11922,0,0,0,14132,14699,0,-13831,0,0,-12912,0,-10548,0,0,14767,0,0,0
84001927,Team0,0,-12187,0,12699,0,0,0,0,0,0,0,11982,0,0,0,0,12426,0,0,0,12159,-11104,-14896,0,0,0,0,-14764,-12572,0,0,0,0,-12870,13593,12414,0,0,0
84001955,Team0,0,0,-11999,0,0,0,0,14766,0,-11705,0,0,12067,0,0,0,0,15431,0,18637,-14392,-13357,0,0,0,0,0,14949,-12566,0,0,0,0,0,0,-12605,0,12217,0
84002028,Team0,0,0,0,12972,-13001,14409,0,0,0,0,0,16044,0,13220,0,-10394,0,0,0,0,0,-11471,13529,0,15502,0,-10750,0,0,0,-9941,0,0,0,0,-11624,0,0,0
84002074,Team1,0,0,0,0,-15663,-13126,0,0,0,0,0,-14805,0,0,0,0,-11147,11596,0,0,0,12795,0,12140,12290,15617,0,-13940,0,0,0,-13539,10790,0,0,0,0,0,0
84002081,Team0,0,-12122,0,0,0,0,0,0,-11693,0,0,12647,0,0,13052,0,0,14906,0,0,0,-11598,0,0,0,0,0,13028,-10144,0,0,12501,12556,0,0,-11688,0,-13967,0
84002115,Team0,0,-15228,0,0,14401,0,0,0,0,0,0,0,15141,0,-14313,0,0,13312,0,0,0,-17181,0,-14370,0,16866,0,0,0,17123,0,0,12938,0,0,-14963,0,-15102,0
84002117,Team1,0,0,0,0,0,0,0,0,0,0,0,0,-13798,0,0,10491,0,0,0,0,0,0,0,0,0,0,0,0,-15025,0,0,0,0,0,0,0,0,0,0
84787199,Team1,0,0,0,11064,0,0,0,0,13281,12664,0,0,0,-13315,0,0,0,0,0,0,15188,14167,0,0,0,0,0,0,0,-14004,0,0,0,-13428,-11401,0,-12074,9708,-13116
84787227,Team0,0,0,0,0,0,0,15493,13066,12856,0,0,0,0,0,0,0,-15191,-11866,0,0,0,0,0,-11723,12427,-13863,0,-13907,0,0,12085,-11488,0,0,0,0,0,0,13690
84788534,Team1,0,0,0,-12985,0,0,-18070,0,12814,0,0,13739,0,13705,0,0,12012,0,0,0,0,-16202,0,0,12773,0,0,0,0,0,-16415,0,0,-14022,0,0,-14972,0,10753
84034919,Team1,0,12302,0,0,0,0,13846,-11244,0,0,0,0,0,0,0,-12789,12730,-11965,0,-13714,0,-11558,0,0,0,0,0,12617,14034,-15964,0,0,0,0,0,0,0,15032,0
84034937,Team1,0,0,0,0,0,12948,0,0,-12590,0,-11541,11721,0,0,0,0,0,14560,12831,-14400,-13821,0,0,0,0,0,14351,-16328,-14286,0,0,0,0,0,0,0,0,0,13715
84034951,Team0,0,13604,0,-15341,0,0,16278,0,-13355,0,0,0,0,15334,0,-11866,0,-15998,0,-15797,0,0,0,0,0,0,0,10729,10865,0,0,0,10860,0,0,-10595,0,0,0
84034965,Team0,0,-14221,0,0,0,-14039,0,0,0,0,0,0,0,11839,0,-13610,0,0,0,0,0,-13299,0,-18687,-13098,0,0,14712,0,0,0,0,0,12731,0,0,14144,15875,11986
84035053,Team1,0,0,0,0,0,0,-17219,0,12323,0,0,0,-15645,11682,0,0,0,0,-14288,15022,0,-13703,0,0,0,0,0,-17038,12795,15501,0,0,0,0,0,0,0,-14289,9937
84035093,Team1,0,0,0,0,0,0,0,-13157,0,0,10180,0,-14028,0,0,0,14311,0,0,-14757,-13034,11219,0,10992,13899,0,0,0,10761,0,-18476,-12297,0,0,0,0,0,0,0
84035112,Team1,0,-15543,13048,0,0,11707,0,0,-13008,0,0,-12741,0,0,0,0,-11283,0,0,0,0,0,0,11443,0,0,0,0,-13963,12786,0,0,0,0,0,0,12867,17080,-12592
84035116,Team1,0,0,-14221,0,13490,0,0,-14410,0,0,0,0,0,0,-13933,0,0,0,0,12912,0,0,0,0,-17817,0,11349,0,10154,0,0,0,12920,0,0,-13858,0,14851,-13932
84846705,Team0,0,13295,15114,0,0,0,0,0,16287,0,0,-13438,0,0,0,0,-11069,14563,0,0,0,0,0,-11443,0,0,0,0,0,-15013,0,0,13601,-14710,0,0,-11120,12224,0
84846757,Team1,0,0,-12104,13635,0,-14415,0,0,0,12589,-12118,0,12253,0,0,0,0,0,0,16221,11989,0,0,0,0,0,0,-13365,0,19463,0,0,0,0,-11831,0,0,0,-19551
84846762,Team1,0,0,-14643,0,0,0,-14904,0,11764,10854,-11758,14152,0,-11096,0,0,0,-12633,0,9835,12856,9850,0,0,0,0,0,0,0,0,0,0,0,0,-11597,0,0,0,0
84846764,Team0,0,0,0,12349,0,0,15684,0,-13195,0,0,0,0,0,0,0,13606,14043,0,0,-13024,0,11741,0,0,0,0,-13378,0,0,-14409,0,0,0,14522,-12095,-11468,0,0
84846926,Team0,0,0,0,0,-12994,0,0,-12999,12364,0,0,16324,0,-14047,-14603,0,0,0,0,0,0,-12869,10894,0,0,-16238,0,13470,0,0,13075,0,0,10755,0,0,0,0,0
84846951,Team0,0,0,12238,0,15172,0,0,0,-10232,0,0,-14336,0,0,0,0,-10902,0,0,-14759,12528,0,-11055,0,0,0,0,0,-10019,0,0,14872,12534,12947,0,0,0,0,0
84846973,Team0,0,0,-14450,0,15800,-12381,15404,0,10346,10310,0,-11634,0,0,0,0,0,-12771,0,0,12184,-12552,0,0,0,0,0,0,0,0,0,0,0,0,13007,0,-19439,0,0
84904704,Team1,0,0,14158,0,0,0,0,11275,-13040,0,0,0,0,0,0,0,0,0,-10675,-17683,13402,11040,0,-14325,0,0,0,0,-12872,0,-13352,0,0,12298,12060,0,0,0,0
84248230,Team0,0,0,0,0,14103,0,0,0,0,0,13121,-14510,0,12620,0,0,-12185,-10200,0,0,0,13118,0,0,0,0,0,0,14079,-11199,0,-10954,0,0,14047,0,-11875,0,0
84248850,Team1,0,15540,-14171,0,0,0,0,-13128,-12073,0,0,10972,0,10564,0,0,0,0,0,0,11410,-11174,12016,0,0,0,0,0,0,11339,-13605,0,0,0,0,-12563,0,0,0
84249606,Team0,0,-11329,17129,0,0,0,-17765,0,0,12625,-14226,0,-12919,0,0,0,0,-11077,0,0,12355,0,16422,0,-15562,0,0,0,0,0,0,0,0,0,16315,0,0,0,13921
84339499,Team0,0,0,0,0,0,0,0,0,-15151,0,11748,0,0,-14176,0,13520,0,-16393,0,-14700,0,0,0,-15008,0,0,0,0,14312,0,0,0,0,10763,12049,0,-14843,0,11400
84339516,Team0,0,0,0,0,0,0,-13778,0,0,0,0,12573,0,0,0,0,-13978,-13400,11811,12431,0,12394,0,-16553,0,0,0,0,0,-14239,17571,0,0,0,16595,0,-12697,0,0
84339576,Team0,0,0,0,0,10593,0,0,0,0,-15195,0,0,0,-13472,0,-13767,0,0,0,-14754,-13175,11136,0,0,0,0,0,-12915,12101,0,11462,0,0,0,14473,0,10278,0,0
84339590,Team0,0,0,12739,0,-12810,0,0,0,0,0,0,0,0,0,0,0,0,0,0,0,11023,-13555,12562,15677,0,0,-12486,0,0,-13002,0,0,0,12133,14190,-11902,0,-11904,0
84339626,Team1,0,-14961,13771,0,0,13525,0,0,0,-13103,0,0,0,-11984,0,-11957,11215,0,0,0,-13517,0,0,12208,0,0,0,0,8485,-13749,0,14263,0,0,0,0,0,0,0
84339698,Team0,0,12118,0,0,0,0,0,0,0,0,0,0,0,0,-11696,0,-12497,12976,12242,-11552,0,11200,0,0,0,0,12459,-12839,0,11929,0,0,0,0,0,0,-14154,0,-12798
84339705,Team1,0,0,0,0,0,-13195,-12853,-14635,0,-11754,0,12854,-9483,0,0,0,10701,11546,0,0,-12072,0,0,16964,0,0,0,0,0,0,0,0,0,0,12434,0,9497,0,0
84216935,Team1,0,0,0,14091,15758,13118,-15916,0,-17827,0,0,0,11126,0,0,13199,-12787,0,12301,0,0,0,0,0,0,0,0,0,-12639,0,0,0,0,0,-13394,0,-14230,0,0
84216959,Team0,0,0,0,0,0,0,-13105,0,0,12078,0,-13596,0,-12800,0,12588,-11088,-13775,0,0,0,12295,0,0,0,0,0,0,0,0,15183,0,-13119,0,0,0,13101,0,13064
84216960,Team0,0,0,13825,0,0,0,-12600,0,-10713,0,0,0,0,0,0,0,0,0,0,18802,0,0,12985,13979,-12120,0,-12257,0,14797,0,-14707,0,0,15801,0,0,0,-11610,0
84217007,Team0,0,0,0,0,0,0,-13564,0,0,0,0,0,0,0,16541,0,0,-14151,0,0,0,-14259,0,19201,0,15391,0,0,-12035,0,0,0,-15285,15585,15667,17274,0,-12036,0
84217010,Team1,0,9993,0,0,12322,0,0,0,-14357,0,0,0,12824,0,0,0,0,0,0,13355,-12321,0,15449,0,0,0,0,0,11303,-13687,-15271,0,0,0,-12959,0,-14472,0,0
84217020,Team0,0,-13708,0,0,0,-12849,0,0,0,0,13436,0,0,0,0,0,0,13681,0,0,-13168,-11562,0,14298,0,0,0,17575,-11841,0,0,0,0,0,12968,0,-12057,13436,0
84217079,Team1,0,0,0,0,0,0,0,0,0,0,0,9578,0,10327,-13836,0,-13429,13036,0,0,0,11389,0,0,0,0,12272,0,0,-15397,0,0,0,0,-14981,0,-17189,12313,-12399
84217080,Team1,0,-15062,0,-17128,0,0,20457,0,0,0,0,0,0,0,0,0,-16024,11039,0,0,11022,11642,0,0,0,0,0,0,-12065,-12598,0,10780,0,0,-12170,9788,0,0,0
84217146,Team0,0,0,0,0,0,12249,0,0,16831,0,0,0,0,-14110,0,13438,0,-11572,0,0,-12277,-10982,15158,0,0,0,0,15705,-11707,0,0,-14108,0,0,0,0,0,14782,0
84217212,Team1,0,11786,0,0,0,16824,-17087,0,0,0,11896,0,16064,0,0,0,-12270,0,0,0,-14455,11961,0,0,-11235,0,0,0,14138,0,0,0,0,0,-13646,0,-11559,0,0
84564603,Team0,0,0,-11072,0,0,0,0,0,0,0,-10836,0,-11623,-11952,0,0,0,-10404,0,0,11366,13612,0,0,-14277,0,0,0,13743,0,0,0,0,11904,16593,0,11627,0,0
84564680,Team1,0,0,0,0,0,10428,12807,0,11746,0,0,0,0,0,0,0,0,11729,0,0,0,-14657,0,-16049,0,-14022,0,0,0,0,-14585,-12787,0,0,11399,0,10781,0,-13986
84564763,Team0,0,0,0,12618,0,13259,-13962,0,-12904,0,0,16484,0,0,0,0,0,-11582,0,0,0,0,-12171,0,-13950,-8946,0,0,0,0,0,0,0,0,14420,0,15125,0,12623
84564842,Team1,0,0,0,0,-12897,-16720,0,0,0,0,0,13605,0,0,0,-16025,0,0,0,0,0,-11066,0,-17091,0,0,0,0,0,14347,0,12410,0,14665,0,0,-11798,13178,12180
84565007,Team0,0,0,13323,-17157,0,0,20129,-11541,0,0,0,0,0,0,0,0,0,0,0,-11997,13739,-11695,13742,14010,0,0,0,0,0,-13394,17910,0,0,0,0,0,0,-14268,0
84565036,Team1,0,0,0,0,0,-11963,0,-15787,17532,17990,0,0,0,14030,0,0,0,-16810,0,0,0,0,14657,0,0,0,0,0,-13932,0,0,16200,0,13284,-12671,-14072,0,0,0
84183626,Team0,0,0,17362,0,0,12327,0,12743,0,0,0,0,0,0,0,0,-11165,0,0,0,12489,0,0,0,0,0,0,-15399,-14440,18233,0,0,10491,0,-13429,0,0,-11214,-18489
84183628,Team0,0,0,0,0,0,0,-15700,0,0,0,0,14551,0,-11662,0,0,0,-12840,-14878,0,14884,17517,0,0,-12527,0,0,0,0,0,0,0,0,13947,-15204,0,14292,0,12000
84183629,Team0,1,0,0,0,0,-1742,0,0,17475,-19425,0,-7915,0,0,0,14461,0,0,0,0,-19410,13237,0,-4569,0,15804,0,0,0,0,13876,0,0,0,-19932,0,0,11685,0
84183640,Team1,0,0,0,0,0,0,0,-14041,-15860,0,0,0,0,13269,13705,0,0,-11648,0,0,0,-12292,13074,0,0,14492,0,13522,-12671,0,0,0,0,0,0,0,0,15732,-12716
84183660,Team0,0,0,13430,0,0,0,0,0,13866,0,-12663,0,0,0,0,0,0,0,0,0,15137,0,0,0,0,0,0,-13630,-13061,0,-12976,0,0,12461,-18113,0,11899,16491,-12461
84183734,Team0,0,11570,0,0,-15728,0,13973,0,0,0,0,-14963,0,13860,0,0,-13556,10102,0,0,0,0,-13167,0,-16165,0,0,-13183,0,0,0,12746,0,0,0,0,0,0,9870
84183752,Team1,0,0,0,0,0,0,0,0,-10795,0,0,0,13248,0,0,-14446,0,12414,0,0,14551,12548,0,0,0,0,0,0,-12684,14911,-16448,0,0,-11126,-11469,0,12237,0,0
84183753,Team1,0,0,0,0,-14651,0,0,-14030,-12795,0,0,0,0,0,0,13877,0,10516,12171,0,14683,-17649,0,0,0,13139,9828,0,0,-13528,0,0,0,0,0,0,0,-17005,0
84183761,Team1,0,14611,0,0,0,-13562,0,0,-13527,11482,0,0,10568,0,0,-14838,0,-14372,-14160,0,12163,0,0,0,0,0,0,10883,-19161,0,0,0,0,0,0,0,0,14895,0
84183819,Team0,0,0,16147,0,-18026,0,-14540,0,12346,10034,0,0,0,-10417,0,-10895,0,12366,0,0,0,0,0,11722,0,0,0,0,0,-16248,0,0,0,0,0,0,-13729,0,13221
84183854,Team1,0,0,0,0,14588,0,0,0,11703,0,0,-15130,0,12665,0,0,-9715,0,14528,0,0,-9657,0,0,0,-14268,0,0,0,16500,-16560,0,0,0,0,0,-11080,0,13192
84532760,Team1,0,13568,0,0,0,14006,0,0,0,0,0,0,16692,0,0,0,0,0,0,0,-17522,12323,0,0,0,-13512,13038,0,0,0,0,-10894,0,-14592,0,0,-12154,11971,-12246
84532765,Team1,0,0,0,14137,0,0,-13372,14220,0,0,0,0,0,12388,0,0,0,0,0,0,-14519,0,0,-15590,0,0,12960,0,-11794,0,15701,0,0,-12247,-13785,0,0,11256,0
84532819,Team1,0,0,16079,0,0,0,0,0,0,-15183,0,0,-16590,-13440,0,0,0,12366,0,0,11927,0,0,0,0,0,11158,0,-12049,-23097,0,0,0,13606,0,0,12026,-13657,0
84532930,Team0,0,-14118,14704,0,0,-12700,12823,0,-12658,0,10985,-11858,0,0,0,0,0,13830,-14315,0,11756,0,0,0,0,0,0,0,0,-13999,0,0,12276,0,0,0,0,0,0
84532934,Team0,0,0,14217,0,0,13048,0,0,11896,0,0,0,0,-16745,0,0,0,0,0,-15042,10467,0,0,0,0,0,0,-12558,-12405,0,-12714,-12989,0,0,0,14071,12304,0,0
84532935,Team1,0,0,14280,0,0,16390,12978,0,0,-11345,0,-10643,0,-11677,0,-9987,0,0,0,0,0,0,0,0,0,0,0,0,0,-16036,12661,0,0,-15171,12418,0,12359,0,0
84532966,Team0,0,0,0,0,0,0,0,11672,-14232,-12118,0,0,0,11681,0,0,0,16138,0,17781,-13405,0,0,0,-12557,0,0,15663,-15517,-15052,0,13824,0,0,0,0,0,0,0
84533022,Team1,0,12488,-11560,0,0,11185,18797,0,0,0,0,0,13082,0,0,13381,0,0,0,0,0,-15500,-12173,0,0,0,0,0,-13397,0,0,0,0,-12828,-15506,0,0,13240,0
84533026,Team0,0,0,0,0,0,13971,-12375,0,14787,0,0,16319,0,-15047,0,-12880,0,-12660,13288,0,19522,0,0,0,0,0,0,0,14949,0,-11503,0,0,0,-11276,0,0,0,0
84533027,Team1,0,0,0,0,-12394,0,0,0,-12653,0,11565,13790,11551,-15354,0,0,0,9459,-12736,0,-21022,0,0,0,0,-12823,0,0,0,20286,0,0,0,0,0,0,0,0,13403
84533063,Team1,0,0,0,0,0,0,18189,-12559,0,0,0,0,0,0,10775,-14180,0,-14864,0,-16337,0,-10116,11603,-15071,13873,0,0,11807,0,0,0,0,0,12129,0,0,0,0,0
84533089,Team0,0,0,-15842,0,0,-12438,0,0,14095,0,0,0,0,12519,0,-14456,0,0,0,12735,12183,-11537,0,0,0,13771,0,0,0,0,-13798,0,0,0,12549,0,-11785,0,0
84533101,Team1,0,-15813,0,0,0,-14312,0,0,0,0,0,12670,0,0,0,-12203,0,0,0,0,15758,13462,0,0,0,0,0,0,0,14333,-14223,0,-11183,11890,-13053,0,13168,0,0
84876748,Team1,0,0,-18265,0,0,0,0,0,6725,0,0,0,0,0,0,0,11418,5167,0,0,0,0,-14945,-14226,0,0,-15438,0,7643,6878,-15636,0,0,-14227,10226,0,0,0,0
84876780,Team0,0,0,0,0,0,0,0,0,12283,0,0,0,0,0,-12712,0,-11835,0,0,13789,13664,11741,13627,0,0,-16541,0,-14342,0,0,0,0,12639,0,0,0,-12471,-11025,0
84876796,Team0,0,0,-10981,0,0,-11027,0,0,0,0,-12171,0,-12727,14565,0,0,0,0,0,15224,-14370,-11331,0,0,0,0,0,18624,0,15631,18710,0,0,0,0,0,15401,0,0
84876882,Team0,0,0,0,0,0,-13148,13574,11788,0,0,0,0,0,0,0,-13942,0,14410,0,10108,-12064,13439,0,-12848,0,0,14377,0,0,-12914,0,0,0,0,0,0,-14201,0,0
84124910,Team1,0,0,0,0,15234,-10143,13345,0,-10603,0,0,0,0,0,0,14568,0,0,0,0,13345,-11730,0,15211,0,-14766,0,0,-15020,0,0,15642,0,0,0,0,0,0,-13200
84125030,Team0,0,0,-13651,0,0,-11751,0,0,0,11185,0,0,10720,-13296,-14200,0,0,0,0,0,0,0,0,0,-13744,0,0,13671,0,0,12828,0,0,0,14905,0,-11858,13229,0
84125052,Team0,0,0,0,0,0,-8842,0,18698,0,0,0,-13328,13068,12481,0,12684,-13368,0,0,0,0,0,0,-16437,0,0,0,0,0,-12553,14007,-11542,0,0,0,0,0,17633,0
84125057,Team0,0,12212,0,0,0,0,0,0,-11182,0,0,0,0,0,-11292,0,0,12351,0,11757,-12383,0,0,0,0,0,11082,-15417,0,0,0,0,12471,-10172,0,0,-12054,0,12649
84125146,Team0,0,0,0,0,0,0,0,13548,0,0,0,13512,0,0,0,0,0,13000,0,0,-13700,0,-11374,0,0,-10393,13493,-9552,0,15612,-11069,0,0,0,-9874,0,0,12417,0
84125175,Team0,0,-13017,11733,0,-11797,12875,0,0,0,0,0,0,13991,0,0,0,0,0,15268,0,10615,-11613,-11836,0,12838,0,0,0,0,0,0,0,0,0,-13015,0,0,-12732,0
84125178,Team1,0,15999,-15479,0,0,11710,0,0,0,0,0,11105,0,0,-17200,0,-12698,-14776,10365,0,12790,10943,0,0,0,0,0,0,0,0,0,-13893,0,0,-17431,0,0,0,0
84125204,Team0,0,0,12975,0,0,-11663,0,-13052,11484,0,0,-11504,0,0,0,0,0,11269,-10843,12158,-13574,0,0,0,0,-12622,0,0,0,13511,0,0,0,0,0,0,13145,0,0
84154561,Team0,0,0,-11932,-12190,0,0,-18515,-12176,0,14663,0,16547,-12332,0,0,0,15139,0,0,0,0,15062,0,0,0,0,0,0,16212,19244,0,0,0,0,-14656,0,0,0,0
84154584,Team0,0,0,0,0,0,0,-12415,0,12311,0,0,0,0,-11594,0,0,0,15410,0,0,-15081,0,0,0,0,-12215,0,18877,0,0,-16529,-12109,0,0,13398,0,0,16480,12714
84154598,Team1,0,0,0,0,0,0,0,0,0,0,0,14156,0,-15278,0,-14139,0,12384,-17635,0,-13473,11400,0,0,0,0,0,0,-15169,15096,-21681,0,0,13462,0,0,12043,0,0
84154615,Team0,0,0,0,0,0,0,0,0,12326,13340,0,0,0,-10717,0,12223,0,0,-14100,0,0,0,0,-13479,16174,0,0,-12603,-11283,0,0,0,0,0,-12846,12829,0,14553,0
84154625,Team1,0,0,0,0,-11691,13481,0,14594,0,0,0,14586,14657,0,0,0,0,0,0,0,13481,-12906,-13845,0,0,0,0,0,-14765,14253,0,0,0,0,-16393,-11735,0,0,0
84154651,Team0,0,0,0,0,11314,0,0,0,0,0,0,13391,0,15746,0,0,0,-11488,0,-16454,0,0,0,14322,-14295,0,-11679,0,0,-12573,19175,11879,0,0,-13414,0,0,0,0
84154695,Team1,0,0,0,0,-17560,12336,16435,0,0,11603,0,0,-11969,0,10730,14365,-11910,0,0,0,0,0,0,0,0,0,0,-15715,11396,0,-19948,0,0,0,0,0,-15391,0,0
84154712,Team0,0,0,-14278,0,0,14562,0,0,0,0,0,0,0,13830,0,0,0,-10026,0,0,12547,-10262,0,0,0,13130,-15214,17242,-11635,0,-12059,0,0,0,0,0,13626,0,0
84154770,Team1,0,-15208,0,0,0,0,-11986,0,0,0,0,-12679,0,0,0,0,0,0,0,0,14089,0,-10614,0,0,0,0,13605,0,0,15475,11983,13414,-13063,0,0,0,15133,-11768
84368803,Team0,0,0,14712,0,0,-14704,0,0,0,0,0,0,0,-11547,13555,-12371,0,0,0,0,0,0,-10661,0,0,0,0,0,-12752,-10582,0,12006,0,13505,14255,0,0,13821,0
84368862,Team1,0,0,0,0,0,13151,0,-12278,0,-14524,0,11951,0,12266,0,0,0,-14929,0,0,0,0,0,0,0,0,0,0,-11858,-16933,0,0,-14734,0,14005,0,9911,12698,0
84368869,Team1,0,0,0,0,0,0,0,0,0,-10795,0,0,0,0,0,-10882,0,-12056,0,0,11672,0,0,0,0,-11330,13137,15581,0,0,0,0,0,17340,-13724,0,14207,12023,-13334
84368871,Team0,0,0,0,0,-10549,0,16251,15094,-14516,0,0,0,0,-11335,0,0,0,0,0,0,0,16091,13980,-14494,0,0,0,0,0,0,-11647,0,0,0,0,0,-11429,14713,15045
84368890,Team1,0,0,-16053,13734,0,0,-14146,0,0,15406,0,0,0,12628,13218,-16427,0,0,0,0,0,-14803,0,0,0,0,-14553,0,0,15920,0,0,0,0,0,12431,0,-13208,0
84368914,Team0,0,10841,0,0,0,0,16120,0,-13645,0,0,12234,0,0,0,0,0,0,0,0,15249,-14300,0,0,-16447,0,0,0,0,-15996,0,0,0,12982,11739,0,0,-15995,-13087
84368915,Team0,0,17148,-13222,0,0,-11948,-15924,0,0,0,10666,19482,0,0,0,0,0,0,0,0,0,11042,0,0,0,0,0,0,0,0,0,12573,10737,0,0,0,-12157,-12792,-13181
84368983,Team1,0,0,0,0,0,0,0,0,10173,10507,0,0,0,-14073,0,12681,0,0,-12679,0,10630,0,0,0,-11662,0,0,0,-12005,0,14644,0,0,0,14330,-16991,0,-12160,0
84096257,Team1,0,0,-14035,0,0,-12250,15464,-13773,0,0,0,-18620,0,14346,0,0,0,0,0,0,20738,0,0,0,0,0,0,0,0,0,0,0,0,-11694,-13243,0,13223,11668,13353
84096296,Team0,0,0,0,0,0,0,0,0,10736,0,0,13606,0,-10024,0,0,0,12465,-10963,-10550,0,13430,0,0,0,0,0,-13667,0,16887,0,0,-13183,-16027,0,13851,0,0,0
84096329,Team0,0,0,0,0,10820,0,0,0,-14080,11607,13237,0,0,-12798,0,0,0,0,-12336,-12296,15032,0,0,0,0,0,0,-14523,0,0,0,0,0,-13238,13317,0,13377,0,0
84096370,Team1,0,0,-20418,0,0,-13676,0,0,0,11312,0,-14699,15412,13555,0,0,0,0,0,0,0,0,0,0,0,-14066,0,0,12585,12397,0,-14162,0,-15272,0,10675,0,0,0
84096372,Team0,0,0,0,0,0,0,0,-11617,0,0,10005,-11678,13196,0,-12006,0,0,-12574,0,-13574,0,-12981,0,0,14351,11127,0,0,0,0,0,0,0,0,0,0,0,11159,10769
84096405,Team0,0,0,0,13858,0,16501,0,0,0,0,0,15765,0,-15252,0,0,0,0,-14871,0,0,0,-12057,-14200,0,0,0,17161,11674,0,0,12499,0,0,0,0,0,-15148,-12888
84096406,Team0,0,0,-22937,-12551,0,12178,0,-11333,-11875,0,12461,13013,-11339,0,0,0,0,0,0,0,14010,0,0,17134,0,-13749,0,0,0,0,0,0,0,0,11373,0,0,0,0
84096424,Team0,0,-14718,0,0,0,-12235,15759,0,0,13456,0,-12849,0,13802,0,0,0,0,0,0,12909,10309,0,0,11022,0,0,0,0,0,0,0,0,-12378,-20181,0,-11760,0,0
84096439,Team1,0,0,0,0,0,0,0,0,13296,0,0,-13354,0,-16013,0,0,0,0,-12056,0,-13507,0,0,0,0,0,0,-14575,0,15194,15807,10186,0,-12862,0,13799,0,0,12871
84096445,Team0,0,-16757,0,0,0,0,0,0,-13909,12194,0,-18747,0,0,12628,13066,0,-14001,-12598,0,0,0,0,0,0,0,0,0,0,13589,12384,0,0,0,13922,-12794,0,0,0
84096458,Team1,0,0,0,0,15700,-14350,-12936,0,10848,0,0,12792,0,13068,0,0,0,0,10346,0,0,0,0,0,-13510,0,0,0,0,0,14234,0,0,-15318,-16814,0,-14882,0,0
84096463,Team0,0,-11627,16116,0,-12027,11563,0,0,-12343,0,11094,12479,0,11740,0,0,0,0,0,0,-12129,0,0,0,0,0,-10737,0,11974,-10431,0,0,0,0,0,0,0,0,0
84096497,Team1,0,0,0,0,0,11725,0,13773,0,0,0,0,0,0,0,0,0,0,-12668,0,0,-12226,0,0,-13989,0,0,0,0,0,0,0,12700,-13285,-12666,13198,0,0,0
84594401,Team0,0,0,13881,0,0,12125,0,14210,12586,0,0,0,0,0,0,0,0,-10988,0,0,-12575,0,0,-12007,0,-14968,0,11779,0,0,0,-10616,0,0,-12398,0,0,12483,0
84594427,Team1,0,0,14212,0,0,0,0,0,-13847,0,-13115,-14985,0,12986,0,0,0,12115,0,-13974,-13774,-14292,0,15590,0,0,12916,0,0,0,13620,0,0,0,0,0,0,0,0
84594438,Team0,0,13285,0,0,0,-11155,0,0,-11291,10844,0,0,0,-13933,0,13506,0,-12134,0,0,0,9395,0,0,12136,0,0,0,-14873,0,0,0,0,0,0,12066,-11241,0,0
84594518,Team1,0,-13728,0,10981,-14716,-14392,0,0,0,0,0,12304,0,0,0,0,13109,10937,0,0,0,0,0,0,0,0,0,0,0,16337,0,-12802,0,0,-14166,0,12683,0,-15171
84594685,Team1,0,-13019,11930,0,0,0,0,0,11654,0,0,13037,0,-14478,0,-11904,0,0,0,-12468,0,11589,0,0,0,10542,0,0,0,-14425,0,0,0,0,-12054,0,9428,0,0
84938778,Team1,0,0,-2973,0,0,-10448,0,0,-2973,0,0,852,726,0,0,0,0,0,0,726,-2898,0,0,0,0,0,0,0,-2898,0,0,852,0,852,-11156,0,0,852,0
84938796,Team0,0,0,-14000,0,0,0,-15201,0,13001,0,15013,0,0,0,0,0,0,0,0,0,-12620,0,0,0,0,0,0,11104,-12021,0,15342,0,0,-10889,11525,0,-14437,14937,0
84938916,Team0,0,0,16830,0,-13716,14635,-13916,12200,12662,0,0,0,0,-13789,0,0,0,-14187,0,0,0,0,0,-18213,12506,0,0,0,0,13271,0,-12555,0,0,0,0,0,0,0
84938940,Team0,0,0,0,16090,0,0,-12692,0,0,14280,-10948,12949,0,-11714,0,0,15741,0,0,0,-11713,0,0,-16676,13056,0,0,0,0,0,0,0,0,0,0,0,0,-13101,14753
84938988,Team1,0,-11554,-13574,0,0,-14604,18942,0,-12995,0,0,0,0,-13070,0,10657,10476,11860,0,0,0,0,0,0,11832,0,0,0,-14511,0,0,0,0,0,10915,0,0,0,0
84939008,Team1,0,12699,-13940,0,0,14621,0,0,0,0,0,0,10574,0,-14555,0,0,0,0,0,-13970,0,12465,0,0,0,0,0,0,12781,0,-13496,0,-14074,-16812,0,13129,0,0
84939035,Team0,0,-11436,0,0,-15376,0,0,0,-11502,0,0,0,0,0,0,0,11330,0,-11625,0,-14231,0,0,0,0,0,0,16213,0,17726,0,0,0,0,-12961,0,14773,15019,14347
84939048,Team1,0,0,-15890,0,0,0,11225,0,-12521,0,14391,-16197,14354,0,12807,-11390,0,0,0,0,0,-11859,0,0,0,0,12041,0,0,0,0,0,0,0,13686,0,-17420,0,0
84689260,Team0,0,-13809,0,0,0,0,20291,0,-13695,0,0,0,0,14154,0,0,-18499,14000,0,0,16152,0,0,-17337,0,0,0,0,-12621,-13247,0,0,0,0,16148,0,13171,0,0
84689325,Team1,0,0,14738,0,0,11878,-14464,0,13361,0,0,14252,0,0,0,-11874,0,12901,-11864,0,0,-14259,0,0,0,0,0,0,-12383,0,0,0,0,-13281,15402,0,0,0,0
84689362,Team0,0,0,-12862,-13426,0,0,-16222,0,0,0,12309,0,0,-13526,0,0,13709,0,0,0,11691,0,0,0,0,0,0,0,16980,11405,0,14756,0,-10737,0,-15282,0,0,0
84689438,Team0,0,-12246,17267,0,0,0,-17800,0,0,0,0,0,17942,0,-15732,0,-11800,14317,0,0,0,0,14615,0,0,0,0,0,0,0,0,0,0,0,14814,0,-11664,13016,-10009
84971950,Team1,0,14198,-12034,0,0,-12645,0,-16471,12472,0,0,0,0,0,0,-12467,0,12568,0,0,-13113,12883,0,0,0,-14089,0,0,16544,0,0,0,0,0,0,0,0,0,12869
84971952,Team1,0,0,0,-12858,0,-16445,0,0,0,0,0,14257,-12926,0,0,15164,0,0,-12924,0,-14234,13910,0,0,0,0,0,16950,0,0,0,0,0,0,14878,0,13791,0,-12527
84971958,Team0,0,-13624,0,0,0,13209,11133,-13060,17517,0,0,14722,0,-13034,-13709,0,0,0,0,0,14082,-12820,13770,0,0,0,0,0,0,-16207,0,0,0,0,0,0,0,0,0
84971960,Team0,0,-10954,-16829,11948,0,14215,0,0,0,12125,-11998,0,12914,0,-14446,0,0,0,0,0,-12722,14415,0,0,0,0,0,0,0,0,0,0,-13586,0,0,0,0,0,16671
84972081,Team1,0,0,-13128,0,0,11177,0,0,10648,12285,-11130,0,0,0,-11019,15851,0,0,-11693,0,0,11325,0,0,0,0,0,0,0,0,14613,0,0,-15756,-13703,0,0,0,0
84972083,Team1,0,0,16164,0,0,-11456,13742,0,0,0,-12840,0,0,0,0,-13029,12558,12328,0,0,0,0,0,12508,0,0,13177,-13431,-11804,0,0,0,0,0,0,0,0,-10945,0
84972122,Team0,0,0,13967,-14110,0,0,-13172,0,0,14759,0,0,0,13171,15296,0,0,-9146,0,0,0,0,0,0,0,0,0,0,-17596,0,13349,0,-13740,-12168,16424,0,0,0,0
84972143,Team0,0,0,-11869,0,0,0,12331,0,11438,0,0,-13133,0,0,10744,0,0,13565,14839,12265,0,0,0,0,0,0,0,0,0,0,-11554,0,0,-11674,0,-14706,-10868,0,0
84972209,Team1,0,0,0,0,0,0,0,-12817,-12851,0,0,0,0,12729,0,0,0,-15858,0,16335,11160,-15341,0,16921,0,-20277,0,0,13291,0,0,0,0,0,11076,0,0,-15183,0
84972214,Team0,0,0,0,0,-12182,0,0,0,-12457,-10833,0,0,0,0,-13839,0,0,13287,0,0,13758,-13201,0,12817,0,0,0,-12494,0,12824,0,13258,0,0,14853,0,0,0,0
84972247,Team1,0,0,-12123,0,0,0,19074,0,0,-12124,0,0,13132,0,0,0,0,-11926,0,13573,0,0,0,0,0,0,11708,0,0,-16577,12223,0,0,0,-14043,10830,0,0,-14231
84972249,Team0,0,0,16882,0,14058,0,0,0,0,0,0,-13085,0,14788,0,0,0,0,0,0,0,0,0,-13286,0,0,0,0,0,0,-17334,0,0,0,14589,0,-11549,0,-14245
84626006,Team0,0,-10246,-12244,0,0,14819,0,-11307,-13577,13879,0,0,0,0,0,13347,-10831,0,0,0,0,0,0,0,0,0,0,16896,0,0,15019,0,0,0,0,0,12967,-10832,0
84626033,Team1,0,0,-18050,0,0,11673,0,0,13769,0,0,0,-13419,0,0,0,0,-13254,-11147,0,-14436,-11440,0,0,12354,0,0,0,10676,0,0,0,0,0,14188,10806,0,0,0
84626045,Team1,0,-16537,0,0,0,12054,0,13533,-13374,0,0,-15235,0,-10517,0,12698,0,11599,0,0,0,0,0,0,0,0,0,0,10360,0,0,0,0,-15123,11391,0,0,-19059,0
84626061,Team1,0,0,0,0,0,0,10456,10472,15192,0,-12104,-13142,0,-15377,0,0,0,11444,0,0,0,-12104,0,0,0,0,0,0,0,-13975,0,0,0,12093,0,0,11173,-12860,0
84626156,Team1,0,0,0,11796,0,0,0,0,0,-13526,0,-10939,0,0,0,-16050,11926,0,0,-14641,-11575,10901,0,0,0,12425,0,0,11767,-12372,0,0,0,0,0,11817,0,0,0
84626185,Team0,0,0,-13015,0,0,-12852,0,0,0,12696,12571,0,0,0,0,12031,0,-13413,0,0,-13083,0,0,0,0,0,0,-13120,16173,0,13950,0,0,0,10808,0,-12514,0,0
84626207,Team0,0,-13022,0,0,0,-9005,0,0,-10773,0,0,15075,0,0,-9875,0,0,0,-10726,0,0,10959,0,0,11755,0,0,0,-10266,0,0,13201,0,11754,0,0,0,14295,0
84626256,Team0,0,0,-13192,0,0,0,0,0,0,0,-10178,-12897,0,0,-10829,11848,-9418,13876,0,0,0,13878,0,0,0,-11452,0,0,0,13240,0,0,0,0,13335,0,0,13340,0
84065603,Team1,0,-15262,0,0,0,-13362,0,0,0,-11495,0,12232,0,0,0,0,11774,0,0,0,-12468,-13342,0,0,-11911,0,0,12705,0,15695,0,0,0,0,13453,0,0,0,12358
84065640,Team0,0,11709,0,0,0,0,0,0,0,0,0,10285,0,11710,0,-11548,0,0,12644,0,16254,0,0,-14292,0,0,-19631,-15416,0,-12660,0,-11921,0,0,0,0,0,0,17378
84065704,Team1,0,0,0,12063,0,-12967,0,0,0,0,0,-13596,0,0,11704,0,0,0,0,0,-13328,0,-13383,0,0,0,0,12132,12343,-15695,0,0,-14306,14641,0,0,0,14466,0
84065708,Team0,0,0,0,-13197,-12755,12448,13706,0,14229,0,0,0,-12067,14571,0,0,0,-11194,0,-12680,0,-11193,0,0,0,0,0,0,0,0,0,0,0,0,13404,0,0,18080,0
84065761,Team0,0,0,0,13374,0,13241,0,0,0,9819,0,13324,0,15848,-12521,0,0,0,0,-13562,0,0,0,0,0,0,-12481,-15775,-15355,13169,0,0,0,0,0,0,-13594,0,0
84065809,Team1,0,-13938,17972,0,11124,0,0,-11822,0,0,14364,0,14040,12239,0,0,0,-13328,0,0,12682,-11748,0,0,0,0,0,0,-14026,0,0,0,0,0,-13119,0,0,0,0
84065837,Team0,0,0,11661,0,-16737,0,0,0,0,0,0,0,0,-12500,0,-13587,12883,0,13917,0,16812,0,0,13845,0,0,0,-13169,0,0,0,-11982,-12456,0,14345,0,0,0,0
84065870,Team1,0,0,0,0,-15760,0,0,12168,12264,0,0,0,0,-11999,0,0,0,0,-12401,0,13242,-12078,-14040,-13611,0,0,0,13629,10999,0,0,0,0,16116,0,0,0,0,0
84398466,Team0,0,0,0,0,0,-11220,-12050,0,-10851,0,0,-13444,0,0,0,13632,0,0,0,14678,13214,0,0,0,0,0,13156,0,0,10957,0,0,0,0,0,-10655,16643,-12063,0
84398647,Team1,0,-15504,0,14429,-13373,0,13534,0,0,0,0,0,-14661,0,0,0,0,13596,0,0,15820,0,0,0,0,0,-13053,0,-16496,0,0,12187,0,-13419,0,0,0,0,11604
84280055,Team1,-1,0,0,0,0,-16663,0,-11397,0,0,0,16596,0,9698,0,-12607,0,0,0,-18966,13186,0,0,-13132,9672,0,11998,0,0,0,0,0,0,11443,-12600,0,0,0,0
84280073,Team0,0,0,14808,11867,0,12308,-11881,0,0,0,0,12926,11932,-12834,0,0,-15894,0,0,0,0,0,0,-11497,0,0,0,0,-13682,-12779,0,0,0,0,13882,0,0,0,0
84280089,Team0,0,0,0,0,0,-9097,0,12760,-11432,0,0,0,0,11170,0,11146,0,0,12031,0,0,0,0,0,0,-14629,0,-9567,-11228,0,18475,0,0,-13291,0,0,0,0,12274
84280185,Team1,0,12043,-22524,-10035,0,0,0,12711,12736,0,0,0,10933,0,0,0,0,0,0,-15230,0,-10942,0,0,0,0,0,0,0,11719,17310,0,-14422,0,0,0,0,0,-10433
84280191,Team0,1,0,0,0,14121,0,0,0,0,13639,0,15562,0,0,0,-14259,17143,-9424,24392,0,0,-12867,0,0,0,0,0,14020,0,0,-13109,0,0,0,-11979,0,-9831,0,0
84280216,Team1,0,0,-12483,0,0,0,0,0,0,0,-11156,11314,0,0,0,-11671,0,-11601,0,0,0,-12701,14894,0,-13322,13437,11693,11629,13819,0,0,0,0,0,0,0,0,0,0
84500823,Team1,0,15292,0,0,0,14131,-14586,0,14415,0,0,13404,0,13084,0,0,0,0,0,0,0,0,-11589,-13727,-12835,0,0,0,0,12456,0,0,0,-15249,-11737,0,0,0,0
84656971,Team1,1,0,-16850,0,0,0,0,0,-13643,-16578,0,0,0,10063,0,0,0,-13952,0,11945,-12658,0,0,0,0,0,13756,0,12782,10898,0,0,0,0,-12978,0,0,0,11865
84656985,Team1,0,0,0,0,-9721,11714,14343,0,-15368,0,0,0,0,16383,0,0,0,0,0,-12061,-9263,-11786,11929,0,0,0,0,15149,12706,0,0,0,0,0,0,0,-10740,0,0
84657070,Team0,0,0,16625,0,14702,-11878,0,0,0,0,-12116,0,0,0,0,13621,12966,0,0,0,0,12909,13265,0,0,0,0,0,-11274,-12181,0,0,-13821,0,0,0,0,0,-10866
84657129,Team1,0,0,0,0,0,-14327,13690,0,0,0,-11074,0,0,0,0,11646,0,12947,0,0,-12360,0,0,0,0,-13142,0,-14159,0,0,0,0,0,12693,-14785,0,11897,12359,0
84002117,Team1,0,13027,0,0,0,0,0,10000,0,-13700,0,0,0,12596,0,0,0,-14032,0,8942,15252,0,0,0,0,0,0,-13245,0,0,0,0,0,0,0,0,0,-17747,0
84002167,Team0,0,0,0,0,-12808,0,-17596,0,11510,0,-12625,12115,0,-11745,0,10604,0,11507,0,0,0,13258,-10719,0,0,0,0,-12508,0,16713,0,0,0,0,0,0,0,0,0
84002168,Team0,0,-17187,0,12970,0,0,0,0,0,0,12025,0,12066,0,0,0,-10613,0,0,15632,0,0,0,0,0,0,0,0,0,0,14912,-11789,-11321,0,-12320,0,0,-12847,11912
84002239,Team0,0,15327,0,0,0,-13726,-16155,0,0,-12415,0,-11924,0,10859,-11917,12722,0,0,10319,0,0,-13965,0,0,0,0,0,0,0,0,0,0,0,0,0,15031,0,11693,0
84002249,Team0,0,0,0,0,0,0,-16041,0,0,-11909,14417,14167,0,0,0,0,0,-14635,0,13524,0,15598,0,12571,0,0,0,-15873,-17885,0,0,0,0,0,0,-14062,0,14274,0
84002254,Team1,0,0,0,0,0,0,0,0,0,0,0,13052,0,11495,0,0,-11752,15799,-13850,15732,0,11379,0,0,0,0,0,-14810,-14029,0,0,11195,0,0,-14097,0,0,-12106,0
84002287,Team1,0,0,0,-13509,0,-13402,0,0,-13304,0,0,-13297,0,0,0,0,0,-18712,0,0,0,0,-13361,13300,0,0,0,11997,0,0,17661,11208,0,0,0,11451,0,13739,0
84002290,Team0,0,0,0,0,0,0,-12697,0,-10329,0,-13031,0,0,-11260,0,0,0,0,0,0,-12684,14224,0,0,0,0,0,0,15137,14972,0,11972,0,14661,0,0,0,-14519,16761
84002292,Team1,0,0,-16183,0,0,13060,0,15562,11575,0,0,0,0,0,-18370,0,0,-13499,-15576,0,0,0,0,0,0,13778,0,13641,0,0,0,0,-13416,11189,0,0,0,0,-13037
84002314,Team0,0,-14691,0,0,0,0,0,0,0,14437,0,15628,12560,17740,0,0,-10989,0,12796,0,0,-10665,0,-15525,0,-15169,0,14542,-11758,0,0,0,0,0,0,0,0,0,0
84002316,Team0,0,0,-14151,0,0,-12663,0,0,0,0,-13171,-15967,12666,12635,0,0,0,0,0,0,0,0,0,0,12381,11762,-12174,0,0,15760,0,0,0,0,0,-11615,0,13426,0
84002323,Team1,0,13478,0,0,0,13164,0,0,-12620,-10756,0,-15244,0,12550,0,0,0,-13772,0,0,0,0,0,0,0,0,11765,12172,-14353,12759,0,0,0,0,0,0,0,0,-13519
84818139,Team1,0,-15464,-13491,0,0,15769,0,0,0,11859,-13664,0,0,0,0,0,0,0,0,0,-14292,-12115,0,0,0,12935,0,14003,0,0,0,0,0,0,-12718,0,10921,12523,0
84818161,Team1,0,0,-19262,13810,0,0,-13720,0,0,0,0,0,11453,-15325,0,0,-12349,-13861,11451,0,0,0,0,0,0,0,0,0,0,12884,13748,0,0,11064,-12961,0,0,0,0
84818181,Team1,0,0,11197,0,-14834,0,0,0,12603,17639,0,0,0,0,0,-13619,-11570,16585,0,0,0,0,0,18584,0,0,-18877,0,-18669,0,0,0,0,0,0,6853,0,0,-11571
84818233,Team1,0,13238,0,0,0,0,-20381,0,0,-14348,9774,13620,0,0,0,0,0,13580,0,0,-13762,0,0,0,0,0,-13750,-16723,0,0,0,0,14194,-16221,0,12125,0,0,0
84818255,Team0,0,10963,0,12194,0,0,0,0,0,-11327,0,0,0,-14589,0,-12479,0,-12030,0,0,0,0,0,0,0,0,14010,-13232,0,11601,0,0,0,0,14677,0,9495,-11570,0
84818261,Team1,0,0,0,-11966,20699,0,0,0,0,-14165,0,-13617,0,0,0,0,0,0,0,0,-12418,0,0,0,0,0,14419,13304,0,0,0,0,10288,-16395,-13666,0,2003,17328,0
84818299,Team0,0,0,0,-11826,0,12906,16071,10120,0,0,-12973,0,0,10887,0,0,0,-14163,0,0,0,-10953,0,0,0,0,0,11419,0,0,0,0,-13034,0,0,12404,0,-12181,0
84818300,Team1,0,13653,13780,-17338,0,0,0,0,12711,0,0,0,0,0,13947,0,0,-15258,0,-18772,0,-13082,0,0,0,0,0,0,0,0,0,-13896,0,11553,0,12614,0,0,-12885
84818355,Team1,0,12816,0,-10503,0,-13033,0,0,0,-14950,0,14639,0,0,0,-10627,10394,0,0,0,0,-12665,12084,0,-13493,0,0,0,0,16495,0,0,0,0,11430,0,0,0,0
84818357,Team0,0,0,0,0,11192,0,0,0,-11617,0,10335,0,0,0,0,0,-13527,0,-12109,18303,-13632,0,0,-13298,0,-13386,10313,0,13410,0,0,0,0,0,13888,0,0,0,0
84846400,Team1,0,15188,0,0,0,13702,0,0,0,0,0,0,0,13484,0,0,0,0,-16120,0,0,0,0,0,12401,12281,0,-20742,0,0,-12880,12670,0,-11292,-11754,0,-12375,0,0
84847153,Team1,0,0,0,0,0,0,0,0,0,0,0,0,0,11835,0,0,0,0,0,0,0,0,0,0,0,0,0,0,0,0,0,0,0,0,0,0,0,0,0
84035132,Team1,0,0,-12683,0,10768,0,0,0,0,0,0,14389,0,12039,0,0,-11725,-10654,0,0,0,0,0,0,0,0,0,-10444,17095,0,0,12450,0,14337,0,0,-10325,-13242,0
84035182,Team1,0,0,16174,0,0,0,0,0,0,-11985,0,-12180,-11661,0,0,0,0,-12313,-10834,0,-16118,10425,10285,9907,0,0,0,0,10416,0,14743,0,0,0,0,0,0,0,0
84035284,Team1,0,0,11822,11631,0,0,-16152,0,-13739,0,0,0,0,0,0,10670,0,-16748,-14501,0,-14717,0,10947,-16826,0,0,0,16726,0,0,0,0,0,0,0,0,0,0,10511
84035368,Team1,0,0,11164,0,11778,0,0,0,0,0,0,0,0,-10531,0,-11746,0,-13163,0,0,0,13431,-10620,0,9708,-12066,0,0,0,-14041,0,12285,0,0,11937,0,0,0,0
84035412,Team0,0,0,-15539,11457,0,0,16044,0,0,0,0,-12971,12544,-13081,0,0,0,0,10921,-17987,-8898,0,-12154,0,0,0,0,0,0,0,14799,0,0,0,0,0,0,0,13489
84310932,Team1,0,11062,-15206,0,0,0,0,0,12931,0,0,0,0,0,-15117,0,-14561,0,-13351,0,12542,-14181,0,0,0,0,0,0,-14961,15025,0,0,10730,0,0,0,0,10722,0
84310943,Team1,0,0,0,0,-14462,0,0,0,12081,-13432,12178,-16985,0,-14926,-14108,0,0,0,-14156,0,0,0,0,0,0,0,0,13072,0,18951,0,0,0,0,0,0,0,12812,14138
84310945,Team1,0,-10609,0,-11941,0,16761,0,-12035,0,0,0,12699,0,0,0,0,0,13836,0,0,-10358,-14383,15754,0,0,0,0,13153,0,0,0,0,0,0,0,0,12894,-11400,0
84310973,Team0,0,0,-12715,0,0,0,15686,0,0,0,0,0,0,0,0,14943,0,13482,0,0,-11691,0,14326,0,13435,0,-11320,0,0,-13428,0,0,0,0,-11004,0,-12325,15756,0
84311015,Team1,0,0,-18982,12367,0,0,0,0,12022,0,0,0,0,-13233,0,0,11632,13415,12117,0,0,0,0,0,-10886,-14785,0,11318,0,0,0,0,0,-10847,-15837,0,0,0,0
84755706,Team0,0,0,0,0,11737,0,-13163,0,0,0,-10404,0,0,12256,14129,-10643,0,11608,0,0,-13728,0,0,-10528,0,0,0,0,0,0,0,0,0,-8989,0,13406,12423,0,0
84755886,Team0,0,0,0,0,-11224,0,0,11537,-12341,15219,0,20962,-13660,0,0,0,0,15132,12785,-19412,-14534,0,0,0,0,0,0,0,0,0,0,0,0,0,-17680,12223,0,0,0
84756698,Team1,0,0,6299,0,0,3749,-9150,0,0,-10816,0,-7157,0,-10748,0,0,0,0,0,0,5272,-10552,0,-10440,0,0,0,8990,0,0,0,0,0,6284,0,0,5307,0,0
84757176,Team0,0,0,-10402,0,0,0,16364,0,12155,0,0,0,0,0,0,0,0,0,-10582,0,-12554,0,0,0,14712,0,-11885,0,-14059,0,-12466,0,0,14479,14364,0,0,15299,0
84465935,Team0,0,0,-16641,0,0,0,0,0,0,0,0,0,-8355,0,0,0,-11614,9481,0,-11072,14973,0,0,0,0,0,0,0,-10213,0,0,0,0,0,0,-10577,13766,0,0
84465966,Team0,0,0,0,11595,0,-15244,0,0,16118,-11238,11468,-16913,0,0,0,0,0,-10908,0,14355,13320,13438,0,0,0,0,0,0,0,0,0,-10985,0,0,-12267,0,0,0,0
84466030,Team0,0,0,-17848,0,0,0,12085,0,0,0,0,13439,0,0,0,-12188,9862,11677,-10064,0,-16097,0,0,0,-13384,0,0,0,12904,0,-16103,0,0,0,12838,0,0,0,0
84466068,Team1,0,-14923,13166,0,0,0,0,13371,0,0,10840,-14502,-14429,0,0,0,-12344,0,-12670,0,14560,11064,0,0,0,0,0,0,0,0,-13295,0,0,0,0,0,0,0,11323
84466107,Team1,0,-12329,0,0,0,0,15405,0,0,0,0,0,0,0,-12074,0,9333,0,0,-16355,0,15419,0,0,0,0,0,-14109,16100,19000,0,-10958,0,-10845,0,14735,0,0,0
84466158,Team0,0,0,-15058,18103,0,0,0,13813,0,0,-4865,0,0,0,0,-11958,17345,-13179,0,0,12700,13953,0,-12246,0,0,0,0,15229,0,0,0,0,0,0,0,0,0,-14164
84466160,Team1,0,0,0,0,0,0,-11129,0,-11249,0,0,0,0,0,13161,11633,0,-13476,12441,0,-11946,10559,0,0,0,0,0,0,-12576,13362,14647,0,-10298,0,0,0,0,0,0
84466239,Team0,0,0,16549,0,0,13423,14843,0,0,0,0,0,0,0,-14234,0,0,0,0,0,11011,0,0,-13084,0,0,0,0,0,-16062,0,14127,0,-11534,0,13800,-10768,0,-11419
84466241,Team0,0,0,0,0,0,11507,0,0,0,-13425,0,15525,0,0,0,0,0,0,0,0,-10614,-10771,-10165,0,0,12543,0,-11544,0,-16648,0,0,0,11213,13522,0,11904,0,0
84466242,Team0,0,15095,15653,0,0,0,0,0,0,13107,0,0,0,0,0,0,0,0,0,-10988,13977,-10160,0,0,0,0,0,12343,-12556,-14087,14192,0,0,-13960,0,0,-11552,0,0
84466350,Team0,0,13225,0,0,13115,13321,0,0,0,0,0,0,0,12919,0,-11509,0,-11201,0,0,0,-10405,0,-15225,0,0,-10465,0,0,0,0,0,0,-14568,12345,0,14417,0,0
84905897,Team1,0,0,-16701,0,0,0,0,0,0,-15583,0,0,0,0,-13916,0,0,-15870,10948,0,12960,-12905,0,14317,0,0,0,0,0,13525,0,0,13261,13412,-14247,0,0,0,0
84905922,Team1,0,0,0,-14672,11718,0,0,0,0,0,-18564,0,0,-12288,0,0,0,0,0,-13934,-13711,0,0,-17960,0,0,0,0,13147,0,0,0,0,10616,12073,0,14238,0,10892
84905923,Team1,0,0,0,0,0,-11633,0,0,0,-11869,0,-16074,0,-16815,0,-12468,0,15535,0,0,0,0,0,16501,0,-14181,0,0,12060,0,15407,0,13388,0,0,0,12001,0,0
84905954,Team1,0,0,-15670,0,0,0,18983,-18444,10480,0,-13487,-13572,0,0,0,0,0,0,-13044,0,9803,0,0,0,13435,0,0,0,0,0,13291,0,0,-11912,0,0,12666,0,0
84906054,Team1,0,0,0,0,0,0,-14587,0,13675,-11086,12036,12926,0,-11850,-13801,0,0,0,0,0,0,0,0,0,14335,0,0,0,0,17853,0,0,0,13180,-15608,0,0,-13112,0
84906109,Team0,0,0,0,0,-11443,0,16356,12839,-10149,0,0,0,0,-11324,0,0,0,0,0,0,0,10358,0,0,-11526,0,0,12257,0,-21506,0,0,0,0,-11582,0,10558,0,11636
84906110,Team0,0,0,0,0,0,0,0,12406,12002,0,0,12740,0,0,-12465,12893,0,14212,-12956,-14363,0,11342,0,-15267,0,0,0,0,0,0,0,0,0,0,-12640,0,0,-13796,0
84906136,Team0,0,-16519,0,0,0,0,12134,-15064,0,14872,0,0,-13668,0,0,0,0,-15866,0,-14377,0,15884,0,0,0,0,0,14836,11339,0,0,0,0,10178,-15622,0,0,0,0
84906154,Team1,0,0,0,0,0,0,0,-13193,0,0,13089,12398,0,-15634,0,12875,0,0,0,0,14611,13377,0,0,0,-15820,0,-15576,0,0,0,0,0,-13973,12881,0,0,0,-14325
84906263,Team0,0,-13025,19385,13436,0,0,0,0,0,0,0,15144,0,0,0,-12545,12492,0,0,0,11880,-15520,0,0,0,0,0,0,0,-13566,-14039,0,-13609,0,0,0,0,12904,0
84906281,Team1,0,0,0,-10284,0,0,0,-14900,11442,10508,0,0,0,0,0,12146,0,0,0,-13061,11753,13069,0,0,0,0,0,0,0,0,12227,0,0,-11481,-11370,0,0,0,-14066
84906290,Team1,0,0,0,0,0,0,-15254,0,-10828,0,0,15343,0,13103,0,0,0,0,0,12193,-15409,0,0,0,0,0,0,0,-11937,12787,-11660,-10416,12351,0,0,0,0,14038,0
84906307,Team1,0,0,14975,0,11561,0,0,13253,0,0,0,0,0,12085,0,-11633,0,0,0,0,13114,0,0,0,0,0,0,-16114,0,-13789,-16233,-11519,0,-10671,12278,0,0,0,0
84906308,Team1,0,0,0,0,0,0,-22858,0,0,0,0,10056,0,0,-14905,0,0,9797,0,0,-15028,0,12783,0,0,0,0,13446,0,-16165,0,0,0,10004,12286,0,-15175,-15439,0
84906340,Team0,0,0,11957,0,0,0,0,0,-13302,0,0,0,0,0,-11826,0,0,0,0,0,0,0,12114,-15067,0,0,0,0,0,0,0,0,0,0,12437,-12428,0,-11836,12455
84724791,Team1,0,12995,0,0,0,-15523,-18038,0,0,0,0,0,0,11984,0,12195,0,-11156,0,0,0,0,0,0,0,0,0,14616,-14035,0,0,-11395,0,11432,-13477,0,0,15638,0
84724823,Team1,0,-15933,0,0,0,0,18106,0,11394,0,-11425,-12895,0,-13839,0,-13097,0,0,0,0,0,0,0,12808,14931,0,0,0,15841,0,0,0,0,-12897,11478,0,0,0,0
84724829,Team1,0,-13332,-16401,0,11272,0,0,0,0,0,0,0,0,0,-12306,0,0,0,11726,0,0,12243,-13316,13505,-13374,0,0,11684,0,0,0,0,0,10943,0,0,0,0,-12468
84724884,Team0,0,0,0,0,0,0,0,14915,0,0,0,0,0,0,0,-11666,13894,0,0,0,-13136,12781,0,15184,0,0,0,-11856,13184,13273,-18203,-11385,0,-13041,0,0,0,0,0
84724904,Team0,0,-13368,15121,0,0,0,0,13029,10756,0,0,12774,-11202,0,0,9339,0,-12798,0,0,-11626,0,0,0,0,0,0,13636,0,-12876,0,-11252,0,0,0,0,0,0,0
84724905,Team1,0,0,0,0,0,0,-14953,0,14745,-11972,9932,0,0,0,0,0,0,-12786,0,0,-14211,0,0,0,11824,0,0,0,10663,18303,0,0,-13912,0,-12041,0,0,0,12724
84217307,Team1,0,-14576,-11998,0,0,13724,15711,0,0,0,0,0,0,-13689,13851,0,0,0,0,0,-14953,0,11174,13817,0,0,0,0,0,16342,0,0,0,0,-11981,-11599,0,0,0
84217310,Team0,0,0,0,0,0,13862,0,-12827,-14105,0,0,-12093,0,0,0,15912,0,-9986,0,0,0,16445,0,0,0,0,0,0,0,15631,0,0,0,0,18572,-11737,0,13672,-10992
84217312,Team1,0,0,0,0,0,0,0,0,0,0,0,-12821,0,0,0,12442,0,0,10478,0,13963,0,-12017,0,-14111,0,0,0,10308,11543,0,0,11809,-11309,-19167,0,0,0,-12032
84217328,Team0,0,-15407,0,0,0,0,0,0,0,0,0,-14207,-13104,12781,0,0,0,0,-12812,0,0,-14939,0,14891,13680,0,0,-13202,14284,0,0,0,0,11792,0,0,12588,0,0
84217461,Team0,0,13769,0,0,-8951,0,18011,0,0,0,0,-11075,0,-9209,0,13492,0,0,0,0,13396,15555,0,0,0,0,0,0,12004,0,-11127,0,0,0,-16490,0,-8326,0,0
84217471,Team0,0,0,0,0,0,-13040,0,0,11846,0,0,0,0,0,0,-12252,0,12402,0,12834,-16943,9912,-14892,0,0,15188,0,0,0,-15163,0,0,0,0,-16181,0,10692,0,0
84217494,Team0,0,12337,13647,0,-11785,0,-13725,0,15513,11790,0,0,0,-14728,15846,0,0,-10576,0,0,10956,0,0,-13433,0,0,0,0,0,0,0,0,0,0,0,0,-11704,0,0
84249735,Team1,0,0,-14329,0,0,0,0,0,-13048,0,0,0,0,0,0,15350,0,-12720,0,0,11796,13904,-13202,-15505,0,0,0,0,0,15237,0,0,0,0,16916,-12179,13092,0,0
84249757,Team1,0,0,15346,0,0,0,0,0,0,-13608,11243,0,0,-10495,0,0,0,0,0,0,-11331,-14078,0,11773,0,0,0,0,-12940,0,0,0,0,11656,-14169,11563,14211,0,0
84249850,Team0,0,0,0,-13056,15530,0,-13446,0,0,13800,0,0,0,0,0,-12584,-14246,0,0,0,13468,0,0,0,0,0,0,14310,0,-15137,0,14322,0,-13050,0,0,0,0,15171
84249851,Team1,0,0,13522,0,13713,14089,0,0,0,0,0,-12564,17440,0,-11209,0,0,0,0,0,13388,0,-12560,0,0,0,0,0,0,-15763,0,14339,0,-12802,-12170,0,0,0,0
84249852,Team1,0,0,0,0,0,0,0,15886,0,0,0,0,0,0,0,13010,0,0,0,0,-10436,0,0,0,13752,-16142,0,0,0,14420,-12457,0,-12060,16782,16126,-12073,-12264,0,0
84249855,Team1,-1,0,0,0,0,15092,20287,-14162,-14296,11997,0,0,0,0,17235,0,0,0,0,0,-14501,-11024,0,0,0,0,12001,-12128,13318,0,0,0,0,-11291,0,0,0,0,0
84249873,Team0,0,14077,0,0,0,0,11883,-12564,-13744,0,0,0,0,0,0,13490,0,0,0,-10959,0,-11499,13631,0,0,0,0,0,-14228,14702,-11750,0,0,21089,0,0,0,0,0
84249889,Team1,0,0,13903,0,0,0,11170,0,-11595,0,0,0,15392,0,0,-11965,0,-11875,12891,0,12908,-10432,0,0,-13369,0,0,0,0,-13232,0,0,0,0,0,0,14793,0,0
84249903,Team1,0,0,0,0,0,0,-14534,0,-9290,0,11765,13862,0,0,0,12439,0,0,0,16621,0,18710,0,-11109,-13987,0,0,0,0,0,14701,0,0,0,0,0,-9790,0,-10168
84249951,Team0,0,0,0,15466,-12515,0,-14190,0,0,0,0,0,0,0,0,13651,0,0,0,0,0,0,0,0,0,0,0,0,0,0,0,0,0,0,0,0,0,0,0
84564943,Team0,0,0,-12820,0,13757,0,0,16519,0,14055,0,0,16680,0,0,0,0,-17026,0,0,0,0,0,0,0,0,0,13536,0,0,0,-12757,0,15158,-12997,-14318,0,0,-13878
84564970,Team0,0,0,-9868,0,0,13224,0,0,0,0,0,-7674,0,14479,0,14685,0,-8698,0,0,0,-12051,0,0,0,0,0,0,13641,15734,0,-14886,0,-13478,11130,0,0,0,0
84565005,Team1,0,0,-18242,0,-10430,0,0,0,0,0,0,0,0,0,9044,0,0,0,12021,10877,13758,-11174,0,0,0,18048,10987,0,0,0,0,0,0,-11851,0,0,-11592,0,-10920
84565030,Team1,0,0,10902,0,14874,0,0,14288,0,-10978,0,-12722,0,0,0,0,0,0,0,0,-11595,0,-11649,0,0,0,0,-11676,11408,0,-15852,0,0,11704,0,0,11516,0,0
84565108,Team1,0,0,11205,0,0,12321,0,0,0,0,-13051,0,0,0,10341,0,0,0,13353,0,-24616,-16327,12716,14473,-14129,0,0,0,-13364,0,0,0,0,0,-13575,0,0,0,0
84565130,Team1,0,0,-16080,0,0,-10857,0,0,0,13781,0,0,13656,16282,0,0,0,13077,0,12578,-13794,-12742,0,0,0,0,0,14831,0,-13320,0,0,0,0,0,0,-15346,0,0
84565180,Team1,0,0,-14338,0,0,0,0,0,0,0,11317,0,0,-14548,-15878,13266,0,0,0,0,0,0,0,-19299,0,0,0,12338,0,0,12639,0,0,12065,11626,0,-14539,-11716,0
84565212,Team1,0,15567,-11612,0,0,13227,16361,0,12631,0,0,0,0,0,0,0,0,0,0,-18001,-11725,-12219,14582,0,0,0,0,0,10937,0,0,0,0,0,0,0,-13538,-15603,0
84565266,Team0,0,24071,-5477,0,-7876,0,0,0,-12776,0,19502,17510,0,16167,0,16135,0,15959,0,0,0,-10174,0,0,0,0,0,0,-11746,0,0,0,0,-16444,0,0,0,0,0
84565283,Team1,0,0,0,0,0,0,0,13725,0,0,-14623,0,0,-12078,0,0,0,0,0,0,0,0,0,0,0,0,0,0,-14349,0,0,0,0,0,0,0,0,0,0
84183893,Team0,0,16666,0,0,-12846,0,-15488,0,-12615,0,0,11411,0,0,0,0,15700,0,0,0,-15176,-13533,-12521,0,0,0,0,0,11946,0,0,0,0,0,12694,12605,0,0,0
84183908,Team0,0,0,0,0,12408,0,0,0,0,0,-13591,-17345,13456,0,0,12592,11347,0,0,0,0,-13409,0,0,0,16561,0,0,-15577,20934,0,0,0,0,0,-12436,0,-15092,0
84183951,Team1,0,16203,14957,0,0,0,-16011,0,0,0,0,14332,-13120,0,0,0,0,0,13168,0,-19509,0,0,-15348,0,0,12532,-15076,0,0,0,0,0,0,12620,0,-17242,0,0
84183976,Team0,0,-11642,0,0,0,0,0,0,-17836,14451,0,0,13154,0,18095,0,-12214,0,0,12958,-12064,0,0,0,0,0,0,0,-15152,14608,0,0,0,0,-12197,0,0,0,14139
84183986,Team1,0,0,0,12031,0,-12967,-15201,0,13194,0,0,-12202,0,11570,0,0,0,0,0,-16643,0,11677,-16180,0,0,0,0,0,0,15149,18361,0,0,0,-14254,0,0,0,0
84184014,Team0,0,0,0,0,0,0,0,0,11983,0,-12204,-16618,0,-10751,-12494,0,0,0,11875,14956,14022,-12203,11402,0,0,0,0,0,0,0,-14796,0,0,0,0,0,0,0,12412
84184057,Team0,0,-14895,0,0,0,-13412,0,0,0,0,12237,17075,0,-13514,0,11701,12404,0,0,0,15815,0,0,-16538,0,0,0,0,-12794,0,0,0,0,0,-15791,0,0,0,13622
84184058,Team1,0,7043,0,0,-12801,6351,0,0,0,0,0,0,0,0,0,0,0,0,0,0,-14080,0,0,7129,0,0,0,-13140,7174,0,0,0,-13428,-12506,5538,3636,-12739,0,0
84184171,Team1,0,0,-15103,0,0,-13045,0,-11601,12534,13688,0,0,0,0,0,12832,0,14576,0,0,0,0,0,0,0,0,0,14767,-11174,0,17878,0,0,0,-13988,0,0,-17443,0
84184190,Team1,0,0,0,0,0,0,-18876,0,0,0,0,0,14782,0,0,0,-14078,12220,0,13136,-15442,0,0,0,0,9867,0,0,12092,0,0,0,18472,0,-14967,0,-14317,0,-12242
84184194,Team1,0,0,0,0,0,0,0,0,0,0,0,-14378,0,0,0,0,0,0,0,0,0,0,0,13232,0,0,0,0,0,0,0,0,0,0,0,0,0,0,0
84533186,Team0,0,0,0,-11247,0,14679,15852,14400,0,0,0,0,-12942,13508,0,12495,0,-13123,0,-11817,12261,0,0,0,0,0,-11924,0,0,0,0,0,0,-12467,0,0,0,0,0
84533199,Team0,0,-13821,-14477,0,0,12307,0,0,-10037,-12490,0,0,0,12250,0,0,-8844,0,0,18117,0,-13065,0,0,13535,0,0,15933,0,0,0,0,0,0,0,0,19087,0,0
84533288,Team0,0,0,16006,0,14102,-10850,0,-13836,-12645,0,13469,-14390,0,0,0,0,13302,0,0,0,-11693,0,0,16051,0,0,0,14887,-11271,0,0,0,0,0,0,0,0,0,0
84533334,Team0,0,0,-21094,13439,0,0,0,0,-13201,0,0,0,-11970,0,0,-11353,0,-10761,0,13719,14061,12689,0,0,0,0,0,0,0,0,0,0,0,0,-12617,0,15336,14270,0
84533366,Team1,0,9749,0,0,0,0,-22640,10564,-11601,-14837,0,0,0,-12015,0,0,-9971,0,0,0,11665,0,0,13168,0,0,0,14072,0,-11574,0,0,0,0,15002,0,0,0,0
84533367,Team1,0,18736,0,0,0,11141,0,0,13978,0,0,11978,-11398,0,0,0,0,-11179,-13450,0,0,12186,0,0,0,0,0,-12283,0,0,-18143,0,0,0,-12775,0,0,16374,0
84533370,Team0,0,0,16521,0,0,0,0,0,0,0,12578,13948,0,-14847,0,0,0,12399,-10936,-11739,12872,-11913,0,0,0,-11721,0,0,-11291,0,0,0,12044,0,0,0,0,0,0
84533411,Team0,0,0,-13820,0,0,0,0,11922,12036,-13551,0,0,0,0,0,-11114,0,12036,12893,0,-14101,12980,0,15283,0,0,0,0,0,0,0,0,0,0,0,-9879,0,0,-10977
84533478,Team0,0,-14222,0,0,0,0,0,0,0,0,0,0,0,-13456,0,0,0,0,11171,16130,-14192,14348,0,0,0,12390,-11787,-13170,0,0,0,0,0,13862,11640,0,0,-11305,0
84533532,Team0,0,0,12074,0,-11661,13612,0,0,-11904,0,0,0,0,0,0,12332,0,0,0,14492,-12129,-10444,12572,0,0,0,0,0,0,0,0,0,0,-17659,11480,0,-11828,0,0
84787096,Team0,0,0,0,0,0,0,-17657,-14360,0,0,0,0,0,-11773,0,13461,0,0,0,0,13518,12710,0,0,0,13460,0,0,-15383,-15612,16408,0,0,-13102,15125,0,0,0,0
84788281,Team1,0,-13525,0,0,0,-12480,0,0,0,0,-15465,-13635,13836,0,0,0,0,12045,15198,14619,0,-12934,0,-12344,0,0,0,0,0,15438,0,0,0,0,0,0,11291,0,0
84788346,Team1,0,0,0,0,0,0,-12230,0,0,11295,0,11600,0,-12119,0,-10119,0,-11988,0,0,11479,11662,0,0,0,0,0,0,0,0,0,-13756,0,-12506,10604,0,0,14658,0
84788428,Team0,0,17682,-12918,0,0,-11082,0,13707,14443,0,0,0,0,0,0,0,0,0,0,0,0,15262,0,-11410,0,0,0,0,15241,0,-13439,0,0,14610,-11569,0,-12130,0,0
84788509,Team0,0,-10677,13497,0,-13656,0,0,0,0,0,0,0,0,-10806,0,0,0,0,0,0,-13303,0,0,0,0,0,0,0,16573,0,0,0,14517,14811,-10801,0,-13384,16300,15944
84788607,Team0,0,11900,-14228,0,0,-12744,0,0,0,0,16760,11999,0,0,0,0,17204,0,0,0,-12729,0,0,0,0,-11439,0,0,-11824,0,0,0,0,0,13934,0,-11817,0,0
84875523,Team1,0,-20189,0,11947,0,0,0,0,0,-13169,0,-15690,-14314,-13446,0,0,0,-13817,0,0,0,0,0,0,14322,0,12340,0,0,0,12171,0,0,12946,12425,0,0,0,0
84875873,Team0,0,0,-12970,0,0,0,0,-11653,0,0,11344,10866,11874,0,0,0,0,0,0,13447,-13158,0,0,0,-13312,0,0,0,12429,0,12655,0,0,0,-11418,0,0,-15149,0
84876361,Team1,0,15301,-13314,0,0,-12208,0,0,0,0,0,12702,0,0,0,0,15663,0,0,0,0,0,0,16380,0,0,0,-14159,-13732,0,0,-14793,0,-14336,13418,0,0,12014,0
84876439,Team1,0,0,-17129,0,10718,0,0,-13186,12143,0,11187,-15019,0,-14185,10330,11676,-13582,-13364,0,0,0,0,0,0,0,0,0,0,0,0,0,0,0,0,0,0,0,12068,0
84876505,Team0,0,-13757,0,0,0,0,-13302,0,0,0,-12785,0,-12940,0,0,0,0,-10621,0,0,13417,-10350,0,0,0,0,0,16502,0,0,12944,15398,0,0,16228,0,0,13555,0
84876787,Team1,0,0,14908,0,0,0,0,0,0,0,0,-13688,13873,0,0,-14261,15660,0,-14269,0,-15308,0,-14466,0,0,13419,0,0,0,0,16904,0,0,-13812,0,0,13198,0,0
84876956,Team0,0,0,16673,0,0,0,0,0,-10661,0,0,-11829,0,0,0,0,-11374,13127,13990,0,0,0,-12773,0,0,0,0,19503,0,-12224,0,0,0,13348,12141,0,0,0,-12369
84338241,Team1,0,0,13105,0,0,13284,-17939,0,0,0,0,-11985,0,0,0,0,0,-10178,0,0,0,-14451,0,0,0,0,0,0,10949,0,12195,0,11743,-11579,11903,0,-12067,0,0
84338500,Team0,0,19435,-12121,0,0,0,0,11720,0,0,0,0,0,-11543,-9626,12223,0,-11614,0,0,12942,0,0,0,-13798,0,15536,0,0,0,15475,-12644,0,0,0,0,0,0,0
84338787,Team1,0,0,0,-15175,0,12587,0,-12930,0,0,0,0,11056,0,0,0,0,0,-12433,0,-12923,0,0,15873,0,0,0,0,0,15976,13258,0,0,-13691,0,0,12711,0,-12406
84339423,Team1,0,0,0,-13886,0,0,0,0,-12684,13275,-12683,12892,0,-17117,0,0,0,-13337,0,0,16408,-13254,0,0,0,0,0,0,0,0,0,0,13217,12997,0,0,0,0,10988
84339575,Team1,0,-18617,16388,0,0,13965,0,0,0,0,0,-13103,0,0,0,0,0,15851,0,0,-11621,0,-14523,0,0,0,0,15204,15183,0,0,14407,0,0,-17606,0,0,-12425,0
84096497,Team1,0,0,0,0,0,0,0,0,0,0,0,0,0,0,0,0,0,0,0,0,0,0,0,0,0,17266,0,0,-15290,14298,0,0,0,0,0,0,0,0,0
84096503,Team1,0,0,0,0,0,0,0,-12560,0,0,14835,-15424,0,15073,0,0,-13468,12540,0,0,-13160,14125,0,0,0,17888,0,14102,0,0,0,-11467,0,0,0,0,0,0,-9041
84096524,Team1,0,0,16273,0,0,0,0,0,-12025,12782,-9542,13385,0,12206,0,0,0,-11590,0,-14236,0,0,0,-12902,13077,0,12748,0,0,0,0,0,0,0,-11623,0,0,0,0
84096542,Team1,0,-9955,0,0,0,-12100,0,9828,0,0,0,0,-12723,10563,0,0,0,0,0,0,0,0,11808,16187,0,0,0,11259,0,0,0,0,0,11506,0,-11897,-11441,-13676,0
84096571,Team0,0,0,0,0,0,12521,0,0,-15994,10042,0,10763,12535,0,0,0,0,-10376,0,0,15186,-13459,0,-14442,0,0,0,-11775,-15695,12281,0,0,0,0,0,0,0,0,0
84096615,Team0,0,0,-14097,0,12397,-13142,0,0,0,0,0,0,0,0,0,11714,0,0,0,15986,11677,13792,-12151,0,0,0,12888,-12557,-11175,0,0,0,0,0,0,-10338,0,0,0
84096616,Team0,0,0,0,0,0,-11543,0,0,0,0,-13811,-11982,15528,0,18709,0,-16582,0,0,0,0,0,15376,0,13452,0,0,-12222,0,15375,0,0,0,0,-12323,15588,0,0,0
84096637,Team0,0,13598,0,11888,0,-14157,-14214,0,14431,0,-13267,0,0,14824,0,0,0,-12740,0,0,0,0,0,0,13402,0,-11707,-11460,0,0,0,0,0,13174,0,0,0,0,0
84369105,Team1,0,0,10323,0,0,-13945,0,0,12712,0,0,-18358,0,-13646,0,0,0,0,0,0,-18305,0,0,0,0,0,0,16418,10948,0,11717,10492,0,0,0,-13483,-15721,0,0
84369151,Team0,0,-12718,-13719,0,0,0,0,0,-14261,0,14194,-13190,0,12118,0,0,-13283,0,0,13106,13467,0,0,0,0,0,0,12908,0,0,0,0,0,0,15920,-12692,0,0,0
84369161,Team1,0,0,0,0,0,0,0,0,0,0,0,0,0,-11928,-13780,12214,0,15735,11202,-16272,0,0,0,14360,0,0,0,0,-13837,-11468,0,0,0,0,12372,0,-15072,18259,0
84369165,Team1,0,0,-15825,0,12396,0,0,12543,0,0,-15641,13094,0,0,0,0,0,-13996,0,0,0,-13116,0,-12900,13409,0,13051,0,-15464,0,12186,0,0,0,0,0,0,0,0
84369312,Team0,0,12387,0,0,0,0,0,0,-12431,11441,0,11034,0,10824,0,-10993,-13543,0,0,0,10028,11553,0,-13609,0,0,0,0,0,-15136,0,0,0,0,0,0,0,-17668,0
84369318,Team1,0,-15173,0,0,0,11483,0,0,-21060,11106,0,0,0,-13833,11707,13113,0,0,0,0,-13432,0,0,0,-13975,0,0,0,-12975,12037,0,0,0,0,15676,0,0,0,0
84369355,Team1,0,0,0,-13814,0,-14017,0,0,0,0,11421,-13754,0,13536,0,0,-15626,0,0,0,-13738,0,0,0,0,0,0,13269,10129,0,0,0,0,0,-13705,0,0,13017,11798
84154850,Team1,0,0,0,0,0,8936,16717,9601,0,0,0,0,0,0,0,0,-16246,12914,0,0,-17783,-14810,0,11562,0,0,0,-15922,0,-14287,0,0,11517,0,0,0,-19045,0,0
84154870,Team0,0,13348,0,0,0,13404,0,0,0,-9735,0,12421,0,12755,0,0,-10991,13855,-11215,0,0,0,0,0,0,0,0,-12015,-13814,-10378,0,0,0,0,13398,0,0,0,0
84154902,Team1,0,0,0,-12871,0,0,0,0,0,0,0,-13017,0,0,0,0,-12845,0,0,18429,0,0,0,0,0,0,0,14516,0,0,-13924,-12441,0,13009,11944,0,12148,13142,-13323
84154941,Team0,0,0,0,13652,0,14287,0,-10225,-13967,0,0,0,0,-12038,0,0,0,-10283,0,0,17176,14663,14648,0,0,-11631,0,13379,-9516,0,0,0,0,0,0,0,0,0,0
84154965,Team0,0,0,12159,0,0,-13342,0,0,0,0,0,0,0,0,0,-14096,0,13009,0,-13107,13444,-12095,0,0,-14477,0,0,0,0,0,0,13142,0,0,14252,12123,-10923,0,0
84155079,Team0,0,0,-15113,0,-10261,0,0,0,-13249,11035,-12145,14796,0,-11621,0,0,0,15179,0,0,14943,0,0,0,0,0,0,0,0,-14244,0,0,13452,0,14556,0,0,0,0
84155080,Team1,0,0,-12893,0,0,0,0,0,0,12651,0,12475,-12001,12900,0,0,0,-13294,0,-14623,0,-11434,-11797,0,0,0,0,0,14240,0,0,0,0,12368,12797,0,0,0,0
84594561,Team0,0,0,-18380,0,0,0,0,0,13022,-14594,0,0,12937,-15198,-18470,0,0,9522,0,0,0,0,0,11467,-13803,0,0,0,0,11838,17826,0,0,0,0,0,0,-12384,0
84594613,Team0,0,0,16572,0,0,0,-14798,0,0,0,0,0,0,0,12877,0,15458,0,-11394,0,-11183,-10794,0,14793,0,0,0,0,0,0,-13462,0,0,15197,-15181,0,14537,0,0
84594637,Team0,0,0,0,10997,0,10349,0,0,12537,0,0,-13469,0,0,0,13986,0,13721,12431,0,0,-10927,0,0,0,0,-13699,0,-13424,0,-13946,0,0,0,0,0,0,-12209,0
84594648,Team0,0,0,21524,0,-12018,13920,-14215,0,0,0,0,16102,0,-11635,0,0,0,0,13563,0,0,0,0,0,0,0,0,0,14418,0,-11639,-12594,0,18000,-11442,0,0,0,0
84594772,Team1,0,0,-15549,0,14154,0,0,0,10969,0,10453,0,0,0,0,11532,-12384,0,0,0,-15803,12923,0,0,0,0,0,0,-13455,-14608,0,0,0,0,-12879,0,0,12497,0
84594815,Team1,0,0,0,-11695,0,0,13016,0,11305,0,0,11537,0,0,11914,0,0,0,-12969,0,-13786,0,0,0,12209,0,0,0,-12538,0,0,11088,0,-12451,-12974,0,0,0,0
84594855,Team1,0,0,13652,0,0,0,-16462,0,0,0,0,0,0,0,13522,0,0,0,-14089,0,-12168,0,-12476,-15084,12787,0,0,0,0,0,11357,0,0,0,12152,0,11812,0,-11991
84594881,Team1,0,0,-16592,14804,0,-12694,0,-11371,-13459,0,0,0,0,0,0,0,0,0,0,15096,-12771,11267,0,-14287,0,0,0,0,0,0,11751,0,0,0,0,0,14510,0,11734
84594888,Team1,0,-13470,-15089,0,0,0,0,0,0,0,0,0,9535,-12076,0,0,9376,0,0,0,0,0,11715,0,10417,0,0,12529,0,10970,-12758,0,-14474,0,0,0,0,0,-14064
84594973,Team1,0,-12123,12609,0,13202,11412,0,0,-12409,0,0,-13279,-15849,0,0,0,0,0,0,0,0,-11016,0,0,-12959,0,0,0,0,0,0,0,11907,0,0,11915,11540,0,0
84595050,Team1,0,0,-13381,0,0,10174,0,0,0,0,-13461,-14851,0,-16402,0,0,0,0,12285,0,0,12051,0,0,13109,11862,0,11642,0,0,0,0,0,-12624,-12355,0,0,0,0
84595056,Team1,0,-14421,0,0,0,12435,18779,0,0,0,0,0,-15441,13328,-12279,0,-19041,0,0,0,14383,0,0,13474,0,-12675,0,0,0,0,0,13876,0,0,-13071,0,0,0,0
84595082,Team1,0,0,-12716,0,0,0,0,0,0,0,0,0,0,0,0,0,0,0,11426,0,0,0,0,0,0,0,0,0,0,0,0,0,0,0,12454,0,-14837,0,0
84972249,Team0,0,0,0,0,0,0,0,12814,0,0,0,0,0,0,0,0,0,-11753,0,14375,0,0,0,0,0,0,0,0,0,0,0,0,0,0,0,0,0,0,0
84972252,Team0,0,0,17761,0,0,0,0,0,0,0,-11054,14357,13368,11568,0,0,0,-12527,0,0,14529,-13307,0,0,0,-13532,0,0,0,0,0,0,-11521,0,0,0,13627,0,-13820
84972316,Team0,0,0,0,-12105,0,0,0,0,12669,0,0,0,0,11654,0,-11571,-14628,-11637,-10091,11433,13760,0,0,-18238,0,0,0,0,0,15174,0,0,0,0,0,0,12088,0,0
84972358,Team1,0,0,-15421,0,0,0,0,13341,0,0,0,0,0,13677,0,0,-9847,-17781,14144,17277,14075,0,0,0,0,0,0,0,-14137,0,0,-14062,0,0,13883,0,0,0,-14950
84972362,Team0,0,0,0,0,0,-10103,19273,0,0,0,0,0,0,0,0,0,0,12261,0,-16223,14151,0,0,13113,-12123,0,0,0,0,-11147,0,13352,0,0,-12511,0,-10115,0,14306
84972445,Team0,0,0,-13515,0,0,0,-12765,-10521,0,0,0,0,0,-10622,0,10702,0,13797,0,10543,12673,12567,0,0,0,0,0,0,0,0,0,13311,0,-9954,0,0,0,0,-14819
84972487,Team0,0,-12652,0,10163,0,0,0,0,11033,0,0,0,-11911,0,-14751,0,-12361,0,12929,0,0,0,0,0,0,-15063,0,11912,-15086,0,11333,0,0,15702,0,0,0,0,0
84972530,Team0,0,0,13972,-13321,-13656,14871,0,0,0,15263,-12212,0,0,-12757,0,13269,0,0,0,-14570,0,0,0,0,0,0,0,0,0,16407,0,0,0,0,-16005,0,0,0,12126
84972577,Team0,0,0,0,0,0,-13517,12970,0,-10879,13175,0,12174,12418,0,0,0,0,11211,0,0,-11338,0,0,0,0,0,0,0,-14054,-12930,0,11309,0,0,0,0,-12147,0,0
84972583,Team1,0,0,-16146,0,0,-14648,0,0,0,0,0,-16358,0,-14104,0,0,0,0,0,12056,15530,0,0,0,11189,0,-13736,0,-14421,0,0,0,0,0,12807,0,16355,0,11656
84972587,Team1,0,0,0,0,0,0,0,0,14383,-12045,0,-12293,0,0,0,-13247,-15939,14724,14596,0,-11958,0,0,-9742,0,0,0,0,14572,0,0,0,0,0,0,0,12373,14232,0
84972597,Team1,0,0,-15778,0,0,-13057,0,0,0,0,0,0,0,0,0,0,0,0,0,0,0,0,10296,11971,0,0,0,0,0,0,0,0,0,15501,0,0,0,0,0
84432240,Team0,0,0,-11774,0,0,0,0,0,0,0,0,0,0,0,0,-11829,0,-9739,0,0,12470,13165,0,0,0,0,-11055,0,0,-12398,15892,0,0,-15551,13762,0,14489,0,13424
84432261,Team0,0,0,12346,0,0,0,13510,0,0,0,-12218,10729,0,-12683,0,0,11341,0,0,0,11760,-13995,11566,0,0,0,0,-14877,-15020,0,0,0,0,-16263,0,0,0,0,0
84432283,Team1,0,0,13559,0,0,-14666,0,16196,0,0,0,0,0,0,0,0,0,0,0,0,15305,0,0,14338,0,0,-14881,-12363,-17255,-15255,0,0,0,12096,13449,0,0,-16543,0
84432317,Team1,0,0,-14527,0,0,0,0,0,-12856,12196,0,0,0,0,0,11744,0,12144,0,-12330,-14224,13724,0,0,13578,0,0,0,0,14287,0,0,0,0,-16659,0,0,-14292,0
84432355,Team0,0,-18236,-11139,11733,0,-12129,0,13756,0,0,0,0,0,-11285,0,0,0,0,0,0,12823,10994,-11228,0,0,14894,0,-11554,0,0,15665,0,0,0,0,0,0,0,0
84432518,Team0,0,0,18327,0,0,-13548,0,0,13258,0,0,-15201,0,0,0,-13698,0,-18323,12109,0,12151,12458,0,0,0,0,0,0,0,0,15078,0,0,0,0,-13842,-14544,0,0
84432551,Team1,0,13200,-16556,0,0,0,0,-12440,0,14731,0,18467,12472,0,0,0,0,0,0,0,0,13607,0,-13856,0,0,0,13417,0,0,-13130,0,0,0,-13158,0,0,-14200,0
84432586,Team1,0,0,-13545,0,0,0,-14551,-10936,0,0,0,12812,0,12576,0,0,11687,0,0,0,-13438,0,0,0,0,0,0,14516,14911,0,0,0,0,-12999,-13179,0,0,13792,0
84432600,Team1,0,0,-15187,0,0,0,0,0,-11950,0,11152,-13531,0,0,13111,0,-13622,-12820,13214,0,13783,10609,0,0,0,0,0,0,0,12561,0,0,0,0,-11772,0,0,0,0
84065888,Team0,0,-12261,-10574,11065,0,11618,0,0,0,-11163,0,14405,0,-12141,0,0,0,0,0,0,-10588,0,0,0,0,0,12862,0,0,0,12624,0,0,0,-13689,0,0,0,11812
84065935,Team1,0,0,11360,0,-14107,0,0,0,10218,10463,-13407,12182,0,-11212,0,-11314,0,0,-11569,0,12108,0,0,0,0,0,0,0,0,0,0,0,0,9996,0,0,0,0,-13305
84066087,Team1,0,12761,-13102,0,13574,-12851,0,0,0,11355,-12801,0,0,13094,0,-10889,0,0,0,0,-15071,15975,0,12019,0,-11476,0,0,0,0,0,0,0,0,0,0,0,0,0
84066126,Team0,0,-13137,0,0,12054,0,14176,0,0,0,0,0,0,-12456,12810,0,0,12437,0,0,0,-11648,0,0,-12919,0,0,0,0,0,0,11468,0,0,14752,0,-11836,-13756,0
84066127,Team1,0,14965,-14251,0,-15520,0,10992,15575,0,0,0,0,-12954,12853,0,0,0,0,-10830,0,0,-13517,0,0,0,11122,0,0,0,0,-15377,0,0,13024,0,0,0,0,0
84066158,Team1,0,-13692,0,0,0,-15719,0,0,15197,-13000,0,0,-15828,14427,0,-13729,0,0,0,0,0,0,0,0,0,11856,0,0,-13276,0,0,0,0,13986,0,12419,12642,0,0
84399905,Team1,0,11661,-19097,0,0,0,13684,0,0,0,11747,0,0,-11628,0,11917,0,0,0,0,0,-9394,0,15175,0,0,0,0,0,-14111,-13792,0,0,13874,0,0,-11619,0,0
84399917,Team0,0,-16247,15400,0,-14735,-11367,0,0,-10751,0,13139,0,0,0,10124,0,0,12590,0,0,0,0,0,0,10691,0,0,0,0,0,0,-11215,0,0,0,0,12303,0,-11843
84400038,Team1,0,0,-16121,0,0,0,0,0,0,-13502,0,-15245,-13792,0,0,0,0,0,12727,11636,13828,0,0,0,0,0,0,0,11385,16606,0,0,0,-15653,0,0,14618,-14672,0
84400047,Team0,0,0,17521,0,13146,-10839,-13751,0,-15351,-14389,0,-11381,0,14034,0,0,0,15241,0,0,-15152,0,0,0,0,0,0,0,0,0,0,0,0,0,13145,0,10422,0,0
84280221,Team1,0,0,0,0,0,-13411,0,-12288,13535,0,0,0,13121,0,0,0,0,11941,13387,0,10422,0,0,0,0,13301,-11961,-11408,0,0,-19152,0,0,0,-18819,0,0,0,0
84280244,Team0,0,0,0,0,0,13115,16302,0,0,0,0,14409,-13951,-14826,0,0,0,0,0,0,-13951,11779,0,0,0,0,0,0,-12918,-16082,0,0,0,13210,0,0,12511,-16408,0
84280325,Team0,0,-16988,19177,0,0,11169,0,0,-13772,0,0,0,0,0,0,12514,0,-13444,0,0,0,-12795,0,0,0,11819,0,0,-15353,0,0,0,0,11444,0,0,10555,0,-18226
84280349,Team0,0,0,14254,0,0,0,0,0,0,-15366,0,15035,0,-12403,0,-12233,0,0,12804,0,-10884,0,0,0,0,0,14526,0,10394,0,0,0,11369,0,-14146,0,0,-12957,0
84280351,Team0,0,0,0,0,0,0,-14083,0,0,0,0,14387,0,0,-9881,-10866,0,-13395,12265,0,12755,-11853,0,0,0,14799,0,0,0,0,0,0,0,15715,11957,-12532,0,0,0
84280353,Team1,0,0,-12204,0,0,-13319,-17044,0,-13251,11294,0,15887,0,0,0,0,12360,0,12420,0,13144,0,0,0,0,0,0,14806,0,0,0,0,0,-14354,0,0,-13021,0,0
84280382,Team1,0,-19896,6193,0,-14103,0,0,0,-12060,0,0,9299,0,-16264,0,10406,0,0,0,0,0,0,-14278,0,0,0,0,15027,0,0,0,11397,14486,0,-15899,0,0,0,0
84280414,Team1,0,-15135,-20290,0,0,14956,0,0,13426,11733,0,15217,-13496,0,0,0,0,-17620,0,0,10975,0,0,0,0,0,0,0,9359,0,0,0,0,-15580,0,0,-13214,0,0
84280424,Team0,0,0,0,0,0,0,0,0,0,0,12140,-11867,13063,0,0,0,-10741,0,15714,0,12174,0,-13952,0,-10660,0,0,-10558,0,12947,0,0,0,0,0,0,0,-12941,12372
84280426,Team1,0,0,0,0,-15531,-13626,15197,0,-18527,0,0,-13126,-14432,9177,0,0,0,0,-11971,0,14461,0,0,0,0,0,0,0,0,0,17457,10319,0,0,10017,0,0,0,0
84280441,Team0,0,17819,-13716,0,0,12864,0,0,9662,0,-13250,14188,0,-13721,0,0,0,-11676,0,17908,0,-15213,0,0,0,0,0,-12033,0,0,0,0,0,0,11500,0,0,0,0
84280461,Team0,0,0,0,0,-16249,0,18544,11259,0,0,-13266,12360,0,0,0,0,0,14216,0,0,-10532,0,0,0,0,0,-11018,0,0,0,0,0,13201,14861,-12804,-9383,0,0,0
84500754,Team0,0,0,14515,0,0,0,-14346,0,-12415,0,0,0,0,-15928,-14342,0,12759,-14619,0,0,0,12360,0,13207,0,0,0,0,12149,13916,0,0,0,0,-15167,0,0,0,0
84500764,Team0,0,-14375,0,0,11875,12538,0,11859,-10153,0,0,0,0,0,-10995,0,-11414,0,11976,0,0,0,0,0,13318,-12568,0,0,0,0,0,0,12050,0,-10716,0,0,0,0
84500918,Team1,0,0,-17859,0,0,15180,0,0,13304,0,-10684,16018,0,-10916,-10897,0,0,0,14566,0,-10272,0,0,14785,0,0,0,0,0,0,14739,0,0,0,-15629,0,0,0,0
84500920,Team0,0,-11824,0,0,0,0,0,0,0,12659,0,13757,0,0,0,0,15285,-11624,15280,0,0,12461,0,-16883,0,0,-10243,12773,0,0,0,0,0,-10757,-13336,0,0,0,0
84500935,Team1,0,0,0,0,11738,0,13161,0,0,0,0,0,0,0,0,10884,12866,0,0,0,0,0,0,-15389,0,0,0,-13510,0,-20455,0,-11462,0,-11546,0,11723,11979,-12645,0
84501016,Team0,0,0,0,0,0,0,14415,12731,-13483,0,-10554,-12488,0,-13804,13233,0,0,0,0,0,0,15466,0,0,0,-12815,0,0,0,0,0,0,0,13326,18948,0,0,0,-14783
84501019,Team0,0,0,0,0,0,0,19241,0,0,-12307,10502,0,0,-11984,0,0,0,0,0,0,-10817,0,0,-15441,-11818,-14917,12263,0,14021,0,0,0,0,11368,0,0,0,0,13387
84501055,Team0,0,0,-11105,0,11459,10652,0,0,0,0,0,0,16263,-12098,0,-14160,0,0,0,0,0,-12665,10984,0,-12313,0,0,15421,0,0,-13042,0,0,0,14541,0,0,0,0
84501060,Team1,0,0,0,0,0,11927,0,0,0,-11833,0,0,0,-13591,0,10302,0,0,0,0,0,0,0,0,0,0,0,13573,-12304,15789,0,12133,0,-11676,-14910,0,13497,0,-14157
84501062,Team1,0,0,0,-13894,0,0,15952,0,0,0,0,0,0,14319,0,12209,11556,0,0,0,-12191,0,0,0,0,-12900,0,0,13869,11921,0,0,-12609,0,-18891,0,-16721,0,0
84501132,Team0,0,0,0,0,0,-12207,18664,0,13113,14490,-11326,0,0,0,0,-13363,0,0,0,0,12130,12904,0,0,-11926,0,0,0,0,-12106,0,0,-13022,0,0,0,0,0,16459
84501161,Team1,0,-17014,0,0,0,-15947,0,11226,0,0,0,10906,0,0,0,-15843,14279,0,0,-21685,13060,12416,0,0,0,0,0,0,0,0,0,0,0,0,17598,0,-13343,0,-14912
84501181,Team0,0,0,0,0,0,0,0,-11588,10785,0,0,0,0,14172,-13914,0,0,17292,0,-19805,0,0,0,0,-15490,0,0,0,0,0,0,0,0,0,-13754,0,18059,0,0
84123320,Team1,0,13929,0,0,0,0,0,0,-10025,0,15935,-15654,0,0,0,12594,0,-14199,-12658,0,12349,15568,0,0,0,0,0,0,0,13106,-17140,0,0,0,-13315,0,0,0,0
84124412,Team1,0,0,0,0,0,-12272,0,-13199,0,0,0,-11623,12388,0,0,0,0,0,0,0,0,0,0,13336,0,0,0,0,0,-15279,16466,0,13013,0,-12609,15328,0,13446,-11027
84125158,Team1,0,0,-16214,0,0,0,19546,0,0,0,-14296,0,0,-14595,-16541,10483,0,0,0,0,0,0,0,0,0,13228,13299,0,0,0,0,0,0,10541,-17738,0,11732,-13934,0
84125242,Team0,0,0,-15948,0,0,0,0,0,12316,12394,0,0,0,13915,-12248,0,0,13733,-14006,0,-13389,-12921,-11927,0,0,0,0,14220,14202,0,0,0,0,0,0,0,0,0,0
84656575,Team0,0,0,0,13274,0,12065,14735,14185,-13181,0,0,0,0,0,0,0,0,0,0,-11176,0,-16340,0,0,0,0,0,0,12579,0,14173,0,0,0,-13741,0,0,-11013,-13003
84656647,Team1,0,0,-11476,0,-15649,0,15104,-12250,-14733,0,0,0,0,0,0,12128,0,0,11287,0,0,0,0,-16195,0,0,12510,0,0,0,12924,0,0,-12368,10785,0,0,0,0
84656761,Team0,0,0,-13977,0,0,0,0,16289,0,0,0,-14041,-13207,0,0,19383,0,0,0,14400,13251,13155,0,-13658,0,0,0,-23603,13841,0,0,0,0,0,-17677,0,0,0,0
84656817,Team1,0,-13471,0,0,0,0,0,0,11314,0,0,-12056,0,0,0,0,0,0,0,0,10327,0,0,0,0,11540,11838,11860,0,-18129,12614,-12424,0,0,-11861,0,0,-16734,0
84656837,Team0,0,0,0,0,12199,0,0,0,0,14040,0,0,0,0,13971,0,0,-11847,0,0,12595,-10988,0,-15248,0,0,0,0,-13156,0,0,0,14221,-14444,15261,0,-10612,0,0
84656940,Team0,0,0,12460,-15021,0,11725,-13236,14849,0,0,14498,0,0,0,0,0,0,0,0,0,0,0,-11413,-12248,0,0,0,11847,-12631,0,0,0,-11677,0,0,0,0,0,11978
84656979,Team0,0,0,0,0,0,0,0,0,0,13186,0,20218,14955,-12872,0,0,0,0,-16244,17113,-14247,0,0,14114,0,0,0,0,0,-14280,16315,-11754,0,0,0,0,0,0,-12380
84657041,Team1,0,16102,-10968,0,15049,0,-12671,0,13734,-9802,0,0,0,0,14622,0,0,0,0,15483,0,0,0,0,0,0,-10163,0,0,-10851,0,12263,0,0,-15366,0,0,0,0
84657233,Team1,0,0,-18782,0,0,-11278,13246,-11571,0,0,0,0,0,0,0,0,0,0,0,11545,0,-12260,0,13808,-12881,0,0,0,-18539,0,0,0,0,11186,0,0,11987,0,13904
84657414,Team0,0,0,-11568,0,0,-12166,0,12226,0,0,0,-14261,0,0,0,0,-15449,0,0,0,0,15964,14076,0,0,0,0,14564,0,-13590,0,0,-11059,13854,0,0,0,0,15830
84657437,Team0,0,0,-14540,0,14946,0,0,0,0,12965,0,0,0,0,0,-11719,0,0,0,0,0,-11424,-10545,0,13866,0,12655,0,0,-11983,0,0,13563,-12609,0,0,0,14775,0
84818391,Team1,0,0,-15322,0,0,13775,17366,0,12452,14029,0,0,0,-12862,-15496,10628,-13599,0,0,0,12247,0,0,0,0,-16172,0,0,0,0,0,0,0,0,-15491,0,0,0,0
84818416,Team0,0,0,-11970,0,0,-14169,0,0,12588,0,0,-14805,0,0,0,0,0,0,13608,15039,14304,-12537,0,0,0,0,0,0,0,15017,0,0,0,-13162,14188,0,-13944,0,0
84818504,Team0,0,0,-11474,0,0,-9279,0,0,0,0,0,0,-14956,0,0,13262,13332,0,14862,0,0,0,-14150,0,-11619,15011,0,13383,0,0,0,0,0,14208,0,0,0,0,-10054
84818516,Team0,0,0,0,0,-14471,-10763,0,0,-11075,0,0,13073,0,12402,0,14481,0,0,0,13179,0,0,0,-12350,12750,0,0,0,0,-11925,0,-12321,0,0,11714,0,0,0,0
84818520,Team0,0,-13986,0,0,0,-14129,0,0,0,12084,0,0,0,0,0,15155,15138,0,0,0,-12115,0,0,14012,0,19005,0,0,11432,-12794,0,0,0,0,-14616,0,-12221,0,0
84818616,Team0,0,0,0,0,0,0,0,0,0,0,0,0,-14108,0,12736,0,15258,0,0,11990,-16040,0,0,14671,0,16358,0,-19075,0,0,0,-14589,0,-16377,12382,0,0,-13527,0
84818673,Team1,0,0,0,0,0,0,-13641,-13156,11615,0,12054,19665,0,0,0,0,11958,0,0,0,0,0,0,-15279,0,0,0,0,12146,14697,0,0,0,-12046,-13116,0,0,-11507,0
84002337,Team1,0,0,0,0,0,0,13069,0,0,-14361,0,13119,-15161,0,0,0,13026,12262,13417,0,0,0,0,0,-14279,0,0,0,14355,0,0,0,0,0,0,0,0,-13514,-12624
84002360,Team0,0,13340,0,0,0,0,-14355,0,0,0,0,-14028,0,0,0,14616,16005,0,0,0,-15281,0,0,12894,0,0,0,0,14336,0,0,0,0,-15114,0,-15049,-12050,0,14607
84002390,Team1,0,0,-13766,0,-12706,0,0,0,-12736,6395,0,5934,7112,0,0,0,0,5930,0,0,4715,6709,-15245,0,0,0,0,0,0,0,0,0,0,0,0,0,0,-16466,-12709
84002457,Team1,-1,0,14737,0,-16789,0,21186,0,14511,0,-14637,-17109,0,0,0,0,0,0,0,0,-15629,0,0,0,0,0,0,0,0,-15971,13902,0,-11592,0,0,15938,0,13903,0
84002461,Team0,0,-11958,0,0,12726,0,0,0,0,0,0,16500,0,0,0,0,0,13248,0,0,0,13167,0,-10885,-11368,-10671,-11961,0,0,0,0,14010,0,-16233,0,14404,0,0,0
84002463,Team1,0,0,0,0,12626,0,0,0,0,0,0,0,-10092,0,0,0,-13235,14792,0,-11753,0,0,0,15093,0,0,0,-15206,-13046,-13489,0,12647,11188,0,0,14094,0,0,0
84002525,Team1,0,0,0,0,11052,-11293,-15444,0,0,0,0,0,0,15440,0,0,0,0,0,15247,0,0,0,11772,12307,-10701,0,0,0,0,0,0,-11703,0,0,-10148,12347,-11228,0
84002540,Team0,0,-13153,0,0,-17274,0,22566,0,0,0,0,0,8714,13805,0,-11285,0,14325,0,0,-11213,0,0,0,0,0,0,0,12966,13898,0,0,-12738,0,0,0,0,-12431,0
84002545,Team0,0,0,0,0,-14708,0,0,0,0,-13124,13848,0,0,13652,0,13909,0,0,0,15257,14073,0,0,0,0,-12991,0,0,14016,0,0,0,-12973,0,0,-13220,0,0,-12615
84035107,Team0,0,0,0,0,0,-10734,0,0,10519,0,0,0,-12218,12694,0,0,0,-10195,0,0,0,0,0,0,11871,13073,0,-12055,10704,-13253,0,-9893,0,0,15133,0,0,0,0
84035531,Team0,0,14597,19909,0,0,-11925,0,0,0,0,0,0,0,0,14916,0,0,0,0,0,0,0,-11596,0,0,0,0,0,0,0,0,0,0,0,-15766,0,0,12413,0
84311089,Team1,0,0,-16475,0,15033,-12823,-16317,0,0,0,0,0,12619,0,-17595,0,0,0,0,17990,11985,-13586,-13321,0,0,17278,0,0,0,0,0,0,0,0,0,0,15985,0,0
84311146,Team0,0,-11964,0,0,0,-12559,14877,0,0,-11540,0,-13627,0,9471,0,12898,0,0,11276,0,0,0,0,0,0,0,0,0,0,-12904,13991,0,0,0,0,0,-11995,11127,0
84311186,Team0,0,0,0,0,0,0,0,0,0,11904,0,13287,0,0,0,0,0,-10638,11781,-14881,-10110,0,14071,0,0,11938,0,-12741,0,0,0,0,0,15187,-11793,0,-12342,0,0
84311248,Team0,0,0,16464,0,0,14416,0,11787,0,0,0,-15990,0,0,0,0,-15754,0,0,0,-13555,0,0,0,0,0,0,12922,-12812,0,0,0,0,13280,-13706,-12874,9222,0,0
84847197,Team0,0,0,0,0,0,-13401,18753,-13579,0,0,0,-12208,0,0,0,0,0,15565,0,0,15122,-10495,0,14791,0,0,0,0,0,-19586,0,0,15628,0,0,0,0,13869,-11572
84847199,Team0,0,0,0,-12100,0,0,0,14918,11873,0,0,-12578,0,0,-14326,0,-13338,14462,0,0,0,0,0,13922,0,-13777,0,0,0,0,15291,0,0,-12382,16801,0,0,0,0
84847242,Team0,0,-12744,0,0,0,0,0,12158,0,0,0,-12549,0,13076,0,0,-11586,-11816,0,15283,12309,12234,0,-14498,0,0,0,0,0,0,0,0,-11491,0,12083,0,0,0,0
84847281,Team1,0,0,-16724,11445,0,0,-16107,0,0,0,0,15402,0,-10353,0,-10577,12999,0,0,0,0,10827,0,18127,0,0,0,0,0,0,13836,0,0,-12938,0,0,0,-18702,0
84847311,Team1,0,0,-15685,0,0,11621,0,0,11960,0,-12396,16162,0,0,0,0,0,10896,12369,0,0,10445,0,-15281,-15621,0,0,0,0,0,0,0,0,-13464,-13366,0,0,0,0
84847312,Team1,0,-15448,0,-17276,0,0,0,0,0,0,-13909,0,0,0,0,0,0,-10814,0,0,0,-14229,0,0,15070,16255,0,0,-12401,12528,0,0,0,12185,12904,0,12540,0,0
84847385,Team0,0,0,0,11463,0,-10497,0,0,0,-12010,0,0,0,0,0,-10398,15815,0,0,0,0,-9344,0,0,0,12950,12166,0,-13799,-11355,0,0,0,0,0,0,0,11074,10869
84847390,Team1,0,0,12772,0,0,0,0,0,0,0,0,15374,0,-14177,0,0,13417,0,0,0,0,10434,13123,0,12771,0,0,-12300,-12745,-16512,0,0,0,-16621,-13323,0,0,0,0
84757071,Team1,0,0,0,-13733,0,0,13340,13122,14732,0,0,0,0,-15424,0,0,0,-13256,0,0,0,-17751,0,0,-14995,0,0,12709,0,0,15150,0,0,13041,-14299,0,0,0,0
84757081,Team1,0,-16985,0,0,0,0,0,0,-13805,0,0,0,0,-11669,0,-12216,0,0,11785,0,0,11653,0,14780,-13415,0,0,11476,0,21760,0,0,0,-13390,0,0,11999,0,0
84757095,Team0,0,20578,0,0,0,0,0,-14129,0,0,15154,-12382,0,15875,19776,0,0,0,0,0,0,-13002,0,17877,0,0,0,0,0,15270,-11616,0,0,0,-14107,0,0,-13004,0
84757191,Team1,0,0,17366,0,0,-14804,0,0,0,-11863,0,-11632,0,0,0,9745,10081,0,0,0,0,0,0,0,0,10688,0,11428,0,-17081,13973,0,0,0,-12626,0,0,0,-13261
84757344,Team1,0,-12159,0,0,0,0,0,0,12994,0,0,-12134,0,0,0,0,0,15013,0,16113,0,14259,11055,0,0,0,0,15293,0,0,-17714,0,-13558,-11672,0,0,-14948,0,0
84904977,Team1,0,0,16846,0,0,0,0,-14999,0,0,0,0,11985,-13242,0,0,0,0,0,15018,11440,-14229,0,0,-14563,0,0,0,0,0,0,0,0,13424,0,0,10702,-16396,-15123
84905813,Team1,0,0,0,0,0,0,0,0,0,0,0,14319,0,14144,11472,0,14969,-13747,0,0,0,-11279,0,-11410,0,12043,0,-13204,11784,0,-21639,0,0,0,0,0,-13635,0,0
84905902,Team0,0,-13944,15659,-14244,0,-12917,0,0,-12713,0,0,0,0,0,16395,14350,0,0,0,0,-13576,-14429,0,0,0,0,0,0,0,0,0,0,0,15345,14218,0,0,13538,0
84906304,Team1,0,0,0,13246,16977,0,-13782,0,-14518,0,-10046,0,0,0,0,0,0,-10668,12479,0,0,13127,0,0,0,0,0,0,12759,-16505,0,0,0,0,-18664,0,0,11729,0
84465774,Team0,0,0,0,10869,0,11823,0,-14143,0,0,0,15520,0,0,-13409,0,-12980,0,0,21764,11077,0,0,0,0,0,0,-16163,-11529,0,0,14750,0,0,-15933,0,0,0,0
84465812,Team1,-1,0,11832,0,0,0,0,11530,0,0,12664,0,-12864,-19122,0,0,0,-12796,0,-16696,0,0,0,-16345,0,0,0,15314,-12924,0,0,0,0,11512,0,0,0,0,10418
84466277,Team1,0,13283,0,0,0,0,0,0,10328,0,0,0,-13238,0,0,0,0,0,0,0,0,0,0,14883,0,0,10236,14501,0,-16873,-17541,0,0,-14647,-13278,0,-13727,12702,0
84466300,Team1,0,-13894,16502,13002,-17607,0,0,0,-15559,0,0,-13475,0,0,0,0,0,11950,0,0,13129,13864,14039,0,0,0,-15191,0,0,0,-14815,0,0,0,0,0,0,0,0
84215189,Team0,0,0,-11055,10364,0,0,0,0,0,0,12821,11505,0,0,0,0,0,0,13240,0,0,-9703,0,11424,0,-18047,0,-17464,0,15906,0,0,0,0,-12208,0,-13154,0,0
84215416,Team0,0,0,0,-11760,0,-12756,0,-12527,0,14035,0,12208,0,0,0,14223,0,0,0,-16567,11798,0,0,0,0,0,0,0,-13532,12182,0,0,0,13660,-14157,0,0,0,0
84216069,Team1,0,13710,0,-13260,0,13843,-16961,0,0,0,0,0,0,-13290,0,17427,-12371,0,0,0,-14261,13604,0,-19105,14021,0,0,0,14585,0,0,0,0,0,0,0,0,0,0
84217606,Team0,0,18049,13829,0,0,0,0,0,0,-14048,0,0,-15714,-14928,12932,0,13352,-13610,0,0,0,0,0,-15310,0,0,0,0,11952,-13861,0,0,0,0,0,0,12802,0,0
84724982,Team0,0,-14674,-15043,0,0,0,17129,0,0,0,10672,0,0,0,0,-15479,-14354,9940,0,0,12730,0,0,-16146,0,0,0,11882,0,0,0,0,13501,0,0,0,0,-16302,0
84724999,Team1,0,0,-17913,0,0,0,14000,0,0,0,11050,0,0,-14930,0,11873,10557,0,0,0,11460,0,0,0,0,0,0,13431,0,-16304,0,0,0,-11987,0,0,-12512,0,-12126
84725020,Team0,0,0,0,0,14608,0,-12616,0,-13155,0,0,-18698,0,14087,0,0,-13423,0,0,0,0,13580,0,0,0,0,0,16233,0,0,15735,0,0,0,0,0,12911,-12743,-12891
84725023,Team0,0,0,0,0,0,11625,0,0,12638,0,0,-13367,0,0,14971,14626,0,0,0,17225,0,0,0,-16849,-13373,0,-12627,-15676,14240,0,0,0,0,0,-14851,0,0,0,0
84725048,Team0,0,13694,0,0,0,14125,0,0,-11330,-10153,0,15496,0,0,0,-11056,0,-10941,0,0,14925,15943,0,0,0,0,0,-12765,0,0,-18935,0,0,0,0,0,14634,0,0
84725128,Team0,0,0,0,0,10559,0,0,18716,-15538,0,0,15128,0,0,0,0,12024,0,12243,0,-15480,0,0,0,-14844,0,-11721,0,0,14873,0,0,0,-13795,-13209,0,0,0,0
84725194,Team1,0,0,-12207,0,-11475,0,0,11638,0,0,0,12018,0,-19112,0,0,0,0,0,11626,0,0,-12930,-16274,13280,0,0,0,0,0,0,0,0,14649,11864,0,0,-17869,0
84725222,Team1,0,0,-16282,0,0,0,15792,0,0,0,0,0,-13350,0,0,12035,14523,14372,-13279,0,0,0,0,15738,0,-15347,0,0,0,0,0,12610,0,-11697,0,0,0,-12703,0
84725272,Team0,0,0,13427,0,-13109,0,0,0,0,0,0,14138,-13121,0,0,0,12200,12100,0,0,0,-14102,0,11663,0,0,0,0,0,-13701,0,0,0,0,-12822,0,10720,-12751,0
84725294,Team1,0,-22037,-18097,0,14953,9906,0,0,13199,0,-14147,0,0,0,-15999,0,0,0,0,0,0,0,0,0,0,0,-15012,0,0,14184,0,0,0,-15011,0,0,12739,0,15150
84565283,Team1,0,0,12069,0,0,0,0,0,0,0,0,13426,0,0,0,0,0,0,12572,0,11759,0,0,-14676,-17341,0,0,0,0,0,0,0,0,17961,0,-14484,0,0,0
84565481,Team0,0,0,12153,-12630,-15498,0,0,0,0,10615,0,0,11266,12390,0,0,-11298,12377,0,0,0,-11691,0,-16014,0,0,0,0,0,16206,0,0,0,0,0,0,0,-12889,0
84565482,Team1,0,-10895,12243,0,0,12453,19464,0,0,0,0,-12560,0,0,0,0,-11294,12288,-14374,0,0,0,0,0,0,0,0,0,0,0,0,0,-12525,0,14372,0,13083,-13602,0
84565524,Team1,0,0,0,0,16343,12747,-11993,-13072,15248,0,0,16083,0,13939,0,0,-11405,0,13937,0,-12709,0,0,0,0,-13874,0,0,0,0,0,0,0,0,-14037,0,0,0,0
84565537,Team0,0,0,15624,0,0,12267,0,0,-14595,0,0,0,0,0,0,-10903,0,-9491,0,0,12264,11198,0,14306,-11174,0,0,-10977,0,0,0,10279,0,0,0,0,0,-10710,0
84565629,Team1,0,0,0,0,12796,0,0,0,-14434,12148,0,11586,0,0,0,-12484,0,0,0,-16451,0,0,0,0,0,0,0,0,-14112,-11748,0,0,11060,12188,0,0,0,0,0
84249951,Team0,0,0,0,0,0,0,0,0,0,0,0,0,0,-12695,0,0,0,0,-14616,18148,16014,0,0,15811,0,0,0,0,0,0,0,0,0,12991,-11419,0,0,-12885,0
84249977,Team0,0,0,14226,0,0,-11907,-15843,0,0,0,0,-15097,-11797,0,0,0,0,14480,0,0,14297,16794,13273,15235,0,0,0,0,0,0,0,0,0,0,0,-11015,0,-13224,0
84249995,Team1,0,0,15015,0,0,0,-14972,0,0,11903,-14718,16200,0,-14982,0,0,0,10099,0,0,9373,-17642,0,0,0,0,0,0,-15511,0,0,0,0,0,0,0,11620,-12766,0
84250010,Team1,0,-16298,15807,0,0,0,0,0,0,13570,0,0,0,0,0,0,0,0,0,13735,11740,-14634,-13770,0,0,0,11956,0,11124,0,0,0,0,0,-14472,0,0,-14969,-13194
84250105,Team1,0,-15171,0,10312,0,0,13693,0,0,0,0,10519,0,-16529,0,10538,0,0,0,0,-10650,-12696,0,0,0,0,9232,0,0,-16118,0,0,0,0,11555,0,-10995,0,0
84250115,Team0,0,15092,12774,0,0,0,0,0,0,0,0,13808,0,0,0,14273,15431,0,0,-13876,-11084,-17342,0,0,0,0,0,0,-13130,0,0,0,0,0,-11791,0,-12068,16401,0
84250147,Team0,0,0,-14737,0,0,0,18399,0,0,-13218,0,-14560,0,0,0,0,12117,0,0,0,-10149,0,0,12985,0,0,0,0,13157,0,-15191,0,-11386,0,17265,0,0,11709,0
84250153,Team0,0,0,0,12149,0,0,-13467,0,0,0,0,11688,0,-15159,0,0,11339,-13131,0,12672,0,-11302,13263,20742,0,0,0,0,0,-13153,0,0,0,0,0,0,-11450,0,0
84250159,Team1,0,12110,0,0,0,10391,-16009,0,0,0,0,12630,0,0,0,-12609,12645,-16393,-13182,0,0,-12596,0,0,0,0,0,11905,0,0,0,0,0,0,0,0,10628,-12736,0
84250190,Team1,0,0,0,0,-14501,0,-18466,0,0,0,-12900,0,0,0,0,0,0,0,0,0,0,-13034,0,0,0,12233,0,12152,-14041,0,14396,10892,-13080,13101,12451,0,0,0,0
84531870,Team0,0,0,-12736,0,0,0,0,-10902,0,0,0,0,0,12716,-14000,0,0,0,10961,-12071,14288,0,0,0,0,0,-10184,0,0,14116,0,0,0,-10533,11784,0,0,0,12150
84532617,Team1,0,11458,-15591,0,0,-14652,0,0,-12128,0,11054,12774,12158,0,12816,0,0,-11589,0,0,0,0,0,0,0,0,-12304,0,0,0,0,0,0,12051,-13148,0,0,0,0
84532937,Team1,0,18452,-11582,0,0,0,0,0,0,-13749,0,14863,0,-11448,0,15022,0,0,0,0,-12449,0,16633,0,0,0,0,0,0,0,0,0,0,14863,-13984,0,0,15867,-12237
84533344,Team1,0,0,18090,0,0,-14109,0,0,0,0,11070,-13799,0,0,0,0,0,-15008,0,0,0,0,13413,0,12308,0,0,12130,-12652,0,0,0,-13199,11009,-12718,0,0,0,0
84533412,Team1,0,0,21734,12152,-14936,-15532,-15092,0,0,0,0,0,0,0,-15880,0,11233,11217,0,0,0,0,0,0,0,0,0,17379,0,-16115,0,0,0,0,11142,0,-15450,0,0
84533631,Team0,0,0,0,0,0,-12545,0,-11320,-11541,0,0,0,0,0,0,12462,0,0,0,-14022,12785,11575,0,12550,0,0,0,-12323,-13875,0,13180,0,0,0,13883,0,0,0,0
84876926,Team0,0,0,0,0,-14184,0,-16302,0,0,0,0,11532,0,0,0,0,0,0,0,0,0,-12744,12142,0,0,0,0,12987,0,0,12606,0,-12474,12974,10554,-13978,0,-14500,0
84876939,Team0,0,0,-14039,0,0,0,0,0,-13408,0,0,0,0,0,0,0,0,0,-14320,14894,-12791,17371,0,0,0,0,0,0,12064,-11911,11501,0,0,0,13472,0,13684,-12780,0
84876950,Team1,0,0,-14058,0,13075,-15039,0,-12457,0,0,0,0,0,0,0,0,0,0,0,0,10614,11253,0,0,0,9769,12532,-12973,0,0,0,0,0,-16719,0,0,-13823,9712,0
84877097,Team1,0,13590,0,0,0,0,0,0,0,-11820,11283,16488,0,-13692,0,10511,0,13358,0,0,-14515,17644,0,0,0,-16389,0,-13804,0,0,0,0,0,0,0,0,0,-12858,0
84877140,Team0,1,0,-14562,0,0,0,0,0,16497,0,0,17141,0,-9544,0,0,0,-12893,0,0,-12124,0,0,13018,-13679,0,0,0,0,0,14171,12356,0,12684,0,0,-11095,0,0
84877148,Team1,0,0,0,0,-11868,0,-17566,0,0,-11974,0,0,0,11124,-13316,0,0,0,0,13042,0,0,0,0,0,0,13266,10399,13893,0,11661,0,0,0,-14223,0,0,0,-16741
84877149,Team1,0,0,0,0,12000,0,0,0,0,0,9406,10481,0,12687,0,0,0,0,0,-14458,0,-13935,0,-14903,0,0,0,17672,0,0,0,0,0,15499,-16216,0,0,-16218,-14488
84877169,Team0,0,0,-13592,0,-12427,0,15041,0,-13293,-12262,0,15215,-11658,0,0,0,0,-13251,14930,0,0,13922,0,0,0,0,0,0,0,0,0,0,0,12997,0,0,0,10951,0
84877170,Team0,0,0,-14483,0,0,-11381,0,0,0,14392,0,11832,0,-11731,-12028,0,0,0,0,0,0,16267,0,-11158,12808,-11509,0,0,0,0,0,0,0,14273,0,0,0,0,17106
84877218,Team1,0,0,-12632,0,13928,0,0,-13616,0,0,0,-16580,0,0,0,0,-11938,-12212,0,0,0,11218,0,0,0,0,0,13002,0,0,0,0,0,14096,-17949,0,13194,0,12787
84877270,Team0,0,16192,0,0,0,0,0,0,0,-11652,0,0,0,14387,0,0,0,0,0,0,-11845,13196,14224,0,0,0,0,0,-15446,0,13873,0,0,0,-14841,0,-14657,0,0
84788369,Team0,0,0,0,0,0,-12671,0,0,0,14607,-11666,-12128,0,0,0,0,0,0,0,0,16652,13573,12927,-12209,0,14975,0,0,13051,0,0,0,0,0,-13390,-9856,0,0,0
84788386,Team0,0,0,0,0,14142,14384,0,0,16025,0,0,0,0,0,0,0,0,-12934,11375,-12481,0,14128,0,-15887,0,14147,0,0,0,0,0,0,0,0,-15229,0,-11221,0,-12794
84788400,Team0,0,0,-16932,0,0,0,0,0,13518,0,-13424,0,0,0,0,-13944,0,12615,0,10992,0,-13434,0,12866,0,0,0,0,12665,-12252,0,0,0,0,14604,0,0,0,-11552
84788528,Team1,0,-15449,0,6317,0,0,9453,0,0,0,0,-14603,0,0,0,0,0,0,0,0,7120,6317,0,0,0,0,0,0,5276,0,0,-12519,0,-12214,0,0,7263,-12215,-13247
84788551,Team0,0,0,0,12411,0,0,-12499,0,0,11763,0,0,0,0,0,0,-13181,-12191,0,0,11167,0,0,-12742,0,0,12272,0,0,15372,0,0,0,15311,-14274,0,-12213,0,0
84788598,Team0,0,0,12415,0,-14506,0,11846,0,0,0,11570,0,0,13256,0,-12670,0,-13936,0,0,15398,-13281,0,0,12648,0,0,0,0,0,0,0,0,0,0,-12298,-11810,0,0
84788713,Team0,0,20201,15929,0,0,0,0,0,-15029,-13389,13056,0,-14897,15026,0,0,0,0,0,0,13496,0,0,0,0,-12085,0,0,0,0,-14987,0,0,0,12669,0,0,0,-12046
84788740,Team1,0,0,0,0,0,0,-22428,11354,0,0,-12805,-13831,-13450,0,0,0,-13976,0,0,0,11180,0,14361,13597,0,0,0,0,0,11739,0,0,0,0,0,0,0,-12359,14047
84788758,Team0,0,-11669,0,0,0,13334,-16504,0,-15717,0,0,0,0,0,-10118,0,0,0,0,0,13857,15952,0,-14426,0,0,0,13286,0,16917,0,0,0,-12950,0,0,17360,0,0
84096723,Team0,0,14824,0,0,0,-12401,0,0,10990,-11831,12231,-11353,0,-13808,0,0,0,0,0,0,0,12154,0,-13031,0,0,0,14432,0,0,13045,0,0,0,-11997,0,0,0,0
84096735,Team1,0,0,15464,0,0,-12595,0,0,13312,-12594,0,-15858,0,18672,0,0,0,14418,0,0,0,-13732,0,0,0,0,0,0,-15277,-12478,0,0,0,0,0,0,14325,12639,0
84096740,Team0,0,0,0,0,0,16215,0,0,-11020,0,0,-11445,0,0,0,-14827,0,0,0,13003,-11709,0,0,-16988,0,0,13861,0,13333,0,0,0,0,0,14162,0,-14902,14814,0
84096744,Team1,0,0,11930,0,0,0,0,0,13347,0,-12044,0,-11923,-12615,0,0,0,12691,0,0,0,0,0,11069,0,0,0,-19565,-11876,0,-15529,11633,0,13169,0,0,0,0,0
84096750,Team1,0,0,0,-13567,10665,-11322,0,0,0,9133,0,-15711,12263,0,11736,0,0,0,-12768,0,0,0,0,0,-11544,0,0,0,10563,11996,0,0,0,0,0,0,0,-13197,0
84096773,Team1,0,-13090,13001,0,0,0,0,0,0,0,0,-10272,0,12499,12634,-12826,0,12366,0,0,0,0,-10656,0,-10898,0,0,0,13204,0,0,11515,0,-11339,0,0,0,0,0
84096785,Team1,0,0,-13902,0,0,-9353,0,0,11768,-12082,0,0,0,0,0,-13033,0,-10138,0,0,0,0,0,0,0,14619,-12157,0,0,14006,0,0,0,0,14470,0,12900,0,11363
84096843,Team1,0,0,-12291,0,0,11141,-17584,0,11753,0,0,0,0,0,0,0,0,0,0,-13765,-12060,0,0,0,0,0,14640,0,-13519,0,0,11216,0,0,15735,0,-13624,0,14380
84096844,Team0,0,0,0,0,0,0,0,0,-13395,0,0,-12013,11347,-11160,0,0,0,-14868,-11208,0,0,13392,13864,0,0,13989,0,0,0,15525,11332,0,0,0,0,0,0,0,-11208
84096903,Team1,0,0,0,-12097,0,-12241,0,0,0,0,12916,-13311,0,0,0,0,0,12087,0,0,-16882,0,0,16469,0,0,0,0,0,15644,0,-12089,14471,-10636,0,0,0,0,14437
84339779,Team0,0,0,13186,0,12105,-14071,0,0,0,0,11262,-11919,13950,0,0,0,0,-12090,0,0,12942,0,0,-15044,0,0,-11716,12942,0,-12565,0,0,0,0,0,0,0,0,0
84339811,Team0,0,0,0,11701,0,0,-15954,0,-14391,0,0,0,0,-15200,0,0,15391,-17825,13341,-12332,0,0,0,0,0,13928,0,0,0,0,15006,0,0,0,14770,0,-12318,0,0
84339860,Team0,0,-13834,14119,0,0,11643,0,0,0,0,0,0,-13327,0,0,13316,0,11373,0,0,-13978,0,-13900,0,0,0,0,0,0,13703,-19038,0,0,0,-15369,0,15095,0,0
84339864,Team0,0,-14534,0,14223,0,-17373,0,14029,0,0,0,-16743,0,-10209,0,0,12206,0,0,0,11896,0,0,0,0,0,0,0,15287,0,0,0,0,0,16267,0,-11724,0,-12277
84339894,Team1,0,11153,0,0,0,0,0,0,-15096,0,0,11692,0,0,0,0,10277,0,-13061,0,13029,0,0,0,0,11629,0,-13748,0,-15351,0,0,10952,-18387,0,-12907,0,0,0
84339897,Team1,0,0,-14751,0,0,0,0,0,-11948,10583,0,0,0,-13178,0,12094,0,-12828,0,0,20845,13150,0,0,0,0,10573,0,0,-12529,11753,0,0,0,-12178,0,0,0,0
84339900,Team0,0,0,0,0,0,0,-13212,0,0,0,0,-10639,0,12443,-11278,0,0,0,13424,0,12246,-10775,-11372,0,0,0,9710,15542,0,0,13909,0,0,-13600,0,0,0,0,0
84339926,Team0,0,0,12092,0,18878,0,0,0,0,0,0,-12668,0,0,0,0,-13307,0,-13661,0,-15506,-16438,0,0,0,0,0,0,-13752,0,0,0,0,11898,18415,0,12162,0,11745
84339948,Team0,0,15950,20170,-13667,-21359,0,0,0,-12033,0,0,0,0,-13327,0,0,0,0,0,0,11969,11411,0,0,-13205,0,12069,0,0,0,16024,0,0,0,0,0,0,-12549,0
84339966,Team1,0,11834,0,0,0,0,-12120,-11915,0,0,0,-12847,-12845,16398,0,0,0,0,-15304,0,13671,11560,0,0,0,0,0,0,0,0,0,12235,0,-11877,0,0,0,13661,0
84339967,Team0,0,0,0,12387,0,0,-14676,0,12507,12695,0,0,0,12332,0,0,0,14170,0,0,-13160,-12880,-9301,0,15571,0,0,0,0,0,-14399,0,-9878,0,0,0,0,0,0
84155087,Team1,0,0,11475,0,0,-17586,0,-13823,-12994,0,0,11033,0,0,0,0,10722,0,0,0,0,0,0,0,0,0,0,0,11521,-13606,0,11508,0,12007,-13667,0,0,0,-13659
84155112,Team0,0,-12863,-12187,0,17593,0,0,0,-13089,0,0,0,0,0,-12936,0,0,0,-12203,14596,15661,14268,0,0,0,0,0,0,0,0,0,14209,0,-14022,15318,0,0,0,0
84155134,Team1,0,-15705,0,-15335,0,0,0,0,0,0,0,0,9683,0,0,0,-13094,0,0,13361,0,0,0,-12550,0,0,0,13882,0,0,13204,10089,0,0,-14555,0,0,12565,-13095
84155136,Team1,0,0,0,0,0,-13636,0,0,0,0,0,-14735,0,0,0,15002,0,0,0,0,13304,13966,0,-13216,0,-13058,0,0,0,13702,14348,0,0,-15418,-13587,0,12316,0,0
84155167,Team0,0,0,16999,14444,0,0,0,0,-13100,0,0,-15035,0,0,10883,0,13052,-13907,0,0,11543,-13647,-13226,0,0,0,0,0,0,0,0,0,0,0,0,0,11643,0,-14551
84155213,Team1,0,0,14171,0,0,0,0,0,0,0,0,14524,-13233,13648,0,0,14035,0,14668,-14283,0,-14976,0,0,0,-11990,0,0,0,0,-13405,0,0,0,-16266,12941,0,0,0
84155260,Team0,0,0,0,-11828,16800,-13269,16431,0,0,12067,0,0,0,0,0,12382,0,12221,0,0,0,0,0,0,-11150,0,14300,0,0,0,0,0,0,0,0,-11441,-10108,0,-8290
84594856,Team0,0,0,13696,0,0,0,0,0,11964,0,0,12747,0,0,0,11776,0,-12915,0,-14572,0,-14174,0,0,0,0,0,-18061,9998,0,0,0,0,13513,0,0,-14102,-12916,0
84595081,Team1,0,0,-13085,0,0,-14450,0,-12517,10855,0,0,0,0,0,0,0,0,0,0,0,12928,-12735,0,15125,0,15891,0,14873,-13067,0,0,0,0,0,0,0,12797,0,-18585
84595111,Team0,0,14588,0,0,0,0,0,0,0,0,0,12406,0,0,0,0,0,13433,0,0,-13427,-11052,12241,0,0,0,0,0,13840,-13771,-14673,-12409,0,13916,0,0,0,0,-10248
84972028,Team0,0,0,0,0,14499,0,-12772,-13807,12908,12198,0,13702,-14194,0,0,0,0,12390,0,0,-15233,-13466,0,-15018,0,0,0,0,0,0,0,0,13536,0,0,0,0,0,0
84972032,Team1,0,-16634,0,0,0,0,15372,0,0,0,-10905,-14008,0,0,0,0,0,0,0,12628,13340,-12754,0,-16268,0,0,16840,0,0,0,15045,0,0,-14780,0,0,12593,0,0
84972077,Team0,0,-13908,17666,13216,0,0,0,0,12643,0,0,12184,0,12672,-16262,0,0,0,0,0,0,-15174,-12087,0,0,0,0,0,-12083,-13186,0,0,0,0,13631,0,0,0,0
84972106,Team0,0,0,0,13216,14635,-13673,-15378,0,-11900,15672,0,-15776,0,0,14149,13112,0,0,0,0,-13405,0,0,0,0,0,0,0,0,0,0,0,0,18014,0,0,0,-9838,0
84972392,Team0,0,0,0,0,0,0,12835,0,-11913,0,0,-15878,0,0,0,0,15851,14876,0,0,0,-11451,0,11451,0,0,-11497,-12133,0,0,0,0,0,0,13096,0,13499,-11017,0
84972405,Team0,0,0,-10845,0,0,0,-14724,0,-15780,0,0,0,14236,0,0,0,0,0,0,0,12324,0,-12930,-15172,0,0,0,15391,0,0,12386,13232,0,16643,0,0,0,0,-13174
84972520,Team1,0,0,0,0,0,-11566,-14995,0,12661,0,0,13084,-12175,0,0,-12272,0,12525,0,0,0,0,0,0,0,0,0,0,-11934,0,-15322,0,0,0,14841,0,0,12682,12492
84972761,Team1,-1,12394,0,0,0,11340,-13669,12282,0,0,0,-16054,0,0,-13044,10318,0,0,0,0,0,-12235,0,13096,0,0,0,0,0,12958,0,-13316,0,0,-13925,0,0,0,0
84939124,Team0,0,0,13148,-14789,-11569,-12976,0,0,17969,0,0,0,0,-13038,0,0,0,12814,0,0,12259,0,0,-14221,0,0,0,0,0,19390,0,0,0,0,-9441,0,17185,0,0
84939150,Team1,0,0,-14198,14966,0,0,16474,0,0,0,0,0,0,0,0,-14458,-10742,-9905,14885,0,11885,0,0,0,-12976,0,0,0,0,0,0,0,0,11893,-10719,0,0,0,11198
84939162,Team0,0,0,12641,0,0,0,16497,-11378,-13886,0,0,0,0,0,0,0,0,11529,0,-16071,-12482,0,0,-12553,0,0,0,0,0,-13633,0,0,0,11845,13885,0,15257,0,0
84939255,Team0,0,-13508,-16311,0,0,0,20063,0,0,10771,0,13337,0,-11340,0,13405,0,-13272,0,0,17844,0,-11430,0,0,0,0,0,-11983,0,0,0,0,0,0,12013,0,0,0
84939256,Team0,0,0,0,0,12327,0,0,0,14024,0,-12440,-15324,0,-13703,0,0,0,0,0,15719,12516,-12161,-17231,0,0,0,0,0,0,0,0,12691,0,-18227,13863,0,0,0,0
84939323,Team0,0,-11829,0,0,0,0,17508,0,0,12441,0,0,0,0,-11886,-12403,0,0,0,0,0,-11336,0,11676,0,0,0,-14438,-11286,0,0,0,0,0,11716,12926,0,12636,0
84939328,Team1,0,0,0,8959,0,-23189,0,0,15242,8784,0,0,0,0,0,0,0,0,-15160,0,9786,-16958,0,-14289,0,0,0,12149,-18483,-16193,8527,0,0,0,0,0,0,0,0
84939407,Team1,0,14453,-16009,0,-15864,0,0,0,0,-11218,0,-10459,0,0,0,-10947,-13917,0,0,13513,0,15190,0,0,0,0,12681,0,13873,0,0,0,0,0,0,0,0,12970,0
84939434,Team0,0,-16739,0,11122,0,0,0,0,0,0,0,-14315,-10700,0,0,0,-13566,12991,0,0,-12461,13024,0,16650,0,-15624,0,0,0,0,0,0,0,19119,0,0,18697,0,0
84939439,Team1,0,13974,0,0,0,0,0,0,0,0,0,0,0,0,0,0,0,0,0,0,0,0,0,0,0,0,0,0,0,0,0,0,11172,0,0,0,0,0,0
84625676,Team0,0,-16285,12238,-13859,0,0,11209,11311,-12487,0,0,0,-11726,0,0,0,0,11310,0,0,-12825,0,0,0,-13051,0,15602,0,0,0,0,0,0,0,0,0,0,10518,0
84432646,Team0,0,0,0,12706,0,-15187,-12368,-14589,11704,0,0,0,0,0,0,-13287,0,13100,0,0,-15524,0,0,0,16456,0,0,0,0,-15808,0,13585,0,11894,0,0,0,0,0
84432647,Team0,0,0,17060,0,-12800,0,0,12142,14724,-12077,0,0,-12467,0,0,-11053,0,0,0,0,-13418,0,0,0,0,0,0,0,11545,-15234,0,0,0,12819,0,12617,0,0,0
84432716,Team0,0,0,14126,0,0,0,0,0,0,0,-12875,-14631,13128,-13503,0,15177,0,14502,0,0,0,0,12690,13247,-12523,0,0,0,0,0,0,0,0,0,0,0,0,-13131,-15695
84432735,Team1,0,-11648,-13948,0,0,0,0,0,0,0,-12173,-14527,0,0,0,0,-17743,13794,0,0,0,0,0,-11756,12240,0,0,0,0,12026,0,0,0,0,11265,0,12099,0,12594
84432789,Team1,0,0,0,14095,0,0,-15666,0,0,0,0,0,0,0,13131,14385,-10401,0,0,15295,-13244,12148,0,0,-12531,0,0,0,0,0,0,13967,0,0,-12005,0,-11751,0,0
84432790,Team1,0,0,0,0,0,0,0,0,0,0,0,0,0,0,10284,0,12669,12604,0,0,-12057,0,0,0,0,15704,-13439,16410,-13285,-12058,0,12149,0,-12784,-18577,0,0,0,0
84432825,Team0,0,0,-13679,0,0,12089,20114,0,0,0,-9693,0,0,12145,0,16650,0,11898,-11114,0,0,0,0,-15184,0,0,0,0,0,0,0,12342,0,0,-10824,0,-15961,0,0
84432854,Team1,0,0,0,0,0,0,-12409,0,0,12946,0,0,0,12298,0,13631,0,13302,0,0,-14282,-9678,0,0,0,0,0,0,0,19787,0,0,0,0,-12420,-14414,14192,-12232,0
84432877,Team0,0,-15794,0,0,0,12150,12645,0,0,0,0,12723,0,0,0,-13510,0,-12991,0,0,9924,0,13134,-17240,0,0,0,0,0,0,0,0,0,-12598,14768,0,-11939,0,0
84432885,Team0,0,15739,-13395,0,0,16042,0,0,0,0,0,15107,14140,0,-14890,12359,0,0,0,0,0,-12218,0,0,0,0,0,0,0,0,0,-12565,0,-11650,19373,0,0,0,-14632
84432952,Team1,0,0,0,0,0,0,17661,0,-12103,-10547,0,-18952,0,15268,0,0,0,14136,0,0,-14612,-11624,0,0,0,0,0,14432,0,0,0,0,0,14406,0,0,16238,-10780,0
84400287,Team1,0,8793,11153,0,-12842,0,0,0,0,0,-13875,11669,-13105,-14376,0,10779,0,0,0,0,0,-13670,0,0,0,0,11048,0,0,-19913,0,0,11435,0,0,0,0,0,0
84400327,Team1,0,15368,0,-11402,0,0,0,11217,-14437,0,0,-15336,0,12592,10146,0,-13781,0,0,-12945,-14435,13826,0,0,0,0,0,0,0,0,0,0,0,0,0,0,0,0,12062
84400397,Team1,0,0,0,11353,0,0,14320,0,0,0,-11505,0,0,0,0,0,14514,0,0,0,0,0,0,0,10526,0,0,0,-13207,0,0,0,-11429,15705,0,-12240,14652,-13187,-10481
84400408,Team1,0,13222,0,0,0,0,0,0,0,0,0,-12116,-16951,16706,0,0,0,-12830,0,13808,14584,0,0,0,-13787,0,14013,0,0,0,0,-13065,0,-13615,13819,0,0,0,0
84400438,Team1,0,0,0,0,-18033,0,0,-17027,0,0,0,0,0,-13502,0,0,0,0,0,-13837,13916,0,0,0,0,0,0,0,12704,13682,11417,0,-11924,16720,0,0,11276,0,-12954
84400444,Team1,0,0,0,0,0,0,13934,0,0,-13137,-10759,-13699,0,10992,-19107,0,0,13713,0,0,-16212,10460,0,0,0,0,0,0,0,16219,0,0,0,0,-14423,0,13479,0,0
84400450,Team0,0,0,0,0,0,12388,0,11271,0,0,0,14566,0,-12659,0,13681,0,-11738,0,0,0,-11545,-12901,14064,0,0,0,-11902,-11567,0,0,0,0,11251,0,0,0,0,0
84400452,Team1,0,0,0,0,-12660,0,0,0,-11808,0,-11416,0,0,11309,0,0,10342,-13850,0,0,14363,0,0,0,0,12018,0,13931,0,0,0,0,-10903,0,-16778,0,12467,0,0
84400456,Team0,0,0,0,0,0,15460,0,0,0,0,0,-12805,0,0,0,0,0,0,13981,-16975,13266,-14632,-14396,0,0,0,0,13152,0,12363,0,12082,0,0,-15340,0,0,-13257,0
84500645,Team0,0,0,0,0,0,14093,0,0,-14933,0,16228,12379,-17116,0,0,12644,9311,0,-14333,0,0,0,0,-14210,-13878,0,0,14970,0,0,0,0,0,0,0,0,0,-14855,0
84501095,Team0,0,0,0,-11378,0,0,14997,0,0,0,-10081,0,12606,-13423,0,0,0,0,0,-15155,0,11151,12990,0,12378,0,0,0,0,0,14687,0,0,0,-14452,-12603,0,0,0
84181933,Team0,0,12954,-12594,0,-13638,11432,0,14480,0,-12920,0,-11651,0,0,0,-13062,-10056,0,0,0,0,0,0,14988,0,0,0,0,0,15126,0,0,0,0,15422,0,0,0,0
84182009,Team0,0,13160,0,0,12086,-15794,0,0,0,0,0,-14133,0,-13652,15411,0,0,-13934,-14089,0,21450,0,0,0,0,0,0,-15757,0,0,0,18412,0,0,17335,0,0,0,0
84182187,Team1,0,0,0,-12917,13619,0,15871,0,0,-13125,0,0,0,15599,0,0,0,13019,0,0,-14318,0,0,-15954,0,0,0,-18683,0,0,0,14041,0,-11758,0,0,15760,0,0
84818729,Team0,0,0,0,0,0,-12241,0,0,0,0,0,0,0,0,0,0,11222,13514,0,-15758,-11646,0,0,10327,0,0,0,-12143,-11763,15495,0,-10080,0,0,16992,0,11273,0,0
84818777,Team0,0,13766,-14747,0,0,14981,0,0,0,0,-14900,-14693,0,-15936,0,12258,0,-16240,0,0,0,-12411,0,0,0,0,0,0,12860,18567,0,0,0,0,16088,0,0,0,0
84818790,Team0,0,-12672,0,0,0,0,14163,0,-17527,0,10724,0,0,14047,0,14668,0,0,0,0,-14177,15618,0,-11783,0,0,-11260,0,0,0,14265,0,0,-10890,0,0,0,0,0
84818792,Team0,0,0,0,0,0,0,0,0,0,0,0,-17446,0,0,0,0,-11178,12084,-10614,0,-13687,13940,13558,0,0,0,0,0,11061,15463,0,0,12030,0,-14485,-11126,0,0,0
84818803,Team1,0,11320,0,0,0,16076,0,0,-15572,0,0,10966,0,0,10826,0,0,0,0,0,-11471,0,0,-13388,0,0,0,0,-11600,10198,0,10390,0,-15322,-12629,0,0,0,0
84818830,Team1,0,0,-17356,0,-14704,0,0,0,0,0,11412,0,0,0,0,0,-14999,0,0,0,14783,10290,0,0,13127,0,12538,0,0,14511,0,0,0,0,-15061,0,-13669,0,-13172
84818867,Team1,0,10076,-15341,0,0,15298,0,0,0,0,12337,10714,10900,0,-14257,-16095,0,-14528,0,0,0,0,0,0,0,0,0,0,0,0,0,-14827,0,-14431,0,10911,0,0,0
84818890,Team1,0,10775,0,0,0,-15563,-15176,-11109,0,0,0,0,0,0,0,0,13636,0,0,0,-12405,-10928,0,0,0,0,0,0,11370,15475,0,10759,0,0,0,0,-10960,0,11679
84657221,Team1,0,0,0,0,0,0,-14464,-12187,0,0,0,0,0,0,0,0,0,-12286,-13591,0,-13123,12739,0,0,0,0,0,0,0,0,0,0,-12103,0,0,0,0,0,0
84657331,Team1,0,0,-11821,0,0,0,0,0,0,10661,0,0,15371,0,0,11334,-14253,0,0,0,-13347,13564,0,0,0,-16465,0,0,12163,14488,0,0,0,0,-13170,0,-10204,0,0
84657382,Team1,0,0,9459,0,0,0,0,0,0,10548,0,-14234,-13592,0,0,0,0,13054,-13425,-13412,0,9693,0,0,16240,0,0,0,0,-13601,0,0,0,-14360,9959,0,0,0,0
84657417,Team1,0,0,0,0,0,11484,0,0,0,12699,0,11364,0,-17722,0,10486,0,0,0,0,12186,0,0,0,0,0,0,-12804,0,-16528,0,0,0,-13294,13554,0,-12943,0,-11927
84657436,Team0,0,0,0,0,0,-11646,-14520,0,12592,11858,0,-14178,0,0,0,0,0,0,0,-11234,16133,12506,-15657,0,12233,0,0,0,15046,0,0,0,0,0,-14279,0,0,0,0
84657444,Team1,0,0,0,0,0,-13331,0,0,-14551,0,0,-14932,0,0,0,0,12008,0,-11444,0,11756,-11992,0,0,0,0,0,18884,13626,14101,0,0,0,0,0,0,10429,-11475,0
84657476,Team0,0,-13567,0,11061,0,12419,0,0,0,-10606,0,-13920,0,10859,-9904,0,0,0,0,0,-11015,-14173,0,0,0,0,10835,0,0,13095,0,0,0,0,0,11256,0,0,0
84657605,Team0,0,0,0,0,0,0,0,0,-12808,0,0,0,0,0,0,13566,0,0,0,0,-12832,0,0,0,0,-14653,-13629,13936,0,0,13372,0,0,17741,0,-13029,10671,-15030,12464
84657629,Team1,0,0,0,0,-15379,0,-15772,0,0,0,-12363,11729,0,-13227,0,0,14345,0,12470,0,-11803,0,0,0,0,0,0,15308,12912,0,14316,0,0,0,-12895,0,0,0,0
84657658,Team1,0,0,-14249,16066,-16431,0,15371,-14717,11659,-15257,0,13203,0,-16289,-16777,0,0,0,14738,0,0,0,0,15951,0,0,0,0,0,0,0,0,0,0,0,0,0,0,0
84002641,Team1,0,0,-12396,0,0,0,0,-14050,0,0,-10688,0,0,0,0,0,9464,-12132,0,0,0,-10442,0,0,13414,13526,0,12685,0,0,13343,12108,0,0,0,0,0,0,-13482
84002689,Team0,0,0,0,0,0,-16194,17143,0,0,-13118,0,-13602,0,13982,0,-14753,0,0,0,0,16477,-11660,14149,13151,0,0,0,0,0,0,0,0,0,0,0,12659,0,0,-13645
84002715,Team0,0,0,0,0,0,0,0,0,0,-9539,0,0,0,12111,0,-14016,0,12599,0,0,-13846,0,0,-14819,0,0,0,12068,0,14733,-13032,10206,-12145,0,0,12393,0,0,0
84002814,Team0,0,0,0,15237,0,0,-17263,0,13653,-12831,0,0,0,-12019,-12729,14693,0,0,0,0,0,0,0,13697,-12175,0,0,14598,-13187,0,0,0,0,0,0,0,0,14182,0
84689582,Team1,0,0,12789,0,0,13299,-13348,15489,-16688,0,0,0,0,11803,0,0,-14335,0,0,0,-15529,0,0,-13953,0,13457,0,0,-14020,14046,0,0,0,0,0,0,0,0,0
84689664,Team1,0,0,0,12446,13901,-12095,0,11790,0,-11400,0,-11994,0,0,0,0,0,11883,0,0,0,11676,0,13525,0,0,0,-13782,0,0,0,0,0,0,-11807,0,0,-12297,0
84689713,Team1,0,-14179,11213,-13679,0,-14104,0,13212,0,0,0,0,10405,0,0,0,0,12232,0,11195,-13479,0,0,-13292,0,0,0,0,11674,0,0,0,0,0,-17476,0,0,0,0
84689720,Team1,0,-13733,14142,0,0,11821,-14782,-12846,0,11601,0,0,-12643,12289,0,12651,0,0,0,0,0,0,0,0,0,0,0,0,12864,-16004,0,0,0,-15924,0,0,0,0,0
84689757,Team0,0,-13515,0,0,0,13236,-14563,0,0,-10634,0,0,0,0,0,0,0,0,0,0,-14524,12602,-13343,0,0,0,0,13776,14212,0,0,12791,0,14135,-11440,0,0,0,0
84689763,Team1,0,-18055,14770,12335,0,8444,13891,0,0,0,0,-17100,0,-14750,0,0,0,-13268,0,0,0,-13101,0,0,0,0,0,0,0,0,0,0,0,18463,-13442,0,12759,0,0
84689830,Team0,0,0,0,0,0,0,11105,11568,0,0,-14580,-14267,14924,0,0,0,-12906,0,0,0,14406,11583,0,0,0,0,0,0,0,-13905,0,11577,0,0,-13214,0,0,0,-12210
84125229,Team1,0,11634,0,0,0,-15557,0,14942,0,0,0,0,0,0,-14379,0,0,11182,0,0,0,0,0,0,0,-13609,0,0,12723,15037,0,0,13487,0,-14735,-15180,-14365,0,0
84125230,Team0,0,0,0,0,0,0,0,0,-10945,12804,0,15104,0,0,0,-11556,11894,-16808,0,-15122,12920,-11288,0,0,0,0,0,15016,-14270,0,0,0,0,0,14464,0,0,0,0
84125235,Team1,0,0,0,0,15082,-16237,0,0,-13216,0,13614,-13911,11313,0,0,0,12166,-13709,0,0,0,0,0,0,-15869,0,0,12153,0,0,0,0,0,0,-19089,0,0,0,13457
84125261,Team0,0,0,-12747,0,0,-14069,15672,0,-13222,0,0,0,0,0,0,0,12578,-12383,0,0,16855,0,0,0,0,0,-12738,0,-13687,0,0,0,0,0,17042,0,13541,0,13065
84125291,Team1,0,0,0,0,0,0,14524,0,0,9974,0,0,0,-12736,0,11495,0,12896,-11706,-13811,11238,0,-12255,-12571,0,0,0,0,0,0,0,11572,0,0,0,-11947,0,0,0
84125305,Team0,0,13100,0,0,0,0,-14686,0,14825,0,-10320,14389,0,15378,-12232,0,0,0,0,0,-12013,-13283,0,0,0,-11387,0,0,0,0,14431,0,0,0,0,0,0,0,12738
84125314,Team0,0,0,0,0,0,0,0,0,9235,0,11532,0,12121,0,-13928,0,-13458,11091,-13975,0,0,13721,0,0,0,0,0,-11780,0,15970,-13022,0,0,0,0,0,-11702,0,0
84125317,Team1,0,0,12198,0,0,0,0,0,-12926,0,10920,0,0,0,0,-14043,0,0,0,-19762,10471,-12825,0,0,0,0,0,0,-11814,0,0,0,0,-13312,12596,11059,0,0,11177
84125374,Team1,0,16962,-14292,0,0,12667,0,0,0,0,0,0,0,0,15576,0,0,-12187,0,0,0,0,-12889,13960,0,0,0,0,13362,0,0,14045,0,0,-13179,-14199,0,0,-13905
84125412,Team1,0,0,-13297,13367,11596,0,0,-12636,-12219,0,0,0,-13033,0,0,10739,0,-15673,0,0,11724,0,0,0,0,0,0,0,0,0,0,0,0,-14746,13000,0,0,11557,0
84035461,Team0,0,0,15508,0,-14052,0,0,0,0,0,-12592,0,12120,-13276,0,0,0,10277,14988,0,12148,-13152,13212,0,0,0,0,-13895,0,0,0,0,0,0,0,0,0,0,-11149
84035516,Team0,0,0,-12235,0,0,0,0,0,0,0,-12911,0,0,15157,0,12896,0,0,0,14653,0,0,14800,-14597,-13605,0,0,0,13607,14538,0,0,0,-13103,-11896,0,0,0,0
84035528,Team1,0,0,18849,-14673,0,0,13124,0,0,13140,0,0,0,-14692,0,0,0,-13636,-10870,-18324,0,13472,0,0,0,0,0,0,0,0,0,0,-16476,13658,0,12326,0,0,0
84035555,Team1,0,0,0,-14108,0,0,14219,0,0,0,-12916,-12355,0,16639,0,10994,-12219,0,13079,0,-13128,0,0,-14701,0,0,0,0,0,12581,0,0,0,0,0,0,0,0,11913
84035601,Team0,0,0,0,0,0,0,22371,0,0,14410,0,12236,0,13174,0,-14615,0,-11449,0,-13081,0,-13578,0,0,-10114,0,0,0,0,0,0,-11674,0,0,0,11780,0,11871,0
84035626,Team0,0,0,14671,0,0,0,0,0,0,0,-11996,-17069,0,0,11895,16298,13727,0,0,-12701,0,0,0,-13400,16017,15460,0,0,0,0,-14472,0,-10924,0,0,0,0,0,0
84035678,Team1,0,-11808,13414,0,0,0,0,0,0,0,0,0,0,0,0,0,0,0,0,0,0,0,0,0,0,0,0,0,0,0,0,-10782,0,11956,0,-15437,14695,-10653,0
84311273,Team0,0,0,0,0,0,0,0,0,-14130,0,10263,12788,0,11828,0,0,0,0,-12719,13706,13245,0,0,0,0,0,0,-13340,-13413,0,0,0,0,0,-11685,0,14386,-11978,0
84311326,Team1,-1,0,19909,0,0,17999,0,0,12162,-11952,0,-12587,0,0,0,12678,0,0,-17041,0,0,0,-12052,15932,0,0,0,0,0,0,-13619,-11987,0,13826,0,0,0,0,0
84311427,Team1,0,0,0,0,0,-14329,14955,0,12795,0,0,0,0,0,0,0,0,0,-12757,0,13997,0,12137,0,0,0,13791,-13849,-13930,0,13652,0,0,0,-16279,0,0,-14375,0
84311447,Team1,0,0,-15752,0,0,-14161,12857,0,0,13206,0,0,0,-12111,0,0,0,0,0,0,12997,12391,0,0,0,-19217,11612,0,0,-13535,0,0,0,0,0,0,-13874,11595,0
84311502,Team1,0,-14737,0,0,11959,0,-18005,0,0,0,0,12060,-14931,0,0,0,10652,0,0,0,0,-14894,0,-18748,0,0,0,10507,0,0,0,0,0,0,-15791,0,11914,12384,0
84311539,Team1,0,0,0,11770,0,11120,0,0,0,0,0,-12087,0,-14250,0,13867,0,0,0,-12792,0,0,-13060,0,0,0,0,0,0,13059,0,10462,0,11094,-13128,0,0,-13320,0
84368728,Team0,0,0,0,0,0,15147,-9792,0,0,-5603,0,-9206,15320,-8211,0,0,0,0,0,19427,0,-5355,0,0,18567,0,0,0,0,0,-7014,0,0,0,0,13313,14980,0,0
84369266,Team0,0,13268,0,0,0,0,-12845,0,0,0,0,16576,0,-12593,0,12523,0,11687,0,0,-11338,0,0,0,-12773,0,0,0,0,-12668,0,11996,0,12150,0,0,-11465,0,0
84279248,Team0,0,14357,-13665,0,0,0,0,0,0,0,0,14625,0,0,0,0,0,14380,0,0,-8932,0,13673,0,16502,0,0,0,0,0,-14637,0,14314,0,-12120,0,-10751,0,-11178
84279253,Team0,0,0,14754,0,0,0,0,0,-12301,0,11099,12507,0,0,14963,0,0,0,0,-11165,0,12451,-10639,-15021,-14254,0,0,0,0,0,0,0,0,0,12043,-12205,0,0,0
84279749,Team0,0,0,-11264,0,0,-11151,0,0,0,0,0,0,11184,15976,0,0,0,0,0,0,-12035,-10886,0,0,14773,0,0,0,10965,-14135,15501,0,0,0,13697,0,-15634,0,0
84280596,Team0,0,0,15186,0,0,0,0,0,16903,0,14854,0,0,0,0,-11685,0,14264,0,0,14194,0,-12407,0,0,0,0,-16570,-10648,-16215,0,12993,0,0,0,0,0,0,-12416
84280622,Team1,0,0,0,0,0,-13776,-13039,11261,0,0,0,11349,11714,0,0,-13683,0,-12191,0,0,0,0,0,-13451,0,0,0,0,0,11090,0,0,0,13187,-13927,0,0,11402,0
84906340,Team0,0,0,0,0,0,0,0,0,0,0,0,0,0,0,0,0,0,0,11352,0,0,0,0,0,0,0,0,15152,0,-14526,0,0,0,0,0,0,0,0,0
84906443,Team0,0,0,12184,0,0,0,0,0,-13487,0,0,0,14070,0,0,10775,0,-10653,-10456,0,0,-12433,0,0,0,-12951,0,0,-13298,15256,0,0,0,10774,0,0,0,13945,0
84906448,Team0,0,-12955,0,0,0,-13024,14478,16321,-11359,0,0,0,0,0,-13755,0,0,15622,13818,0,15011,0,0,0,0,0,0,-12593,-11444,0,0,0,14799,0,0,0,0,0,0
84906483,Team0,0,-3193,0,0,0,0,0,0,0,0,0,0,24365,-662,0,-3102,0,6743,6740,0,0,7789,0,0,8270,0,0,0,0,6742,-3734,0,0,0,-4924,0,0,0,-4550
84906529,Team0,0,0,0,0,0,0,0,-12777,14104,0,0,-13187,0,-13559,0,0,0,12380,0,-14165,-11973,-14397,0,0,0,12358,0,14098,0,0,0,0,0,15444,0,0,12505,0,0
84906530,Team0,0,0,-13549,0,0,-17532,0,0,0,0,14222,10773,0,13099,0,0,0,0,-12653,0,-11576,11528,-12650,0,0,15236,0,-12467,0,0,14423,0,0,0,0,0,0,0,0
84906538,Team0,0,-14767,0,0,0,10905,0,0,0,0,12999,0,0,-12349,0,0,0,0,0,0,-15334,0,0,-14529,0,0,0,13531,11782,13149,-12190,-12862,0,0,12685,0,0,0,0
84906563,Team1,0,0,15024,-11165,0,0,-13314,0,12514,-11193,0,12195,0,0,-13615,0,13303,12621,0,0,-14847,0,0,22294,0,0,0,0,0,0,0,0,0,0,0,-9986,0,0,0
84906608,Team0,0,0,-17069,-13393,0,-11052,15982,0,0,0,0,0,-10895,0,17198,12884,0,-14841,0,0,0,-13228,0,0,0,0,0,0,0,0,0,0,0,12737,13829,0,0,12713,0
84906644,Team1,0,0,0,0,0,-13477,13880,0,0,0,0,-14744,0,0,18448,0,0,0,-11247,0,-12519,-14288,0,0,-13165,0,0,13758,0,0,13075,0,0,15074,0,0,14924,0,0
84906666,Team1,0,0,0,0,0,0,0,0,15108,0,0,-14615,0,12942,0,12107,0,0,-15869,0,0,12010,0,12010,-12047,0,0,14126,0,-11146,0,0,0,-11096,0,0,-11508,0,0
84906695,Team1,0,0,-14273,0,0,-12529,0,13152,0,0,0,13062,0,0,0,0,0,0,0,0,-10134,12929,-11093,0,0,0,0,-12052,-11927,0,13039,0,13700,13062,0,0,0,0,0
84846000,Team1,0,-18390,13767,0,0,-13143,0,-13233,13467,0,0,0,0,0,0,0,0,14057,0,0,0,0,0,0,16796,0,0,0,-11568,-16563,13133,13981,-12110,0,0,0,0,0,0
84846179,Team1,0,0,0,0,0,0,0,0,0,0,-12431,-14519,0,-13100,0,0,-12894,11118,11616,0,0,0,0,0,0,0,11427,0,0,-15267,0,0,0,11407,-12269,0,13463,12082,0
84847261,Team0,0,0,0,-15263,14898,-15854,0,0,0,0,0,-14147,0,0,0,0,0,0,-14158,0,13912,0,0,-17651,10992,0,0,0,0,0,-13696,9626,0,0,14925,0,0,0,11085
84757425,Team1,0,0,0,0,0,0,-12451,13786,-14718,0,0,-14238,0,0,17689,0,-13476,0,0,0,-12717,13811,0,0,13786,0,0,0,-16468,14170,0,0,0,0,0,0,0,0,12972
84757521,Team1,0,12064,-15553,0,0,0,0,0,-14331,0,0,14082,0,0,0,0,13110,0,0,-16028,-12774,0,-14039,0,0,0,0,12027,0,0,13599,12960,0,0,-10672,0,0,0,0
84757588,Team0,0,0,15944,0,0,0,0,0,-13283,0,0,12419,0,0,-11779,0,10265,-12009,-11573,-14477,0,0,0,0,0,0,0,0,11543,0,0,14959,0,11144,0,0,-13166,0,0
84757591,Team1,0,12880,-16141,0,0,0,0,-16857,0,-14628,0,19287,0,0,-12601,0,10712,-11863,0,0,14714,0,0,0,13902,0,0,0,0,0,0,0,-14305,0,0,0,17586,0,0
84757658,Team0,0,0,0,0,0,0,0,-16894,0,0,13129,19190,0,0,0,0,-11753,0,0,0,11967,12813,0,0,0,0,12061,-13731,-12582,0,14492,0,0,-13383,-14918,0,0,0,0
84757700,Team1,0,0,-18810,0,0,0,0,0,-10206,0,0,0,0,0,0,14777,0,-10066,0,11500,-9607,11367,11468,0,0,0,-12960,0,0,-14855,12224,0,0,0,15185,0,0,0,0
84757704,Team1,0,0,17075,0,0,-14324,0,-12110,0,0,0,0,0,-10706,0,0,0,15752,0,0,0,13354,0,18622,0,-13669,0,0,-11641,0,0,13583,0,15709,-14226,0,0,0,0
84725419,Team1,0,0,0,0,0,0,0,0,-13376,0,0,0,0,10431,10314,0,0,11049,-14024,0,-14104,0,0,-14088,0,17217,10631,0,0,0,0,0,0,-12601,-13609,0,13124,0,0
84217555,Team0,0,0,0,0,0,-14802,-11874,0,0,0,0,0,0,11281,0,0,0,0,0,10792,13148,-13194,-11294,16454,0,0,0,-16830,0,21315,0,0,0,0,0,-11760,12985,0,0
84217582,Team0,0,0,0,0,0,0,17927,0,-15176,0,0,0,13516,0,0,0,0,-11402,0,0,0,-10904,0,0,0,0,-12111,0,0,-14994,20804,0,0,0,12874,-15066,0,15519,12579
84217601,Team0,0,-11778,0,-10594,0,0,14835,0,0,0,9660,11483,0,10226,0,0,-13236,11649,0,0,0,0,-12823,0,0,0,0,-11561,0,0,0,0,0,0,13980,-15619,0,0,0
84217604,Team0,0,0,-12086,0,11841,11726,16547,0,0,0,0,0,0,0,-17438,11311,0,0,0,0,-11541,0,12938,0,0,0,0,0,0,0,0,-11403,0,0,13374,0,0,-13383,-9485
84217679,Team0,1,0,-14344,0,13979,15374,0,0,0,0,13496,19695,0,0,0,0,0,0,0,-13931,-15150,0,0,-15116,0,0,12684,0,0,14470,0,0,0,-13811,0,0,-13091,0,0
84466396,Team0,0,0,0,0,0,0,14508,0,0,0,0,13078,0,13628,0,0,-13221,0,14055,0,-11588,13376,0,0,0,0,0,-11067,0,-14948,0,0,0,0,19620,0,-14971,0,-12490
84466422,Team0,1,0,19558,-11879,-13542,12307,0,0,-11856,0,0,0,0,0,-15113,0,13297,0,12194,0,15120,0,0,0,0,0,0,-15390,0,0,0,-11120,0,12440,0,0,0,0,0
84466448,Team0,-1,0,13641,-13428,0,0,0,0,0,0,0,0,0,15616,0,0,-12507,0,0,17782,0,0,0,-14644,0,0,0,0,15625,-15952,0,0,0,12962,-12410,0,12793,-12660,0
84466620,Team1,0,16420,0,0,0,0,0,14472,0,13834,0,17967,0,14777,0,0,0,-11663,-14282,0,15647,-12622,0,0,0,0,0,-11987,0,-13098,0,0,0,0,0,0,0,0,-15247
84466686,Team1,0,0,-16237,0,0,0,0,0,0,-17822,0,-17431,0,0,0,0,0,0,0,0,-16477,14467,0,0,12901,0,0,0,11547,14363,12082,0,13343,-17314,-14077,0,0,0,0
84466804,Team0,0,0,18992,0,0,17390,0,-9478,0,14768,0,0,0,12764,0,0,0,0,0,-14933,-11862,0,0,0,0,0,-9735,13922,12242,0,0,0,0,0,-11426,0,0,0,-12397
84565376,Team1,0,12490,-11120,0,15243,-11399,0,0,0,14193,0,0,0,0,0,-14091,0,0,0,-18578,13774,-14730,0,0,0,0,0,0,-13445,0,0,0,14782,0,0,0,0,0,13165
84565403,Team1,0,7607,0,-10911,7201,1851,0,0,0,0,0,5927,0,0,0,0,0,0,-10912,-10476,-12577,7492,0,0,0,0,0,0,0,0,0,0,0,0,-12266,-11357,4938,0,0
84565518,Team1,0,12473,-18106,0,0,-15027,0,0,0,0,0,8766,0,-17037,11959,0,9496,0,10832,0,0,0,0,0,0,0,0,8767,-15967,0,0,0,0,0,0,0,-14073,0,-14055
84565540,Team1,0,0,0,0,0,0,-13595,0,13291,0,0,0,0,0,0,0,0,11948,0,0,-13554,-11269,13109,11925,0,11847,0,0,-11340,13922,0,0,0,-11957,0,0,-11930,0,0
84533434,Team0,1,0,0,-3416,0,0,15720,0,-22092,-3044,0,0,0,0,0,12588,-20336,-15873,0,0,16719,0,0,0,0,0,0,-3043,0,14353,0,12163,0,0,0,0,0,0,12688
84533540,Team1,0,0,0,0,0,0,-12801,11041,14565,0,0,0,0,12485,-16835,13699,0,0,0,13613,-15968,0,0,0,0,0,0,0,0,0,12568,-13127,0,-12579,-12655,0,0,0,0
84533554,Team0,0,12798,0,0,0,-11812,-14387,12922,14684,0,-13610,-13010,0,0,0,-16403,0,0,0,-12243,0,0,0,0,0,0,0,0,14193,12787,0,0,11933,0,0,0,0,0,0
84533628,Team0,0,0,22814,0,0,-10162,-9889,0,0,0,0,17922,0,0,0,-10042,14325,13148,0,0,0,11862,0,-14928,0,0,0,0,0,0,0,0,0,-10038,-10696,0,13142,0,0
84250212,Team0,0,0,14275,0,0,0,-13046,0,-12524,0,-12921,0,0,0,0,0,0,0,12454,0,11473,0,0,0,0,0,10771,0,0,0,15619,0,0,-14745,-15387,-12575,0,11131,0
84250229,Team1,0,0,-13463,0,0,-13905,0,12910,12611,0,0,12956,0,0,0,12978,0,0,0,0,-15155,0,0,0,0,-14246,0,0,0,0,14104,-14097,0,11746,-17703,0,0,0,0
84250289,Team1,0,0,0,0,0,0,-11832,0,0,0,0,0,0,-11223,10913,13861,0,-14871,-11126,13718,11337,-11096,0,-15243,0,0,0,0,0,0,9782,12005,0,0,0,0,0,0,0
84250298,Team1,0,0,0,0,0,0,15774,11063,10555,0,-11128,-13545,0,0,0,0,0,0,0,-16239,0,0,0,-14630,0,0,0,13620,12156,0,-19296,0,14026,0,-15254,0,0,0,0
84250351,Team0,0,0,0,0,-12817,0,0,12475,0,0,0,14531,0,-11163,0,0,10615,0,0,-14701,0,-9922,0,0,12183,-11391,0,0,11904,11659,0,0,0,0,0,0,-17909,0,0
84250358,Team0,0,-13953,0,0,0,0,0,11311,0,0,0,15911,0,15666,0,0,0,0,0,12984,-12700,-12244,0,0,0,0,11956,0,0,0,-14254,0,0,10222,-12922,0,-13538,0,0
84250396,Team1,0,0,0,12955,14674,0,0,0,0,-14499,0,-15253,0,0,0,-12833,0,17228,13189,0,0,-10741,0,0,0,0,9722,0,-11732,0,0,0,0,0,-10793,0,0,0,14596
84250439,Team0,0,0,-15275,0,0,14927,13601,-12435,0,0,13077,13342,0,0,0,-13717,0,0,0,0,15692,0,0,0,0,0,14489,-12379,0,0,0,0,0,0,-13959,0,0,0,-12400
84876115,Team1,0,0,0,0,12105,0,0,-14974,-13414,13398,0,0,0,0,0,0,0,0,0,0,13480,0,0,0,0,0,13186,-14443,15265,13720,0,0,0,-15711,0,0,0,-12613,-12215
84876730,Team0,0,-13122,0,0,-11288,12954,20107,-15891,0,0,0,-13110,0,0,0,0,0,-12271,0,0,0,0,0,0,0,0,0,0,0,12571,0,0,-11105,0,12326,0,12334,14459,0
84339993,Team1,0,0,0,0,13221,0,0,0,17947,12518,0,0,0,-12256,0,13986,0,-13152,0,20022,0,15629,0,0,0,0,0,0,0,-16458,0,0,0,0,-11344,0,-13305,0,-12109
84340017,Team0,0,0,-15823,0,0,-12550,14355,0,0,0,14667,18686,-15467,0,12494,0,0,0,0,0,-17499,12062,0,0,0,0,0,0,0,0,0,-12931,11660,0,0,0,0,0,-15103
84340020,Team1,0,15561,0,0,0,0,0,0,0,0,13965,0,0,13488,0,13261,-9858,0,-14318,0,-14622,-12830,0,-12883,0,0,0,0,-13596,16401,0,0,0,0,0,0,0,0,12738
84340024,Team0,0,0,15084,0,0,11793,-18101,0,0,0,0,0,0,-11810,0,0,0,-12702,0,0,9137,-12033,11993,0,0,10829,0,-12106,0,0,0,0,0,0,9880,0,-15966,0,0
84340065,Team1,0,12406,0,0,0,0,0,-16134,-11803,-12795,0,0,0,0,0,13249,0,0,0,-12074,0,0,0,0,0,0,12744,12864,0,0,12076,0,0,0,-13810,0,0,-12586,15897
84340073,Team1,0,15850,-18592,0,0,-13717,0,0,11302,0,0,13069,0,0,0,0,0,0,-12181,0,-13338,-15342,0,0,0,0,0,0,0,0,0,0,0,14128,10888,0,-13937,10393,0
84340146,Team0,0,0,12699,0,0,-9696,-14856,0,0,0,0,0,-13587,0,14806,-12621,0,16360,0,0,12739,0,0,0,0,0,0,0,-11487,0,0,0,12105,-12424,0,0,13167,0,0
84340204,Team1,0,0,-12949,0,0,0,0,11500,0,-15485,0,0,15399,-15816,0,0,0,10997,0,0,-14362,11015,0,0,0,14507,0,0,-17209,0,0,0,0,0,-14439,0,0,0,12764
84097012,Team1,0,20255,0,0,-11681,10232,0,0,-11999,0,0,0,0,-13194,0,0,0,-11902,0,0,0,12690,10896,0,0,0,0,12357,12850,-14431,0,0,0,0,0,0,-11802,0,0
84097031,Team1,0,11476,11622,0,0,0,0,0,11936,0,0,0,0,0,-12403,0,0,15783,0,0,13052,-11313,0,0,0,-12591,0,0,0,-11937,-15784,0,12668,0,0,0,-13462,0,0
84097033,Team0,0,0,13799,12055,0,13051,13788,0,0,0,0,0,0,0,0,-14380,-13119,0,0,0,0,0,0,0,0,0,0,-13339,-17454,0,-14834,0,0,14758,-16508,0,12284,0,0
84097052,Team0,0,0,18143,0,0,0,0,0,-13758,0,0,0,0,0,0,0,0,15966,0,0,-11911,11187,0,-13469,0,-13868,0,0,0,0,-12338,0,0,0,-12079,0,12932,18769,15513
84097057,Team1,0,0,11855,0,13649,-11083,0,0,0,-12737,0,-14803,0,0,15216,11794,0,0,11032,0,0,0,0,0,-11663,0,0,0,0,0,0,0,-8932,12613,0,0,0,-11799,0
84097076,Team0,0,0,0,0,-13150,0,0,0,0,0,0,13834,-12277,0,0,10488,0,0,11641,0,0,0,0,0,12892,0,11251,-13077,0,0,12524,0,0,0,-14331,-13988,-14649,0,0
84097140,Team0,0,0,0,0,-13523,0,13932,0,14434,0,0,0,0,0,0,0,0,13845,0,0,0,-10886,12914,0,15481,0,0,0,0,-12011,0,0,0,0,13139,-13176,-10135,0,-17447
84097143,Team0,0,0,0,0,-10670,0,0,0,-11872,13935,0,17087,0,0,0,0,0,0,0,0,14105,0,0,0,-11426,0,0,14833,0,0,0,-10883,0,15888,15497,-9840,0,0,-11182
84971747,Team1,0,-16658,0,0,0,10995,0,-14334,16142,0,0,11711,8512,-13669,-14174,0,0,0,11744,-16088,0,0,0,0,0,0,0,0,0,10996,0,0,0,0,-17713,0,0,0,0
84972253,Team0,0,0,13425,0,0,-13277,-16539,-15184,10312,-17411,0,0,0,0,-15251,10853,0,0,0,11845,0,0,0,0,16389,0,0,-14732,0,0,0,0,0,11738,0,0,0,0,0
84153898,Team1,0,0,16023,0,0,0,0,-13763,0,0,0,0,-11885,12304,0,0,0,13531,-11783,0,11247,-12642,0,0,-16780,0,0,0,0,-13747,0,0,0,0,11812,0,12829,0,0
84154528,Team1,0,11995,-10971,11277,0,-12037,0,-10182,0,0,0,0,-11378,0,0,0,0,0,12387,0,-11706,0,12436,0,0,0,0,0,0,0,0,0,11381,0,-14639,0,11318,0,0
84154934,Team0,0,11123,0,0,0,0,0,0,0,0,-9942,-13976,0,14382,0,-13961,0,0,0,11188,19093,0,0,15400,-10433,0,0,0,0,0,0,0,-10944,0,-13815,0,21765,0,0
84626155,Team0,0,0,16655,0,0,0,0,0,13560,0,0,0,0,-10447,14365,0,0,0,0,0,14038,-12176,0,12244,0,-12603,0,0,0,0,0,0,0,0,-16670,0,13792,-11325,-12016
84626236,Team0,0,0,0,0,0,-11175,15583,12162,0,13074,-10543,12699,0,0,0,0,0,0,0,0,14645,0,0,0,0,0,0,-13099,0,-16830,13161,0,0,0,-12248,0,0,0,-13483
84626320,Team0,0,-13351,0,-14873,0,11273,0,-13536,0,0,0,14071,0,0,-11973,0,0,0,0,0,0,0,15590,16482,0,0,0,0,0,-13767,13623,0,0,-11564,17367,0,0,0,0
84626364,Team0,0,0,0,0,0,-11819,0,0,13859,0,0,-12666,0,11101,0,0,0,10609,0,-12387,0,0,0,0,-10575,11188,0,0,-15641,14792,0,0,-10818,0,14813,0,0,0,0
84626379,Team1,0,0,15237,0,13445,0,0,0,0,12616,0,0,0,0,-13346,13180,0,14929,0,0,0,-12013,0,0,0,0,0,11334,-12650,-16637,0,0,0,0,-13108,0,0,-11466,0
84430304,Team0,0,0,0,12564,0,-11596,0,0,0,0,0,19528,0,0,0,0,13520,11811,0,0,13052,-12639,0,0,0,0,0,-13302,0,0,-12569,12604,0,0,-11892,0,-11919,0,0
84430784,Team1,0,0,0,14172,0,13666,11908,0,-14574,0,-10597,-12433,0,0,0,0,0,0,0,-15934,0,0,12016,14803,0,0,0,-16574,0,0,14877,0,0,-12294,0,0,0,0,0
84432302,Team1,0,0,-17680,0,0,0,0,0,-13895,10687,0,0,11358,0,0,0,0,0,0,15349,-16124,-12813,-14281,0,0,0,0,0,11049,17071,0,0,0,0,0,0,0,-15555,13359
84063333,Team0,0,-10773,19615,0,0,7789,0,0,0,0,-10424,0,0,-13013,0,-9675,0,11735,0,0,0,0,0,0,0,0,9837,-12949,11789,0,0,0,7789,-10322,0,0,0,0,0
84399762,Team0,0,0,0,0,-13020,15260,12924,11784,0,0,0,0,11674,0,0,0,0,-11962,-14020,0,10260,0,0,0,-14311,0,0,0,0,15760,0,0,-12487,0,-14580,0,0,0,0
84399764,Team0,0,0,13843,0,0,10200,0,-13063,15581,0,0,-11677,0,-10941,0,0,0,0,10144,0,12353,0,0,14802,0,0,0,-10811,0,0,0,0,0,-11851,0,0,0,-11978,0
84400120,Team1,0,0,14090,0,-16173,0,0,0,-12631,0,0,0,0,0,0,0,0,-14062,0,0,16536,-15524,0,0,0,0,0,0,12050,0,0,12760,0,13096,0,0,-13076,-11327,10018
84400194,Team1,0,0,0,0,0,-14558,0,-13763,0,0,0,-14643,0,0,0,0,0,0,0,13290,13130,0,0,-12450,12285,-13999,0,0,0,0,0,0,11300,-13267,0,16054,12835,0,0
84400431,Team1,0,17335,-13666,0,0,-14174,0,0,14400,0,0,0,0,12384,12847,0,0,0,0,0,16097,0,0,-11475,-13024,14896,0,0,0,0,0,0,0,-11476,0,0,-12424,0,0
84400487,Team1,0,0,0,12679,0,-13882,0,14078,11811,0,0,-17117,0,0,15975,0,0,-14134,0,0,0,-14061,0,0,0,0,0,0,0,-17559,11297,0,0,0,0,0,-17120,11812,0
84400497,Team0,0,0,-13374,0,-13907,0,15205,0,-12955,0,0,-10275,0,11965,17215,0,13850,0,0,-15271,-14110,0,0,0,0,0,0,0,0,13288,0,0,0,0,0,0,11067,0,0
84939439,Team1,0,0,0,0,0,0,0,0,11087,0,0,-15327,0,-13604,0,0,0,0,-12921,16144,11243,-12405,0,0,12714,0,0,0,0,-14900,-15305,0,0,0,0,0,0,0,0
84939449,Team0,0,0,17764,0,-15512,11856,0,14991,0,-14810,0,-13812,0,-11536,14086,0,0,0,0,0,0,0,0,14862,0,0,0,0,0,15108,0,0,-10910,-10416,0,0,0,0,0
84939513,Team0,0,0,0,0,0,-12056,-16612,10330,0,0,0,12826,0,0,-13147,-13657,11933,12534,-12325,0,-12506,12012,0,0,0,0,0,15068,0,0,0,0,0,0,0,0,0,0,0
84939665,Team0,0,0,-17092,0,0,0,0,0,0,0,-13637,0,0,0,-12270,0,0,-11092,15227,0,14510,0,0,-13461,0,15016,14207,0,0,15176,0,0,0,0,-12348,0,0,15497,0
84939742,Team0,0,0,0,0,0,0,0,0,12454,0,0,11985,0,-13296,0,-11287,0,0,0,-13720,12897,16324,0,-13320,0,0,0,0,14871,12389,0,0,0,0,0,0,0,-15811,-14377
84939774,Team1,0,0,0,0,0,0,0,0,-12773,0,0,-15588,0,-12969,0,12028,0,10297,-11150,0,0,11872,0,-15289,14103,0,12786,-16457,0,0,0,0,0,0,0,0,0,13036,0
84939777,Team0,0,13488,-13016,0,0,0,0,0,-12193,0,0,15563,0,-15354,0,0,0,0,0,0,-13003,0,12855,0,0,0,0,0,0,-11061,16226,0,0,0,13699,0,0,-11884,13226
84184194,Team1,0,0,-15949,0,11752,0,0,0,0,0,0,0,0,-12919,-15695,11108,11948,0,0,0,0,0,-12612,0,0,0,0,15135,0,0,0,0,0,-11635,0,11676,0,0,0
84184254,Team0,0,0,16294,0,0,0,0,13631,0,-14380,0,0,-13131,16411,0,0,0,0,0,0,17378,9888,0,0,-16597,0,0,0,-13221,0,0,0,0,-13577,0,15430,0,0,-11594
84184295,Team1,0,13306,0,0,0,0,-11422,0,0,0,0,14645,0,0,-13375,0,14083,-15113,0,0,0,0,13336,0,0,0,0,0,0,0,-9587,0,-12772,0,16066,0,-10347,16032,0
84184314,Team1,0,0,0,0,0,-12556,0,0,0,0,0,-17181,0,-13010,0,10105,14577,0,-16140,-12626,0,0,0,-14524,0,0,0,0,0,12330,0,0,0,0,0,0,10470,12099,11738
84184351,Team1,0,0,0,0,0,-13430,15368,-14159,0,0,11860,-16055,0,0,0,12397,12854,0,0,0,-16331,-13736,0,0,0,0,0,16374,0,0,0,0,0,0,0,0,-12975,14466,0
84184377,Team1,0,0,0,0,0,-12028,0,13875,0,0,0,0,0,0,0,-11945,0,12665,0,-15838,13843,16808,0,0,0,0,0,-15902,0,13261,0,15790,0,0,0,0,-12998,-11670,0
84595082,Team1,0,14768,0,0,0,0,0,0,0,0,0,14872,0,10643,-13885,0,0,11012,0,0,0,0,0,0,-14000,0,0,0,0,-12871,0,0,0,-12632,0,0,0,0,0
84595147,Team0,0,0,0,0,0,0,0,0,0,0,0,14305,0,-12965,0,0,0,0,-11984,0,13804,0,14366,-14566,-13714,0,0,-14217,10416,15186,0,0,0,-15255,0,0,0,0,10331
84595422,Team0,0,0,0,-14651,0,0,14382,0,0,-7985,0,0,0,0,-11368,0,11374,0,14412,0,13458,-12090,0,0,0,0,0,0,-11825,0,0,0,0,-12093,14898,0,0,0,13837
84595459,Team0,0,0,0,0,0,-11858,-14552,-10178,0,0,0,14886,0,0,0,0,12038,0,-10325,0,0,0,13720,-13984,0,0,0,0,12820,15226,0,0,0,0,12885,0,0,0,-10639
84595460,Team0,0,0,13413,0,0,-12340,-16818,15526,-13048,0,0,11578,0,0,0,-13668,0,0,0,0,15709,13899,0,0,0,0,0,0,0,0,-13983,0,0,9236,-14492,0,0,0,0
84595466,Team1,0,0,0,-12488,-12159,0,0,0,0,0,0,0,0,0,0,0,0,0,0,12993,12190,10889,-12440,-15623,0,0,17450,0,0,0,0,0,0,-11672,-13283,0,10052,13195,0
84595530,Team1,0,0,0,0,0,-12085,-11479,0,-15661,0,0,0,0,0,0,0,0,11907,0,0,16297,0,0,0,0,0,0,0,0,15571,0,11285,0,-12847,-11099,0,11856,0,14976
84500772,Team1,0,0,0,0,-13667,0,16495,0,-11953,0,-13539,0,0,-14284,0,0,0,0,0,-13624,0,0,0,0,0,0,0,-15842,12171,10068,0,0,13566,10693,0,0,0,12440,0
84501053,Team1,0,0,-12885,0,0,0,0,0,0,-13332,0,0,0,0,-11901,-12934,0,12889,0,0,14323,11603,0,0,0,0,0,0,-13443,11791,0,0,0,-13430,15061,0,10610,0,0
84501056,Team1,0,-15403,0,-12619,0,0,12982,0,0,0,10828,0,0,0,-12850,0,0,11061,-12942,0,0,-13624,0,0,0,0,0,0,10837,15165,-16456,0,9493,0,0,0,0,0,0
84501117,Team0,0,-13049,0,0,0,0,16878,0,11809,0,0,0,0,0,0,-12928,-15956,9738,11727,0,14134,-12206,0,0,-13115,0,0,0,13820,-12996,0,0,0,0,0,0,0,0,0
84501210,Team1,0,11439,0,0,0,10662,18322,0,-15493,0,0,0,0,0,0,0,0,-13580,-11530,0,14605,0,0,13818,0,0,0,0,-12639,-13321,0,0,0,0,0,0,10888,0,-12844
84689839,Team0,0,0,0,12379,0,12272,-14311,0,0,14169,0,-13278,-12673,0,0,0,0,-11044,0,0,0,0,0,0,0,0,0,12393,16212,-14831,0,0,0,0,0,0,-12863,0,13113
84689901,Team0,0,0,-12248,0,0,0,0,-16331,0,0,0,16061,0,0,0,-11502,-11636,-15155,13004,0,0,13484,0,-14377,15136,0,0,0,0,0,0,0,0,13436,0,0,0,0,11696
84689902,Team0,0,0,0,0,-11072,-13398,0,-12977,0,0,0,17968,-11133,0,-10571,0,0,0,0,0,16197,-10151,0,14781,0,0,0,0,14093,0,0,0,0,14589,0,0,0,0,14343
84689914,Team0,0,0,14215,10574,0,-11198,-14096,0,0,0,-11340,0,0,0,0,0,10485,0,11010,0,16096,0,12930,0,0,0,0,0,-11126,-14555,0,0,0,0,-13817,0,0,0,0
84689927,Team0,0,0,12150,0,-16202,11431,0,0,0,0,10945,12918,0,0,0,0,0,-11774,0,0,12881,-10268,0,0,0,0,0,-13390,0,-17642,0,-11885,0,0,0,0,12173,0,0
84689969,Team0,0,16757,11939,0,13756,0,-18002,0,-12931,-11552,0,0,0,0,0,0,0,-11900,0,0,-12935,13510,0,-13886,0,0,0,0,0,0,12794,0,13928,0,0,0,0,0,0
84689986,Team0,0,-10357,-16238,0,0,0,-13638,0,-13692,-12867,12396,0,0,0,0,0,-14480,0,0,0,0,0,0,0,16496,11652,0,0,0,0,13057,0,11126,0,13879,0,0,0,0
84690028,Team0,0,0,-12703,13072,-11748,0,21608,0,-15849,0,0,0,0,-15602,0,0,0,0,0,0,-12829,0,11621,14023,0,0,0,0,-18803,18868,0,0,0,0,15605,0,0,0,0
84690078,Team1,0,15826,0,14073,0,-14533,-15701,0,0,0,0,0,0,0,0,0,0,0,0,0,-12322,10933,14263,0,0,14055,0,0,0,0,0,0,0,15274,-13215,0,-14704,0,-13369
84690094,Team0,0,0,0,0,-12652,0,-15104,0,-14306,0,0,13017,0,0,0,12515,15151,11958,0,0,-13105,-12804,0,0,0,0,0,12599,0,0,0,0,0,0,14181,0,0,-13950,0
84690098,Team0,0,0,0,0,0,0,0,16864,0,0,0,0,0,-10858,0,12283,0,0,0,0,0,0,0,0,0,0,0,0,0,0,0,0,0,0,0,0,0,0,0
84125462,Team1,0,0,-13823,0,0,0,0,0,0,0,0,13805,0,-15319,0,0,0,-12684,12622,0,-15701,0,0,12400,12247,-14165,12119,0,0,0,0,10876,0,0,0,0,-16179,0,0
84125509,Team0,0,0,12806,-12696,0,0,0,14421,12938,0,0,0,0,15164,0,0,0,-11056,0,12230,14112,0,-11470,0,0,0,-15246,0,0,-13668,0,0,0,0,0,-15026,0,0,0
84125525,Team0,0,0,-14250,0,0,0,0,0,12750,0,0,16210,0,0,0,0,0,0,-10844,13227,-14892,0,-13143,0,12440,0,0,0,0,-13260,0,0,0,12571,16307,0,0,0,-13430
84125546,Team1,-1,0,13125,-11924,14911,-12822,-14448,0,0,0,0,17052,0,-14232,0,0,12697,-16350,0,0,0,0,0,0,0,-16263,0,0,0,0,0,0,0,0,16309,12106,0,0,0
84125562,Team0,0,0,0,0,0,14024,0,0,-7249,0,0,14319,12848,0,0,0,0,14394,-8600,0,-8256,0,0,0,0,0,0,0,-6459,15041,0,0,0,-6859,-7133,0,14795,0,0
84125572,Team0,0,0,0,-13448,14672,0,0,0,-13856,0,0,0,11719,0,0,0,0,-12577,0,12236,-12428,-14209,0,0,0,0,0,0,13618,0,0,0,0,0,12685,0,0,12068,-15795
84125642,Team1,0,0,0,12311,0,0,0,14380,0,0,-17791,-14732,-13981,12405,0,0,0,-15096,0,0,14092,-13959,0,20039,0,0,0,0,0,0,0,0,0,11653,0,-14197,0,0,0
84280507,Team0,0,-12353,14899,0,0,0,-13815,-12854,0,0,0,11904,0,0,13789,0,0,12754,0,0,-14678,0,0,0,0,0,0,0,0,0,-14291,0,-12305,13771,0,0,11660,0,0
84280525,Team0,0,0,0,0,0,0,0,0,0,0,0,16265,0,12755,-12367,0,12486,15462,0,-11837,0,0,0,-11932,-11916,0,0,15214,0,0,0,12224,0,0,0,-12875,-10987,0,0
84280549,Team1,0,0,0,0,-16236,0,0,0,0,0,0,-12425,0,12618,0,0,0,0,0,-15028,0,12208,0,0,0,15075,-11774,0,0,14367,0,-10543,0,-11608,12304,0,0,13962,0
84280638,Team0,0,0,0,0,0,13161,0,15421,-8206,0,0,16476,0,0,0,13592,0,0,0,0,-13724,-11170,-11272,0,0,0,0,0,-13652,-15280,0,0,0,13635,13121,0,0,0,0
84280640,Team0,0,13104,0,11217,0,0,0,0,12545,0,0,0,0,0,0,0,0,0,0,0,-11575,0,0,13838,-13896,22876,0,0,0,-10133,0,0,12971,0,-13060,-11166,-11541,0,0
84280703,Team0,0,0,0,12747,13537,0,0,0,0,0,-10877,0,-11583,0,0,0,15912,-11444,0,0,14656,0,0,0,0,12906,0,0,0,-16379,0,0,0,0,-11522,0,13749,0,-11225
84280706,Team0,0,0,12763,0,0,11049,15054,0,-12446,0,0,13640,0,0,0,-13063,0,0,-12734,-11354,0,0,0,-11718,0,0,0,-12359,0,0,0,0,0,10521,0,0,10644,0,0
84280739,Team1,0,0,12970,0,0,11108,0,0,0,-13660,10703,0,0,0,0,-13251,0,-12389,0,0,9294,0,0,-13183,10965,0,0,0,0,-18126,0,12737,0,0,-14034,0,0,0,0
84280753,Team1,0,0,0,0,0,0,0,0,0,13017,0,0,0,0,0,0,0,14015,15832,0,0,0,0,0,0,0,0,0,0,-14455,0,0,0,0,15248,0,0,0,0
84817680,Team0,0,-16791,-11107,0,0,0,0,-11978,12569,0,11914,13016,0,0,0,0,0,0,0,0,12496,0,0,0,-12221,0,0,12593,0,0,12447,0,0,-9945,-10653,0,0,0,0
84817798,Team1,0,-15401,0,0,11376,0,13399,12329,10005,0,-12838,-12642,0,0,0,0,0,-19712,11083,0,0,-14283,0,0,0,0,0,0,0,0,0,0,0,9745,-15181,0,0,0,0
84818539,Team1,0,0,10794,0,0,0,-13619,16284,-13291,0,0,12937,0,13220,0,0,0,-17670,0,0,-15519,0,-14476,13229,0,0,0,0,-13559,13855,0,0,0,0,0,0,0,0,0
84818544,Team1,0,-13485,0,11781,0,0,12446,0,0,15060,0,0,0,16038,0,0,0,12165,0,0,0,11397,0,0,0,0,-11021,0,0,-15044,0,0,0,-15923,0,0,-11609,0,-11773
84818668,Team1,0,16247,14499,13421,0,-16643,-16595,0,17167,-10448,0,0,0,13878,0,0,0,0,0,0,-11884,0,0,0,0,0,0,-10430,0,0,0,0,0,0,-12853,0,0,13194,0
84818973,Team0,0,16878,-14133,0,0,0,0,12599,-14528,0,0,0,0,0,0,0,0,-13028,0,-10292,13657,0,-11788,0,0,0,0,13102,-11063,0,0,0,0,14746,16756,0,0,0,0
84309285,Team0,0,-13304,15761,0,0,16093,0,0,-10726,0,0,0,0,0,0,10807,0,-12614,0,13218,15705,0,0,0,0,0,-12671,0,0,-12967,0,12682,0,0,0,0,0,0,-13497
84309768,Team1,0,0,11336,-12603,0,0,11668,14630,0,0,0,-15217,0,13598,0,0,-14890,-16114,0,0,0,-14687,0,0,0,0,0,0,0,0,12186,0,0,0,-12833,0,0,0,12806
84311532,Team0,0,0,0,0,14851,14507,0,0,-15537,0,0,0,0,0,0,13821,0,0,0,-14976,-13262,0,0,14387,-16670,0,16092,0,0,-14735,0,-17374,0,0,0,0,0,15655,0
84788965,Team0,0,0,-13186,-13143,0,-14667,0,-12807,-12616,0,11729,13197,0,0,0,0,0,-12670,0,0,12232,13660,0,0,0,0,0,0,0,0,17871,0,0,0,16200,0,0,0,0
84789021,Team0,0,-11280,20995,0,0,0,0,12179,0,0,0,-15515,0,0,11382,0,-12397,0,-15690,0,0,0,0,-10971,0,0,0,14054,0,0,0,0,12544,0,12054,-11974,0,0,0
84905936,Team0,0,0,-14533,0,0,13437,0,0,14231,0,-13312,0,0,0,0,12057,0,0,0,0,-14335,-13068,0,0,0,0,0,0,0,13987,11692,0,0,0,-15638,0,13023,-13355,0
84906575,Team1,0,0,0,12530,-15264,14967,0,0,-17770,0,12531,19952,0,-14780,0,0,0,0,0,0,11055,13452,0,0,0,-17101,0,0,0,0,0,0,0,-14609,-13866,0,0,0,0
84906832,Team0,0,-10555,15172,0,0,13536,19364,-11597,-10403,0,0,0,0,0,-10332,0,0,13397,0,-13169,0,0,0,0,-15131,0,0,0,0,0,0,0,0,0,15916,0,12717,0,0
84847425,Team0,0,0,15583,0,0,13387,-11999,0,0,0,14724,0,0,0,0,21016,0,-12937,0,0,17219,-13083,-13264,0,0,14598,0,0,-14630,0,0,0,0,0,0,0,0,0,-11607
84847467,Team1,0,13429,-13540,0,0,0,0,0,0,0,0,0,-12424,12166,0,-12562,0,-12739,0,0,12346,0,0,14885,0,0,-13036,0,0,-16765,0,11280,0,11552,0,0,0,0,0
84847508,Team1,0,0,11579,0,0,0,0,0,0,0,11797,0,-12788,0,0,0,0,0,-16417,0,0,0,0,-13480,0,-12790,0,15703,0,0,-12514,0,0,11758,14539,13684,0,-13983,0
84847560,Team0,0,0,-12462,0,0,-14732,0,-13679,-14976,0,0,0,0,0,-12342,0,13291,0,13474,0,13646,-14275,0,0,0,0,0,14808,0,16433,0,0,0,0,12229,0,0,0,0
84847600,Team0,0,14902,0,0,12247,0,-11790,0,12789,0,17135,-13099,0,13405,0,0,-13922,0,-10505,0,0,0,0,0,-10303,0,0,0,0,0,0,0,0,0,15266,0,0,0,-10421
84035678,Team1,0,0,0,0,0,0,0,0,0,0,0,0,0,0,0,0,11325,0,0,-12137,0,-14744,0,0,0,0,11745,12458,0,0,0,0,0,0,0,0,0,0,0
84035718,Team1,0,0,0,-14041,0,12225,13905,0,0,-14478,0,-14494,15447,0,0,13986,0,11080,0,0,-16665,-14556,0,0,0,0,0,0,0,0,-16433,0,0,0,0,0,0,11857,0
84035744,Team0,0,0,0,0,-13559,-12249,18353,0,0,0,11005,0,-13806,12265,0,0,0,0,0,0,0,0,0,-12236,0,-12577,0,16623,12146,0,15638,0,0,0,0,-11547,0,0,0
84035749,Team0,0,0,0,0,0,0,0,0,0,0,-11668,-14228,0,0,17431,0,-11120,9801,0,14206,0,0,0,0,0,0,11418,-12588,10018,0,0,0,11168,0,-15208,0,0,-11311,0
84035762,Team0,0,0,0,0,-11570,0,0,0,-11404,-16327,0,0,0,0,-14579,0,0,0,0,23671,14192,11995,0,0,0,0,0,-14691,12926,15408,0,0,12346,0,0,-16780,0,0,0
84035768,Team1,0,0,0,13296,0,-12183,0,0,13142,13680,0,-14767,0,0,0,0,0,12618,-13915,-12145,14842,13912,0,0,0,0,-12370,0,0,0,0,0,0,0,0,0,0,0,-15148
84035786,Team1,0,-12673,0,0,12377,0,14723,0,0,0,0,-14667,0,0,0,0,-11438,13241,0,0,0,-13197,0,0,0,0,0,0,0,0,0,11554,13213,0,0,12246,-15488,0,-14778
84035795,Team1,0,0,0,0,-12192,0,0,0,0,0,-10405,-11521,0,0,0,0,0,0,10623,0,14032,-10826,0,0,0,0,0,11601,0,0,-15841,0,0,13107,-14005,0,11196,15305,0
84035798,Team0,0,14489,0,0,0,0,-11819,0,-11986,0,0,13717,0,0,0,0,-12055,12918,0,13587,0,14561,0,-13621,0,0,0,0,0,-12798,0,0,14882,0,0,-16601,0,0,0
84035827,Team1,0,0,0,0,0,11016,-16540,-14079,-14226,0,0,0,0,0,0,0,0,0,0,-15747,-15761,12947,-12103,0,0,0,0,0,10377,11311,0,11066,0,0,0,0,0,0,9990
84035847,Team1,0,11946,-12217,0,12792,0,0,0,0,-11234,0,0,0,0,0,-13838,0,0,11465,0,0,0,0,0,0,0,0,-13658,0,0,13705,11455,0,-20051,0,0,13696,-11719,0
84757743,Team0,0,14539,-14788,0,0,-11375,16048,-12277,0,0,0,0,0,0,0,0,0,0,-12784,0,21698,-13873,13669,0,0,0,0,0,-11577,0,0,0,0,0,16100,0,0,0,12268
84757806,Team0,0,0,-12860,0,-11508,0,0,-11093,14727,0,0,14158,0,0,0,0,0,10312,0,0,0,12834,-11851,0,0,0,0,-12489,0,0,15852,11527,0,-11512,0,0,0,0,0
84757844,Team0,0,0,9550,-13308,0,0,0,0,0,0,0,0,0,0,-14440,12484,-13292,0,9887,-12986,0,9821,0,0,0,0,0,0,-13432,0,11670,0,-11869,9431,0,0,0,0,0
84757877,Team0,0,0,0,0,0,11445,16129,0,12240,0,0,0,0,0,0,-11278,0,14939,0,0,0,0,-12622,-14766,0,0,0,-18621,0,0,-15105,0,-13696,0,14035,0,14565,0,0
84757932,Team1,0,0,0,0,0,0,-15104,9368,0,0,0,0,0,0,0,0,0,0,11357,-16843,-12892,10225,-12652,0,12972,0,0,0,0,16169,0,0,-13842,0,0,0,0,15929,-12804
84757937,Team1,0,-13460,-17445,0,0,0,0,0,-17364,0,0,0,0,0,0,-13030,0,0,0,0,-14860,0,12880,14347,16347,0,0,0,0,0,13455,0,0,-13250,13965,0,0,0,10494
84757959,Team1,0,0,0,0,-15562,11571,16308,0,14850,0,0,0,0,0,0,0,0,0,0,-15012,11875,-13771,0,0,-15190,0,0,0,10454,-17630,0,0,0,0,0,0,-13205,0,11600
84757964,Team1,0,0,0,0,0,0,0,0,0,0,0,0,-12650,12059,0,11702,11968,0,0,0,-12936,0,-14106,0,0,-14084,0,-13058,12202,15591,-15451,0,0,0,12207,0,0,0,0
84758002,Team1,-1,0,16091,0,0,0,0,0,0,-12412,0,0,0,-20779,-11605,13225,9360,13601,0,0,-11481,-14634,0,0,0,0,0,0,-12812,0,0,0,0,0,0,0,12753,0,11435
84369442,Team0,0,0,-14211,0,0,0,17488,0,0,0,-11657,-13321,0,13480,0,-12877,0,0,0,0,-11313,14367,0,0,0,0,0,0,14819,0,0,0,0,-10460,0,0,0,13495,12899
84369518,Team0,0,0,0,0,0,0,13838,0,0,0,0,0,0,-11812,0,0,11893,-12662,0,0,0,-13611,0,0,12589,0,0,-12734,11926,0,0,15141,0,-11827,0,0,-14502,0,13120
84369578,Team0,0,0,15266,0,0,0,0,-18139,0,0,0,0,0,-13651,0,0,0,-12692,-12817,0,0,12203,0,12424,11431,0,0,-13038,0,-14090,0,0,0,0,0,0,12506,0,11072
84369599,Team1,0,0,0,0,0,-12298,-16276,0,12918,14071,0,0,0,-13248,0,13745,0,0,0,0,14621,0,0,0,0,-14586,0,0,0,0,0,0,0,14728,12717,0,-13062,0,-10384
84369635,Team0,0,0,-15878,0,0,15569,-11893,-11702,13024,0,0,0,0,0,-13247,14943,-11627,0,0,0,0,0,0,0,-14318,18631,0,0,0,0,0,0,0,13374,0,0,15044,0,0
84369643,Team1,0,12247,0,0,0,-11651,0,-12881,-14076,0,0,-9735,0,14884,0,0,0,0,13545,-10962,13235,-10008,0,0,0,0,15696,0,0,15837,0,0,0,0,0,0,0,0,0
84217782,Team1,0,0,17141,0,0,11446,13879,0,0,0,0,-12485,0,0,13685,13580,-13452,0,-12507,0,0,-12500,0,0,0,0,0,0,-16464,-15377,0,0,0,0,0,0,0,11681,0
84217824,Team1,0,0,0,0,0,12381,0,0,0,-14212,12212,10397,0,0,0,-13830,0,0,0,0,16997,-13720,-13621,0,0,0,13335,0,0,0,-13742,0,0,0,13566,0,0,0,-15361
84217844,Team0,0,-14198,0,0,0,0,14254,0,-12470,-11412,0,0,0,12094,-12800,0,0,13856,13047,0,-11248,0,0,16632,0,0,0,0,0,-13452,0,0,0,0,0,0,0,0,12429
84217880,Team1,0,11644,0,0,0,-14794,0,-14375,0,0,0,-15814,0,14931,0,0,0,12044,0,0,0,16175,0,15336,0,0,0,-12219,11627,0,-19783,0,0,0,-12746,0,0,0,0
84217902,Team1,0,-13670,0,13745,0,0,0,0,-11016,12622,0,0,0,-10201,14370,0,14560,-16561,0,0,14166,-14216,0,-12314,0,0,0,13922,0,0,0,0,0,0,0,0,0,0,0
84217904,Team0,0,0,-10780,0,0,0,-11919,0,0,-12756,0,16270,0,0,0,-12457,0,-14988,0,0,14852,0,-10538,0,0,0,0,0,0,14822,14076,11762,0,0,16754,0,0,0,0
84217974,Team1,0,0,14792,0,-12222,12503,0,0,0,0,0,0,0,0,0,0,0,0,12511,0,13596,0,-10105,0,0,0,0,-12728,0,0,0,0,-11962,-8870,-14358,0,13216,0,12613
84002916,Team0,0,0,0,12021,0,-12735,-14765,0,-11147,0,-12369,0,0,11854,0,0,0,13434,0,12427,0,13770,0,0,0,0,0,0,-12888,-15646,0,0,0,0,0,0,11721,0,0
84002934,Team0,0,0,-15784,-12124,0,0,13260,0,0,0,0,0,10938,-12288,0,0,0,-11787,-10977,14527,11276,0,0,0,0,0,0,0,0,0,12473,11851,0,0,0,-13115,0,0,0
84002961,Team0,0,0,16509,0,0,13963,-17315,0,12635,-13068,0,-11662,0,14095,0,-9884,0,0,0,0,-11123,0,0,0,12490,0,0,0,15449,0,0,0,0,-12376,0,0,0,0,0
84002994,Team1,0,0,0,0,-15090,0,14551,0,0,0,-12008,-11458,0,12926,0,0,0,13952,12596,-12830,0,0,0,0,-11493,0,12624,0,0,16262,0,0,-11734,0,0,0,0,0,0
84003042,Team1,0,0,0,0,0,0,14198,0,0,0,0,-14158,9857,0,0,0,0,9542,0,-13660,0,0,0,-14805,0,0,-13648,0,0,0,13385,0,0,-14273,0,-12565,10848,0,14386
84465795,Team0,0,0,12784,0,0,0,0,0,0,0,0,0,0,0,-13979,11691,0,0,0,-11763,12931,0,-12726,0,0,-13444,0,0,-10397,0,0,13090,0,14753,-13448,10649,0,0,0
84725332,Team0,0,0,0,0,0,13261,0,0,0,0,0,0,0,12743,0,14151,0,12077,0,0,-14451,0,0,0,0,12812,0,-16437,0,0,0,-12330,0,-13892,-16752,0,11436,-13502,0
84725394,Team0,0,0,17000,0,0,0,-16945,0,-11211,0,0,0,0,0,0,0,0,0,12027,0,-12466,0,0,17452,-12515,0,0,0,14895,0,-15735,0,0,13617,0,0,-11753,0,15462
84725467,Team1,-1,11739,0,0,0,0,0,0,0,0,0,12706,0,0,10443,0,0,0,0,18273,-13827,-16341,-12748,0,0,-15167,0,-13128,0,0,0,0,10578,0,10743,0,0,-11436,0
84725540,Team0,1,0,-12056,0,0,15990,14477,13751,0,0,0,0,0,-9498,0,11564,0,0,0,0,12561,0,0,16438,0,0,-12130,0,0,0,0,0,0,0,0,-16710,0,-10635,-11689
84725585,Team0,0,0,14677,12350,0,0,-15074,0,0,13213,0,0,13211,0,0,-15725,0,16947,0,0,14937,-12383,0,0,0,0,0,0,-11950,0,0,0,-12161,0,-14170,0,0,0,0
84877292,Team0,0,0,0,16078,0,0,0,0,0,-10733,0,-13931,0,0,0,0,13613,0,0,0,13336,-12976,0,-15093,14000,12539,0,0,0,0,0,0,0,-11592,0,0,12902,0,-10772
84877312,Team1,0,0,14221,0,10317,0,0,0,-14970,0,0,-16511,0,11984,0,0,0,-13226,-13697,-18557,0,-13385,12611,0,0,0,0,0,0,0,0,0,0,0,12792,0,0,0,10847
84877332,Team1,0,14581,0,13217,0,14171,0,-11474,-11428,0,0,0,0,0,0,-12254,0,13410,0,0,0,0,0,0,0,-13067,0,0,12633,0,-11428,0,13115,-14137,0,0,0,0,0
84877427,Team0,1,0,-12115,0,0,-11422,16502,-8945,15236,0,13667,0,0,0,0,23854,0,15336,0,0,18578,0,0,0,0,0,0,-10906,0,0,0,0,0,-14634,0,0,-11709,0,0
84877526,Team0,0,17752,0,0,15173,0,0,0,-14382,0,0,-12797,10628,0,0,0,14989,-10487,0,0,0,-12110,0,11699,0,0,0,0,0,0,0,0,0,0,14131,0,0,-12971,-14523
84248942,Team1,0,0,-15679,0,0,0,0,-13719,0,11588,0,18662,0,-13508,15461,0,0,0,0,0,0,11826,0,-13506,0,0,0,0,-14310,0,-19873,0,0,12570,11534,0,0,0,0
84533566,Team1,0,0,-16132,0,0,0,14937,0,-14789,0,0,-14000,0,0,0,0,0,0,0,0,12574,-12235,0,0,13103,0,0,0,0,0,-12944,13436,0,12537,14500,0,-10693,0,0
84533627,Team0,-1,0,18156,0,-13703,0,-11942,0,0,15236,0,0,15182,-13003,0,0,0,0,0,17234,17104,0,0,-13617,0,0,0,0,0,0,0,0,0,-12135,0,0,-10279,18956,0
84533725,Team1,0,0,-14861,0,0,-15750,0,-14456,12618,11131,0,0,0,-15404,13792,0,0,0,0,0,16888,0,0,0,0,0,10793,0,0,16904,0,0,0,0,-18102,0,0,0,-15314
84533737,Team0,1,0,0,-15040,0,0,14757,11082,-13981,0,0,11444,0,11818,0,14467,13877,-17685,0,0,-13661,-11804,0,0,0,0,0,0,0,0,0,0,0,0,0,0,0,0,-13401
84533876,Team0,0,0,0,0,0,0,0,0,-13584,0,0,-12410,17075,-12887,0,0,0,11572,0,-15414,0,14034,0,-13072,13320,0,0,0,0,11557,0,0,0,-12581,14499,0,0,0,0
84533988,Team0,0,0,0,15509,0,-14193,0,13122,14846,0,0,0,0,0,0,14396,0,-10533,0,0,0,-13505,-11622,0,0,0,0,13426,0,0,0,0,0,-12829,0,0,-13708,0,14233
84534061,Team1,0,0,-14751,0,12138,0,0,0,11620,0,0,-13047,0,0,0,0,-14903,0,0,0,12076,-13387,0,0,0,0,10456,0,0,0,6503,0,0,0,13120,-15801,0,-18766,0
84534077,Team1,0,-13220,0,0,0,0,-21242,0,0,-12657,9874,0,-12902,0,0,11967,0,10541,0,11382,0,0,0,0,0,0,0,11343,-15402,0,0,0,0,-14022,16928,0,0,0,0
84564564,Team1,0,0,14302,0,12749,0,0,0,0,0,0,0,0,0,0,11330,11695,-13041,0,-14122,-12466,0,12060,0,0,0,0,-20392,0,0,0,-13329,0,0,13464,0,-17093,0,0
84564914,Team0,0,-12794,14403,0,0,0,0,0,0,0,12096,0,0,0,0,0,-15067,12755,0,0,15017,0,0,-15486,0,-13416,13238,11144,0,0,0,0,0,0,-13467,0,0,-14551,0
84340224,Team1,0,0,11329,0,0,-12750,0,0,-12540,0,0,0,0,0,12683,0,11017,0,0,0,12815,0,0,0,0,-12957,0,-14363,0,0,0,12188,0,-15666,12317,0,-13217,0,0
84340243,Team1,0,0,0,-13224,-11890,0,-15421,0,0,0,0,0,0,11594,0,-9915,-14665,0,0,0,0,0,0,0,0,0,0,0,12407,14026,13144,0,0,0,0,-12291,14463,0,12179
84340244,Team0,0,0,-13722,0,0,13870,0,0,0,0,0,16495,0,0,-12343,0,0,-12623,-12314,10954,0,0,0,0,0,0,0,0,10252,0,0,0,10954,0,-16835,11032,0,-10934,0
84340263,Team0,1,18777,14880,0,0,14423,0,0,0,0,0,-12078,0,0,0,0,0,0,0,0,11779,-12896,0,0,0,-17777,0,0,12056,0,0,0,13146,-13552,-14344,0,0,-15548,0
84340389,Team1,0,0,0,-9990,0,0,0,0,-12612,0,0,0,12729,0,0,11988,0,12283,0,0,0,12261,0,0,0,0,0,0,-12722,19188,-14665,0,0,0,-11607,-16331,0,10892,0
84340391,Team1,0,-12804,0,0,0,0,0,0,13926,0,0,10367,0,14025,0,-9756,12114,0,0,0,-13086,0,0,-14103,0,0,0,0,12753,12225,0,0,0,-12944,-11355,0,0,0,0
84340419,Team1,0,-13091,0,0,0,12820,0,0,0,0,0,0,0,12565,0,0,0,0,0,-10978,-12004,-15026,0,0,0,0,-12809,11684,-16402,14381,0,0,0,0,0,0,9463,13362,0
84971512,Team0,0,0,0,0,0,-11285,14996,0,0,-12175,0,-17334,0,0,0,0,0,-13091,10811,0,12007,0,0,-11675,0,0,-12115,0,14494,0,18089,0,0,0,10780,0,0,0,0
84972323,Team0,0,0,0,0,14111,0,0,0,12586,0,0,-14057,0,0,0,0,-13200,0,0,-16573,0,-10794,0,-14482,0,-14104,0,0,0,0,15960,10809,0,0,16408,0,0,0,12165
84095118,Team0,0,0,16684,0,0,14500,-12550,0,14377,0,0,0,0,0,0,-12135,0,0,0,0,0,-11264,0,0,0,0,0,0,11763,0,-13272,0,0,-9388,14428,0,-10692,13500,0
84432645,Team1,0,-18616,0,0,0,12457,0,0,-17061,0,0,0,0,-13519,0,-12288,0,0,0,0,10853,11918,0,0,-9987,0,0,0,0,13051,0,0,0,-17134,13919,0,10954,0,0
84432676,Team0,0,0,0,0,0,0,15955,0,0,-9804,14730,-16613,0,-8215,13616,0,0,0,0,0,-10948,12827,13282,0,0,0,0,0,0,0,0,0,0,0,-13738,0,0,-11979,12309
84432791,Team1,0,13965,0,0,0,12444,0,0,0,0,0,12533,0,0,0,12551,0,0,11620,0,-13290,-14028,0,0,-11771,0,0,0,0,-16075,0,0,0,0,0,-12903,-14891,12617,0
84432818,Team1,0,12990,0,0,0,10654,0,0,0,0,0,-14080,0,-15162,0,12933,0,-14546,-12619,0,0,-14427,0,0,0,0,0,0,12415,0,0,0,0,0,15561,0,0,10759,-16350
84432835,Team1,0,0,-14637,0,0,0,11871,0,0,0,0,0,0,0,0,-14342,0,0,12177,18629,13906,0,13124,0,0,0,0,0,0,-13412,-19638,-12157,0,-11516,11152,0,0,0,0
84432899,Team0,0,-11591,13710,0,0,0,0,0,11476,0,0,12750,0,0,0,0,0,10230,0,-13511,0,0,-15227,-13720,0,0,-11755,0,0,12869,0,0,0,0,11214,0,0,-13070,0
84433114,Team1,0,0,12394,0,0,-13706,0,11653,0,0,0,-12840,0,0,0,-11616,0,0,0,0,-15086,11561,0,0,12906,0,0,0,10713,0,-14658,0,0,12691,0,0,-12064,0,0
84066308,Team1,0,0,-19285,0,0,0,15335,0,-13343,0,0,0,0,0,15314,0,0,-11543,15377,0,15780,-12281,0,15681,0,0,0,0,0,0,-15828,0,0,0,-11862,0,0,0,15412
84066315,Team1,-1,0,0,0,0,0,14534,0,0,0,0,13152,0,-14131,0,0,0,0,-15479,0,-13380,11824,0,0,0,0,0,0,0,-16418,0,0,14203,0,-13370,14030,11561,0,-13600
84066385,Team0,0,0,0,0,0,0,15270,0,0,0,0,0,0,0,0,15644,-12051,0,15856,0,18570,-11538,0,0,-12770,-15720,0,17479,-14337,0,0,0,13739,0,-13013,0,0,0,0
84066434,Team1,0,-17131,-16552,0,0,0,13705,0,0,0,-15646,0,0,-15765,-17508,0,0,0,0,17729,0,-15634,15680,0,0,0,0,12528,0,0,0,13837,0,12527,0,0,0,0,0
84066506,Team1,0,0,-12947,0,0,-14593,0,-13352,0,12177,0,0,-11854,0,0,12222,0,0,0,0,0,12490,0,-16571,0,0,0,15546,0,0,12122,0,0,-15938,0,12065,0,0,0
84066534,Team1,0,-15986,0,0,0,0,0,0,0,10265,0,12367,0,10681,0,0,0,0,0,0,-11926,-11903,-15379,0,0,0,0,0,-11928,14563,14068,0,0,0,-16225,0,11378,0,0
84066548,Team1,0,0,0,0,-17258,10358,0,-13803,0,12387,0,17531,14469,-14613,0,0,-11159,0,0,0,0,0,0,0,0,-15463,-11281,13147,11712,0,0,0,0,0,0,0,0,0,0
84066611,Team0,0,0,0,0,0,15691,-12452,0,0,0,0,0,0,11062,0,-13641,0,-11704,0,0,-9928,0,-10135,0,0,0,0,16203,0,0,0,0,0,16070,0,0,11194,0,0
84155434,Team0,0,13763,0,0,-13620,13601,0,0,13791,0,0,13995,0,-13588,15036,0,0,0,-12145,0,-15001,-16376,0,-14404,12012,0,0,0,0,0,0,0,0,0,0,0,0,0,0
84155435,Team1,0,0,-14004,0,15386,0,0,0,-12757,0,0,-12304,0,-13588,12222,0,-15251,0,0,0,0,15807,0,12636,0,0,0,0,0,0,0,0,0,14470,0,0,12633,-15013,0
84155558,Team0,0,0,0,11028,0,0,0,0,0,0,0,0,0,0,0,0,0,12631,0,0,0,12973,13965,-13005,-12430,0,0,-14457,0,0,0,-15159,0,-14954,11923,0,0,-12054,9600
84155618,Team0,0,-11642,0,0,0,0,0,-10275,0,0,0,-11508,0,0,0,0,12322,0,0,0,0,-12000,13266,14974,0,16690,0,16931,13143,0,-13670,0,0,0,0,0,0,0,-11797
84155619,Team1,0,12570,0,0,0,14397,0,0,0,0,-17267,15930,-12382,13442,0,0,0,-12622,0,0,12182,-12293,0,0,0,0,0,0,0,-12875,0,0,0,0,-13714,0,13438,0,0
84184436,Team0,0,-12580,0,0,-12543,0,0,0,14967,0,0,0,0,0,0,0,0,0,0,0,-11929,13455,0,0,0,-15812,12473,15489,16469,0,0,0,-10856,0,12801,-11569,0,0,0
84184537,Team0,0,0,0,0,0,0,14813,0,0,0,-12017,0,0,-10024,11812,-13143,0,-13506,10471,0,13598,0,0,13739,0,-14903,0,-14526,0,0,0,0,0,0,0,0,0,12107,0
84184689,Team1,0,-13047,0,0,0,0,0,-13221,0,0,0,0,0,0,0,13300,0,13150,0,0,-13604,0,0,15444,0,0,0,0,-15682,14321,0,0,14322,0,-11563,-11749,0,13449,0
84184691,Team1,0,0,-16473,0,0,0,0,0,0,0,0,0,-14189,0,0,0,0,-13863,0,0,17492,13965,-12041,0,0,14343,0,-16318,0,0,-19072,0,0,0,0,0,10415,12074,11118
84184734,Team0,0,0,0,0,0,0,0,0,0,0,0,0,12696,14092,14270,0,0,0,0,0,17245,0,-8462,0,-10447,0,0,0,0,0,12927,0,0,-15874,14843,-8016,0,-13573,-12103
84184745,Team1,0,0,17035,0,0,0,-18089,15237,0,0,0,0,12546,0,0,0,-13976,-13735,0,0,13553,0,13449,-16294,0,0,0,0,0,0,12270,0,0,0,-19152,0,-15806,0,0
84184752,Team1,0,11678,0,-12149,0,-11671,12650,0,-15069,0,0,-12407,8922,0,0,0,0,-12575,0,0,0,0,0,0,11575,0,0,13541,-11836,0,0,0,0,0,0,0,10983,0,0
84184754,Team0,0,14980,0,0,0,0,-15677,0,0,0,0,0,15710,0,-11462,0,0,-15222,0,0,0,-10933,-10138,0,0,0,0,-12560,16628,18783,0,0,0,14885,11199,0,0,0,0
84184782,Team0,0,0,0,0,0,-15244,0,0,-12086,0,13360,-12925,0,13621,0,17065,0,0,0,15931,13059,13083,0,0,0,0,0,0,0,-11905,0,0,0,0,-11135,0,0,-11496,0
84184800,Team0,0,0,17288,0,0,13710,-15672,-12882,0,0,0,0,0,0,0,0,-10035,-10559,0,0,12598,-10913,0,0,14514,0,0,-14188,0,0,0,12515,0,0,12558,0,0,0,0
84595623,Team0,0,0,11924,0,0,0,0,11540,11858,0,0,-16778,0,0,0,0,-13476,0,0,-12774,0,11511,-12660,-13387,0,-12219,0,0,0,0,11435,0,0,0,0,0,0,0,14182
84595641,Team0,0,0,-10771,0,0,-13274,0,0,0,0,-11052,0,0,0,0,12703,0,0,0,12062,0,11637,10358,13988,0,0,0,-10227,0,0,0,0,0,14754,-15790,0,0,-12055,0
84595648,Team0,0,16338,-15079,0,0,14181,18015,12691,0,0,0,0,0,0,0,0,-12441,0,-11694,0,12343,-11723,0,0,0,0,0,0,-11941,-15609,0,0,13406,0,0,0,0,0,0
84595674,Team0,0,-14405,0,0,-10685,0,0,-10728,12445,0,0,0,0,-13431,18919,0,0,0,12493,0,0,-15774,0,0,0,0,0,0,13481,13656,14707,0,0,0,-12745,0,0,0,0
84595704,Team0,0,0,-10818,0,-14152,-10412,15285,0,0,0,10736,14712,0,11716,0,0,0,12502,0,0,-13718,13456,0,0,0,0,-10843,0,0,0,0,0,0,0,0,0,-11926,0,0
84595745,Team0,0,0,13017,14534,-3561,0,-7227,0,0,0,0,0,0,-1060,0,0,-3563,0,0,0,16655,0,0,0,0,0,0,0,-12508,0,6723,0,16853,0,0,0,-10434,7391,0
84595758,Team1,0,-17174,13717,0,0,0,0,-13720,11864,0,0,0,0,0,0,-16421,0,11893,0,0,-14785,-13166,11627,0,0,0,0,0,0,14373,-12345,0,0,0,14102,0,0,0,0
84595802,Team0,0,0,-14907,0,0,0,0,0,0,0,0,0,0,-11197,0,0,0,0,0,0,0,0,0,0,0,0,0,0,0,0,0,0,0,0,14280,0,0,0,0
84626338,Team1,0,0,0,0,-14222,0,0,0,0,0,0,-15123,0,13213,0,0,-12804,0,-11791,14115,11945,0,0,17563,10974,0,12294,0,-13497,0,0,0,0,0,-11780,0,0,0,0
84626339,Team1,0,0,0,0,0,0,-13535,0,13673,0,-11088,11875,0,-13583,0,12295,-11763,0,0,0,0,12718,0,0,12411,0,0,-13155,-11785,13683,0,0,0,0,0,0,0,0,0
84626553,Team1,0,12294,-15269,0,0,11790,16207,0,0,0,0,0,0,0,0,0,0,-11654,0,0,0,-14333,14314,0,0,13790,0,0,-13239,0,0,0,0,-15615,12291,0,-14265,0,0
84626625,Team0,0,-11105,15933,14423,0,0,14280,13042,0,0,0,0,-10344,0,12200,0,0,0,-11479,0,0,-10594,0,0,0,0,0,0,0,-18429,-15626,0,0,0,13923,0,0,0,0
84626845,Team0,0,0,0,0,0,0,0,0,0,0,0,-14631,0,-11296,0,0,0,12037,0,0,-11034,0,13586,0,0,0,0,0,0,15327,0,0,0,0,0,0,0,-10955,0
84818989,Team0,0,0,-14687,-14617,0,-14166,15609,0,0,-11247,0,12139,0,0,0,-10986,12123,16791,0,0,0,0,0,0,0,0,0,0,12606,0,-11715,0,0,0,0,0,13033,0,0
84819040,Team1,0,0,-11930,0,0,13341,0,0,-11098,0,8879,-12392,0,10218,0,0,0,0,0,0,0,0,-10641,0,0,0,0,9643,0,13905,0,0,0,-9874,0,0,8687,-12985,0
84819077,Team1,0,0,-15660,0,0,0,0,0,12363,-12770,0,0,11287,0,0,13507,0,0,0,0,0,-14842,0,0,12561,0,0,0,0,0,12340,0,0,-11524,0,0,-12940,14569,-14677
84819126,Team1,0,0,0,0,0,0,0,0,11455,0,0,14235,0,0,0,0,0,-11370,-11945,0,0,11202,0,0,-10884,0,-11317,11958,-10160,-16063,0,0,0,0,13789,0,0,13554,0
84819165,Team0,0,0,0,0,0,0,-14585,0,0,0,11095,13412,-10099,0,0,0,-10578,0,-10044,0,-10024,0,0,0,0,-10942,0,12297,0,0,0,11063,0,0,0,0,11502,0,12419
84819196,Team1,0,13491,15754,0,0,0,0,0,-14172,-15441,0,-13680,0,12667,0,0,0,12065,0,0,-13451,12901,12452,-13103,0,0,0,0,0,0,0,0,0,-15091,0,0,0,0,0
84819255,Team1,0,0,0,0,14750,0,15299,0,0,0,0,-12379,0,0,0,0,0,0,-11948,-24992,13097,0,15852,15484,0,0,-12154,0,0,0,-12611,0,0,0,15254,0,0,0,-12101
84400504,Team0,0,-10004,0,0,12859,0,0,0,0,0,0,0,0,0,0,11366,0,0,0,0,17822,0,0,-11374,-13523,0,-13863,0,-15663,0,18026,0,12917,-11905,0,0,11510,0,0
84400590,Team1,-1,0,-13263,0,-13288,0,0,0,0,-13059,0,12129,0,-15283,0,0,0,0,0,14943,0,-13626,0,0,0,0,0,12242,-14547,0,0,15794,0,15192,0,14573,0,0,0
84400658,Team1,0,13517,0,0,0,0,0,0,0,0,13427,-14729,0,12073,0,0,-15135,0,0,-17991,0,15673,0,0,0,0,0,0,13401,11747,0,0,0,0,-15093,0,-14756,-14858,0
84400662,Team0,0,0,0,0,0,-13817,13571,0,0,0,0,-11496,0,0,17378,0,12009,0,-12794,0,-10738,-10208,14073,0,0,0,0,16279,0,0,0,0,0,0,-15059,0,0,13326,0
84400667,Team1,0,15688,-15490,0,14034,0,0,0,0,0,-13660,-13515,0,11328,12908,0,0,0,0,0,0,0,0,0,-13430,0,0,0,-14484,13375,0,12966,0,-12752,0,0,0,0,0
84939303,Team1,0,12658,0,0,0,0,-12646,-12218,0,16822,0,15909,0,0,0,10540,0,0,0,0,0,0,10938,0,0,0,-12880,0,-15540,-15317,0,0,0,12446,-14218,0,0,0,0
84939735,Team1,0,13592,12380,0,0,15842,0,11725,15171,0,-14872,-16622,-17057,0,0,0,0,-12722,8992,0,0,-16049,0,-18886,0,0,0,0,0,0,0,0,0,0,0,0,0,0,0
84939961,Team0,0,0,13492,0,0,0,-12987,0,0,15927,0,-14885,0,-13016,0,0,-13651,13312,0,0,13143,0,-13222,0,0,0,0,0,0,0,0,0,14534,0,11642,-14837,0,0,0
84501181,Team0,0,0,12591,0,0,0,0,0,0,0,0,0,0,0,0,0,0,0,0,0,12743,0,-15103,0,0,0,0,0,0,0,0,0,0,0,0,0,0,0,0
84501227,Team0,0,0,0,0,-10913,-13297,0,15475,0,0,0,0,0,0,0,0,0,12471,12243,0,0,0,0,0,-12003,0,-10449,18894,-13028,7712,0,-10893,0,0,0,0,12820,0,0
84501228,Team1,0,0,-10246,0,0,-13514,0,-9592,0,0,0,0,0,0,0,0,16292,0,0,0,-11078,-12400,0,0,14981,0,13966,-13276,14932,14695,0,0,0,0,0,0,0,13893,0
84501258,Team1,0,0,11163,0,0,11887,0,12498,-13416,0,0,0,0,0,0,12021,11344,0,-13229,0,-15797,0,0,10926,0,0,0,0,0,-15074,0,0,0,-11477,-15476,0,0,0,0
84501288,Team1,0,0,-16003,0,15246,0,0,0,0,0,0,14767,0,-12763,0,0,0,12866,11003,0,-13767,12128,-13480,-13140,0,0,0,0,0,0,0,0,0,0,13405,0,0,0,-14048
84501302,Team1,0,0,14570,-10795,11207,0,0,0,0,-10590,0,0,0,12147,-13050,0,0,12436,0,0,0,0,0,0,-12202,0,0,0,0,0,-14842,0,-10543,0,14485,0,14267,0,0
84501315,Team1,0,-16409,0,0,12255,0,0,0,-16415,0,0,0,0,13443,-12440,0,0,16120,0,0,0,14239,0,0,0,0,0,18718,-13937,0,-14743,0,0,0,-13570,0,13580,0,0
84501392,Team1,0,0,0,0,0,-12213,-16278,0,0,0,-11285,13150,0,0,0,0,12064,13664,0,0,11086,13248,0,0,0,0,-12354,0,-11521,-11520,0,11027,0,0,0,0,0,0,0
84501450,Team1,0,0,0,-12063,0,0,0,-13530,0,0,0,0,0,0,-12259,-8918,0,12688,0,-12113,13653,0,0,0,0,0,0,0,14940,14749,0,12751,0,-15095,0,0,13198,0,0
84501493,Team1,0,0,-16323,11733,0,0,12945,14069,0,-12137,0,0,0,12044,-12463,0,11183,0,0,0,-11760,0,0,0,12872,0,0,-13491,0,0,0,-11113,0,0,0,0,0,0,0
84501517,Team0,0,0,15974,0,0,10518,-19274,13347,0,0,0,11392,11519,-14487,0,0,0,-13361,0,0,0,-16602,0,-15034,0,0,0,0,-14630,0,0,0,0,12942,0,0,0,0,0
84501525,Team1,0,0,-14966,0,0,0,15716,0,0,-14775,0,15386,0,0,-13198,0,12562,0,0,0,0,-12110,0,13667,-14152,0,0,0,0,0,0,0,0,14949,12928,0,0,0,-13027
84501593,Team0,0,0,0,0,0,12776,-11475,-12185,0,0,13691,11194,0,13131,0,-11934,0,-12235,0,0,0,-12030,0,0,0,0,0,14435,0,14084,0,0,0,0,0,0,0,-13197,0
84501595,Team1,0,0,0,0,0,0,0,0,0,-12013,0,17837,-12425,0,14113,0,0,13169,0,0,-13599,12205,16253,-13447,0,0,0,0,-11746,0,0,0,0,0,13384,0,0,-13677,0
84501622,Team0,0,0,0,12669,0,-12973,-14103,0,15393,0,0,0,0,-12232,0,0,0,0,0,13913,0,-12327,0,16164,0,-14284,0,0,-14513,0,0,0,0,13302,0,0,0,0,14151
84501638,Team0,0,0,0,0,0,16760,-13128,0,0,10840,0,16600,12929,0,0,-10254,0,0,0,0,-11434,14518,0,0,0,0,0,0,0,0,0,0,0,0,-10597,-13291,-16862,11674,0
84657785,Team0,0,0,-7099,0,0,14169,0,0,0,0,0,-14051,10173,-7151,-5483,0,0,0,15949,0,0,0,-10732,0,0,0,0,16387,0,14313,-12452,0,0,0,0,0,0,12655,0
84657871,Team1,0,15187,15937,0,0,0,-13027,0,0,0,0,-17407,0,0,0,0,-12935,-12792,0,0,14417,-15636,0,0,13184,0,0,0,0,0,0,0,-15055,12629,0,0,11704,0,0
84657889,Team1,0,13209,0,0,0,0,14476,0,0,-15642,0,-12032,0,0,0,0,-11885,0,0,0,0,16406,-15065,0,15812,0,0,-12341,0,0,0,10939,0,15373,0,0,0,0,-13270
84657890,Team0,0,0,-12187,0,0,0,0,0,0,0,12276,14988,0,13314,0,-13407,-9645,-13856,0,15175,0,13222,0,0,14072,0,0,0,0,-15047,0,0,0,0,0,0,-11154,0,0
84688393,Team0,0,0,0,0,0,-11682,-13194,0,12663,0,0,0,0,11885,-12147,0,0,0,0,-14315,17000,0,0,15234,0,12006,0,0,0,0,0,0,0,0,0,0,-12058,15155,-13921
84688784,Team1,0,0,13622,0,0,12187,0,0,-14912,0,0,13572,0,0,-13383,0,0,0,0,0,0,0,13575,0,0,0,0,12994,0,-17595,-12484,0,0,14713,-17162,-12786,0,0,0
84688928,Team1,0,-13834,-19469,-15261,0,0,0,0,14347,0,0,13821,0,15919,-16251,0,0,13137,0,14435,-15176,0,0,0,0,0,0,0,0,0,0,0,-16357,0,13912,0,0,0,0
84689202,Team0,0,-15199,-14958,0,-16092,-14924,21350,0,0,0,0,0,0,-14583,0,11253,0,0,0,14372,0,0,0,0,0,0,0,0,12144,0,0,-14645,10408,0,11531,0,0,0,0
84689957,Team0,0,17285,0,0,0,0,0,0,0,-14601,0,15187,0,-14113,0,0,16546,0,0,0,-15313,0,0,0,0,0,0,15975,-15017,-15181,0,0,-15057,10608,0,0,10787,0,0
84280753,Team1,0,0,0,0,0,0,0,0,0,0,0,13688,0,-14109,0,0,0,0,0,-14383,0,0,12485,0,-13503,0,0,0,0,0,0,0,0,0,0,0,-13518,0,-13943
84280755,Team1,0,0,11872,0,-14842,-17675,-17595,0,0,14065,-11439,0,0,12286,0,11456,0,0,0,15649,12392,0,0,-15377,0,0,0,0,0,0,0,0,0,0,-12847,0,0,0,0
84280806,Team0,0,-16175,13997,0,0,-12772,0,0,0,0,0,0,0,0,0,0,0,0,11090,17562,13159,-13821,0,-15432,0,0,13658,0,-14484,0,0,0,0,0,-15867,11608,0,0,0
84280810,Team0,0,0,15445,0,0,0,0,0,11801,0,0,0,0,0,0,9726,0,10525,0,-12247,-10862,-12061,-12327,0,0,0,-11069,0,-12184,0,0,0,0,13159,13289,0,0,0,0
84280895,Team1,0,0,0,0,0,-15137,0,0,0,13604,0,-12620,0,14352,0,0,-15334,0,0,0,12593,0,0,0,0,13537,11693,-13808,12531,0,0,0,0,0,0,0,-10797,0,-10931
84280944,Team1,0,0,12177,11559,0,0,0,13009,0,0,-12267,-12218,0,0,0,0,0,10188,0,-14001,-12759,0,0,0,0,0,15812,0,0,0,10850,0,0,0,-15288,0,0,0,-13296
84280953,Team1,0,0,-12195,-12511,0,0,0,0,-11759,10492,0,0,0,0,0,0,0,-14604,9990,0,0,0,0,13746,11528,13067,0,0,0,0,0,0,0,-13502,-10401,0,0,9429,0
84281004,Team0,0,0,-13315,0,0,14049,15471,-12618,0,0,0,-17450,0,-15442,-14320,0,0,0,0,0,16812,0,0,0,-13964,0,0,0,0,16160,0,0,0,0,12863,0,13263,0,0
84281009,Team0,0,0,0,0,0,-16041,15098,0,0,-12965,0,-12580,0,0,0,-12336,-12902,13226,0,0,0,0,0,0,0,0,13458,-14724,0,18458,0,0,0,14296,15337,0,0,0,0
84281051,Team0,0,0,14556,0,0,0,0,0,15381,-12276,0,0,0,0,-12546,-12442,16291,0,12993,0,13295,-16240,0,0,-12324,0,0,0,14862,0,-13151,0,0,0,0,0,0,0,0
84311573,Team0,0,0,0,12686,0,0,-12893,0,10011,0,-11126,0,0,0,0,0,0,11754,0,0,-11761,0,0,-15307,0,0,0,0,0,14475,-12391,0,0,0,16554,0,-11018,13005,0
84311652,Team0,0,0,14677,0,0,9909,-11750,0,-12297,0,0,0,0,0,0,0,0,0,0,0,-11020,15007,0,0,0,0,13061,0,13206,-15312,-17609,0,0,0,0,0,-10952,11343,0
84311669,Team0,0,0,0,0,0,0,-14212,0,0,0,0,0,0,12308,-12818,0,0,-10355,-13959,0,0,0,-11944,0,0,0,0,13512,10906,0,0,0,0,12310,-12315,0,15448,0,14818
84311730,Team0,0,14312,0,0,0,0,0,0,14763,0,0,-10138,15826,0,0,0,0,-11213,-13740,0,16434,0,0,0,0,0,0,-12229,0,0,14893,0,0,-10965,0,0,-11474,0,13278
84311734,Team1,0,15714,0,0,-16157,0,0,11275,-14236,0,-12542,0,0,10635,-15366,0,0,0,0,0,0,11039,0,0,0,0,0,13423,0,0,0,0,0,13402,-12975,0,0,0,-14368
84311770,Team0,0,-14602,0,0,0,0,0,0,14843,0,0,-11864,-10171,-12539,0,0,0,13310,0,0,0,12769,0,0,0,0,0,0,12591,-14990,0,-9912,10861,0,0,0,0,11850,0
84311771,Team1,0,0,0,0,0,-12158,-12895,0,12588,0,0,0,0,12307,-11176,0,0,0,0,13863,15679,-13289,-12507,-16870,0,0,0,0,0,0,0,12584,0,0,0,0,0,15417,0
84311772,Team0,0,0,0,0,0,-12977,-12695,0,0,12588,0,13448,0,0,0,12230,13926,0,-11457,0,-11389,0,0,0,0,0,0,0,0,16883,0,0,0,0,-14190,0,-11140,0,14941
84311807,Team1,0,0,0,0,0,0,0,0,13507,0,0,-26785,0,-11493,0,0,0,0,0,0,12945,13684,12966,16118,-12140,0,-12085,-14343,0,0,0,0,0,-11976,0,0,0,13625,0
84311810,Team0,0,0,-12828,0,-14408,0,0,0,0,0,0,16703,0,11821,0,0,-12838,0,0,12115,0,0,11125,0,0,0,0,11969,-13585,0,0,0,0,14033,-12792,0,-11948,0,0
84311812,Team1,0,-14900,0,0,0,0,0,0,0,12595,0,0,0,13200,0,0,0,0,0,0,11083,-13224,0,0,-8336,0,0,10871,13241,0,0,0,0,-15106,-16979,0,-13701,0,11033
84845663,Team0,0,12430,0,-13449,0,13683,0,12804,-12957,0,0,0,0,0,0,0,-13315,0,0,0,-14783,0,0,-16912,0,0,0,11548,0,0,13097,0,12949,0,0,0,0,0,-12855
84847092,Team1,0,-13748,0,0,0,0,0,0,0,0,0,0,0,0,0,-14300,0,0,0,0,-12513,-12733,15019,0,0,0,0,13352,0,12290,-15360,0,0,12970,0,0,11596,-13541,12209
84847546,Team0,0,0,0,0,0,0,0,14224,10643,0,-12728,13070,0,12964,0,0,0,11370,0,15535,-11573,-13683,0,-16661,0,0,0,0,-13453,-14623,0,0,0,0,0,0,0,0,0
84847656,Team0,0,-15098,-17791,0,0,-11619,0,0,0,0,0,0,0,17737,-10946,0,0,0,0,0,14284,-12613,0,0,0,0,0,13942,0,0,16214,0,0,0,0,0,0,0,0
84032060,Team1,0,16082,-13681,0,0,-13023,0,11154,0,0,0,0,0,11262,0,0,0,0,0,0,0,0,0,0,0,-12928,0,0,12268,11155,0,0,-14073,0,0,15223,0,-12058,-14287
84032357,Team1,0,0,0,10380,0,0,-14992,0,-12574,0,-13089,14394,0,-15792,-14681,0,0,0,12496,0,-11034,0,0,0,0,0,0,14155,0,0,0,0,13230,0,13800,0,0,0,0
84034955,Team1,0,0,0,0,0,12296,16229,-12732,0,0,-12294,-13451,0,-11901,0,0,0,11294,0,0,0,0,0,16943,0,0,0,-12462,0,0,0,12195,0,-15128,11189,0,0,0,0
84035941,Team0,0,0,0,0,0,0,15913,0,0,0,11818,-13968,0,11864,0,0,0,-13588,0,0,0,-16447,0,12304,-13666,0,0,0,0,0,13623,-13207,0,0,17266,0,0,-14023,0
84906741,Team1,0,16056,-13334,0,0,14617,15469,0,-12939,-12562,0,10790,0,0,0,0,0,0,0,0,-15057,-14007,0,0,0,0,0,0,0,-15093,0,0,0,12469,0,0,11602,0,0
84906853,Team1,0,-12857,0,0,0,0,0,0,-12365,12180,0,-12366,0,-13101,0,0,0,0,0,-18785,11904,15054,0,0,0,0,0,0,12111,14289,0,0,0,0,13523,0,0,-14382,0
84906854,Team0,0,0,0,0,0,12051,15717,0,11524,0,0,-15439,0,0,0,-14281,-15763,-10232,12141,0,13856,0,0,12319,0,0,0,0,0,-12590,0,0,0,0,0,0,-12529,0,0
84906874,Team0,0,0,16017,0,0,11437,0,14760,0,0,0,14403,12965,-15593,-14165,0,0,0,0,-13693,0,0,0,0,-14709,0,0,0,0,-14287,0,0,0,14517,0,0,-13826,0,0
84906996,Team0,0,0,0,13594,0,0,0,0,0,0,-11557,0,13214,-11427,0,-14614,0,-17643,14068,0,0,0,0,14797,0,0,-12548,0,13896,-12113,0,0,0,0,15004,0,0,0,0
84907007,Team0,0,0,-17074,0,0,12350,17848,0,0,0,0,0,-10766,0,0,0,0,0,0,-14937,-12039,0,0,0,0,0,0,-13701,11888,14145,0,15312,0,0,0,13715,-10407,0,0
84907040,Team1,0,-17032,16751,0,0,-11910,0,-12212,0,0,12405,0,0,13501,0,0,0,0,0,11743,16586,0,-15983,-10690,0,0,0,18320,0,-11669,0,0,0,0,0,0,0,0,0
84907064,Team0,0,0,0,14655,0,0,0,0,0,0,0,0,16858,14759,0,0,0,0,13545,0,-12837,-11418,0,0,0,0,0,12661,-13698,-12755,0,0,0,0,13221,0,-12849,-13799,0
84907082,Team1,0,0,0,0,0,0,0,0,0,0,0,0,0,0,0,0,0,0,0,0,0,0,0,0,0,0,0,0,11041,0,0,0,0,-11519,0,0,0,0,0
84758047,Team1,0,-12218,0,-12765,0,0,12979,0,11565,0,0,0,0,11289,-16394,0,-12716,0,-13617,0,10977,-12118,0,0,0,0,0,0,0,0,0,0,0,11053,0,0,11240,0,0
84758049,Team0,0,0,0,0,0,-11267,0,0,0,0,-10973,-13472,10265,0,0,0,0,0,0,0,-11117,-10896,0,0,0,0,0,11909,11408,0,14502,0,-10257,0,12971,0,15564,0,0
84758056,Team0,0,0,0,0,0,11084,0,0,0,0,0,14584,0,0,0,0,0,0,-11573,0,-11751,-14219,14042,-13525,0,0,0,0,0,14072,0,0,15581,-10516,-15247,0,0,0,11545
84758082,Team1,0,0,0,0,0,0,13001,-13043,0,0,0,16024,0,-14965,0,0,11583,12818,0,-14545,-14608,9925,0,-14021,0,0,0,0,0,0,0,10393,0,0,-17894,0,0,0,0
84758085,Team1,0,11526,0,14026,0,11338,0,-17062,11328,0,0,13056,0,-13154,0,0,0,-23446,0,0,0,0,0,0,-13194,-16662,0,0,0,0,0,0,-14951,15489,0,0,0,0,0
84758090,Team1,0,0,0,0,0,13778,-14295,0,-13488,0,-12866,0,12910,0,0,-12744,0,12741,0,0,-13528,0,0,0,0,0,12546,0,0,15889,0,0,0,-12604,12977,0,0,0,0
84758094,Team0,0,0,14617,14523,0,16369,0,0,0,0,0,0,0,15912,0,0,0,0,12929,0,13686,-10228,0,-16724,0,0,0,-14281,0,0,-16641,0,0,0,-12823,0,-13071,0,0
84758173,Team1,0,0,0,0,0,0,-20065,0,-12151,0,0,-15449,11940,0,0,0,0,0,0,0,0,-10369,0,0,11663,0,0,-12366,13058,11865,0,0,0,12689,11502,0,-10162,0,0
84758180,Team0,0,0,13862,0,-12470,0,0,0,-16313,0,-12719,0,0,-12098,0,0,0,0,14194,0,14975,15790,0,0,0,0,0,0,-13013,0,12650,0,0,0,15847,0,0,0,-12765
84758241,Team0,0,0,0,-15536,0,16829,12601,-13244,11405,0,0,0,0,13316,0,11032,0,0,0,-14581,-17207,-14587,0,0,0,0,0,0,-11929,0,0,0,0,0,0,0,0,11749,0
84758282,Team1,0,13420,0,0,0,0,0,0,-17110,0,0,0,0,0,-13903,0,0,0,0,0,11589,10182,0,11981,0,-13030,0,0,0,-14891,0,0,0,-13907,14003,0,-12079,14751,0
84758331,Team0,0,0,0,0,0,0,0,0,-15818,0,0,0,0,0,0,0,0,0,0,0,0,-12187,0,0,0,0,0,0,0,0,0,0,0,0,0,0,0,0,0
84125657,Team1,0,0,0,0,0,0,14831,-15834,0,0,0,-13253,0,12613,0,12360,10367,0,0,0,-11238,0,0,0,0,0,0,-12397,0,0,0,0,0,0,-15093,9960,-12523,11425,0
84125724,Team0,0,0,0,0,11033,0,0,0,-10388,0,0,0,-9894,0,0,0,-9687,-11316,0,0,0,0,0,15997,0,-13920,0,-13132,0,0,0,11341,0,16507,11833,0,0,0,12123
84125754,Team0,0,0,13507,0,-12818,-10709,0,0,12397,0,0,0,0,0,0,0,14438,0,0,0,0,0,0,13996,-13600,-14200,-12897,0,12703,0,16355,0,-11297,0,0,0,0,0,0
84125775,Team0,0,0,14887,0,0,11103,-15859,0,0,0,0,0,0,0,0,0,-11877,0,0,0,-10076,13198,12320,0,-14114,11371,0,0,0,0,0,0,0,0,-11835,0,-14247,0,16073
84125779,Team0,0,0,0,0,0,-11631,-11845,0,0,0,13814,14094,0,0,0,0,0,-11631,0,0,0,0,0,-12892,13893,0,-14032,0,-11007,13137,14638,0,13364,0,0,0,0,0,0
84125805,Team1,0,0,0,0,0,0,13951,0,0,0,0,12063,0,0,0,0,0,0,0,-13330,-15355,-12048,14482,-12653,0,0,0,0,11184,0,0,-14401,0,12020,14417,-14972,0,0,0
84125811,Team0,0,-11950,0,0,0,-11321,-14793,0,0,0,11433,0,12677,0,0,0,0,11138,0,0,0,0,10051,0,-15256,0,0,12116,0,12308,0,0,0,0,0,0,-11703,0,-11832
84125812,Team1,0,0,0,0,0,13232,0,0,0,0,0,0,0,0,0,0,0,0,-12472,0,-14244,-11101,-10630,15408,13237,15697,0,0,0,-13416,0,0,13084,0,-13283,0,0,14863,0
84125855,Team0,0,0,-15817,13814,-13898,15909,10336,0,0,-11081,0,0,0,-12449,0,0,0,0,0,0,0,-14810,12693,0,0,13509,0,0,-13847,0,0,0,0,0,14975,0,0,0,0
84788302,Team0,0,0,-16748,0,0,0,0,-10320,0,0,-13374,0,13060,-11762,0,0,0,12360,0,0,-11158,0,0,14490,0,0,0,0,0,0,13597,0,0,0,14103,0,13542,0,-13118
84788597,Team0,0,12952,-13445,0,0,-10716,12996,11817,16389,0,0,0,0,0,12752,0,0,0,0,15001,-13147,0,0,-14484,0,0,0,0,-10339,0,0,0,0,0,-14274,0,0,0,0
84788940,Team1,0,-12222,16189,0,0,0,0,14183,0,0,0,0,0,-12142,12083,0,13452,0,0,0,0,-12815,-12684,0,0,0,12057,0,-10778,16453,0,0,0,0,0,0,0,0,-12265
84789123,Team0,0,0,0,0,0,0,-15429,0,13013,-13117,11661,11848,0,-17150,-14130,0,0,0,-12626,0,0,11951,0,0,0,11862,0,0,0,0,0,0,0,11430,0,0,0,0,-13224
84789157,Team1,-1,0,0,0,0,-13253,0,0,0,0,0,14047,0,14163,0,0,0,0,0,-14341,12087,13316,0,0,-13316,16709,0,-12221,0,0,0,0,0,0,-14331,0,-13133,14003,0
84003118,Team1,0,0,0,0,0,0,-15577,0,-14019,0,0,-13089,0,11533,0,0,14000,0,0,0,-11439,12515,-10176,0,0,0,0,14993,15912,0,-14707,0,0,0,0,0,0,14803,0
84003121,Team1,0,0,-14229,-12084,0,0,0,14016,0,0,0,0,0,-11611,0,0,0,18874,0,14731,0,0,-11214,0,0,0,0,0,14004,15022,-14995,0,15779,0,0,0,0,-10968,0
84003154,Team1,0,0,0,0,0,0,12881,0,0,0,11656,0,0,11486,0,0,0,12013,0,-15537,0,-12178,0,13549,14190,0,0,0,-13140,0,0,0,0,0,-12927,0,0,-15121,-13157
84003195,Team0,0,-15718,14445,0,12782,0,0,0,0,12626,0,-13046,0,0,0,10379,-15198,13729,0,0,0,0,0,-11814,0,0,12436,0,-11955,0,0,0,0,0,0,0,0,0,-10369
84003236,Team1,0,0,0,12166,0,0,-14735,0,0,0,-12687,14464,0,0,0,0,13369,15004,0,0,-18158,0,0,0,0,16560,0,0,0,0,0,0,-12627,0,12328,-11564,0,-13983,0
84003254,Team1,0,0,0,-12032,0,0,0,0,0,-12601,0,0,0,0,0,0,0,-15036,12924,0,0,13860,0,11126,0,0,14806,0,0,-17070,17837,0,-12635,0,0,-16267,0,11200,0
84003300,Team1,0,0,0,15054,-11547,0,0,15798,0,0,0,-10583,0,0,0,0,0,0,-14055,0,-11886,15167,0,0,0,0,0,18771,12792,0,-17974,-11126,0,0,0,0,12793,0,0
84466406,Team1,0,0,0,0,14410,0,14220,14082,0,0,0,0,0,0,0,0,0,-15517,0,0,11957,0,0,0,0,0,0,-19080,0,0,0,0,0,0,0,0,0,0,0
84466419,Team1,0,-13535,0,12147,0,11929,0,-12368,-12496,0,0,0,0,0,-17056,0,0,0,0,0,0,0,0,12023,-11449,13468,11033,0,0,0,0,0,0,12605,0,0,0,-15469,0
84466451,Team1,0,0,13047,12951,0,13019,-13012,0,-11550,0,0,10490,0,0,0,0,11071,0,10814,0,-11745,0,-14150,0,0,-16141,0,0,0,0,0,0,0,0,0,0,0,-10779,0
84467129,Team1,0,-13052,0,14093,0,11727,12432,-12803,0,0,0,0,0,-14329,0,0,0,7319,0,0,0,10959,0,0,0,0,0,0,0,-14781,0,0,0,0,-14148,0,11679,-15989,0
84467130,Team0,0,0,0,0,0,0,0,0,0,0,0,-20535,0,0,0,0,0,0,0,0,0,17075,0,0,0,0,-14803,12755,0,12062,0,0,0,0,0,0,11571,0,0
84725802,Team1,0,0,0,13741,0,12849,14247,0,0,0,0,-12201,0,0,0,0,0,-12556,0,0,-16059,12542,-13164,13393,0,0,0,0,12182,0,0,0,0,0,-12224,0,-12352,0,0
84368360,Team1,0,0,-11104,13417,0,18581,0,0,-14191,0,0,0,0,0,0,10690,0,-12289,0,0,12364,-16912,0,16352,0,0,0,0,-11225,0,0,0,0,0,0,12388,0,0,-11480
84876076,Team0,0,0,0,0,13227,12876,-14841,0,0,0,-10936,-12884,0,0,0,-12108,0,0,0,0,11764,-10777,0,0,15276,0,0,-15620,12815,0,0,0,0,0,13168,0,0,0,0
84877025,Team0,0,0,15268,15571,0,12807,0,0,0,0,0,0,0,-12109,13578,0,0,14017,0,0,-10596,0,0,0,0,0,0,-13711,0,0,0,13120,0,-14500,0,0,-11206,-16112,0
84877451,Team1,0,0,0,0,15704,-12013,0,0,14211,-12853,0,-15463,11005,-12923,0,0,0,0,0,0,0,0,0,0,0,-16027,0,-16622,0,11065,14748,0,0,0,13511,0,0,0,0
84877498,Team1,0,0,14836,0,0,0,0,0,16375,0,0,0,0,17133,0,0,0,0,-11382,0,-14853,-11430,0,0,0,0,0,-11381,0,15325,-16832,0,0,0,-13375,0,0,18890,13882
84215056,Team1,0,0,-17003,0,0,0,12072,0,11825,10429,0,0,0,0,0,0,0,0,0,-17016,-12951,-14182,-13831,10927,12008,0,0,0,0,0,13494,0,0,0,-14934,0,0,0,0
84215794,Team0,0,0,0,0,0,-11429,0,14327,0,0,-11876,17539,0,0,0,-11026,17759,0,0,0,0,0,0,0,0,-14189,0,0,14495,16459,-17544,0,-11264,0,15095,0,0,0,0
84215939,Team0,0,0,-12381,0,0,13322,0,0,13279,-12688,0,0,0,0,-12285,0,0,0,0,0,-12872,0,0,0,-12195,0,0,0,17341,18061,0,0,0,0,-14538,15979,15822,0,0
84217236,Team0,0,-12494,0,9279,0,14465,0,0,-10208,9422,0,12546,0,0,0,0,0,0,0,0,-13645,0,-10266,0,13298,0,0,0,0,-13947,0,0,0,0,-13686,0,0,0,9425
84217259,Team1,0,0,-14492,-14784,0,0,0,0,-12907,0,0,0,15488,0,0,0,-12423,0,10941,10464,13068,0,0,16966,0,0,0,-17580,0,0,-14161,0,0,0,0,12820,0,0,0
84217810,Team1,0,0,13573,-13683,0,0,0,0,0,0,-10878,-17310,0,-11980,0,10583,0,0,0,-18222,15175,0,0,-13010,0,0,0,10772,0,0,0,0,0,0,0,0,11597,11123,0
84217952,Team1,0,0,13799,12676,0,-12212,0,13291,0,0,0,0,0,0,0,0,13338,16465,0,-18732,0,0,0,-13173,0,0,0,-11615,0,0,0,0,0,0,14449,-11962,-10650,0,0
84250452,Team0,0,-11479,0,0,15670,12448,0,0,-13614,0,0,16331,-12890,0,0,0,0,-11550,12454,0,0,12613,0,0,13620,0,0,0,-13265,-13965,0,0,0,0,0,0,0,0,0
84250483,Team1,0,0,0,0,15101,0,0,-12469,0,10693,0,0,0,0,11061,14406,13432,0,0,0,-14508,-12886,0,14666,0,0,0,0,0,-15095,0,0,0,-12259,0,0,-13600,0,0
84250517,Team1,0,0,-12600,15222,0,-14782,0,0,-14658,0,0,-14780,0,0,0,13362,0,0,0,0,13493,0,0,0,12287,0,0,0,0,0,-14096,12430,16464,0,-12577,0,0,0,0
84250555,Team0,0,-16638,0,0,0,0,0,0,0,0,0,15488,-16747,-12594,0,-14267,0,0,12831,0,0,12907,0,0,-12522,0,0,0,12434,14402,-13073,0,0,11971,0,0,0,0,0
84250663,Team1,0,13637,0,0,0,-13620,-16453,0,0,0,-12519,-11016,0,14437,0,0,0,0,0,0,0,0,12830,0,0,13471,0,0,18099,0,0,0,0,-13592,-16592,0,0,0,12015
84250708,Team0,0,0,0,0,0,0,-13438,12832,0,0,0,0,0,0,0,0,0,0,0,0,-11261,11164,0,14957,-15748,0,-10673,0,10918,0,16576,-11080,0,-15078,0,0,0,0,12204
84250710,Team0,0,0,0,0,0,-13084,0,0,0,0,0,0,0,0,-13567,13421,0,14033,-13571,15773,14344,14269,0,0,0,-16028,0,0,-11162,0,0,0,0,0,-12594,0,12408,0,0
84563651,Team1,0,12556,0,0,13379,0,-13857,0,-10465,0,0,15747,-14523,0,0,0,0,0,-13242,0,0,15587,0,-14356,0,0,0,0,-14049,0,0,11710,0,14622,0,0,0,0,0
84563924,Team0,0,0,0,-13903,0,-13458,0,13061,-11163,0,0,0,0,12605,0,12996,0,0,0,-12124,0,13927,0,0,-13569,14816,0,0,0,0,0,0,0,12171,-14768,0,0,0,0
84564567,Team0,0,-13653,0,0,0,13561,13880,0,0,0,0,-11625,0,0,0,0,0,0,0,0,14694,0,0,14543,23634,0,0,0,-14668,0,-13868,0,-8747,-12199,0,0,14952,0,0
84564769,Team0,0,0,12457,0,0,0,0,-11514,0,10713,0,0,0,12273,0,0,-12499,0,0,0,-11129,14679,0,0,0,0,0,-10893,12058,-12153,0,0,0,0,0,0,-13990,10960,0
84565886,Team0,0,0,-13074,0,0,0,0,0,0,0,0,0,0,11275,0,0,-12464,10380,13562,15269,-15158,0,0,0,0,0,10437,11893,-11459,-10874,0,-10129,0,0,0,0,0,0,0
84533800,Team1,0,0,0,-12462,0,-13146,0,0,0,0,0,16578,0,0,0,-12790,13569,0,0,12283,0,0,0,-12185,-12307,0,0,11800,0,0,-18251,0,0,0,0,0,10046,14224,0
84533814,Team0,0,0,14391,0,0,0,-15083,0,14693,0,0,0,0,-12690,0,-13231,0,14779,0,0,15390,-14411,0,0,0,15838,0,0,0,0,-13126,0,0,0,18914,0,0,-13480,0
84533935,Team0,0,0,0,12760,0,0,-14106,0,0,-12924,0,16795,0,-12804,11746,-11713,13076,0,11800,0,0,0,0,0,-11614,0,0,0,-14274,0,0,0,0,0,0,0,0,11562,0
84533960,Team1,0,0,-16185,0,0,0,0,0,-13339,0,0,0,0,0,0,15598,0,0,0,0,12157,12497,-13096,0,0,0,0,0,0,15745,-13499,0,0,12076,-14065,-11827,13200,0,0
84534047,Team1,0,0,17901,12741,0,0,0,0,0,0,0,0,0,16769,0,0,12927,-10882,-13192,-16517,0,0,11812,0,0,-15728,-10391,0,14161,0,0,0,0,0,-9775,0,0,0,0
84534125,Team0,0,15695,0,12540,0,0,0,0,-14906,0,0,0,0,0,0,0,14153,-12333,0,0,11312,15252,0,0,0,-12164,0,0,-12208,0,0,0,0,0,-14518,0,13622,-12809,0
84534333,Team0,0,0,16131,0,0,-13421,0,0,0,0,0,-13893,0,11730,0,0,0,10579,0,0,13645,-12656,0,0,0,0,0,0,0,0,-12683,-12412,0,0,10483,0,13413,0,-12027
84340445,Team0,0,0,0,-10746,11021,0,0,12958,12665,0,0,-15302,0,0,0,0,-12454,0,0,0,-11213,0,0,0,0,0,0,0,0,0,11886,0,12211,0,18225,0,-9994,-12111,0
84340469,Team0,0,11280,0,0,0,-11579,0,-13475,-16086,0,0,0,0,0,12903,0,11373,0,13006,0,0,0,0,-16391,0,0,0,-13816,13600,0,0,0,0,-12564,13334,0,0,0,0
84340476,Team1,0,0,0,0,0,-15884,-13516,0,0,13861,0,0,0,-15060,0,15247,0,11014,0,0,0,16400,0,13052,0,0,0,0,-11976,13741,0,0,0,0,-14702,-14649,0,0,0
84340477,Team1,0,0,15498,0,0,0,0,0,-13132,0,-12495,-16594,0,11268,0,0,0,0,0,0,0,0,0,0,0,-16892,0,0,11528,0,18333,0,0,-12388,13129,16527,0,0,-14223
84340491,Team0,0,0,-13427,0,13803,0,-14858,0,-10152,0,12394,0,0,0,0,0,0,-15977,0,0,13747,12477,0,0,0,0,0,14322,0,0,0,0,0,-10363,12213,0,-12240,0,0
84340609,Team1,0,0,0,13157,0,-12945,0,0,0,0,0,11234,0,0,10133,0,11233,0,0,0,-12361,-12683,11682,-12988,0,12841,0,0,0,-16656,0,0,0,0,0,0,-13112,0,0
84340635,Team0,0,-11766,0,0,0,0,0,0,0,0,0,13532,0,12922,-15675,0,0,0,0,13149,0,13718,0,14057,0,0,0,-10978,0,0,-18319,0,-12162,0,0,0,13290,-14410,0
84972597,Team1,0,0,0,0,0,0,0,-16736,12776,0,0,0,0,0,0,0,0,0,0,0,-13098,0,0,0,0,0,0,0,-15192,16770,0,0,-14095,0,0,0,0,0,12903
84972639,Team1,0,-10845,0,0,0,0,15004,0,-12469,0,0,-17082,0,0,0,12119,-10744,12709,0,0,-11329,0,10874,0,0,0,0,13387,0,0,0,0,0,13472,-13430,0,0,0,0
84972666,Team0,0,0,0,15158,14251,0,0,14548,0,0,0,0,0,0,-13912,0,0,-13073,0,-13086,0,0,0,0,-16295,0,-15298,0,0,0,0,0,0,15609,13492,0,-9730,0,12718
84972677,Team0,0,0,0,-4766,0,10920,0,-8185,0,0,11557,0,0,0,0,0,0,0,0,-4706,-5639,0,0,-8937,11054,0,0,11055,0,12700,0,0,0,0,11416,0,0,-4407,0
84972838,Team0,0,0,-18567,0,0,12675,12360,-12270,12567,0,0,0,-10276,0,0,0,0,0,0,0,14999,-12373,0,0,0,0,0,0,11798,0,-17274,0,0,0,0,0,11672,-10649,0
84972946,Team0,0,14435,-16746,0,0,12443,0,0,12553,0,0,0,0,12182,-13461,12826,-12502,0,0,0,-12125,-12248,0,0,0,0,0,0,0,14705,0,0,0,0,0,0,-11799,0,0
84972985,Team0,0,12689,0,11803,0,0,0,-12633,0,0,0,-13810,0,0,0,0,0,0,11100,0,14087,12136,0,-11979,0,0,-11894,0,0,-14867,0,0,0,0,0,-12338,0,12697,0
84097189,Team1,0,13447,0,0,0,10800,0,0,0,0,0,-11827,0,0,0,0,-12988,-13705,-11896,0,0,11734,0,0,0,0,12943,0,-13235,0,0,0,0,12407,-13450,0,11559,0,0
84097243,Team1,0,0,0,-16287,14076,-17888,0,0,10779,0,0,14493,0,-17067,0,0,12521,0,0,0,-14297,0,0,0,0,0,0,0,0,-13943,0,-14237,0,0,11297,0,0,12797,0
84097284,Team0,0,0,0,0,0,0,22445,0,-16212,0,0,0,0,0,0,0,13019,-13323,0,0,12104,-15345,0,15222,0,12393,0,0,-11085,0,0,0,0,0,12492,0,-10998,-16207,0
84097305,Team1,1,0,-15341,0,0,0,16341,-12364,0,0,0,15391,0,0,-12694,0,11385,0,0,0,15173,0,0,0,0,0,0,0,0,0,0,0,0,-14261,-13291,-13710,11650,0,12494
84097306,Team1,0,-12758,0,0,0,11583,0,0,0,11247,0,12784,0,11722,0,0,0,0,0,0,-11058,-15109,0,0,0,0,0,13915,-10604,0,0,0,0,0,-12836,-12674,0,12859,0
84432962,Team0,0,0,-16724,-11201,0,0,0,0,0,0,0,11394,0,-11018,0,0,-11399,0,12144,0,0,10521,0,0,0,14538,12173,0,0,0,0,0,0,0,14996,0,0,0,-12546
84432981,Team0,0,13761,0,0,-13617,0,-15139,0,0,0,-10952,0,13688,13837,0,-11983,-12547,0,0,0,0,0,0,0,0,15656,0,-11787,0,0,0,0,0,0,0,0,0,11197,12076
84433040,Team1,-1,0,0,0,12096,0,0,-14003,-15001,0,0,0,0,12086,0,0,0,0,0,-14626,0,13852,0,0,0,0,0,0,-18832,15035,0,10473,0,-11608,-21536,0,0,14581,0
84433085,Team1,0,0,0,0,-13737,15714,0,-13450,0,0,0,13050,-15673,14673,0,-14771,0,0,13121,0,0,0,0,0,0,0,0,13028,0,-19127,-12956,0,0,0,0,0,0,0,14163
84433238,Team0,0,0,13005,0,0,0,0,0,0,0,12801,14031,0,11335,11465,-13871,0,-16655,0,0,0,-13459,0,0,0,0,0,0,0,-13611,0,0,0,11713,-13786,-14357,0,0,0
84433264,Team0,0,0,16301,0,0,15167,0,0,0,-16857,0,-14829,0,-12214,13635,0,0,0,0,0,-11130,0,17375,0,0,0,0,-14263,18935,0,0,0,0,0,13888,0,0,-11282,0
84433330,Team0,0,0,13392,0,0,0,0,11734,0,-12142,0,11090,-13776,0,0,0,0,-11853,0,0,11269,-12535,11119,-18816,-11588,0,0,0,0,0,0,0,0,13017,0,0,0,0,0
84433359,Team0,0,0,15499,0,9380,0,-16501,0,0,0,0,0,0,-15265,0,0,0,-12359,-14151,0,0,0,0,0,0,0,0,0,-15812,0,0,0,0,13322,13366,11822,9692,0,-11751
84433408,Team0,0,11261,0,0,0,-12952,0,0,0,0,0,18325,0,-14329,-15655,0,0,0,0,0,13658,13418,0,0,0,-14673,0,0,-14343,0,0,11909,-16839,15206,0,0,0,0,0
84433425,Team1,0,0,0,0,18006,14823,0,0,-14703,-13467,0,-15662,14375,-12881,0,0,0,0,0,0,-11468,12320,0,0,0,0,0,0,0,13181,0,0,0,0,0,-11398,15381,0,0
84433427,Team0,0,13023,0,0,0,14653,0,0,-16154,0,0,12373,0,0,0,0,-11872,-11451,10917,0,0,11141,0,-14118,0,0,0,0,-12363,0,0,0,0,0,-13607,0,0,0,14381
84066717,Team0,0,0,0,15388,0,12616,-13862,0,0,0,0,10946,0,0,0,0,-14235,0,0,11968,0,0,-17544,-16298,0,0,0,0,-12644,-14185,0,12815,0,14295,0,0,0,0,0
84066810,Team1,-1,0,0,0,-14323,0,0,0,0,16663,-12125,0,11332,0,15375,0,0,0,-14146,0,-14172,0,0,0,0,0,0,11896,0,14155,13461,-12890,0,0,-15849,0,0,0,0
84066859,Team1,0,-17551,0,0,0,0,0,0,0,0,0,0,0,0,0,0,0,12516,0,-14828,-16353,11056,0,0,0,0,12881,11736,0,13535,0,0,0,0,-19528,0,-15159,14433,-15553
84066876,Team1,0,12351,-18757,0,0,-13324,12957,0,0,-12240,11395,0,0,12511,-11941,0,0,12345,0,0,0,0,0,0,0,0,14015,0,0,0,0,0,0,0,-16867,0,0,0,-13341
84066877,Team0,0,-14459,0,0,0,11557,0,0,-13742,11422,0,17806,0,0,-14515,0,0,0,0,0,-13826,12809,0,0,0,15403,0,0,12027,0,0,0,0,0,0,0,-14567,-14415,0
84066899,Team0,0,-13253,0,0,13449,14755,0,0,-11800,0,0,0,0,0,0,11602,-11662,0,13799,0,0,16434,0,0,0,-13482,0,0,-13345,13470,0,0,0,0,-13028,0,0,0,0
84066903,Team0,0,-14528,0,0,0,13467,0,0,-9165,0,0,-15903,0,0,0,0,0,-8602,0,0,0,12613,0,0,14458,12355,14852,0,11656,0,-14241,0,-11074,0,0,0,0,0,0
84066905,Team1,0,17498,0,14679,12821,0,0,0,0,0,0,0,0,0,0,0,0,-15099,-15531,0,0,-14253,12931,-12332,0,0,0,0,-19472,0,0,0,0,0,0,9942,12200,0,-12526
84066946,Team0,0,-18067,-12880,0,0,18307,0,0,-14192,0,0,0,0,-13385,17858,0,0,0,0,0,-14416,13335,0,12362,0,0,0,0,17047,14338,0,0,0,0,0,0,0,0,-13548
84066948,Team0,0,0,0,0,0,0,-15693,-12565,0,0,0,0,0,0,-11927,0,14792,0,0,0,0,14957,-12207,0,0,0,0,14221,12968,0,16825,0,0,0,0,0,12571,-11979,-12240
84066949,Team0,0,0,17886,0,0,0,0,0,-14461,0,0,14081,0,0,-13034,-12280,14436,0,0,-15042,12498,0,0,0,0,0,0,0,0,-15634,0,11567,0,0,0,12814,-12048,0,0
84066960,Team0,0,0,0,0,0,-11539,-14398,0,0,0,0,13550,19404,0,0,0,0,-12384,0,0,0,0,0,0,0,-12587,9554,13184,0,14140,0,0,0,0,-14389,0,-12508,15505,0
84066997,Team0,0,12093,-15594,0,0,0,0,0,0,0,0,16701,0,-10825,0,0,11588,0,0,13550,0,0,16939,0,-12385,-11422,0,12501,0,0,-15431,0,0,0,0,0,-11103,0,0
84067010,Team1,0,0,0,0,0,0,0,0,0,0,0,0,0,0,0,0,0,0,-11995,0,0,0,0,0,0,0,0,0,0,0,0,0,14238,0,0,0,0,0,0
84184876,Team1,1,11895,0,0,-15596,12532,0,0,0,0,0,16123,0,12730,0,0,0,0,13139,0,-14571,0,0,-14117,0,0,0,0,12837,0,0,0,0,0,-15323,0,-14614,-13971,0
84595285,Team0,0,13904,-17730,0,0,0,0,-11261,0,16694,0,-10587,0,11857,0,0,0,0,-11476,0,-16302,12919,0,0,13074,0,0,0,13744,0,0,0,0,-13886,0,0,0,0,0
84595317,Team0,0,0,17710,0,0,11398,0,0,12390,0,0,0,0,-12016,13871,0,0,0,0,0,13817,0,0,0,-11152,0,0,-14602,0,0,0,-13999,0,-11938,0,0,11903,-12006,0
84595476,Team0,0,0,0,-13770,0,0,0,0,-11761,0,13681,0,0,0,0,11845,0,0,-10637,0,0,12602,0,0,12399,0,0,0,-12692,-14389,13410,0,-11940,0,11863,0,0,0,0
84595603,Team0,0,0,0,0,0,0,-13138,-15509,-11140,0,0,0,0,12722,13816,0,0,-15431,24797,14989,-13448,-13062,0,17610,0,0,0,0,0,2883,0,0,0,0,0,0,0,0,0
84595646,Team1,0,12727,0,0,0,-14249,-14992,0,-13078,0,0,-13902,0,0,0,0,0,-12587,-10408,0,14082,9627,0,0,0,0,0,0,10950,0,0,0,0,0,13923,14886,0,0,0
84155658,Team1,0,-17214,0,0,0,12922,12921,0,0,0,0,0,0,-17045,-13307,0,0,0,0,-14669,0,-17059,0,12661,0,0,0,0,15590,0,0,17443,0,13704,0,0,-14176,0,0
84155659,Team1,0,-16183,17492,11473,0,0,14215,0,0,0,0,0,11191,0,0,0,0,-12335,0,-13198,10764,-13230,0,0,0,0,0,0,0,0,0,13316,0,0,-16931,0,-12162,0,0
84155716,Team0,0,-13024,0,0,0,-12505,0,0,0,0,0,0,-13205,0,0,0,0,0,0,0,15528,-12264,0,0,0,0,12543,11392,-12698,14289,0,0,9578,0,0,0,11277,-13512,0
84155717,Team0,0,0,0,0,0,0,-13685,0,0,0,-11499,18781,0,-9730,-13093,0,0,12973,0,0,0,14219,0,0,0,-13831,0,0,0,-13735,0,0,0,11874,16113,0,10796,0,0
84155723,Team0,0,-16153,14945,0,0,0,-13845,0,0,0,0,11936,0,0,0,0,12109,0,0,0,-12664,-17080,0,9267,0,0,0,0,0,0,17872,0,0,-13250,13695,0,-16032,0,0
84155731,Team0,0,-11347,0,0,-13673,-11709,0,0,12173,0,0,12458,0,10822,0,-13077,0,0,0,0,0,-10230,0,0,0,15023,0,0,0,0,0,0,0,0,19056,0,-10888,10676,0
84155733,Team1,0,15408,-15930,0,0,0,0,0,0,0,0,0,0,-12267,0,0,0,-13317,-13637,11930,0,-13626,0,0,0,0,13609,0,0,0,0,0,13176,10912,0,0,0,12695,-12659
84155735,Team1,0,0,0,11004,0,15393,0,0,0,0,0,0,0,0,0,-13235,16166,-12035,-12257,0,16751,-11366,0,0,0,0,0,14066,0,0,0,10937,0,0,-12318,0,0,-12428,0
84626653,Team1,0,0,0,-13222,12777,0,0,0,-12399,0,0,14956,0,0,0,0,-11209,0,0,-11915,12238,0,0,0,0,-13716,0,0,-14317,0,0,13083,10647,0,11878,0,0,0,0
84626753,Team1,0,17724,0,12347,0,14731,0,0,0,-10484,0,0,0,0,0,0,0,0,11052,0,-10060,12423,0,0,13720,0,0,-13306,0,0,-15153,0,-13468,0,-10602,0,0,0,0
84626768,Team1,0,0,0,0,-14975,12587,0,0,0,0,0,15554,0,0,-18786,0,0,0,-12272,0,11996,0,9599,10513,0,0,0,0,-13059,13652,-12673,0,-13698,0,0,0,0,0,0
84626815,Team0,1,0,16612,0,0,12561,-12193,0,0,0,0,13912,0,0,0,0,15369,-10776,0,0,-9549,0,13255,0,-11130,0,0,15389,0,0,0,-10660,-12381,0,0,0,0,0,0
84626866,Team1,0,0,14274,0,0,12682,15738,0,0,0,0,0,12721,0,0,0,0,12327,-10506,0,-16374,0,12052,-13268,0,-17220,0,0,0,0,0,0,0,-14048,-12352,0,0,0,0
84627106,Team1,0,0,-14520,12644,-14809,-10094,13343,0,0,0,0,0,0,0,0,17100,0,0,0,0,0,11352,0,0,0,0,12873,0,-12331,-12828,0,0,0,0,15700,0,-12334,0,0
84818351,Team1,0,0,0,0,0,-13253,0,0,0,0,0,0,11673,0,0,10815,0,0,0,0,-17281,-12929,0,13940,0,0,0,0,-11916,14516,0,-11367,0,13338,-13477,0,0,13368,0
84819191,Team0,0,17431,13198,-10105,0,16810,0,11443,0,0,-12647,0,0,-14510,0,-11036,0,0,0,0,-13282,0,0,0,0,0,0,0,10538,0,-12623,0,11225,0,0,0,0,0,0
84819425,Team0,0,14478,0,0,0,0,0,0,11869,0,0,0,13296,0,0,0,0,0,0,0,-14293,0,0,-15299,0,0,13350,13151,0,-13276,0,-11726,0,-11961,-9718,0,0,12267,0
84501477,Team1,0,10253,0,0,0,11793,0,0,0,0,0,-16079,-14755,0,0,0,0,-13183,0,0,-16034,10452,0,12619,0,0,0,0,0,0,0,-13297,0,-13747,12169,0,0,10059,0
84501818,Team1,0,-13145,0,15298,0,0,0,0,0,0,0,0,0,-15391,0,-12850,0,16180,15297,0,-12185,0,0,0,15492,0,13067,0,0,0,15735,0,0,0,-15151,0,0,-14226,0
84501840,Team1,0,0,12763,0,13216,-10913,14245,-15795,0,12598,12470,0,0,0,0,0,0,0,0,0,0,-10503,0,0,0,0,0,-15120,14808,0,-11754,0,0,0,-11102,0,0,0,0
84501865,Team1,0,0,-14835,0,0,0,0,0,-15437,0,0,0,0,14593,0,0,0,0,14003,-15857,-14060,0,0,13480,0,0,0,13407,0,0,17652,0,0,0,-13817,-12010,0,0,14494
84939826,Team1,0,13742,0,0,0,13814,0,0,-11129,0,0,18278,13289,0,-12563,0,0,12962,0,-13717,-13929,0,0,0,0,0,0,0,-13242,0,0,11266,0,0,-15756,0,0,0,0
84939838,Team0,0,0,-17507,0,0,0,12646,-12121,0,-13335,0,17069,0,15242,0,0,0,12179,0,0,-17962,0,0,0,0,0,0,-14075,0,0,14365,12682,0,-12096,0,0,0,0,0
84939872,Team1,0,13137,-16521,-13140,0,0,0,0,13134,-13865,0,0,-12460,12735,0,0,0,-12668,14620,0,-14437,0,0,0,0,0,0,14625,10930,0,0,0,0,0,0,0,0,0,0
84939907,Team0,0,0,0,0,-13317,0,0,0,0,0,0,13771,0,-10932,0,-14555,12610,-12143,0,0,9853,16656,0,0,12201,0,-12309,0,0,-15922,0,0,0,0,0,0,15153,0,0
84939960,Team0,0,0,14049,-11878,0,10895,0,-13294,-11809,0,11955,0,0,0,0,0,0,0,0,0,12115,0,0,0,-15865,0,0,12535,0,0,-14814,0,14462,0,0,0,0,0,-12799
84940027,Team1,0,0,0,11613,0,-15693,0,0,11450,-12098,0,-14255,0,0,0,0,0,-12905,0,11399,0,0,0,0,10375,0,0,-15567,0,0,13281,0,-13247,0,11585,0,0,0,0
84940043,Team0,0,0,0,0,0,0,15839,14658,-11881,-11070,0,-13709,0,13203,0,0,0,0,0,0,-12202,12835,0,0,0,0,0,-11755,0,0,13607,0,0,-16054,0,0,0,0,14066
84940091,Team0,0,12292,16646,0,0,0,-14902,0,-12316,0,0,0,0,-11996,0,0,0,-12749,-13241,0,14290,14615,0,0,0,0,0,0,0,-12746,0,0,0,0,15783,0,15054,0,0
84400831,Team0,0,13707,12932,0,-13257,0,0,0,0,0,0,0,0,-12265,0,0,0,0,0,0,12849,13888,15900,0,0,0,0,-13492,13635,0,-13033,-12043,0,0,-12522,0,0,0,0
84400878,Team1,0,0,-20033,0,0,0,0,0,15145,12909,0,12673,0,-13440,0,0,0,0,0,12481,13718,0,-13637,0,0,-15551,-11681,0,0,0,-14151,0,0,0,12115,0,0,0,0
84400879,Team1,0,0,0,0,0,0,-15728,0,0,-13347,0,0,0,10908,0,0,0,0,0,15361,-12366,-12992,0,0,13517,0,0,13754,0,0,12131,10864,0,0,-13444,-12042,0,0,0
84400883,Team1,0,0,-13557,0,0,13928,0,-16387,0,0,0,0,0,0,0,-13465,-12204,0,0,0,-11995,0,0,0,13813,0,0,0,0,0,0,0,0,-11709,13644,0,10105,11266,11855
84400890,Team0,0,0,13256,0,-14405,12836,0,0,-11774,0,0,0,0,0,0,-12550,0,-13336,-10672,0,14657,0,0,0,-12918,0,0,0,0,0,0,0,0,0,14620,0,13174,0,17083
84400899,Team1,0,0,16761,0,0,0,0,0,-13376,0,0,0,0,0,0,0,10917,-10078,0,0,15486,0,0,-15843,0,0,0,0,12876,-15082,0,0,0,0,-12755,11932,10943,-10974,0
84400928,Team0,0,0,-18966,13919,14996,13693,-17355,0,13820,0,0,0,0,0,0,0,-11928,0,0,0,-12328,11744,0,0,0,0,0,0,14575,0,0,0,0,0,0,0,-11581,0,-14948
84400936,Team0,1,0,0,-9966,0,0,0,0,0,12792,0,0,0,13186,16117,-14287,0,0,0,-12607,0,0,0,18741,0,0,0,0,0,0,0,0,-12818,0,15561,0,-10207,16123,-15170
84400955,Team0,0,0,0,10346,0,0,0,0,0,0,9936,-14077,0,10902,0,0,0,-15336,0,-13904,-14686,13423,0,0,15263,0,0,0,0,19892,0,-12860,0,0,-14291,0,0,0,0
84400971,Team1,0,0,-17294,0,0,0,0,13561,0,0,-10852,0,12768,0,0,0,0,14279,0,0,-11137,-12398,0,0,0,14331,0,14613,0,0,0,0,0,11351,-16103,-10633,0,0,0
84401022,Team1,0,15092,-12998,0,0,11955,-16814,0,0,10991,0,10463,0,0,0,-12542,-11788,-12471,0,0,0,12658,0,14699,0,0,0,0,0,0,0,0,0,0,-14221,0,0,0,0
84401048,Team0,0,0,0,0,0,0,0,0,14576,13278,0,0,0,0,0,0,0,0,-10753,0,0,-11820,0,0,13643,0,0,0,-11795,-13460,15639,0,0,-11118,-14786,14016,13031,0,0
84401052,Team1,0,0,0,0,0,0,0,-14157,0,12547,0,-11046,11201,-10409,0,0,0,0,0,-13165,-11615,11995,-11450,0,12822,0,0,0,0,0,0,0,0,0,0,0,0,12877,11356
84401064,Team1,0,0,0,-13607,0,-11835,19263,0,0,0,0,0,0,11658,0,0,0,13223,0,-15678,0,-14049,0,0,0,0,12617,0,-14334,0,12505,0,0,0,-16119,0,13483,0,0
84401093,Team1,0,0,0,0,0,-12606,-12914,0,0,11786,-13859,0,12991,0,-12584,0,0,13273,0,0,0,0,0,-13662,0,14381,0,0,-17491,0,0,0,0,0,13238,0,0,0,14391
84690098,Team0,0,-16249,-15219,0,0,12202,14209,0,-12845,0,0,0,0,0,0,0,0,-12063,0,0,18677,-11149,0,0,0,12193,0,0,0,0,0,0,0,0,0,0,0,0,0
84690216,Team1,0,0,17353,0,0,0,-13031,15830,0,0,-12714,-17663,0,0,0,0,-12923,0,0,0,0,13336,0,0,0,0,0,-13829,0,0,12411,0,0,-12860,12454,0,0,15276,0
84690271,Team1,0,-19664,13725,11092,0,-11907,0,0,16115,0,-14037,-17488,-15363,0,0,0,0,11802,0,0,0,0,0,0,0,0,0,0,12904,-14140,0,0,0,14515,0,0,0,0,0
84690300,Team0,0,0,0,12912,0,0,-13538,0,12821,0,0,0,0,0,0,0,0,0,0,12938,14649,-13013,0,-13482,0,0,11715,0,-14076,0,15486,0,0,-12556,0,0,0,-11345,0
84690404,Team1,0,-10207,0,0,0,0,0,0,-10844,0,0,0,0,11318,-10968,0,0,14878,0,0,0,0,0,-17830,0,-17968,0,15800,0,16361,0,12438,0,-11003,0,0,0,0,10117
84690460,Team0,0,14378,0,0,0,0,13679,0,0,-12895,0,12644,11640,-14674,0,0,12086,10725,-12233,0,-12358,0,0,0,0,0,0,-12674,0,-13254,0,0,0,0,0,0,0,0,0
84657567,Team1,0,-13128,0,0,0,11742,0,0,-12252,0,11533,0,0,-15720,0,-12600,0,0,0,0,-17990,0,0,0,0,0,0,12155,0,12188,-15364,0,0,0,12952,0,0,0,14176
84657570,Team0,0,12289,-12158,0,0,-10575,0,0,0,10627,0,0,0,13896,0,11912,0,0,0,0,12714,-11571,0,0,-14782,0,0,0,-14431,16287,0,0,0,0,-13053,0,0,0,0
84657670,Team0,0,-14009,-13333,0,0,14924,0,0,-12603,0,0,-11282,0,0,0,0,-13141,0,0,0,-12855,0,0,0,15387,0,0,0,0,14401,0,0,0,0,14399,0,15338,0,13173
84657755,Team0,0,0,0,0,0,13187,0,0,13006,-10262,0,0,0,-13846,0,0,0,0,0,0,11173,0,0,11912,0,13056,0,0,-10271,-16580,0,0,-11816,0,14097,0,0,-12363,0
84657797,Team1,0,-20485,-12492,0,0,0,0,0,0,0,0,0,-11214,17764,0,0,0,0,0,0,0,11780,0,0,-12697,13328,0,0,-11354,0,0,0,0,-15805,15010,0,0,12298,13312
84657848,Team0,0,0,-16620,0,-9491,0,12471,13071,0,-9966,0,-9629,-11160,0,0,0,-11139,0,0,0,12528,12795,0,0,0,0,0,0,0,0,0,0,0,21218,0,0,18932,0,0
84658032,Team1,0,0,16015,0,0,12923,0,0,0,0,13802,15706,0,-12563,0,0,0,0,-11824,0,0,12145,0,0,12147,-20715,0,0,0,0,0,0,0,-12164,-15931,0,0,0,-14086
84658126,Team1,0,0,12071,0,-11353,11160,0,0,0,0,0,-12226,0,-12123,0,0,0,0,-11953,0,14338,0,0,0,0,0,0,0,11235,20494,-17326,11357,0,0,-14934,0,0,0,0
84658173,Team0,-1,0,13724,0,12607,0,0,0,0,0,0,0,0,0,18129,-12356,0,0,0,0,0,0,0,-11771,0,-12906,-13977,0,0,0,-16596,-15332,0,13043,12665,0,11099,0,0
84658204,Team0,0,0,0,0,-14632,0,13456,0,0,10089,0,0,0,0,0,0,0,12215,-14130,0,13574,-11705,-13565,0,0,0,0,14519,-13629,-14077,0,0,12288,0,0,0,0,0,0
84658230,Team1,0,0,16066,0,0,13229,0,0,0,0,0,0,0,-13240,0,-13395,0,10591,0,-15711,-11998,12715,0,11344,0,0,0,0,0,0,0,11863,0,0,0,-11021,-13426,0,0
84281126,Team1,0,0,15458,0,0,0,0,0,0,0,0,0,0,-12910,-14236,12161,0,10729,11662,0,12774,10381,-13232,0,0,0,0,-13880,0,-13785,0,0,0,0,0,0,0,-15491,0
84281138,Team1,0,0,0,0,0,11304,0,10613,-14179,0,0,14540,0,0,0,-13159,10852,-12389,-15358,0,0,0,0,-20178,0,0,0,12293,11919,0,0,0,0,-13444,0,0,0,0,0
84281155,Team1,0,0,0,0,0,0,0,10890,0,0,0,-13776,0,0,0,12196,0,9430,-13014,12505,-15422,0,0,0,0,0,0,0,0,0,0,0,0,-14462,13541,0,-16376,9645,-15081
84281178,Team0,0,-13907,0,0,11890,0,-13024,0,0,13380,0,0,0,-12153,0,0,14639,-17476,0,0,0,-11505,0,0,0,0,0,0,13199,0,0,0,12026,0,0,0,-14681,0,12691
84281183,Team1,0,15646,-14444,0,0,12116,13600,0,0,0,0,13562,0,13912,0,0,0,0,0,0,-13716,-11371,11481,0,-12482,0,0,0,0,0,-14620,-12166,0,0,0,0,0,0,0
84281249,Team1,0,0,0,0,0,-15494,16763,0,-16009,0,11365,-15278,0,0,0,14939,0,10902,-15003,0,15050,0,0,0,0,-16644,0,0,0,0,0,0,0,0,0,0,13539,-15284,0
84281277,Team0,0,0,13633,0,-11936,0,13645,0,0,0,0,-15447,13278,18247,0,12338,-11316,0,0,0,0,-12351,0,-16762,0,0,0,0,-12666,0,0,0,0,0,0,0,12551,0,0
84281352,Team1,0,0,0,0,0,0,0,0,-16722,0,-14421,0,0,-14932,0,0,0,0,0,0,0,0,0,0,0,0,0,0,0,0,0,0,0,0,-15314,0,0,0,0
84035989,Team1,0,-15289,0,0,0,0,0,0,0,-12154,0,-15108,0,0,0,0,0,12573,0,13179,-14490,0,0,0,0,0,0,15543,0,0,0,0,-12365,0,11709,12757,13576,-16553,0
84035995,Team0,0,-13685,11574,0,16018,0,0,0,0,0,0,0,0,-15107,0,10772,-13512,0,0,0,0,0,11459,0,0,0,0,-12240,-13465,-14804,0,0,0,13250,10185,0,0,0,0
84036036,Team1,0,0,0,11743,-14265,11554,0,0,0,0,0,0,0,-14148,0,0,0,10372,0,0,0,-14250,-13448,-15285,0,13453,11344,0,12809,0,0,0,0,0,0,-17099,0,0,0
84036083,Team1,0,0,0,0,0,0,11366,0,12769,0,10276,15371,0,-14048,0,0,0,11980,0,-18039,14975,0,0,0,0,0,0,-12474,0,0,0,0,0,0,0,-14849,-12807,-13197,0
84036106,Team1,0,14078,0,0,0,10472,-13445,0,0,0,0,10907,0,-11882,0,0,0,-10766,0,-16062,0,0,0,0,13920,0,0,0,0,0,0,0,12937,0,-11928,10471,-11183,0,0
84036113,Team0,0,14465,-12890,-13121,14268,0,0,-14361,0,0,0,-11711,12601,15923,0,0,-11251,-11520,13020,0,0,0,0,0,0,0,0,0,0,0,0,0,0,0,0,17072,0,0,0
84036154,Team0,0,0,0,15515,0,0,0,12723,0,0,0,0,0,0,0,0,0,-11985,0,0,13676,-13302,0,-13884,0,0,-12317,0,0,-15112,0,13659,0,14581,0,-14283,0,14926,0
84036209,Team0,0,13409,0,0,0,0,0,0,0,0,0,0,0,12780,13966,14111,0,0,0,12881,0,-13031,12548,0,-11614,0,-14648,0,-11161,0,-16598,0,0,0,0,0,0,-12041,0
84847675,Team0,0,-12962,0,0,0,0,-15706,0,0,-12668,0,0,14429,-13051,-12824,11622,0,18695,15379,11885,0,0,0,0,0,0,0,0,0,16130,0,0,0,0,0,0,0,0,-12863
84847727,Team0,0,0,15023,0,0,0,0,0,-11986,0,0,-11741,13299,-10498,0,-13476,0,-11426,0,-15581,12012,0,0,0,0,0,0,0,0,0,15712,0,0,0,11315,0,0,11721,0
84847811,Team0,0,13992,14594,0,14569,12808,0,0,0,0,0,0,0,0,0,-13026,0,-12697,0,-13362,0,-11767,12708,0,0,0,0,0,0,-20232,0,-12575,10812,0,0,0,0,0,0
84847920,Team0,0,0,0,0,0,0,17494,0,-17473,0,0,0,0,0,-11417,0,14263,0,0,0,0,-12834,0,0,-14979,0,0,14542,14065,0,14505,0,0,-12978,-15785,0,14919,0,0
84847929,Team0,0,0,-12439,-11170,0,0,0,-12387,12938,0,0,0,14001,0,0,0,0,0,12895,0,15359,0,0,0,-14279,13001,0,0,0,0,0,0,0,-12149,0,-11125,0,0,15072
84847951,Team0,0,0,0,0,0,12920,0,0,0,0,0,0,0,0,-13005,0,0,11000,0,-14434,-12786,-11094,0,14190,0,-15015,0,0,15810,13352,0,0,11000,0,0,0,-12981,0,0
84311853,Team0,0,13020,0,0,-12939,0,0,-11919,-15758,0,13144,0,13389,0,11920,0,0,0,0,0,-13087,-11996,0,0,0,0,0,0,0,0,15639,0,0,0,15049,-12476,0,0,0
84311855,Team0,0,-12279,0,0,11796,-11737,0,0,14174,0,-14124,-12338,0,-14946,0,0,0,13656,11104,0,0,-12537,0,0,0,0,13494,0,0,0,0,0,0,0,0,0,0,0,13292
84311856,Team1,0,-15680,0,0,0,0,0,0,0,-11215,13647,0,-10811,0,-11490,0,0,13213,0,0,-13545,14122,0,17229,0,-13800,14365,0,0,14804,0,0,0,0,0,0,0,0,0
84311880,Team1,0,-14176,-16912,0,0,-12321,12682,0,13113,0,0,17740,0,-12185,-16880,0,0,0,0,0,0,0,0,14168,0,10136,11287,0,0,0,0,0,0,0,0,0,-12466,0,0
84311883,Team1,0,0,0,-14848,-14887,0,0,0,-13711,-14057,0,0,0,-15450,0,0,0,0,10888,0,-16152,12470,0,14001,0,0,0,0,10838,0,13164,0,0,0,0,11427,0,0,0
84311897,Team1,0,0,0,0,0,12604,16000,0,-13248,0,-12239,-13534,0,0,13022,0,0,0,12337,0,12369,0,0,0,-15226,0,0,0,0,0,0,11529,0,-14767,-12781,0,0,0,0
84311925,Team1,0,0,14583,0,10866,-15923,0,0,0,0,0,0,15447,11819,0,-14860,14507,0,0,0,0,0,0,0,0,12325,0,0,-13609,-15106,0,0,0,-14105,0,0,-13607,0,0
84311926,Team0,0,13190,0,0,0,0,-13903,0,10276,11328,0,0,0,10647,0,10663,-10266,0,0,0,18167,0,-10601,-15216,0,0,0,0,-11773,0,0,0,0,0,0,0,0,0,-15089
84311945,Team0,0,0,-14037,0,0,-15248,0,0,13079,0,0,0,0,-12387,0,0,0,0,0,0,9932,10259,14396,-16659,0,0,0,0,0,10910,0,0,0,-12881,0,0,-7590,11200,0
84311946,Team0,0,0,-14717,11242,0,13279,0,0,0,13050,0,11569,0,0,0,-13338,0,0,-17333,0,-12923,-13550,0,0,0,0,0,0,0,0,13544,0,11894,-13183,0,0,0,0,0
84311989,Team0,1,0,15325,0,0,0,0,0,0,-14428,15109,-14013,0,-11212,0,0,0,-12940,0,0,0,0,0,0,0,0,0,15114,0,-15773,0,0,-9745,15800,15171,14097,0,0,0
84907082,Team1,0,-13429,16104,0,0,0,0,0,0,0,0,-11641,0,12392,0,0,11900,0,0,0,-12994,0,-11920,0,0,0,0,13443,0,0,0,0,0,0,-15462,0,0,11663,0
84907100,Team1,0,12805,-10298,11909,0,0,0,0,-13038,0,0,-11888,0,11387,0,-11732,0,0,12382,0,15495,0,-9716,0,0,0,0,0,0,-15220,0,0,0,0,0,0,0,14533,0
84907107,Team1,0,0,12934,0,0,-13730,0,0,0,0,0,-20192,0,0,-12415,0,14691,-12577,0,0,12260,0,0,10781,0,0,14270,0,12392,0,0,-10338,0,0,-11410,0,0,0,0
84907227,Team0,0,0,21196,0,0,0,-13408,0,14185,0,0,0,0,0,19118,0,0,13511,14605,0,-12472,0,-12163,-15430,0,0,0,0,0,14011,-16314,0,0,0,-16426,0,0,0,0
84907231,Team1,0,-16287,0,0,0,0,0,12305,0,0,0,-16538,0,11040,0,-12544,-14757,12836,-13316,-18359,0,0,0,12349,0,0,0,0,0,16194,0,0,0,0,15349,0,0,0,0
84907237,Team1,0,-16490,0,0,-11950,0,0,7634,0,0,0,6277,-11940,0,0,0,0,-13602,-12252,9145,8781,0,0,0,0,0,-11949,0,0,0,0,0,0,0,4585,0,0,7642,0
84907249,Team1,0,0,0,0,0,13264,14693,-14319,0,0,-11372,0,-13022,0,0,11622,0,0,11762,0,0,0,0,0,0,0,0,-14614,0,-14912,0,0,0,-13787,0,0,0,12265,13685
84907250,Team0,0,0,15515,0,0,0,0,0,-17041,-13533,0,-13659,0,16271,0,0,0,-11539,0,17316,14260,-11669,0,0,0,0,0,0,0,-19238,0,0,0,0,0,0,14611,0,14754
84907270,Team1,0,-13219,0,0,0,0,12415,0,0,0,0,13033,-13344,0,0,0,14847,12488,0,0,0,0,0,0,0,0,-13648,0,12802,-11354,0,0,8993,0,-12554,0,0,0,-13103
84907297,Team0,0,0,-14088,0,0,0,14222,14330,0,0,0,0,0,0,0,13813,20160,-12516,0,0,12187,-11403,0,-13384,15668,0,0,0,0,0,0,0,0,0,-12271,0,0,-12317,0
84907311,Team0,0,-12514,0,0,0,0,0,0,0,0,0,-17072,0,0,0,-11845,-14059,0,-12350,0,-12373,10443,12168,20236,17210,0,0,12924,0,0,12047,0,0,0,0,0,0,0,0
84907320,Team1,0,-11510,0,0,0,-15929,0,0,0,0,0,0,0,0,-17859,-16591,0,11609,0,0,0,12233,0,11727,0,-14036,0,13389,0,-14900,15850,10908,0,0,0,0,0,0,0
84758331,Team0,0,-12125,0,12272,0,-13131,0,0,0,0,0,0,0,-11136,0,13979,13346,0,0,0,0,0,0,0,0,0,0,0,-11179,12412,0,0,0,12315,11832,0,0,0,0
84758358,Team0,0,0,-17773,0,0,0,0,0,0,0,0,0,0,0,0,0,-13105,-12333,0,0,13668,0,16470,-13792,0,0,0,15096,0,19885,0,14682,0,15662,-11878,0,-12332,0,0
84758362,Team0,0,15340,15669,-14001,0,13815,0,0,-12774,0,0,0,13071,0,0,0,0,0,0,0,-11700,0,-12838,0,0,-12730,0,0,0,0,0,0,0,-14458,14136,0,0,13014,0
84758427,Team0,0,0,0,0,-15907,-11507,0,0,0,14166,0,-12335,0,0,0,-12007,0,10474,-12887,0,0,11838,0,0,0,11214,-12439,0,0,14226,0,0,0,0,0,0,12015,0,0
84758429,Team1,0,-14282,0,18023,0,0,0,9445,0,0,0,-14056,0,0,0,0,-12931,16576,0,0,14745,-13413,0,0,0,0,0,0,0,13263,0,10283,0,0,0,0,-14377,0,-14783
84758457,Team1,0,12632,0,0,0,14543,-11688,0,0,0,0,12217,0,0,0,0,0,-12175,0,0,0,-11795,10623,-14743,0,0,0,0,0,12909,0,0,-12758,0,14100,0,0,-15641,0
84758473,Team1,0,13389,-12547,0,-11021,0,0,0,15561,0,0,0,12112,0,0,0,-11728,0,0,0,15029,-12169,0,0,0,0,0,0,-12235,0,13698,0,0,0,-16970,0,10909,0,0
84758474,Team1,0,0,-20612,-14651,0,-12383,14457,10929,0,0,0,0,0,-12128,0,12372,0,0,0,12193,-13212,0,-11109,0,0,0,0,0,0,0,0,0,0,12671,13260,0,0,0,0
84125951,Team1,0,-12413,0,12581,-12812,0,0,0,0,-14095,0,0,0,-16359,0,-12090,9841,0,0,12069,0,-14438,0,0,0,0,10247,0,12304,12724,0,0,0,0,0,0,0,0,0
84125952,Team0,0,0,12838,0,0,0,0,0,-15136,0,0,0,0,0,-15558,12264,0,0,0,0,13427,0,12322,-11154,0,0,0,0,-12533,-12717,14034,0,0,-14320,16005,0,0,0,0
84125990,Team1,0,12284,0,0,0,-10158,-14693,0,0,0,0,0,0,12989,0,0,0,0,0,0,-16409,0,0,0,0,0,0,-13741,0,12004,12223,-13471,12166,0,0,0,9411,0,-11791
84126011,Team1,0,13341,0,-14033,0,-13730,0,0,0,0,0,0,0,0,0,13421,0,0,0,0,15376,0,0,-15628,0,0,0,0,0,-14415,0,13432,-18384,13211,14506,0,0,-14070,0
84126086,Team0,0,-13606,-15512,0,0,15441,0,0,0,0,-10521,0,0,-11978,0,12899,0,0,0,15615,-13824,0,16461,-13968,0,14480,12296,0,0,0,0,0,0,0,0,0,0,0,0
84126102,Team0,0,0,0,0,-12013,0,0,0,13320,0,0,0,0,0,0,17725,0,-13048,-12001,0,11773,-11757,0,0,-14870,0,16599,0,12610,0,0,11849,0,0,0,0,-11078,0,0
84126121,Team0,0,0,0,0,0,0,0,-11225,0,10378,0,-13811,0,0,13972,0,0,0,-14956,-10759,-10384,17887,0,0,0,0,0,16042,0,0,12182,0,0,0,14943,0,0,0,-16126
84789158,Team1,0,0,-11895,0,0,-13459,-12204,0,0,12403,-13853,0,0,-11291,13308,12861,0,0,13360,0,0,13430,0,0,0,0,0,0,-11101,0,0,0,0,13901,0,0,0,0,0
84789171,Team0,0,0,0,0,0,0,0,0,0,0,-14085,-14442,14449,0,-13779,0,-14032,0,12060,0,13043,0,0,0,0,0,0,-14148,14935,-14168,16147,0,0,0,13253,0,0,0,0
84789192,Team0,0,0,-14455,0,0,0,0,0,0,0,0,15393,-14220,0,0,0,0,-13257,0,0,-14390,0,15868,0,0,17640,0,0,0,14319,0,0,0,14463,-17137,14022,-13531,0,0
84789245,Team1,0,15217,0,0,0,-12766,0,14585,-14171,0,0,17419,0,0,0,-13020,13511,0,0,0,0,13593,0,0,0,0,0,0,11893,0,0,0,0,0,-14002,0,0,-12499,-13888
84789249,Team0,0,-12212,0,0,0,0,0,0,0,0,0,17202,0,0,0,0,0,12131,-11540,0,0,-11690,13274,0,0,0,0,0,-11955,14687,0,0,0,-13612,13848,0,-14589,0,12477
84789251,Team1,0,0,15659,0,0,-13103,0,0,0,-12972,0,-12718,0,13028,0,0,0,0,13115,0,0,-13067,0,0,0,0,0,10759,0,-16453,0,10884,0,0,0,0,0,-14815,11978
84789253,Team1,0,0,-15472,0,0,0,0,-12547,-10087,0,0,0,0,0,0,-12699,11865,-14267,0,0,0,0,0,0,0,0,14660,0,11600,14911,11703,0,0,0,0,0,10221,-11880,0
84789308,Team1,0,0,0,16419,0,10773,-16157,13109,0,0,-12886,0,0,-14733,-16033,0,0,0,0,0,13551,14377,0,0,0,0,0,12959,-13101,-11569,0,0,0,0,0,0,0,0,0
84003317,Team0,0,0,0,0,0,0,0,-12348,0,0,0,0,0,-13621,0,15870,13220,0,14765,-15921,-11375,-12381,0,-15971,0,0,0,17406,0,0,11493,0,0,0,13783,0,0,0,0
84003323,Team1,0,0,15200,0,0,0,0,0,-15124,0,0,15526,0,13673,-16535,0,11049,12552,0,0,0,0,0,0,0,0,-13446,12495,0,-14920,-13405,0,0,0,0,-13259,0,0,0
84003367,Team0,0,0,13939,0,-11629,0,0,0,0,10999,0,0,0,0,10820,0,0,-10767,16101,-17038,0,-11692,0,0,0,0,-9481,0,0,0,12532,-10313,0,0,0,0,11513,0,0
84003403,Team0,0,0,0,0,-13254,0,0,16123,14519,0,0,0,0,0,0,-11091,-12853,13980,0,0,0,16672,0,0,0,0,0,-12938,11853,0,0,-11739,0,-14162,0,17105,0,0,0
84003419,Team1,0,15239,0,0,-13176,0,0,0,0,-11695,0,0,0,-12715,0,0,0,0,0,0,13243,10401,0,15939,0,0,0,-14787,0,0,0,12778,0,13023,0,-14746,0,0,-13892
84003443,Team1,0,-14807,0,0,0,0,0,0,0,0,0,-15290,0,-9589,-12105,0,0,12220,0,0,-13011,12821,-10522,0,0,13482,0,0,0,0,0,0,0,0,0,0,12702,15582,14791
84003500,Team0,0,0,0,0,0,13660,0,0,-12573,12599,0,12446,16137,0,0,0,0,0,-12355,0,16844,-16079,0,0,-13043,15840,0,0,0,0,-14522,0,0,0,0,0,0,0,-14118
84003505,Team0,0,0,0,13721,-14629,0,0,0,0,0,-11888,-13513,0,11334,0,0,-11662,0,0,18041,0,0,0,0,0,12008,0,16666,0,0,12608,0,0,0,-13281,0,0,0,-11830
84003507,Team1,0,0,0,0,0,11900,0,-14107,13181,0,0,0,0,12002,0,0,0,0,0,-14157,-14091,15477,-13948,-15388,0,13046,0,0,12990,0,0,0,0,0,0,0,0,0,-15379
84003508,Team1,0,0,0,11707,11949,0,0,0,0,0,0,0,0,12424,0,-9764,11617,-12444,0,-13658,-14715,0,0,-15319,0,0,0,19925,11138,0,0,-10288,0,0,0,0,0,0,0
84003545,Team1,0,0,0,0,0,12088,0,0,13774,11766,-10436,14852,-10975,0,12739,0,0,-14965,0,-13958,0,0,0,-19594,0,0,0,-14376,0,0,0,0,0,0,0,0,0,0,13502
84003558,Team0,0,12029,0,0,0,0,0,0,0,13686,0,14574,0,-10956,0,0,0,11141,0,-15152,-15328,0,0,0,0,0,14772,0,-10529,0,0,-13673,0,0,0,-15797,0,0,10243
84003565,Team0,0,0,0,-16585,0,0,0,0,-9125,-11102,0,0,0,13451,0,11620,-10109,14197,12251,0,-14468,0,0,0,0,0,0,12135,0,0,12493,0,0,0,0,0,0,-10145,0
84725729,Team0,0,10776,-13489,13806,0,-12486,0,0,0,0,-12260,-12459,0,0,0,11792,0,13616,0,0,0,-11448,0,0,-12868,0,0,0,0,0,13658,0,12942,0,0,0,0,0,0
84725730,Team0,0,0,13315,-11052,0,-13281,0,0,-8798,12827,0,15931,0,16494,0,0,0,0,12438,-13271,-12962,0,0,0,0,0,0,12804,0,0,0,0,-14374,0,0,0,0,0,0
84725733,Team1,0,0,0,0,0,-13901,14383,0,0,0,10933,-12273,0,-12670,0,0,0,0,0,0,11502,10860,-12116,0,13359,0,0,0,11851,-13919,0,0,0,0,-13678,0,0,0,0
84725774,Team1,0,0,15770,0,0,12753,11813,12784,0,-12024,0,0,0,13688,0,0,0,-13061,0,0,16343,-12210,0,0,0,-12826,0,0,0,0,0,0,0,0,-16590,0,0,0,-11050
84725844,Team1,0,17648,0,0,10048,0,0,0,0,0,10659,0,0,0,-11970,0,-12670,0,0,0,0,10777,0,0,11517,0,0,-12909,-16061,0,0,0,15577,0,0,0,-11518,-11992,0
84725859,Team1,0,0,0,-10719,0,-13105,0,0,0,-10485,0,19539,0,0,0,0,11226,10682,12000,0,-13155,10943,0,0,0,0,0,11660,0,-14295,0,0,0,0,-11625,0,0,0,0
84725869,Team0,0,10541,17066,0,0,0,0,0,0,0,0,0,0,0,0,0,0,-12697,0,-13118,12844,0,0,0,-15342,0,12322,0,10767,0,0,-13426,0,15996,-13032,0,0,0,-13888
84725875,Team0,1,15298,0,-11870,0,0,-15589,0,-9448,0,0,0,14223,0,0,-11736,0,0,0,0,-12234,13996,0,15221,-14371,0,0,13381,0,0,0,0,0,0,0,0,0,14396,0
84725889,Team0,0,0,0,0,0,0,18593,0,-13634,0,0,0,0,-14049,0,0,0,13933,-12878,0,-13144,12763,0,0,0,-13851,0,0,0,0,13335,0,0,0,12395,0,11683,-16848,0
84725957,Team1,0,0,-15384,0,0,13599,0,0,0,0,0,14838,-12457,10149,0,-10056,-10438,0,-9494,12149,0,15907,0,0,0,0,0,0,0,0,-15003,0,0,0,0,0,15223,0,0
84725992,Team1,0,-16522,0,-12858,0,0,0,0,0,-13001,0,0,0,12939,0,0,-13002,0,0,0,-13301,0,0,0,13466,0,0,-14318,0,0,13495,0,0,0,12758,0,13468,0,12225
84367157,Team0,0,0,16986,0,0,0,0,-12718,0,0,0,0,-12570,13844,0,0,0,10950,-13345,0,-11952,0,0,0,0,0,0,0,0,14243,-14319,0,0,0,-14216,0,11899,0,10654
84367852,Team1,0,0,0,0,0,-13561,0,0,0,0,0,14230,0,12300,0,0,-13318,0,0,-14128,11611,-13402,0,-16313,0,-13651,0,0,0,14675,0,13466,0,12406,0,0,0,0,0
84368366,Team0,0,0,13451,0,0,0,0,0,11332,0,11413,0,0,0,0,-12427,0,10706,0,-14604,-14835,0,-15307,-13573,0,0,0,0,0,0,0,0,0,0,12971,0,0,-15612,11599
84368516,Team0,0,9816,0,-4913,0,0,0,0,0,-2941,0,0,0,-1346,0,0,0,0,10000,9197,0,0,0,0,-2830,0,7891,-3174,0,0,0,0,0,-2836,0,0,0,8478,7726
84368985,Team1,0,-16542,15868,0,13297,0,0,0,13733,0,0,0,0,0,0,0,0,12971,-10784,0,0,-13426,13242,0,0,0,0,0,-10509,0,0,0,15860,-12440,-12883,0,0,0,0
84466845,Team1,0,0,0,0,0,0,0,0,15314,0,0,12095,0,-12577,0,0,12722,0,0,15550,-13077,-12988,0,0,0,-13774,0,11507,0,0,-17343,-13549,0,0,0,0,0,11373,0
84466847,Team0,0,-11743,18648,0,0,0,-13118,0,0,-10075,0,0,-11627,0,-10404,0,0,0,0,0,16638,12064,0,14809,14734,0,0,0,0,0,-19388,0,0,0,0,0,0,14467,0
84466862,Team0,0,0,0,0,-9928,0,11872,14310,0,-11238,0,0,14311,13089,-11818,0,0,15988,-13270,0,14354,-10795,0,0,0,0,0,0,0,0,0,0,0,0,-11566,0,0,0,0
84466872,Team0,0,0,0,0,0,-16640,0,0,11199,0,0,-13206,0,0,0,0,0,0,0,0,14514,11431,0,14064,0,14060,0,-12072,0,-12493,16147,0,0,-15759,0,0,-10952,0,0
84466928,Team1,0,0,0,0,0,0,12696,0,0,0,0,0,15612,0,11586,-14612,0,-17364,0,12627,0,0,0,-16192,0,-13914,0,0,0,0,-18319,0,-14975,0,15607,0,13515,0,0
84466964,Team1,0,0,0,0,15999,-14282,16744,0,13154,0,0,-15690,-18905,0,0,0,0,0,0,-15641,-14039,0,0,13820,0,0,0,0,0,0,0,0,0,14343,12099,0,-15228,0,0
84466977,Team0,0,0,0,0,0,0,-12196,0,14824,0,-9786,0,0,0,0,-11607,0,14584,0,12153,0,0,0,0,0,0,0,16614,0,-12560,0,0,0,-12818,0,0,12079,10556,-13439
84466999,Team1,0,-13443,15839,0,0,0,0,0,0,0,0,0,0,0,0,14912,0,13854,-13422,0,14162,-10970,0,-11485,0,0,0,0,0,0,-13129,0,12837,0,-12351,0,0,15586,0
84467082,Team1,0,0,-15103,0,0,0,0,0,15905,13516,-11206,0,0,0,0,0,0,0,0,14472,14437,0,0,15009,14647,0,0,-12532,0,0,0,0,0,-13353,-12703,-11774,0,0,0
84467084,Team1,0,14859,17411,-12570,0,0,0,11444,0,0,0,11627,11522,-12928,0,10539,0,0,0,-17240,-11740,0,0,0,-13127,0,0,0,0,0,0,0,0,0,-13308,0,0,0,0
84467134,Team1,0,0,0,0,0,0,0,0,0,12585,0,0,0,0,0,12744,0,0,-12069,15474,12564,-12822,0,0,0,0,0,-16226,-12904,0,0,0,0,-12878,16895,0,0,-12015,12322
84467140,Team0,0,15131,0,0,0,0,-16396,0,13211,11393,0,0,0,0,0,0,11183,0,0,-12167,0,-10504,0,0,0,0,0,0,0,17228,0,-12349,0,0,-15082,-15094,11776,0,0
84218067,Team0,0,0,0,0,0,-12939,0,12196,0,0,0,13471,0,-12901,0,0,0,0,0,0,0,12195,14110,-12596,0,-13097,0,0,0,-15265,12338,0,0,0,0,0,-14114,0,10852
84218079,Team0,0,0,0,0,0,13707,-17353,0,-12421,0,0,-17027,0,13445,-13411,0,0,0,13043,0,-13542,0,0,0,0,15055,0,0,0,0,0,-13872,0,0,13468,0,0,0,15370
84218109,Team1,0,-15720,6918,-20377,0,0,0,7539,0,0,0,0,0,0,0,-14869,0,8993,0,0,0,0,-14589,9462,0,0,0,-16571,0,0,0,0,0,-14280,9717,0,0,6539,0
84218122,Team1,0,12818,-14994,0,0,0,0,0,11293,-14264,0,-16007,0,0,17627,0,12404,0,0,0,-12941,-12624,0,0,0,0,0,0,12988,0,0,0,0,0,12578,0,0,-11635,0
84218124,Team0,0,-17185,0,0,0,0,-14596,0,14719,12836,-12813,15615,0,0,0,0,-12423,11735,0,13329,0,0,0,11916,0,0,0,-12536,-12742,0,0,0,0,0,0,0,0,0,0
84218146,Team0,0,0,-18695,0,0,11108,0,0,18141,0,-12182,0,0,-11893,0,11161,0,0,0,0,-16744,0,0,0,0,12609,0,0,13014,-13231,0,0,0,14862,-12834,0,0,0,0
84218267,Team1,-1,0,0,0,-14004,0,0,11493,0,0,0,0,0,0,-15163,0,0,0,-13691,0,0,12334,0,0,0,12217,0,0,11900,0,0,0,0,12921,0,0,0,0,0
84876492,Team0,0,0,0,0,0,0,-13721,0,0,0,0,0,-14746,-13739,0,0,0,0,0,0,0,11914,0,0,0,14367,0,0,0,0,0,15199,0,0,0,0,0,-12872,0
84876963,Team1,0,0,0,0,0,0,0,0,0,0,0,0,0,-12363,0,0,0,0,-10660,-15537,-14641,16430,0,0,0,0,0,15351,0,14365,0,0,0,13778,-15912,0,12642,18123,-10676
84877048,Team1,0,0,-15650,0,0,11502,0,-14603,0,0,0,0,0,-12125,-13021,0,0,-13394,0,0,0,-13294,0,15935,0,0,0,0,0,12267,0,0,0,13048,13030,0,10870,0,0
84877096,Team0,0,-13378,11599,0,11853,0,0,0,10104,-10169,10138,16611,-10843,0,0,0,13313,0,-8873,0,0,-9948,0,0,0,0,0,0,0,0,-11197,0,0,0,0,0,0,0,0
84250815,Team1,0,11032,0,0,-13411,0,0,0,12016,0,0,0,0,-12436,-13785,0,0,0,0,-14098,0,-12043,0,0,0,0,0,0,0,0,0,0,0,0,11019,15265,-12153,12329,10918
84250874,Team1,0,-13699,0,0,0,0,0,0,13149,0,0,-14328,0,0,-13811,-13787,-13164,0,0,-14618,14993,14089,0,0,14190,0,0,0,15031,16316,0,0,0,0,0,0,0,0,0
84250877,Team0,0,0,18169,0,0,-12200,0,0,0,0,0,14539,0,12474,0,0,0,0,0,-12598,0,12586,0,18071,0,0,-12300,0,-16863,-15093,0,11531,0,0,0,0,-10919,0,0
84250923,Team0,0,0,12252,0,0,0,-18659,0,0,-12266,0,0,13764,-10513,0,0,0,13619,0,17795,-11987,-11086,12004,0,0,0,0,0,-14849,0,0,0,0,0,12339,0,0,0,0
84250962,Team0,0,0,14136,0,18412,14673,-10195,0,0,0,0,-12079,0,13620,-10137,0,-13232,0,-10598,0,0,0,0,14576,0,0,0,0,0,-11378,0,0,0,0,0,0,13899,0,0
84250990,Team0,0,0,0,0,0,0,14929,15972,0,0,0,-29666,17277,14904,0,0,-2767,0,-5583,0,-22250,-5583,0,0,0,0,0,0,0,0,0,0,0,14063,-23510,0,0,0,14063
84250996,Team0,0,0,0,0,-14512,20379,-13685,0,0,0,12472,15854,-11545,0,0,11123,0,-13763,20149,0,0,0,0,0,0,0,9689,0,-12314,0,0,0,-12290,0,0,0,0,0,0
84565656,Team0,0,0,0,0,0,-13574,-18902,0,-11375,0,12411,0,14333,0,0,0,0,0,0,16854,19251,0,0,0,0,15947,0,0,0,15545,-12829,0,0,0,0,0,-11278,0,-11977
84565666,Team1,0,15244,-14961,0,-13707,0,0,-13478,-14891,0,10285,13095,0,0,0,0,0,0,0,0,-13554,-12153,0,0,12195,0,0,0,0,0,0,0,11765,11306,0,0,0,0,0
84565809,Team1,0,0,13410,-12724,0,0,-13657,-14059,0,0,0,0,0,0,0,0,0,0,0,0,-11059,-10606,13106,0,0,0,13099,0,0,15630,15182,0,0,-12183,0,15125,0,0,0
84565921,Team0,0,17597,0,0,0,15951,-15850,-11727,18308,0,0,0,0,0,0,-13203,-11210,-11478,0,0,14414,-8754,0,0,0,19278,0,0,0,0,0,0,13941,0,0,0,0,0,0
84566000,Team0,0,0,0,0,0,0,14188,0,0,0,13019,0,0,0,0,0,0,0,0,0,13820,0,-14720,0,0,0,10810,11041,-13275,-15257,0,0,0,10799,-16550,0,0,-14100,-14346
84566080,Team0,0,9897,0,0,0,-12791,10747,0,12024,0,10312,0,0,0,0,-14708,0,-13380,0,0,14294,0,0,0,0,0,0,0,0,-12673,0,0,0,0,-10732,0,-11662,0,11421
84566098,Team0,0,0,0,14179,0,11598,0,-13186,0,0,0,0,0,0,0,0,0,0,-13182,0,0,-13412,0,13256,-14728,17351,0,18084,0,0,0,0,13791,-13314,0,0,0,0,-18508
84566102,Team1,0,0,0,14464,0,0,0,0,-13753,0,0,0,0,0,0,-13433,0,0,14356,0,13162,0,0,18852,-11809,12916,0,0,-12185,-15526,0,0,0,-12344,13860,0,0,0,0
84566136,Team0,0,0,0,0,0,0,0,0,14709,13536,0,0,0,0,0,0,0,11765,0,0,0,0,0,0,0,0,0,0,0,0,0,0,0,0,0,-12681,-11877,0,0
84340656,Team1,-1,0,-12672,0,0,14562,19905,-13748,0,0,0,0,15315,-14178,0,16041,0,0,0,0,-13926,0,0,14394,0,0,0,-13839,14823,-13991,0,0,0,0,0,0,0,0,0
84340667,Team0,0,0,0,0,0,0,0,14705,14288,0,0,0,0,0,0,0,0,14530,0,0,-14086,0,0,-14952,0,0,0,15328,0,-13342,0,0,0,14275,15427,-12767,-14637,0,-13779
84340697,Team1,0,0,-15697,0,0,0,0,-14327,0,0,0,13175,13347,0,0,0,0,11668,0,13923,-15185,0,0,0,-16790,0,0,0,0,0,-14025,0,-12852,0,17093,0,0,11947,0
84973026,Team1,0,0,15454,11971,0,0,0,12744,0,-11312,0,0,-10312,0,0,0,12141,12615,0,0,0,12475,0,0,0,0,0,0,-13318,-14972,0,0,0,-11698,-14181,0,0,0,0
84973085,Team0,0,0,0,0,0,0,-14321,-10949,0,0,0,14361,0,-12753,0,0,0,11352,0,0,-12496,0,0,0,-12996,0,11966,0,10989,0,0,0,13583,12067,0,0,0,-12196,0
84973113,Team1,0,-13765,14103,0,0,0,0,-12984,-13753,0,12885,0,0,15522,13803,14785,0,-12342,0,0,0,0,0,0,0,0,0,12217,0,-18238,0,0,0,0,-16436,0,0,0,0
84973140,Team1,0,0,15424,0,11562,0,0,0,0,-13127,0,0,0,0,11694,-14967,0,0,0,0,-16929,0,0,15810,0,0,0,0,-13276,-17242,17057,0,0,0,0,0,10903,0,-19587
84973142,Team0,0,0,13530,0,0,0,0,0,0,-12118,12831,0,0,11606,0,-12536,0,0,0,0,10835,-14245,0,0,0,-15939,0,0,13272,18863,-12895,0,0,0,0,-11400,0,0,0
84973213,Team0,0,0,19800,0,0,-11392,0,0,-13233,0,-12919,-11045,0,15466,0,0,16381,13324,0,0,0,-10756,0,0,0,-12493,0,15595,0,0,0,0,0,0,0,0,15927,0,0
84973267,Team0,0,0,13556,0,0,9880,19782,0,13546,0,0,-16339,0,-13943,0,0,0,0,0,0,0,-14954,0,0,0,0,0,0,0,-16060,-15625,0,0,0,-14805,18855,0,0,14799
84973269,Team1,0,0,-19276,0,11689,-13096,0,0,0,0,0,-13186,13101,0,0,0,0,10413,10928,0,-13800,0,0,0,0,18396,0,0,0,0,0,-12451,0,0,10973,0,0,-13550,0
84973274,Team0,0,0,0,0,0,12339,0,11245,16154,0,0,17425,-12632,0,0,0,0,13438,0,0,0,11615,0,-15143,0,0,0,0,0,-13702,0,0,0,-13164,-12976,0,0,-10441,0
84973306,Team1,0,0,11489,0,0,0,-17155,0,0,0,0,9950,0,-16834,0,9902,0,-13446,-11850,0,-12288,11651,0,0,0,17806,0,0,0,0,0,0,0,0,-12590,0,10270,0,0
84973311,Team0,0,0,0,0,0,0,-13985,0,0,-12832,0,14215,0,0,0,-13366,0,-12006,14932,0,-14539,0,0,18487,0,0,0,0,0,0,13394,0,14369,12377,-14375,0,0,0,0
84973315,Team1,0,0,15827,0,0,11559,0,-13907,0,0,0,0,0,0,0,0,0,-14488,0,0,12412,-14087,12907,16758,0,0,11000,-16184,0,0,0,0,0,-18027,-15586,0,0,0,0
84534096,Team0,0,0,0,0,-10389,0,-14225,0,-16577,0,0,16307,17043,0,0,13918,0,0,13744,0,0,0,0,0,-13897,0,0,0,0,0,0,13377,-14090,0,0,0,-12845,0,18533
84534170,Team0,0,-12562,15400,0,0,13148,0,0,0,0,0,12675,0,-11155,0,-11763,0,15016,12329,0,0,-12974,0,0,0,0,0,0,-11979,0,-13705,0,14206,0,0,0,0,0,0
84534178,Team1,0,14619,-15239,-13232,0,0,-12535,15722,15543,0,0,0,0,15347,0,-10681,0,0,0,0,-10222,0,0,0,0,0,0,0,0,15075,0,0,0,0,0,0,-10490,13977,0
84534253,Team0,0,0,0,0,0,13511,14405,0,0,-12150,0,-25354,0,0,0,0,0,16200,17276,0,0,-14218,0,0,0,0,0,16110,0,-12479,0,0,13391,-12022,0,0,0,0,-12466
84534308,Team1,0,0,0,0,0,-15163,-19028,0,0,0,0,0,0,0,-14310,0,0,0,-15174,0,-15205,0,0,0,0,0,-14873,12148,0,0,16235,9692,0,11073,9807,0,0,0,11052
84534317,Team0,0,13620,0,-11569,0,-10835,0,0,0,0,0,0,12795,0,0,0,0,-14111,-12799,0,11947,0,0,-13316,0,0,-13743,0,0,15050,0,0,0,0,16630,0,0,12839,0
84534337,Team0,0,0,17023,-11964,0,0,0,0,0,0,-12407,0,0,15122,0,0,0,0,0,0,-12937,0,-11805,0,0,0,0,-14482,0,0,15786,0,0,0,13291,0,14264,14181,-14751
84534574,Team1,0,12782,-12812,0,0,-11104,-13916,0,0,0,0,12046,0,12508,0,0,0,0,12698,0,15736,0,0,0,0,0,0,0,-12728,0,0,0,0,-9422,0,0,-9742,0,14616
84534576,Team0,0,0,0,14721,0,0,15210,0,-14095,0,0,0,-10560,0,0,0,12523,12903,0,0,0,-9470,0,12298,0,0,0,0,0,0,-13815,12650,0,0,-12098,0,0,-10412,0
84097339,Team1,0,0,-14101,0,0,0,16258,0,0,0,0,12852,0,-14512,11700,11657,0,0,0,0,-15482,0,-18863,0,0,0,0,-14212,0,0,0,0,11003,0,0,0,0,-18480,9963
84097365,Team1,0,0,0,0,0,15532,0,0,15953,0,0,0,-13714,-11912,0,-11948,0,0,-14213,0,0,0,0,15126,0,0,0,0,-12189,16134,-20823,0,0,0,16592,0,0,0,13514
84097385,Team0,0,0,0,-15709,0,-12631,0,0,-11826,-10268,0,0,12474,13548,0,0,0,14691,0,0,-11570,0,0,0,0,0,0,14685,0,12702,0,0,0,0,-15792,0,13880,0,0
84097406,Team1,0,-9472,0,0,3426,2696,0,0,4197,0,0,0,-8864,0,0,0,-10461,0,0,0,4298,0,0,-8772,0,0,0,0,0,-8903,0,0,0,0,12204,-10425,3237,0,0
84097445,Team1,0,-16589,0,0,0,-16092,0,0,0,0,-12963,-12871,0,0,-18733,0,0,0,0,0,12473,11972,0,0,0,0,0,-14682,12702,15040,0,0,0,0,12094,13506,0,0,0
84097466,Team1,0,0,0,10674,0,12435,0,10802,0,0,0,0,0,-14839,0,0,0,-13326,0,0,0,-13144,0,-17044,0,0,0,16196,0,-15896,0,0,0,12065,12153,0,-15302,0,0
84432316,Team1,0,0,0,0,0,0,0,0,0,-13071,0,-17266,0,-14722,0,14027,0,0,0,-13927,11516,0,0,0,12608,0,0,0,-13876,0,14343,8900,0,0,10838,0,0,0,-12589
84433569,Team0,0,18073,0,0,16255,-10288,-13514,-10211,0,0,0,-10064,0,14111,20657,0,0,0,-11866,0,-10676,0,0,0,0,0,0,0,0,13071,0,12572,0,0,0,0,0,0,0
84184865,Team0,0,0,12556,0,12646,-13420,0,-17300,12438,0,0,0,0,13799,0,0,0,-11168,0,0,13367,0,0,0,0,0,0,-13618,0,-11414,0,0,-11922,0,0,0,0,12922,0
84184901,Team0,0,12591,0,0,0,-12101,15921,0,0,-12838,0,-14212,-13272,0,12747,0,0,0,0,-14341,0,0,0,0,0,0,0,-18603,0,0,0,0,0,16388,0,0,10922,0,12506
84184977,Team1,0,0,0,0,0,10031,18079,14309,0,0,0,0,0,-11370,0,0,0,0,0,0,0,10042,0,0,-13640,-13076,-13673,10396,-12946,0,0,0,0,-12233,0,0,0,10465,0
84185195,Team0,0,0,0,0,-11897,0,0,0,12068,11685,0,0,0,-11434,11722,-13125,0,14569,0,0,0,-12015,0,14952,0,0,0,0,0,12323,-14616,0,0,0,0,0,-10210,0,0
84185203,Team0,0,14839,0,0,0,0,0,0,-14739,0,0,0,0,0,0,-13310,0,12991,0,0,-14799,0,12141,0,12156,0,0,0,11648,0,-19449,-12661,13190,0,0,-11102,0,0,0
84185216,Team0,0,0,0,0,0,-16148,0,0,-11887,0,0,0,19313,0,-13071,0,0,13815,13979,-14027,0,0,0,13274,13274,0,0,0,-11617,16099,0,0,0,0,0,0,-15099,0,0
84185261,Team0,1,0,14473,0,0,0,0,0,0,0,0,0,0,0,12527,0,0,13544,0,-15044,-14673,-15300,0,13249,0,0,0,0,-14300,-14586,0,0,12683,0,0,0,-15299,13236,0
84185268,Team0,0,-11097,13123,0,0,-12348,0,0,15530,0,0,-13827,0,0,0,0,0,0,0,0,15795,-12017,0,0,0,0,0,0,13941,0,13925,0,0,0,13492,0,-11572,-15903,0
84185269,Team0,0,16261,-16847,0,0,-10154,0,0,0,0,0,-11702,-10392,0,0,0,0,0,-16839,0,13663,0,0,0,0,0,0,0,0,13485,0,0,13058,-12443,13705,0,0,14866,0
84185273,Team0,0,0,0,0,0,0,-16508,0,0,-11689,0,-15427,0,0,0,-11512,0,0,0,0,11419,12732,12915,14055,0,0,0,-10153,0,14506,0,0,0,0,13955,0,-11798,0,0
84155806,Team0,0,0,0,12626,0,-15307,0,0,0,0,0,13105,0,-12855,0,0,0,14814,0,0,18806,0,0,-12946,0,0,0,0,-20413,0,0,0,13309,-18662,16043,0,-11056,0,0
84155833,Team1,0,-14929,0,0,0,18282,-17582,0,0,0,0,0,0,-12689,0,0,0,0,0,0,0,0,0,-12606,0,0,0,16613,17715,0,19166,10392,0,-14572,14094,0,-13752,0,0
84155851,Team0,0,0,0,0,0,-13959,-13342,0,13502,0,0,14162,0,0,14263,0,0,0,0,12543,-12721,0,-14080,0,0,0,0,-15115,14280,0,0,0,0,13150,-15351,0,0,0,0
84155884,Team1,0,-13797,0,0,0,12977,-14030,0,0,0,-10083,0,0,0,0,10487,0,0,0,-11107,-10408,0,12248,0,0,0,0,12153,0,0,12581,12192,0,0,-14299,0,0,0,0
84155900,Team1,0,13967,-13643,0,0,0,0,0,0,0,0,12867,0,12423,0,0,0,10054,10819,0,-12220,-13391,0,0,0,0,0,0,-12791,0,-16339,0,0,0,11349,0,-13485,0,0
84155917,Team1,0,0,-18161,0,0,-13076,0,-12810,12993,0,0,0,-15171,0,0,0,0,0,16030,0,0,0,0,4963,0,0,0,0,0,-16670,13668,0,0,0,10525,-16248,0,5478,0
84155979,Team0,0,-12893,14806,0,0,0,0,0,0,-11195,13009,0,0,12156,0,-12111,0,10458,0,0,0,-12350,0,0,0,0,0,11886,10548,0,0,0,0,0,0,0,0,-13301,-13074
84595381,Team0,0,0,14943,0,0,0,0,0,0,13974,-11528,-11908,0,-12954,0,11530,0,0,0,0,0,-11895,0,14928,0,-13387,0,12280,-12234,0,0,0,0,0,0,0,13866,0,0
84067285,Team1,0,10671,0,0,0,0,0,0,0,0,0,0,0,0,0,0,0,11247,0,0,-15989,11782,12219,0,0,0,-13121,0,11876,-12743,-13462,0,0,0,13468,-15221,-13577,0,0
84067325,Team1,0,0,0,-11437,0,0,13254,0,-16177,0,0,0,0,0,13178,0,0,0,0,0,-12562,-11446,0,0,0,0,0,0,0,0,0,11924,0,0,0,0,0,14042,0
84819269,Team0,0,0,12004,-13267,0,-13700,-13328,-12456,0,0,-11493,0,0,0,-12548,11693,0,0,0,0,0,0,0,0,0,0,0,0,11694,0,13783,0,11837,13125,0,0,0,0,0
84819300,Team1,0,0,0,0,4189,0,0,0,0,0,0,0,-15492,14890,0,0,0,0,-16003,0,-15608,0,0,-15253,0,0,10400,0,0,11074,0,11021,0,-16952,0,0,0,13337,-15494
84819304,Team0,0,0,-15161,0,0,-12305,0,0,-11927,10841,0,12095,0,0,0,0,11233,12801,0,0,0,-10944,0,0,0,0,0,13507,-17390,-12406,0,0,14236,0,0,0,0,0,0
84819307,Team0,0,0,0,0,-12206,11158,0,-13303,-10846,0,0,-11467,0,0,0,0,-14009,0,0,12844,12646,0,0,0,0,0,0,15344,-10902,0,0,0,0,0,14187,0,11354,0,0
84819314,Team1,0,13028,-19174,0,0,-11431,0,17269,-12227,0,0,0,0,0,-20044,0,0,0,0,0,-13103,0,0,0,0,0,0,0,0,0,11348,-13860,13588,0,11864,0,0,0,10608
84819337,Team0,0,0,0,15754,-11851,0,-10920,0,0,0,0,0,0,0,0,-13016,0,0,0,0,-13761,14730,0,0,0,0,-13956,11117,11429,0,0,-10726,0,12988,0,0,0,11651,0
84819347,Team1,0,0,15600,-15776,0,11720,-11052,0,0,0,0,0,10591,0,-12659,0,-14342,0,11746,-12450,0,0,0,0,0,0,0,0,0,0,0,0,0,0,-14479,12350,0,0,11708
84819353,Team0,0,0,-18897,-10558,-10638,-15651,0,0,0,-11891,0,0,13080,0,0,14478,0,10706,10641,11578,0,0,0,0,0,0,0,0,0,0,0,0,0,0,-11804,0,0,0,12460
84819381,Team0,0,0,-13524,14930,-13679,-12310,0,-13882,0,0,0,0,0,0,0,0,0,0,0,0,16351,-12283,0,0,0,0,0,0,-14542,17950,17789,0,15732,0,0,0,0,15742,0
84819466,Team0,0,0,13701,0,0,0,0,0,13154,-11714,0,-10945,0,-10758,0,-12026,0,0,0,0,12275,0,0,0,13069,0,0,0,0,-16330,-12717,0,0,0,12238,0,0,11605,0
84819510,Team0,0,0,18173,17027,0,15382,0,0,0,16834,0,-16576,0,0,0,14891,0,-11723,-10520,0,0,-8999,0,0,0,0,0,17165,0,0,0,0,0,0,-11877,0,0,-11444,0
84819512,Team0,0,-11116,0,10700,0,0,0,0,-10449,0,0,13690,0,0,0,0,12092,0,0,0,-11135,10810,0,0,-13307,0,0,0,0,0,10790,-11371,0,-13821,17773,0,0,0,0
84626845,Team0,0,-17564,0,0,0,0,15936,0,-11299,0,0,0,0,0,0,0,0,0,0,0,0,11589,0,0,0,0,0,0,0,0,0,0,0,0,11169,0,0,0,0
84626936,Team0,0,0,-14393,0,0,11104,19271,0,0,0,0,17007,0,13423,0,0,0,0,0,10613,0,-13035,0,0,0,0,0,0,-15619,0,-14124,0,-12070,0,0,0,10620,-13302,0
84626945,Team1,0,0,12091,0,-14592,0,0,0,15095,12285,0,0,0,12101,13906,0,0,11589,-14804,0,0,-16693,0,-14236,0,0,0,0,0,0,-19447,0,-12365,0,0,0,0,0,0
84626970,Team1,0,0,0,0,0,0,-13836,14487,-12250,0,0,0,0,0,0,0,11627,-14707,0,0,0,-13142,0,16094,0,13857,0,12509,-15195,0,15464,0,0,0,0,0,0,-14592,0
84626973,Team0,0,-14301,0,-15155,0,0,0,12331,0,0,0,0,0,0,0,0,0,11468,0,14273,-12804,-13159,12414,0,0,0,0,14220,0,0,0,0,10855,-14346,0,0,-17121,0,0
84626984,Team1,0,0,0,0,0,0,0,-13957,0,-15166,0,16425,0,0,0,0,0,0,0,0,-20150,-15546,0,14764,-14714,-13786,0,0,0,0,0,0,0,15012,0,0,11982,12796,12962
84627163,Team1,0,0,0,0,0,12201,15791,0,0,0,-11051,-19056,0,13870,-15934,0,0,-14052,0,-11756,17217,0,0,0,0,0,0,0,0,19490,0,11458,0,0,-11956,0,0,0,0
84627303,Team1,0,-14707,0,0,-13973,0,0,0,-15567,-13769,0,0,0,-12499,0,0,0,0,0,10676,10604,10672,0,0,-12609,14131,0,0,0,0,0,0,10791,0,0,0,0,13918,0
84627333,Team1,0,0,0,0,0,-10140,0,0,0,14139,0,0,0,0,0,15768,0,0,0,0,18407,15483,14692,-14449,-11039,0,0,0,0,16626,-15731,0,0,0,-11889,0,-12057,0,0
84627376,Team1,0,0,11107,10922,0,11512,0,-11481,0,12042,0,-18203,0,-14693,0,12258,0,-11097,0,0,13004,0,0,0,0,0,0,0,0,-12276,0,0,0,0,-10966,0,0,0,0
84627414,Team0,0,0,0,0,0,0,-15397,0,0,0,-12453,0,0,0,10725,0,0,-11883,0,12425,0,-13692,0,0,-9802,0,-10301,15041,0,0,0,0,0,0,0,0,11351,10556,10024
84501710,Team1,1,-10868,0,0,0,0,-13607,0,-11903,11968,-14531,12346,0,-13134,0,0,0,13006,0,0,-15413,0,0,0,0,0,0,0,12593,0,0,0,0,0,13948,0,0,0,13226
84501713,Team1,0,0,-14935,11226,0,0,0,-11047,0,0,0,0,0,0,15652,-12896,-17618,-11415,12987,11476,0,0,0,0,0,0,0,-10632,0,0,15891,0,11025,0,0,0,0,0,0
84501719,Team1,0,0,0,0,0,0,0,11029,0,0,-12807,-11836,0,-13593,0,0,0,11673,0,-12373,0,14574,0,0,-14252,0,0,0,0,12561,0,0,0,0,-13753,0,10931,0,15202
84501751,Team1,0,0,0,0,0,0,0,0,0,0,-11834,0,0,-14995,0,0,10577,0,0,0,-12171,0,0,-18535,14510,0,0,16667,11065,0,0,12588,0,10619,-16308,0,0,-12789,0
84501797,Team1,0,-14792,0,0,-14137,0,13701,13330,-12069,0,0,14923,0,11590,0,0,13577,0,0,0,-17409,0,-15354,0,0,0,0,0,0,0,0,0,-11887,0,0,12817,0,0,0
84501877,Team0,0,13683,-13378,0,12678,13518,0,0,14207,-11563,0,-11884,0,0,0,0,0,0,0,-9336,0,13242,-12193,0,0,0,0,-11554,0,0,0,0,0,0,17537,0,0,0,0
84501945,Team1,0,0,0,-14983,0,0,0,0,-13547,11475,0,0,0,0,0,14810,0,-13060,0,0,0,-12789,0,0,0,0,0,0,0,10935,10541,0,0,0,-15988,0,11253,-14837,13413
84501962,Team0,1,0,16504,14672,0,-12429,0,-12153,0,0,16758,0,0,17589,0,0,0,0,0,0,0,19262,0,-13199,0,0,0,-13268,0,0,16202,0,0,-11560,-14303,0,0,0,0
84501997,Team1,0,0,0,0,9470,0,0,0,0,9923,-13033,-16906,0,0,0,0,-13317,0,0,-12165,10617,0,0,-14136,0,-15091,0,0,0,11938,0,12018,0,0,0,0,12597,0,0
84689298,Team0,0,-14172,16272,11719,0,0,0,-12302,0,0,0,12511,0,-14785,0,0,12249,13447,0,0,-14015,10680,0,-14071,0,0,0,0,0,-13809,0,0,0,0,0,0,0,0,0
84658127,Team0,0,0,-15824,0,0,0,16808,0,0,0,0,0,0,-16746,0,0,0,-11973,0,0,13588,-13130,-10856,0,13192,0,12579,-15114,0,0,0,0,0,0,0,13831,0,0,14482
84658164,Team1,0,9700,0,11412,0,0,0,-11669,0,0,9828,0,11912,-13423,0,0,0,0,0,0,-12061,-14490,-11468,0,0,0,0,0,-14013,13877,0,0,0,10620,0,0,0,0,0
84658239,Team1,0,0,-14895,11778,0,0,0,0,0,11255,0,0,0,0,13190,0,-20114,0,0,0,0,0,0,0,0,12553,0,0,-15648,0,13251,-16654,0,0,0,-14761,11384,0,-15646
84658282,Team1,0,0,0,-15460,13425,0,0,0,0,0,10169,-13220,0,-12878,0,11308,-12843,11257,0,-19207,0,0,0,0,0,0,0,12985,-14334,0,0,0,0,0,10663,0,0,0,0
84658454,Team1,0,0,0,11399,0,0,0,0,-11799,0,0,0,0,0,0,0,0,11055,0,0,0,14314,0,0,0,0,10978,-11517,0,11559,-13721,0,11460,0,-13172,-13292,0,-11348,0
84398321,Team0,0,0,0,0,0,0,18945,0,14611,13737,-12242,-16558,0,0,13325,0,-12454,13178,0,0,0,0,0,0,0,-14577,0,0,0,0,0,0,0,-10390,13248,0,0,0,-12136
84399804,Team0,0,15332,0,0,0,0,0,0,-13893,0,0,0,0,-14662,0,0,0,-12488,0,0,12857,11754,0,-13687,0,0,0,0,-11248,-15732,0,0,0,12684,14445,0,11812,0,0
84280122,Team0,1,0,0,0,15010,14322,-21689,0,0,-11726,0,16866,0,0,-12278,0,0,0,13190,0,0,0,0,0,0,-14832,0,0,0,0,0,0,0,-14129,-12752,0,14473,0,10937
84280529,Team1,0,13638,-12550,0,12641,0,0,0,0,0,0,0,0,0,0,-11177,0,-11221,0,0,-21720,0,13182,16492,0,0,0,0,0,0,0,-12420,0,0,10577,13347,0,-14882,0
84281476,Team1,0,11229,0,-14102,0,10800,-15395,0,0,-11272,0,0,0,-10695,0,10540,0,0,0,0,0,0,0,0,11003,0,0,0,-10300,14510,0,0,0,-13408,0,0,11179,0,0
84036276,Team1,0,0,13862,0,0,0,-15511,-12866,-13066,0,0,0,0,13288,0,0,11392,-14620,0,0,0,-13333,0,0,0,0,0,15057,12161,11358,0,0,0,0,0,-16002,0,0,0
84036295,Team0,0,0,-11989,12563,-12512,0,0,0,0,0,10514,-12315,0,-9618,0,13042,-11381,0,-11202,12636,0,0,0,0,0,0,0,0,0,0,0,0,0,15449,0,0,0,0,12089
84036334,Team0,0,0,0,0,0,0,-14311,0,14182,-11035,0,13761,0,0,0,-10986,0,-11247,0,19447,0,-15550,0,0,0,0,12879,0,0,0,0,0,0,15079,0,0,0,17905,-11900
84036372,Team1,0,0,-15868,0,0,0,12327,15219,12074,0,-12581,-14774,0,0,0,0,0,12693,0,0,-12106,0,0,0,18049,0,-12210,0,0,0,0,0,0,-12900,0,0,0,11370,0
84036419,Team0,0,0,0,12672,-10556,0,0,0,-12891,0,0,0,0,-12185,0,0,0,11271,0,-14145,0,12755,10157,-12329,12465,0,0,0,-10140,12907,0,0,0,0,0,0,0,0,0
84846957,Team1,0,12199,0,0,-13046,-14106,0,0,0,0,0,-15989,0,11359,0,12888,0,0,0,-23451,0,12108,0,0,0,0,0,0,14364,0,11689,0,0,0,-17283,0,-14681,0,0
84847214,Team0,0,-11778,-15418,16177,0,0,0,0,-14193,-13524,0,0,0,0,-11788,0,0,16523,0,0,-10722,13562,0,0,0,0,0,0,0,0,0,12741,0,13481,14342,0,0,0,0
84847358,Team0,0,0,13016,0,0,0,-13474,0,0,0,0,0,0,12415,-13692,0,0,0,-13389,0,-13040,0,0,0,0,0,0,0,13029,0,13014,0,0,0,-16155,0,11669,-13387,14150
84847455,Team1,0,-12228,11716,0,0,11233,15268,0,0,0,0,-14057,0,0,0,0,0,12341,0,-17684,0,0,0,0,0,0,0,0,0,0,0,0,-14548,-16466,12690,0,13495,0,-14259
84847498,Team0,0,0,14212,0,0,0,0,0,-12198,0,-12924,0,0,0,0,13442,11450,0,0,0,-10499,0,0,-13314,0,0,0,14646,14666,-13280,15934,0,0,0,0,0,-10881,0,0
84847510,Team0,0,0,-14873,0,0,-12272,0,0,0,0,0,0,0,0,0,0,0,13419,-12292,0,0,0,0,-9152,0,0,14028,15397,-10207,19872,0,0,0,0,13963,0,0,17980,-10061
84847618,Team0,0,0,0,0,-14636,12875,20724,0,0,0,0,0,11954,0,0,0,0,-9911,0,13843,12827,-11285,0,0,0,0,0,0,0,-13903,0,-11654,0,0,-12551,0,11942,0,0
84312076,Team1,0,0,-11929,0,-13506,0,14615,-11726,0,0,0,0,0,12807,-11308,0,15250,13751,0,0,0,0,0,14880,0,0,0,0,0,0,0,0,-13746,-10618,0,0,14364,0,0
84312081,Team0,0,16238,0,0,0,-12462,-14920,0,0,0,-11725,-15330,0,-12393,0,0,0,0,0,16302,0,0,11933,0,15902,0,11092,0,0,0,0,0,0,0,-15201,0,0,0,11971
84312155,Team0,0,0,0,0,0,12775,14045,-15576,-14950,0,0,0,0,0,11017,0,0,0,14729,0,14561,0,0,0,-12645,0,0,0,0,0,0,10700,0,-15801,-15592,-14206,0,0,0
84312218,Team1,0,-15107,12253,-14234,14827,-14413,0,0,-11747,0,0,0,0,0,0,0,12680,0,0,0,11650,0,0,12507,0,0,0,0,0,0,0,13504,0,-10858,0,0,-13977,0,0
84312282,Team1,-1,0,-12740,0,0,0,0,0,0,12399,0,12987,-11724,13213,0,0,0,0,0,0,0,0,0,-11937,-14407,0,0,-10772,0,14136,0,0,0,-15389,18913,0,13951,0,0
84312314,Team1,0,0,0,0,0,0,0,0,0,0,0,0,0,0,0,0,0,0,0,0,-11029,0,0,0,0,0,14057,0,0,0,0,0,0,0,0,0,0,0,13195
84126175,Team1,0,11105,-15360,-13719,0,-13866,0,0,13046,0,-13617,14225,11532,0,0,0,0,0,0,12398,-13224,0,12393,0,0,0,0,0,0,0,0,0,-12807,0,0,0,0,0,0
84126181,Team0,0,0,-15499,0,0,-12445,0,0,0,0,0,0,0,0,0,14379,0,-12606,0,0,0,17609,0,0,0,0,-13425,-13182,0,18989,0,0,0,15198,-15316,0,11371,12185,0
84126209,Team1,0,-10645,0,0,0,0,0,0,0,12376,0,15426,-11447,-14570,0,0,0,15102,0,0,0,0,0,0,0,0,10916,0,-14571,13364,0,0,0,-14988,0,-12195,0,12709,0
84126303,Team1,-1,0,0,0,0,-12559,13082,0,12421,-12343,-14417,-17465,0,0,15450,0,0,0,0,0,13471,0,14411,0,0,0,0,0,-12817,0,0,0,0,0,-13109,0,0,11815,0
84126323,Team0,0,0,0,-15026,0,11663,0,11258,0,0,0,0,0,0,0,0,0,0,-11965,0,-14223,-13193,0,-13902,12618,0,0,11737,0,16102,0,0,0,-14392,13375,0,0,0,0
84126386,Team0,-1,0,0,0,-11222,-11700,0,0,-11506,0,12670,15566,0,0,0,13015,0,0,-10326,0,0,12032,0,-14959,0,0,0,0,0,-15107,0,0,0,12294,0,16508,0,0,0
84126413,Team1,0,-14825,12532,12743,0,19853,0,0,0,0,0,0,0,0,0,0,-11987,0,0,0,0,0,0,12958,0,0,12933,-12570,0,-13226,0,0,0,13550,0,0,-10959,0,-10088
84756445,Team1,0,12540,0,0,0,14496,0,0,0,12395,0,12704,-16364,12849,0,0,0,0,0,0,-11195,-11899,0,0,0,0,0,0,0,-14428,-14253,0,0,0,12735,0,-11844,0,0
84757484,Team1,0,0,0,0,0,0,14431,0,0,-12695,0,-15362,0,0,0,0,0,0,-14697,13566,11366,-11670,0,-18167,0,0,0,0,9561,0,12244,0,0,0,10209,0,0,-12605,0
84789373,Team1,0,-14381,0,0,0,0,0,-13404,12452,0,0,0,0,0,0,-11721,-14360,0,12262,0,14822,-15035,0,11995,-12305,0,0,0,0,0,11362,0,0,0,11546,0,0,0,0
84789451,Team0,0,13077,13191,0,0,0,0,0,12409,0,0,-9108,0,19465,0,0,0,13779,0,0,0,11049,0,0,-10789,0,-14034,0,0,-14521,0,0,0,-12863,0,-13514,0,0,0
84789457,Team0,0,0,0,0,0,14138,-12759,0,13195,0,0,-13926,0,-10972,0,0,-10198,0,-11235,0,0,0,0,17482,-14898,0,0,0,0,14359,0,0,0,0,12358,0,0,0,13520
84789521,Team0,0,13536,0,0,0,0,0,0,12471,0,0,-13357,0,17338,0,-14379,0,13720,0,0,0,0,0,0,-10162,0,0,0,15845,-14890,0,0,-13256,0,12168,0,-16405,0,0
84789535,Team0,0,0,13365,0,0,0,-18561,0,0,0,0,0,0,12545,0,0,0,0,17598,-20521,-14731,0,-12669,0,0,13436,0,0,-13466,0,0,0,0,14369,-12623,0,0,0,11908
84789537,Team0,0,0,-12027,0,11193,-12418,0,11959,0,0,0,-11054,0,0,0,0,14489,0,12307,0,0,-11027,0,0,0,0,0,13938,0,0,0,0,0,-11008,11904,0,-11131,0,0
84789558,Team0,0,-14213,0,15171,0,0,0,-11668,-13452,10007,0,15628,12121,0,0,0,0,10835,0,0,0,-15155,0,0,0,-16085,0,0,0,0,-12020,0,0,14865,0,0,0,0,0
84789595,Team0,0,0,-14191,0,0,0,0,0,0,0,0,11017,0,0,0,-11686,0,0,12849,0,0,-11077,-11539,0,-12830,0,13267,0,0,0,0,0,0,-10166,11045,12481,0,0,16114
84789677,Team1,0,0,0,0,0,0,0,0,0,0,0,-13069,0,10808,0,10912,-14133,0,-12751,14776,0,0,-13661,-12930,0,0,0,0,0,14698,0,10846,0,0,0,0,0,15107,-14830
84789678,Team1,0,0,0,0,0,0,0,0,0,0,-13548,14513,0,0,-13720,0,0,0,0,0,0,0,0,0,12880,0,0,0,-13554,0,0,0,0,0,13350,0,11821,0,0
84907412,Team1,0,0,0,-14411,0,0,0,0,0,0,0,-14482,9048,0,0,-14147,0,0,0,16326,0,0,0,18265,0,0,10874,-13864,13470,14212,0,0,-12620,0,0,0,-11994,0,0
84907456,Team1,0,0,0,0,0,11826,0,0,-12432,13111,0,0,13922,0,0,0,0,-15911,-13471,0,11233,-12072,0,0,0,0,0,11277,0,11928,0,0,0,0,-12649,0,0,-13959,0
84907471,Team1,0,0,-13299,0,0,0,0,0,0,0,0,0,0,11886,0,0,0,-13025,0,0,13182,-12901,0,0,0,17149,-13776,0,-13128,0,16735,13380,0,0,15014,0,0,-12842,0
84907546,Team0,0,15154,-12621,0,0,0,-12218,0,0,0,0,0,0,0,0,16298,0,0,0,0,-10834,0,14488,0,0,0,0,-12960,0,18123,0,0,-12260,14489,19311,0,-11229,0,0
84907567,Team1,0,0,-17323,-12603,0,0,0,12555,0,0,0,-14572,0,0,0,0,-14141,-14483,-14796,13678,0,0,0,15145,0,0,0,0,0,11698,0,0,0,0,14626,0,0,13173,0
84907580,Team0,0,0,0,0,12497,0,15190,10701,-13262,0,0,0,0,0,0,-11105,12210,0,0,0,-15124,14425,0,0,0,11027,0,0,0,-12749,-15795,0,0,0,-13673,0,0,0,0
84726063,Team0,0,0,13090,0,0,0,0,0,13539,0,0,0,0,0,0,0,14542,0,14603,0,-11538,0,0,0,0,0,-8482,0,13713,-13887,0,0,0,-10155,-13320,0,-10852,14651,0
84726095,Team0,0,0,0,0,0,-16188,0,0,0,0,0,0,0,0,0,0,0,0,0,25462,14253,13899,0,-12926,0,-11463,0,18452,-16670,0,13444,0,0,0,-13829,0,12574,-12778,0
84726121,Team1,0,0,-13044,0,0,-11693,0,0,0,0,0,0,0,13422,0,0,0,12272,-13380,12001,0,-11973,0,0,0,0,13654,0,0,0,0,0,0,0,12665,0,-11953,14726,-11087
84726159,Team1,0,0,0,0,0,-12527,-14871,0,0,11921,0,0,0,11086,11474,13996,0,-11364,0,12563,0,0,0,-11894,0,0,0,0,9870,0,0,0,0,0,-15104,0,-12840,0,0
84726188,Team0,0,-14079,16537,0,0,13690,-14049,0,0,0,0,0,-10430,0,0,0,0,11535,0,-13955,-9820,0,-10506,0,0,0,0,0,0,16321,0,0,0,0,14872,0,13627,0,0
84726196,Team0,0,-14567,0,-12161,0,0,19616,0,13617,0,0,0,0,0,0,0,0,0,0,0,14720,0,0,-14145,0,0,0,0,-11050,17125,17644,14043,0,-13277,-14711,0,0,0,0
84726273,Team0,0,0,12329,0,0,-10102,0,-11824,0,12135,0,0,12051,-12381,0,11105,0,0,0,0,0,0,0,0,0,-15335,0,0,-11495,0,0,0,0,13906,-16225,0,0,0,0
84467252,Team1,0,-15000,0,12401,0,0,0,0,0,-16830,11489,-13454,0,10802,0,-10889,0,0,0,0,11894,14333,-11820,0,0,0,0,0,0,0,-15246,0,0,0,15902,0,0,0,0
84467295,Team1,0,0,0,10992,0,-13688,-13758,0,0,0,0,-15469,0,12613,0,0,0,12094,0,16802,0,0,-10989,0,-10415,0,0,0,10962,0,0,0,0,0,13983,0,0,0,-11155
84467356,Team1,0,-14243,0,0,0,0,0,0,0,12132,0,14512,0,-15105,-13782,0,0,0,-15262,0,12408,11845,0,0,0,0,0,0,-16837,-12626,0,0,0,0,18305,0,0,14053,0
84467418,Team0,0,0,0,0,12001,12802,-13906,0,-13841,0,0,0,0,0,0,-11540,0,-13499,-14570,0,0,0,0,12894,0,0,0,0,0,12777,0,0,0,-16306,13005,0,10065,0,0
84467420,Team0,0,0,17044,0,0,0,0,0,0,0,0,0,13155,0,0,-12452,0,0,12401,0,14406,-12398,0,0,0,0,0,0,13199,-14359,-11981,0,0,14145,-10425,0,0,-11786,0
84467451,Team1,0,-15468,0,0,0,0,22618,-13697,-16096,0,0,-15467,0,14788,0,0,0,14763,0,0,14554,0,0,0,0,13713,0,0,-13719,0,0,13390,-13253,0,0,0,0,0,0
84467474,Team0,0,15018,0,0,0,0,-14817,-13590,13879,0,0,0,0,0,-11291,0,0,-10395,13851,0,16785,0,0,0,-9978,0,0,-12621,13124,0,13294,0,0,0,0,0,0,0,0
84467490,Team0,0,0,0,0,0,0,0,12436,-14328,0,0,0,0,-11552,0,15522,14037,0,0,16403,12548,0,0,0,0,0,0,15663,-11474,0,-12035,0,0,0,-11323,0,0,0,-12900
84467517,Team1,0,13859,0,0,-16799,0,-17071,-11621,0,0,0,0,0,0,0,0,0,-11178,0,0,12015,0,0,0,0,0,0,0,-11454,11977,15452,0,-12000,0,14821,0,12321,0,0
84467529,Team1,0,0,19664,0,0,17166,0,-16115,0,0,0,0,0,-17350,0,-14708,0,0,0,0,12766,0,0,0,0,-18242,0,0,10023,14292,-16674,0,0,0,0,0,12383,0,-16176
84218267,Team1,-1,0,14855,0,0,0,-14610,0,0,0,0,0,0,-17873,0,0,0,0,0,0,0,0,0,0,0,0,0,0,0,0,0,0,0,0,0,0,0,0,-16863
84218274,Team0,0,0,-14324,0,19221,-12089,0,0,0,0,0,0,0,-12545,0,0,0,0,0,0,13876,12740,14017,0,-13730,13826,-13992,0,-14204,0,0,0,13566,0,0,0,0,0,0
84218293,Team0,0,0,0,13011,0,-12664,-16290,0,0,12844,-11352,0,0,0,12437,0,0,12275,12244,0,0,-13734,0,0,0,-11578,0,0,-12275,0,0,0,0,0,12173,0,0,0,0
84218316,Team1,0,0,0,0,-14470,0,0,0,-11890,0,0,0,0,0,-16576,0,0,0,-10489,0,0,0,0,13258,0,21600,10393,10735,0,14069,0,0,-14171,0,0,0,11156,-13409,0
84218346,Team0,1,0,0,0,0,12059,15372,0,14237,-20189,0,0,0,0,13674,0,-7517,0,0,0,0,0,11690,-22369,0,10860,0,-6610,-6091,-6609,0,0,0,0,0,0,0,0,0
84218399,Team1,0,0,-14813,0,0,0,0,0,13486,0,0,0,0,11581,0,0,-13315,12861,-13094,0,-17663,0,0,0,12055,0,0,0,-12528,14943,0,0,0,0,-13221,0,9817,0,0
84218429,Team0,0,15074,0,0,0,-15423,-12593,0,13264,0,0,12967,0,-11425,0,0,13939,0,0,0,12673,0,0,0,0,0,0,-16219,0,0,0,0,0,0,14471,0,-11222,-16197,0
84218439,Team0,0,0,-14657,0,0,11747,18944,0,0,-13291,13730,14071,12326,0,0,-12329,-17321,0,0,24307,-12059,0,0,0,0,0,0,0,-9505,0,0,0,0,0,0,0,0,0,0
84218495,Team0,0,14488,0,-12661,0,-15117,-13603,0,-12520,0,0,14423,13753,0,0,0,0,-11859,0,0,0,0,0,0,0,0,0,0,-15932,0,0,0,0,13825,0,12108,0,15728,0
84369787,Team1,0,0,0,-14832,0,0,0,0,0,10906,0,-12495,0,0,14200,0,-13805,0,0,0,-14346,11153,0,0,11590,0,0,0,0,14660,0,0,-15241,0,12130,0,0,-13179,0
84369870,Team0,0,0,0,0,0,10456,12932,12321,0,0,-15699,0,14849,0,-14529,0,0,13192,-14796,0,-14216,0,0,0,0,0,0,0,0,-16615,0,0,-14460,0,11522,0,0,0,0
84369910,Team0,0,0,12587,0,0,0,-10569,0,0,12233,0,0,0,-13965,-13811,0,0,17264,0,0,13410,0,0,0,0,0,0,0,0,-12933,0,-13017,14143,-10882,13196,0,0,0,0
84369938,Team0,0,0,-13697,-10652,0,-12552,-16329,0,0,0,0,0,0,15005,0,0,0,0,12257,0,-12369,0,-14347,0,10602,13988,0,0,0,0,0,0,0,15647,14314,0,0,0,0
84369950,Team1,0,11147,-14374,0,0,11667,-14237,0,0,0,0,0,0,10543,0,0,0,0,0,-12373,0,0,0,13849,0,0,0,0,0,0,0,9974,0,0,-19385,0,-12324,10624,-19700
84369974,Team1,0,0,13398,0,-13032,0,-17143,0,0,0,0,-16206,0,0,0,0,-16017,0,-14231,0,12350,0,-12081,0,0,0,0,0,10146,0,14771,0,0,0,0,0,12059,0,12329
84251069,Team0,0,0,0,0,12689,0,-13740,0,0,0,-14114,0,0,0,0,0,0,0,12176,0,0,14594,12641,0,13095,0,0,0,-12675,-13172,0,0,0,-13589,12611,0,-10524,0,0
84251102,Team1,0,17418,0,0,0,12753,0,0,0,-11962,0,-14822,0,0,10115,0,0,-14543,0,0,-14974,0,0,0,0,13774,12343,0,11981,0,0,0,-15395,0,-14129,0,0,0,0
84251156,Team0,0,14305,-16684,0,0,16148,0,0,0,-12256,0,0,-12038,0,0,0,0,-12812,13129,0,0,0,0,0,16175,0,0,-16534,5727,0,0,0,0,-12481,12792,0,0,0,0
84251169,Team0,0,0,0,0,0,0,-14172,0,0,0,-12849,-13469,0,0,0,0,-11931,11357,0,14339,0,13357,0,0,-12136,0,0,0,-13862,13884,0,12731,0,0,0,0,11206,0,0
84251210,Team1,0,14912,-18425,0,0,0,14837,13133,0,0,0,0,0,0,10138,0,-12415,-13517,0,0,11101,0,10244,0,0,-14817,0,0,0,0,0,0,0,0,-14442,0,-9589,0,0
84251227,Team1,0,0,-16019,-13160,0,0,16062,0,12181,0,0,0,0,11782,0,0,0,0,0,0,-19567,-16001,0,0,0,0,0,0,0,12940,14064,0,0,0,13516,-14088,0,-27934,0
84565760,Team0,0,14286,-16587,0,0,0,0,0,0,0,-12515,0,13201,0,0,0,0,-11548,12702,0,11745,-11073,0,0,0,0,0,0,-12164,0,15752,0,11354,0,-14355,0,0,0,0
84565777,Team0,0,-13675,0,0,0,0,12171,-17412,0,0,0,-11209,17705,0,0,0,0,0,0,-12026,0,14606,0,0,0,18207,0,0,9547,0,0,0,0,-13096,-12025,0,0,0,16988
84565974,Team1,0,0,-13817,13031,0,-12035,0,0,-14425,14420,0,0,0,12640,-12830,0,0,14572,-12453,0,0,12220,0,13049,0,0,0,0,-10120,0,0,0,0,0,0,0,0,0,0
84566022,Team1,0,0,0,0,0,0,0,0,0,13552,0,11708,0,11963,0,14513,0,-11945,0,0,-11520,-11687,0,0,0,0,0,0,0,-12231,0,0,-13905,11964,0,0,-11591,0,15225
84566058,Team1,0,0,0,0,0,13476,0,0,0,0,0,10666,0,0,0,0,0,-9518,0,0,0,-10507,-14882,-9229,0,13577,0,0,-11987,0,0,0,0,0,-18581,0,14700,15374,13495
84566059,Team1,0,0,-14467,12914,0,0,0,0,-13326,12867,0,0,13468,-11077,-15261,0,0,0,0,0,12650,0,0,0,0,0,0,0,0,-14331,18493,0,0,0,12350,0,0,-17766,0
84566167,Team0,0,13580,-12869,0,0,0,0,-12873,0,12205,0,-12349,0,17031,0,13526,0,0,0,0,0,-14798,0,-13798,0,0,0,12326,0,0,0,0,-14094,12968,0,0,0,0,0
84566211,Team0,0,11480,-14417,0,0,0,0,16457,0,-11697,-10825,0,0,0,-11698,0,0,0,0,15356,-13993,11602,0,0,0,0,0,-16604,13389,0,0,0,0,0,13176,0,0,0,0
84877608,Team1,0,0,-15594,0,0,11040,0,0,13513,12141,-12712,11710,0,0,-17076,0,0,0,-14049,0,-14816,-14793,0,0,0,0,0,0,11843,15609,0,0,0,0,0,0,0,0,0
84877638,Team0,0,-10780,0,0,-14438,-10282,0,0,-10477,0,0,17286,0,0,0,-13603,13956,0,0,0,14243,0,0,0,0,11345,0,0,0,11937,0,0,0,0,-9557,0,11990,0,0
84877648,Team1,0,0,0,12082,-14004,0,14161,0,-12127,0,-12275,0,0,-13299,0,0,0,0,0,0,0,10481,0,0,0,0,0,0,-19360,-13849,9991,0,0,11068,0,0,10483,0,0
84877797,Team1,0,14652,-15377,14252,-13315,0,0,-12677,0,0,-12412,-10959,0,0,11683,0,0,0,12261,0,-10862,11268,0,0,0,0,0,0,0,0,16096,0,0,0,0,0,0,0,0
84877817,Team1,0,-11744,-14118,0,0,0,0,0,-11607,0,-10164,-13951,0,13402,12179,0,0,0,12372,0,0,13286,0,0,0,0,0,0,0,13879,0,0,0,-10953,0,0,0,0,15103
84340843,Team1,0,0,0,0,0,14075,0,0,0,0,0,0,0,13112,0,0,0,0,0,0,-10541,-11659,0,0,13335,0,-10533,15426,-10828,19063,-17665,0,0,0,-13989,0,14493,0,0
84340846,Team0,0,0,0,0,0,14207,0,0,-11688,14165,0,0,0,-15437,14136,14243,0,0,-12372,-11954,-11317,13627,0,-11831,0,0,0,0,0,19032,0,0,0,0,0,0,0,0,0
84340857,Team0,0,0,0,0,0,0,0,0,0,0,13907,0,0,0,14264,0,0,-12323,0,0,-12767,-14137,0,15612,0,0,0,-13762,0,-19253,0,0,0,0,11991,0,-11789,12486,12735
84340858,Team0,0,0,-11574,11755,0,11554,0,11844,0,0,0,10844,0,-13808,0,0,-10775,0,0,0,0,0,0,-13786,0,-12114,0,0,-12986,0,0,0,0,11600,11813,0,0,0,0
84340901,Team1,-1,-12794,0,0,0,12646,0,0,0,0,0,15463,-14597,0,0,0,0,13851,0,0,-12328,0,-12869,-21545,0,0,0,15915,0,0,0,13267,0,0,0,0,0,-13573,13482
84340968,Team0,0,0,17553,0,0,0,0,0,-12341,-9496,12733,-11371,0,12862,0,11783,-9847,12255,0,0,0,0,0,0,13428,0,0,0,-9331,-16003,0,0,0,0,0,0,0,0,0
84341042,Team0,1,0,0,0,0,0,0,0,-10647,0,0,0,0,0,0,0,14069,0,-12551,0,-10486,0,0,-12753,13639,14216,0,15409,0,0,-11774,0,13806,0,-12343,0,0,18138,0
84972841,Team1,0,-14887,0,12016,0,0,0,0,0,0,0,0,0,11750,0,-14364,0,0,-12692,-17138,-14052,-16515,0,0,0,0,0,0,0,14054,14060,0,0,0,12551,0,0,0,17613
84972868,Team0,0,0,13778,0,15431,0,0,-15148,0,0,0,-13062,0,15410,0,0,-14697,-13168,-13581,0,12532,0,12997,0,0,0,0,-17376,0,0,0,12407,0,0,0,0,0,0,0
84972876,Team1,0,-14554,13923,0,0,-15978,-13027,-12504,0,0,0,0,0,0,0,0,0,11707,0,0,12992,0,12218,14152,0,0,0,0,-16787,0,0,0,14634,0,-13908,0,0,0,0
84972967,Team0,0,13388,-12866,0,0,13333,0,0,0,0,0,12133,0,-11411,0,-12729,0,0,0,0,10811,0,0,0,0,0,0,0,-13833,15232,-14310,0,0,0,0,0,11466,-14420,0
84973383,Team0,0,0,0,13092,0,0,0,-3333,0,0,0,0,0,-3773,0,-3446,0,0,0,-4582,13376,0,0,9808,0,0,0,9311,-2967,0,0,11212,0,0,11813,0,0,-4719,0
84973418,Team0,0,12688,-16283,0,0,0,0,0,13545,0,0,0,-5681,15114,0,15223,0,-11686,-11542,0,0,-14129,0,0,0,0,0,0,0,13430,0,0,0,13603,0,0,0,-13429,0
84094614,Team1,0,-13384,12764,0,0,0,15326,0,0,0,0,-15468,0,0,0,0,0,0,0,0,0,0,-14193,-16253,0,0,10168,12101,11883,-14644,12889,0,0,-13884,0,0,0,0,0
84094728,Team0,0,0,14417,0,0,0,0,0,-12109,0,11565,0,0,0,0,0,0,0,0,-15537,-13758,-15022,0,0,0,0,0,0,0,11416,0,0,0,10335,14164,-13828,-13066,0,10109
84094776,Team0,0,0,0,0,0,0,13583,0,0,0,0,0,0,0,-12674,0,0,0,0,0,-12653,13305,13586,0,0,0,0,0,12899,-14375,0,-12429,0,-11626,-12915,14172,0,13365,0
84094869,Team0,-1,0,14305,0,0,12100,0,0,0,0,0,-13742,0,0,0,10817,-13724,0,0,0,-14342,13164,10845,0,-12741,0,0,0,-11436,0,0,0,-13109,0,0,0,0,0,10925
84094988,Team0,0,0,0,0,0,13804,13449,0,-11618,13342,0,13658,0,0,0,12511,13059,-14591,0,0,-12811,0,0,-14990,0,0,0,0,0,-11299,0,-11575,0,0,0,0,0,0,0
84097545,Team1,0,14673,0,-12657,0,0,14912,0,0,0,10796,0,0,0,11613,0,-13812,0,-13205,0,-12883,12938,0,0,-13259,0,0,0,0,0,0,0,0,0,-12864,11511,0,0,0
84185323,Team1,0,0,-18716,0,0,-11100,0,11682,0,0,-11728,-11252,0,-10931,0,0,0,0,0,0,12713,9622,0,-16883,0,0,0,0,0,16586,0,0,0,0,0,0,11383,0,9914
84185325,Team0,0,0,0,0,14433,0,14636,0,0,0,0,0,0,-11955,11977,0,13507,0,0,-14312,-12094,0,-11752,14888,0,0,0,-15345,15045,0,0,0,0,0,-14515,0,0,0,0
84185328,Team1,0,0,0,0,0,0,0,0,0,-11660,0,15241,0,0,0,0,0,-12524,0,11287,0,-14569,10787,0,0,0,13489,0,-15224,-12205,0,0,-12608,13755,0,0,0,0,10859
84185380,Team1,0,0,0,-11719,-12533,0,14119,0,-12024,0,0,0,0,0,0,13950,0,-10802,0,0,0,-15809,0,18216,0,0,0,11290,11289,0,0,0,11688,0,0,-11742,0,0,0
84185397,Team1,0,0,11668,0,0,-13717,0,0,12204,0,0,0,0,0,0,13176,13117,12658,-13487,0,0,0,0,0,-12079,14662,0,0,-13939,-14410,0,0,0,0,-19749,0,0,0,0
84185400,Team1,0,0,0,0,0,0,0,0,0,-4032,3385,0,0,0,0,0,0,2562,0,0,-8211,0,0,-7133,-6878,2754,0,2467,0,-6962,0,0,2763,0,-6850,0,0,0,2072
84185455,Team1,0,-17368,0,0,0,0,0,0,0,0,0,19888,0,-13589,0,-11524,11920,-12321,0,0,12926,-11010,0,0,0,0,0,0,-15687,0,0,0,0,0,12886,0,10766,11355,0
84185500,Team0,0,0,-13647,0,0,-13739,0,11717,0,0,0,0,0,0,-17090,0,0,0,0,0,-13447,12642,0,0,0,0,13095,0,14667,0,15028,0,0,0,-16238,0,-13350,0,14071
84185510,Team0,0,0,13736,0,15700,0,-12957,13441,13263,0,-13208,0,0,0,0,0,15820,-18991,0,0,0,-11609,0,14857,0,0,0,0,-11187,0,0,0,0,0,0,0,0,0,-12218
84185530,Team0,0,-12498,0,0,0,0,0,0,-14323,13711,0,-11704,0,0,0,11473,-13423,0,0,15676,16151,11546,0,0,14929,0,0,-12544,0,0,-13720,0,0,0,0,0,0,0,0
84000210,Team0,0,0,0,0,0,0,0,0,12596,-10428,14510,0,0,0,0,-12729,0,12923,0,0,-12685,-11835,0,0,-12893,14954,0,0,-10089,0,0,0,14653,0,0,0,0,0,12595
84000441,Team1,0,0,-14444,14364,0,14426,0,14663,0,0,0,16416,0,0,0,0,13861,0,13542,0,0,-15700,0,0,0,0,0,0,-11482,0,-14737,-12640,0,0,0,0,0,-11858,0
84002667,Team0,0,0,-13891,0,0,0,0,0,11758,0,11363,14517,0,-11503,0,0,13366,0,-10273,0,-9983,0,0,0,0,0,0,0,0,12691,-11791,0,-11117,0,0,15319,0,0,0
84003431,Team1,0,0,0,0,0,0,0,-15113,13248,11063,0,-14425,0,0,0,0,0,-12443,0,-20570,0,0,0,14671,-14388,0,0,0,0,11328,18570,0,-10240,0,0,0,0,0,11117
84433492,Team0,0,13146,-13479,0,0,0,0,0,0,-13432,0,14070,0,0,0,0,0,0,-12642,17139,0,11904,0,0,0,0,0,0,-12903,0,0,0,0,11333,0,0,13424,-15875,-11981
84433500,Team0,0,0,16552,0,0,15898,-16556,0,0,0,0,0,0,0,0,15914,0,0,-11435,0,0,0,0,0,0,0,15422,-13811,-10406,18641,0,0,0,0,-11997,0,0,15875,-10502
84433559,Team0,0,0,17935,0,0,0,15819,0,-11860,-13480,14521,17222,-13114,0,0,0,14582,0,0,0,13944,0,0,0,0,0,0,0,-11794,-13032,-17996,0,0,0,0,0,0,0,0
84433574,Team0,0,-17588,-14430,0,0,-11278,0,0,0,13475,0,0,0,0,0,0,0,0,-10825,0,17360,13283,0,0,-12746,0,0,0,13789,16707,0,0,0,0,13946,0,-10683,0,0
84433588,Team0,0,-11686,0,0,0,0,-16704,0,0,-15134,11851,19112,0,0,0,0,0,0,0,0,-11821,13781,0,13510,0,0,0,0,0,14694,15424,0,0,0,0,0,-12639,-12093,0
84433637,Team0,0,17631,-13397,0,-16318,0,0,0,12329,0,0,0,0,0,0,13359,-12229,0,0,0,15528,0,-11150,0,0,0,0,0,-13031,0,0,0,0,0,-11843,0,0,10982,13535
84433704,Team1,0,-15342,0,0,12897,-12153,0,0,0,0,0,0,-15919,0,0,0,0,0,12471,0,-11889,0,0,0,0,0,0,0,10527,-14984,0,-12633,10001,13013,11661,0,0,0,0
84433727,Team0,0,0,-14928,0,0,12559,12968,0,0,0,0,12827,0,0,-13324,0,0,0,0,0,-14219,-11612,0,0,0,0,0,0,0,14700,-12230,-11447,0,14387,0,0,15999,0,0
84433748,Team1,0,12862,0,0,-12240,17397,0,0,12907,0,0,11219,0,0,0,0,0,0,0,0,-13790,0,12494,0,0,0,-12224,0,9412,-10830,0,0,0,0,0,-13587,-10740,0,0
84433812,Team1,0,-16056,0,0,0,0,-16180,0,13974,0,0,0,-11515,0,12399,0,0,0,11707,0,-13769,0,0,0,0,0,0,18754,-12034,0,16052,0,0,0,-16046,0,0,12245,0
84433868,Team0,0,0,17414,0,0,13669,-16499,17190,0,0,0,0,0,0,-13053,0,0,-14034,0,-21024,11612,11618,0,13180,0,0,0,0,0,0,0,0,-10900,0,-16076,0,0,0,0
84534733,Team0,0,0,13091,-16400,0,0,0,0,0,0,0,12262,0,0,0,0,0,0,0,-15783,0,13438,0,0,0,0,0,-17562,12582,0,0,12375,0,-13924,0,16563,-14058,-16976,0
84534768,Team1,0,-16240,18702,0,0,-15863,-13305,0,0,0,0,-14824,0,0,0,0,-12901,0,0,0,0,17526,13168,0,0,0,0,0,0,13976,14966,0,0,0,12277,0,-14054,0,0
84534801,Team0,0,0,0,0,-13564,14870,0,0,0,0,0,15620,0,0,0,0,0,-13501,-14160,0,0,0,14610,18776,-14976,0,-13057,0,0,17617,0,0,0,0,-13773,0,0,15285,0
84534806,Team0,0,0,0,0,0,0,-13142,0,0,0,0,-13129,0,0,-11290,0,-13140,-14377,0,13134,15554,0,0,0,0,0,14352,0,0,15595,0,-13829,0,0,0,10234,9976,0,0
84534850,Team0,0,-12626,0,0,0,14273,-15708,0,-11004,0,0,14199,0,-12408,0,0,0,0,0,0,0,10880,0,0,0,0,0,0,0,14074,0,0,0,12506,0,-13122,10730,-11762,0
84534957,Team1,0,0,14870,0,0,11314,0,0,0,0,0,0,0,0,0,0,0,-13788,11363,0,0,-12221,0,13768,0,0,11164,0,13080,-14727,0,-10320,0,0,-17480,-13349,0,0,0
84156029,Team1,0,13216,12605,0,0,0,-12673,0,0,-11724,15397,0,10955,0,0,-16553,0,0,0,0,-14632,-14826,0,0,0,0,0,0,13420,0,0,0,0,10531,0,0,0,-14967,0
84156077,Team1,0,0,-13367,0,0,0,15843,0,11427,0,0,0,0,0,0,0,0,0,0,0,-12343,10426,0,14028,0,0,12631,0,12728,-12486,0,0,0,-18472,-17818,0,-14315,0,0
84156078,Team0,0,0,13633,0,0,12587,-13259,0,0,12507,0,0,0,-13744,0,12892,0,-11593,0,0,11902,0,0,13274,0,0,0,-13060,0,0,0,-12306,0,-11596,0,0,0,0,0
84156182,Team0,0,-12136,0,0,0,13048,-17877,0,13476,0,0,-10497,0,0,0,0,0,0,14222,0,-13276,0,0,0,0,14842,0,15157,0,0,0,-10689,-12337,0,0,0,0,12037,0
84156183,Team1,0,0,-15375,0,14377,0,0,0,0,0,0,0,0,-11493,0,0,0,0,-13338,0,-13282,-12265,-12683,0,13057,0,0,0,0,0,0,11849,0,0,12654,14904,0,0,10664
84156184,Team1,0,0,0,0,0,0,-13678,0,12522,0,0,-13837,0,-12736,0,0,-10975,13143,0,0,14653,0,0,14605,0,0,0,0,-17030,14281,0,0,0,0,0,-12229,12822,0,0
84594563,Team0,0,0,13407,0,0,0,-15841,0,0,0,0,13091,0,13391,0,14502,13279,0,0,0,0,0,-10981,0,0,0,0,-13088,0,0,17978,0,0,-11255,-10915,0,0,-16887,0
84594757,Team1,0,14734,0,0,13336,0,0,0,0,12946,0,-14428,0,0,0,0,0,0,0,0,0,-12211,0,0,0,0,0,0,13108,-12733,0,-13886,14047,-13428,0,0,0,-16913,14155
84626166,Team1,0,0,0,0,0,0,0,0,-16716,0,10990,-16136,0,-11744,0,0,0,-13220,0,0,12089,0,-11792,15828,0,0,9940,0,0,-13058,14718,0,0,0,11074,0,0,0,0
84626729,Team1,0,0,0,0,-14986,0,0,12327,-15748,0,0,14353,0,12091,0,0,0,0,0,0,-17592,-13220,0,15699,0,0,0,0,0,12479,10917,0,0,0,0,-12636,-12551,0,0
84817641,Team0,0,22974,-15922,0,0,0,0,0,0,0,0,16339,15190,-14273,0,0,0,0,0,-11229,-17783,14477,0,0,0,0,0,0,-11245,17260,0,0,0,0,17790,0,-10267,0,0
84819096,Team0,0,15515,0,0,0,14848,-14007,-10040,0,13135,0,16785,0,12389,0,0,0,-11429,0,0,0,0,0,-12343,0,0,0,13667,0,0,0,0,0,0,-11429,0,0,-12215,0
84819138,Team0,0,0,14332,0,10126,0,-14922,0,0,0,0,-13182,13511,-11936,0,11611,0,-11890,0,0,0,0,0,0,12489,0,-11881,0,0,0,-12903,0,0,0,11463,0,0,0,0
84063852,Team0,0,0,0,0,0,0,0,0,0,-10851,0,12819,0,0,0,0,0,11157,0,0,0,10330,0,0,0,0,-10642,-11849,13154,0,-16897,13943,0,13535,0,0,0,-11750,-16348
84690570,Team0,0,0,16474,0,0,0,0,0,0,-18388,0,-13681,-15342,0,0,0,0,0,0,0,11814,0,0,18265,0,0,0,0,-13841,-16731,0,11328,0,12075,-14476,11999,0,0,0
84690575,Team0,0,18610,-19386,0,0,0,0,12399,0,0,0,13564,-13974,0,0,0,13116,-10929,0,0,0,-12243,0,0,0,0,0,0,-12658,0,0,0,0,14292,0,0,14362,-10906,0
84690601,Team0,0,0,-12723,0,0,0,15508,13785,-10909,0,0,0,0,0,16238,0,12535,-15299,-12532,0,11903,0,0,13456,0,0,0,0,-11538,0,0,0,0,0,0,0,0,0,-13217
84690618,Team1,0,0,0,0,0,11382,0,12412,-14210,0,0,11679,0,0,0,0,-13345,0,0,0,-13787,0,-14004,0,13512,0,0,-13965,0,-19431,0,0,12318,14900,0,0,0,0,0
84690707,Team0,0,0,-15695,15243,10782,-11989,0,0,-12889,0,0,-14495,0,10540,0,0,0,0,0,0,0,0,0,0,0,0,12061,0,-12516,0,16117,0,0,0,10157,0,0,-12943,0
84690717,Team0,0,0,0,0,0,11024,-17036,12328,0,0,0,13260,-10090,-11160,0,0,0,-11472,-13218,0,0,0,0,0,0,0,0,13363,0,-14200,0,0,0,13254,14641,0,0,0,0
84690751,Team0,0,0,0,0,-13464,12995,13032,0,15111,0,0,0,0,-12757,0,15448,0,-11701,0,0,14583,0,0,-14034,0,0,0,0,15215,0,0,0,0,0,-13098,0,-13009,0,0
84690766,Team0,0,0,-16579,-12693,0,-11417,0,0,0,0,0,17719,0,0,0,-11417,16008,0,0,0,0,-12037,0,12817,0,19547,-10703,0,0,0,0,0,0,0,14531,0,0,13985,0
84690768,Team0,0,0,-12816,0,0,0,0,0,0,0,12282,-12986,0,0,0,0,-13034,-12114,13137,0,0,-8650,0,0,0,0,0,12278,0,15641,0,0,0,14732,0,0,-12331,0,13117
84655913,Team1,0,0,13637,-17813,0,-10878,0,0,0,9899,0,0,12279,0,0,0,0,12720,-13493,0,14115,0,0,0,-13307,0,0,0,12079,0,0,0,0,-13375,-14351,0,0,0,0
84658561,Team0,0,0,0,0,0,0,0,0,0,0,-11796,11158,-17699,0,0,0,0,0,0,0,0,0,0,0,-12206,0,0,17270,-11541,0,0,11812,0,-13238,-11992,0,0,0,0
84940187,Team0,0,12844,0,-11560,0,0,0,0,-12490,-20414,0,15589,0,0,0,0,0,-13155,12328,0,-13562,0,0,0,0,0,0,-14374,0,0,0,0,0,10832,14478,0,0,10986,0
84940229,Team1,0,12526,0,12843,-14667,0,0,-14840,0,0,-11317,0,0,12092,0,0,0,0,0,0,-14526,13571,0,0,0,0,0,-14698,0,0,0,0,0,0,-9061,0,0,16609,13804
84940252,Team0,0,0,17276,0,0,-10998,-17343,-11965,0,0,0,-18721,0,-16291,0,0,12844,0,0,0,0,0,0,0,12507,0,0,0,12910,-23897,0,0,0,0,15490,0,0,0,12000
84940287,Team0,0,0,19048,0,0,-12306,-12059,0,14680,0,0,0,0,0,17535,0,0,0,0,0,-12646,-12589,0,17140,0,-15239,0,0,0,0,14827,0,0,0,0,13888,-10571,0,0
84940357,Team0,0,0,0,-12620,13511,-12454,-15891,0,0,0,0,0,0,12795,0,0,0,-13147,0,0,0,-11861,0,0,0,0,0,0,0,13330,13543,-12664,0,0,17042,0,12965,0,0
84940375,Team0,0,0,0,0,0,15737,13219,15177,0,-11611,0,-14296,0,0,14490,0,0,-13713,11908,-12022,0,0,0,-11516,11559,0,0,0,0,0,0,0,-11436,0,0,0,0,0,0
84940534,Team0,0,0,0,0,0,11668,-13049,0,0,0,0,0,-13865,0,0,0,0,-11659,0,0,-15305,13372,-12001,14267,0,0,0,0,10787,-13168,0,0,0,0,15940,12604,0,0,0
84940629,Team1,0,12551,0,0,14359,0,-14875,-11812,0,0,0,15256,0,-11399,0,0,0,0,0,0,-11559,11409,12051,0,0,0,0,0,-11506,-18821,0,0,0,0,0,0,0,0,12659
84281352,Team1,0,0,20791,0,-12157,0,0,0,0,0,0,-19238,0,0,0,0,0,0,0,0,12223,0,0,0,14773,12101,0,0,0,0,0,11263,0,0,0,0,12990,0,0
84281367,Team0,0,0,0,0,-11479,0,0,0,13640,12049,0,-11221,0,0,0,15258,0,0,0,-15573,0,0,0,-18415,0,0,-11543,14338,13703,0,0,0,0,0,-11870,0,11793,0,0
84281475,Team0,0,0,0,-10120,-13256,10209,0,0,0,0,0,0,0,0,0,0,-15223,0,10207,0,0,13158,0,0,0,0,0,-10572,10557,0,-14016,0,0,0,16234,0,-12997,10932,0
84281527,Team1,0,16178,-12326,0,0,0,0,0,0,12529,0,-11726,0,0,-11694,0,-10750,0,0,0,0,0,-13809,14864,0,0,12714,0,0,16240,-11998,0,0,12115,0,0,0,0,0
84281561,Team1,0,0,0,0,-13725,-13419,0,0,12372,-14976,0,11157,-11550,0,0,0,0,12840,0,0,0,0,11040,0,0,0,0,-12317,-15725,12424,0,0,0,0,0,0,0,0,13257
84281601,Team0,0,0,0,-11691,0,0,0,0,10407,0,13150,9726,0,14551,13629,0,-13206,0,-13390,0,0,-11895,0,0,0,16251,0,0,-13567,0,-15730,0,0,0,0,0,0,0,0
84281619,Team1,-1,0,0,0,0,-12514,-15890,0,0,0,-12409,-12432,0,0,0,0,0,-15865,11478,0,14300,15200,0,0,0,0,0,0,11909,0,0,0,0,0,11578,0,-13654,0,11342
84126453,Team0,0,0,0,0,0,0,0,0,0,0,0,0,0,0,0,16448,0,0,0,0,0,0,0,0,0,0,0,0,0,0,0,0,0,0,0,0,0,0,0
84126519,Team0,0,0,0,0,0,0,0,0,0,0,0,-11857,12623,0,0,0,11157,0,17715,-15427,-10604,0,11615,-11305,0,0,-11971,0,12946,0,0,0,0,0,14676,0,0,-11445,0
84126531,Team1,0,0,-16260,0,0,0,0,-11817,-17866,0,0,16183,0,13374,0,0,0,0,0,0,13991,0,0,-16326,0,0,0,0,-11352,13852,0,0,0,13421,-18843,0,12807,0,0
84126532,Team1,0,0,-15376,0,0,-12497,0,0,-9616,0,0,15637,0,0,0,0,12855,0,0,0,16225,15807,0,0,0,0,0,0,0,14050,0,0,0,0,-13055,0,12950,-12397,-12826
84126533,Team0,0,15067,0,0,0,0,12683,0,-15725,-12754,0,13672,0,11737,0,0,0,0,0,0,-13509,-13910,13073,0,0,0,0,-13784,0,0,0,0,0,14068,0,0,0,-15232,0
84126567,Team1,0,0,0,0,0,-11439,15963,0,0,0,0,0,-10785,16079,0,0,0,12372,0,-11787,0,0,10373,0,0,0,11615,0,-14445,0,0,-12869,0,0,0,0,0,13558,-15123
84126630,Team1,0,0,18124,0,0,-13928,0,0,0,0,0,-19466,0,0,0,-10847,12162,0,0,0,0,0,16976,0,0,0,0,17048,10947,-17701,-19972,-14509,0,0,0,6887,0,0,0
84126682,Team1,0,0,15683,0,0,12534,14410,0,-13687,-14592,0,-16056,0,0,0,0,-14897,13641,0,0,-14996,0,0,0,0,0,0,0,-13562,0,0,0,0,0,12614,0,12049,0,0
84126700,Team1,0,0,0,0,0,12529,0,0,0,0,-11724,0,0,0,0,0,0,0,0,14566,-12195,14079,16003,0,0,0,0,12607,13427,0,0,0,0,0,-14528,-14086,0,0,0
84848013,Team0,0,0,0,0,0,0,0,15504,0,0,13849,14729,0,11484,0,0,0,-11534,0,13652,12490,-12261,0,0,0,0,0,0,0,-15007,0,0,-13319,0,0,0,-12015,-11555,0
84848074,Team0,0,17078,0,0,0,0,0,0,-10589,0,0,0,0,14660,0,-16457,0,0,0,0,14595,-11312,0,0,-12449,0,0,0,0,0,-13688,14061,0,0,18393,-11688,0,15653,0
84848135,Team1,0,0,-14754,0,0,-11902,-10969,0,0,10230,-11757,0,0,0,10892,0,0,0,0,15328,0,-12992,0,0,12819,11118,11668,0,-11293,0,0,0,0,0,0,0,0,0,0
84848202,Team1,0,0,0,0,0,0,0,0,0,12471,-13576,-14668,0,0,0,13234,0,-16521,0,0,0,0,0,0,0,-12476,0,0,17575,14186,0,0,-13397,11994,13678,0,0,0,-11963
84848241,Team0,0,0,0,0,0,14178,-16778,-12355,0,0,0,0,16138,0,-12719,0,-14950,0,14234,0,0,15316,0,0,14614,14539,0,0,0,-12838,0,0,0,0,-12159,0,0,0,0
84848242,Team0,0,-14632,17131,12613,0,-12192,0,0,11532,0,0,-11758,-9078,0,0,0,0,-11362,12672,0,0,0,0,0,11829,0,0,11956,0,0,0,0,0,0,0,0,-10063,0,0
84848244,Team0,0,0,15321,0,0,-11608,0,0,10263,11234,0,-15054,0,13748,0,0,-13266,0,-15651,0,10842,0,0,-12650,0,0,0,0,0,-13616,0,0,0,0,0,0,0,11284,0
84907625,Team1,0,0,0,0,0,-9788,0,0,12656,-10209,0,-13602,0,0,15926,0,0,11242,0,12697,-10058,-9807,0,0,0,0,0,0,0,15327,0,14768,0,0,-15335,0,0,0,0
84907637,Team0,0,0,-13480,14593,0,0,0,0,0,-12159,0,14994,-10541,-14551,0,0,0,-13028,14130,0,18889,0,0,0,0,0,13040,0,0,-17388,0,0,0,0,15157,0,0,0,0
84907657,Team1,0,0,0,0,0,0,0,0,0,0,0,0,0,0,0,0,0,0,0,-26988,12267,0,0,-17692,0,0,0,0,12513,14257,14368,-15943,10262,0,0,-16352,13004,-16133,-17617
84907675,Team1,0,0,12631,-16229,0,-15504,0,0,0,0,0,12214,0,0,10746,0,0,-17781,0,0,11752,0,0,0,0,0,0,-14779,0,0,14704,12852,-14899,0,0,-15130,0,0,0
84907695,Team0,0,11742,-12138,0,12779,0,0,0,10806,0,0,0,0,0,0,0,-12081,0,0,0,0,11986,0,0,0,0,0,-12249,-15256,0,-11278,0,0,12376,14456,0,-11375,0,0
84907762,Team1,0,0,-13610,0,-12770,0,0,0,-13746,0,-12451,0,0,15414,0,0,0,0,0,0,-11713,0,0,-11188,0,0,0,15732,13788,16629,10986,13863,0,0,0,0,0,0,0
84907764,Team1,0,0,0,14748,-12413,0,-21668,0,-12697,0,0,13738,0,10735,0,0,0,0,0,12039,-14116,17538,0,0,0,0,0,0,0,0,-13258,-13296,0,12901,0,0,0,0,0
84034396,Team1,0,-19897,0,0,13052,13042,16147,0,0,0,-13347,0,0,-14763,0,15223,0,0,0,0,-12495,0,0,-14071,0,0,0,0,0,-18438,0,0,0,0,0,12656,12477,0,0
84034438,Team1,0,0,15245,0,-11617,-13909,0,0,0,0,-11452,-16253,0,0,0,0,11750,0,12749,0,0,-11626,0,0,0,0,-15232,0,11731,0,13382,0,0,0,0,0,13315,0,0
84034633,Team1,0,0,0,0,0,0,0,0,-14229,0,0,0,0,-10973,0,0,0,16394,0,15063,0,12749,0,11865,0,-13697,0,0,15058,-13145,0,0,14656,0,0,-12384,0,0,-13915
84036009,Team1,0,-11623,0,0,-14039,0,14003,0,0,0,0,0,0,10127,0,10654,0,-13736,10241,0,0,0,-14852,0,0,0,0,-14600,0,0,10471,0,-13400,0,0,0,0,10673,0
84036466,Team0,0,15631,0,0,0,0,0,0,0,11113,-11601,17261,0,12685,-13143,0,0,0,-10788,0,-10356,0,0,0,0,0,10976,-12785,0,-10517,14611,0,0,0,0,0,0,0,0
84758481,Team1,0,0,-14668,0,0,0,0,0,0,10721,0,16415,0,-13062,0,0,0,0,-11974,0,-12274,-9688,0,0,12310,0,0,0,0,-13647,0,9390,0,11072,0,0,0,0,10514
84758482,Team1,0,0,-14832,0,0,0,0,13149,14984,14878,0,0,0,0,13556,-14444,0,0,0,0,0,0,0,0,0,15825,0,0,-12927,0,-14997,0,0,-12778,0,0,-13907,12040,0
84758501,Team1,0,-13982,-16813,0,0,0,0,0,0,16974,0,0,0,0,0,0,0,0,0,0,12655,-11974,0,0,14080,0,0,15461,12025,0,0,0,0,0,-14728,0,-11716,-12928,12757
84758533,Team0,0,0,-14143,0,-16171,0,16173,15599,-11649,0,9931,14518,0,12681,0,0,0,0,0,0,0,-11543,0,-12190,0,0,0,0,0,0,0,0,0,15833,0,0,-11482,0,0
84758535,Team0,0,0,-15715,0,0,0,16579,13695,-11194,0,0,0,0,-11011,0,0,13355,0,0,0,15371,0,0,0,0,0,0,0,0,13313,0,0,0,0,13025,-10923,0,-14004,-11783
84758562,Team1,0,0,-12002,0,0,-14525,0,-10855,0,0,0,0,0,12871,0,0,0,0,13121,0,-11684,-14806,0,0,13726,13421,0,0,0,0,0,0,0,0,15538,0,-11588,13109,0
84758718,Team0,0,0,-16102,15450,0,-13218,0,16072,0,0,0,0,0,0,-11507,0,0,0,0,0,0,0,0,0,0,-14203,0,0,0,15706,0,-14433,0,14325,16431,0,0,15387,-11221
84758763,Team0,0,0,0,0,0,19503,14591,0,0,0,0,0,0,0,-13487,0,0,15406,0,0,0,-11545,0,-10605,-12394,0,12931,0,12566,0,0,0,12245,-10839,0,0,-11262,0,0
84400611,Team1,0,0,0,0,0,12073,0,10815,0,-12513,0,14906,0,0,0,0,0,0,0,0,-14313,-11873,-12646,-13638,0,0,0,0,0,-11527,14658,0,12329,0,13362,0,0,0,0
84400753,Team0,0,0,0,13705,0,-11249,0,-12342,-12588,0,0,0,0,15892,0,0,0,11881,0,0,-16143,0,0,14343,0,0,0,0,-12424,0,0,12874,0,14061,-12606,0,0,0,0
84400778,Team1,0,0,13055,0,13719,0,0,11608,0,0,0,0,0,11101,0,0,0,0,0,0,11547,0,14983,0,0,0,0,0,0,-15977,-13524,-14640,0,0,-14310,0,0,-10822,-16285
84401136,Team1,0,0,-15715,0,0,0,0,0,0,0,-13425,12145,0,14826,0,0,0,0,0,0,-15437,-12728,0,13881,-13080,12175,0,0,-14622,0,0,0,0,12023,0,14365,0,0,0
84789678,Team1,0,0,0,0,0,0,0,0,0,0,0,0,0,0,0,0,0,0,0,0,0,0,0,0,0,-15455,0,-14498,0,11734,0,0,0,-13638,0,0,0,0,12146
84789691,Team0,0,0,-14768,0,0,0,14683,-11931,15872,0,14739,0,0,0,0,0,0,-12155,-11855,17319,14961,0,0,18924,0,0,0,0,0,-12906,0,0,0,0,-11414,0,0,0,0
84789719,Team1,0,0,0,0,0,0,0,0,13604,0,0,0,0,0,11763,-13118,0,0,12028,0,12433,-15194,0,0,0,0,0,-13280,-12747,15340,0,0,0,0,0,-11637,-11454,0,13702
84789724,Team0,0,0,-14057,0,-12657,12519,12742,10782,10636,-14250,0,0,0,0,0,-12480,0,0,0,0,0,0,0,0,12487,0,0,0,0,13872,0,0,0,-12641,-11073,0,0,0,0
84789763,Team0,0,-12895,0,11829,0,0,0,0,0,0,0,-12894,0,0,0,0,-12354,0,0,12139,-12497,11606,0,0,-14059,0,0,0,15934,0,0,-11109,0,0,0,0,10131,0,14826
84789817,Team0,0,0,-13027,0,0,0,0,0,0,0,-11901,0,0,12757,0,11536,0,11200,0,0,0,-13755,0,12152,0,0,0,0,-12772,0,0,0,0,-14098,-12521,0,13366,13577,0
84789885,Team1,0,0,-17571,0,16233,0,-15496,0,-13858,0,0,-13305,0,16658,0,0,0,0,0,12309,-13088,0,0,0,0,0,0,0,0,0,0,-12418,0,0,14590,0,10369,0,15076
84467130,Team0,0,0,0,0,0,10127,0,0,0,0,0,0,0,0,0,0,0,16741,0,0,-14044,0,0,0,0,0,0,0,0,0,0,0,0,-14355,-13943,0,0,-13978,0
84467212,Team0,0,0,8917,0,0,0,0,10626,15045,-11523,0,0,0,0,-11707,0,0,14940,0,0,-13307,0,0,0,0,0,-15314,0,-11440,-17488,0,0,0,0,16510,0,0,16561,0
84467371,Team0,0,0,15984,0,0,0,0,0,-16519,-10622,9758,16261,0,0,0,0,16031,0,0,0,12397,11515,0,0,0,0,0,-11849,-14699,0,-14327,0,0,0,0,0,0,0,-12072
84467386,Team1,0,13225,0,0,0,11348,0,0,0,-13104,0,10829,0,0,0,-11827,0,0,0,0,-13342,-10804,0,11951,0,0,10659,0,0,0,0,10311,0,0,-16393,0,0,-12212,0
84467453,Team1,0,-12312,15963,0,0,12277,0,0,0,0,0,15613,0,0,0,0,-11415,0,0,0,-11974,0,12464,0,12799,0,0,-15059,13071,-15111,0,0,0,0,0,0,-12616,0,0
84467491,Team0,0,-13144,0,0,0,0,-11519,0,-12279,0,12809,12996,0,0,0,0,0,0,0,0,-15901,0,0,0,14644,0,0,0,0,14227,-11423,-11453,0,12162,14361,0,0,0,0
84467619,Team1,0,0,-14011,0,10888,-12483,0,0,0,0,0,15529,0,0,0,0,0,0,0,0,0,0,0,-16408,12038,0,9837,0,-15285,13248,0,-12799,0,0,0,0,11102,-16742,0
84726454,Team1,0,19371,0,12938,-12128,0,0,0,0,-9304,0,0,0,13454,0,0,11991,0,0,0,13395,0,0,-11496,0,0,0,0,0,0,-12225,13116,-10014,0,-12085,0,0,0,0
84726457,Team1,0,0,0,13306,0,-11129,0,-12399,0,0,0,-10963,11061,0,0,0,13761,12173,0,0,0,0,0,0,0,0,0,12349,0,-14128,0,0,0,0,-11840,0,0,13351,-11679
84726470,Team0,1,0,0,0,-13165,11690,-15953,0,-12638,0,-11398,0,0,0,0,0,0,0,0,0,-10912,-11662,0,0,0,0,0,12514,14507,0,0,11131,0,14811,16059,0,0,0,0
84726479,Team0,0,0,0,0,0,0,-14663,12053,0,0,0,-15386,0,0,0,0,-11436,-10828,11443,0,0,-12799,0,14380,0,0,0,0,0,15357,0,0,0,12233,0,0,-12014,0,12886
84726541,Team1,0,0,-16745,11890,0,12222,0,0,0,0,12637,0,0,0,-11527,13304,-12118,0,0,0,13131,15555,0,0,0,0,0,0,-11485,0,0,0,0,0,-13116,-11346,0,0,0
84726545,Team1,0,0,11256,13118,-13787,-13232,0,-14845,0,0,0,0,0,0,0,-11551,0,0,0,0,0,-11747,17603,13065,0,-15598,0,13929,0,0,0,12798,0,0,0,0,0,0,0
84726553,Team0,0,0,-9579,0,0,0,0,0,0,13506,0,0,0,-12247,0,11615,0,-9799,0,0,0,11513,-12476,0,14310,0,0,-14392,0,0,0,0,0,0,0,-11508,0,13270,12470
84726592,Team0,0,0,-15098,0,0,0,0,11129,0,0,0,14471,0,-12485,0,-11952,0,-15321,0,0,15024,-14173,0,0,0,0,0,0,0,14124,0,0,0,13331,13135,0,0,-11989,0
84726626,Team0,0,0,-13017,0,0,13284,0,0,0,0,12670,12754,0,0,0,11292,-12256,0,0,0,0,13791,0,0,0,0,0,-12737,-12060,13537,-12057,-12087,0,0,0,0,0,0,0
84726648,Team0,0,0,-8462,0,0,13152,15453,0,0,0,0,0,0,0,0,13689,0,14567,0,0,-12145,-11848,0,-12128,0,13817,0,-13529,0,0,0,0,14983,0,0,0,-10391,0,0
84726653,Team0,0,11279,0,0,0,-12911,-13600,-13987,0,0,0,12906,0,10977,0,0,0,-11524,0,0,11578,0,0,0,0,0,0,-14620,0,0,20003,11143,0,0,0,0,-15027,0,0
84311189,Team1,0,0,0,0,12433,0,0,0,0,0,0,-12342,0,0,0,0,-11183,-11905,0,0,14175,0,13466,14736,12972,0,0,0,-13842,0,0,0,13658,0,-14203,0,-14721,0,0
84311440,Team0,0,-13926,0,0,0,0,0,0,0,0,0,-10116,0,0,14062,0,0,0,0,0,-8666,0,0,0,13426,0,0,14159,-9125,0,14358,14288,-12357,0,0,15894,-12136,0,0
84311477,Team0,0,11904,14444,0,14684,13425,0,0,0,0,0,0,12287,-11621,0,0,0,0,-12157,0,-13380,-11927,0,0,-16237,-16127,0,0,0,0,0,0,0,0,12278,0,0,0,0
84311487,Team0,0,0,0,0,-14024,-13963,0,0,0,0,0,17203,0,14030,-10508,0,0,15542,-13369,16912,0,0,0,0,0,0,-14923,0,-10918,0,0,0,0,0,16952,0,16824,0,0
84311870,Team0,0,17191,-14646,12529,-13526,-14693,0,0,0,0,0,0,12473,-13081,16907,0,0,0,0,0,0,0,0,0,0,0,0,0,0,0,0,0,0,15116,-14000,0,-12862,13990,0
84312003,Team0,0,16599,0,14379,0,0,-13336,0,0,0,0,13918,0,14660,-15888,0,12668,0,0,14746,0,0,-14447,0,0,0,0,0,-11084,0,0,0,0,-12781,-12860,0,0,0,0
84185611,Team0,0,-12672,0,0,17025,0,0,0,0,0,-11627,-15789,-11473,0,0,14064,18277,0,0,0,-8999,0,0,0,0,0,0,14191,0,0,14573,12778,0,-12060,0,0,0,0,0
84185626,Team0,0,0,11147,0,11690,9627,0,0,0,0,0,0,0,-13800,0,0,0,-13106,0,-11433,13398,0,0,0,0,0,-13964,0,0,0,0,11521,0,0,12437,0,-12785,0,-13182
84185643,Team0,0,0,0,11252,0,0,0,0,0,-14212,0,0,0,0,0,-14329,-15400,0,0,0,15457,0,0,-13556,0,0,0,-13774,0,0,-13459,11586,0,12236,14742,11901,0,0,0
84185644,Team0,0,0,-13986,0,0,10498,13484,11837,0,0,0,10763,0,0,0,0,0,0,0,0,-13397,-12505,0,0,0,0,0,0,-13667,0,15972,0,11077,-14311,0,0,-14005,0,0
84185677,Team1,0,13925,-13867,0,0,-14739,0,0,11624,0,0,0,0,0,0,0,11113,-15935,0,0,0,0,0,13616,0,0,0,13436,0,0,0,0,0,0,-17511,0,-12298,10672,-13283
84185754,Team1,0,-12791,0,-14349,0,0,12865,0,0,0,0,17911,0,0,0,0,11645,0,0,0,0,0,0,0,10601,0,0,0,0,-14228,0,0,-13780,13598,-16258,0,12318,0,-12042
84185790,Team0,0,0,0,0,0,0,13603,0,0,0,0,0,0,15579,12743,0,-12384,0,13996,0,-12756,0,0,0,0,14648,0,-16302,-14517,-16735,16578,0,0,0,0,0,-12666,0,0
84185809,Team0,0,0,0,0,0,-11435,-11133,0,13369,0,0,0,0,12625,0,0,0,11380,0,13705,0,-14602,-12280,-14563,0,12024,0,0,0,0,0,0,0,0,0,0,12061,0,-14712
84185826,Team1,0,0,0,0,-13602,0,0,0,0,0,0,0,0,14320,0,-12428,0,0,13877,-15869,0,0,0,13054,13280,0,-15000,0,0,0,12529,0,0,-13586,14501,0,-12380,0,0
84185863,Team1,0,0,0,0,0,0,0,0,0,0,0,14420,0,-13282,0,0,0,0,-14951,0,0,0,0,0,0,0,0,0,0,0,0,0,9833,0,11483,0,12467,0,0
