match_id,winning_team,mid_boss.team_claimed,1,2,3,4,6,7,8,10,11,12,13,14,15,16,17,18,19,20,25,27,31,35,50,52,58,60,63,64,65,66,67,69,72,76,77,79,80,81
84031463,Team0,0,0,0,0,4180,3885,0,3577,0,0,-4948,0,0,0,0,0,0,0,3940,0,-4059,-4294,0,-4854,0,0,0,4455,0,-3761,0,0,0,0,4091,0,0,0,-4427
84031479,Team0,0,0,0,0,0,0,4179,0,0,-3508,0,0,-3754,3809,0,0,0,4200,0,0,4266,0,0,0,0,0,0,-3735,0,-2886,-2810,3541,0,0,3673,0,0,-3610,0
84031506,Team1,0,-4472,0,3011,0,0,3611,0,-5420,0,0,0,0,0,0,-3919,0,3675,0,0,3292,0,0,-3684,-4253,0,0,0,0,0,-3509,4272,0,0,0,0,0,0,3819
84031556,Team0,0,0,-3674,0,0,0,0,0,-3525,0,0,0,0,3683,0,0,0,3855,0,3921,-4545,4032,-4739,0,0,-4105,3678,3670,0,0,-4502,0,0,0,0,0,0,0,0
84031571,Team0,0,0,-4323,0,0,5195,4383,0,0,-4016,4035,-3712,0,4038,0,0,0,0,0,0,0,-4607,-3768,0,0,0,0,4920,3160,0,-4933,0,0,0,0,0,0,0,0
84031578,Team0,0,0,0,0,0,0,0,0,0,0,0,-3349,4225,3558,0,-3736,-4274,-3960,4172,4154,4368,-3865,0,0,0,-4019,0,0,3023,0,0,0,0,0,0,0,0,0,0
84031613,Team0,0,-3391,3698,0,-3233,0,0,0,0,0,0,3985,0,0,4255,-3514,3783,-3298,3375,0,0,-3301,0,0,0,0,0,0,0,0,0,0,0,0,0,0,-3442,3558,0
84031615,Team0,0,0,-4229,0,0,0,0,-3854,3492,0,4254,4738,0,0,-3925,0,-4535,3640,0,0,0,3242,0,0,5132,0,0,0,-4218,0,0,0,0,0,0,0,0,0,-5072
84031627,Team1,0,0,0,-4739,0,4170,-4373,0,0,-4257,0,4160,0,4676,-5196,0,-5107,0,3002,0,0,0,0,0,0,0,0,0,3469,4138,0,0,0,0,0,-4143,0,0,0
84031642,Team0,0,0,0,0,0,0,0,0,5079,4158,0,0,0,0,3920,0,0,0,0,3958,3793,0,0,-3926,0,0,-3710,4105,-3813,-4195,-5414,0,0,0,0,0,0,0,-4215
84031643,Team0,0,0,0,0,-4600,0,4738,0,-3706,0,4370,-3566,0,0,0,0,-3603,4208,0,0,4464,-3246,0,0,0,0,4187,3901,-3803,0,0,0,0,0,0,0,0,0,0
84031680,Team1,0,0,0,0,3608,0,-4724,3592,0,3756,0,0,0,3921,0,-3927,0,0,0,-4298,0,3490,0,0,0,0,0,3799,0,0,-3861,-3670,0,0,0,-3722,0,0,0
84031687,Team1,0,-4484,0,0,0,0,0,0,0,0,0,-3672,0,4626,0,-3892,-3821,0,0,-4549,0,-3672,0,3416,0,0,0,0,3408,0,3361,4450,0,0,0,0,0,0,4678
84031707,Team1,0,-4527,3897,0,-3666,0,0,4541,-4082,0,0,0,0,3733,0,0,0,0,-3429,0,4005,-4575,3918,0,0,0,0,0,0,4288,0,0,0,0,0,0,0,-4077,0
84031719,Team0,0,0,0,0,0,-3882,3755,0,0,0,-3774,-3585,4550,-3544,0,0,0,3955,0,0,0,0,0,0,0,0,-2866,0,0,-4762,0,0,0,4863,0,3687,3849,0,0
84031779,Team1,0,0,0,0,0,3748,0,4188,-4789,0,0,0,0,3339,-4376,0,0,0,-3841,-3483,0,0,0,-3579,0,4170,0,3989,3881,0,0,0,0,0,0,0,0,-4296,0
84031855,Team0,0,3487,0,0,0,0,-3881,3515,-2529,0,0,0,0,0,3417,3844,0,-3517,0,0,0,4528,-4457,0,0,0,0,0,0,-4007,4372,0,0,0,0,0,0,0,-3712
84031885,Team0,0,3742,-5098,3758,0,0,0,0,3460,0,0,0,-3445,0,0,0,6753,0,0,0,-3935,4530,0,0,0,0,0,0,3442,-4348,-3413,-4182,0,0,0,0,0,0,0
84031915,Team0,0,0,3516,0,0,0,-4580,-3841,0,4196,0,3826,0,0,-4128,0,-4161,0,-4077,0,0,3601,0,0,-5053,0,0,0,0,0,0,0,0,3966,0,0,0,3283,0
84031989,Team1,0,0,0,0,-3542,4054,0,0,0,0,-2985,-4763,0,-3632,0,0,0,-4513,0,0,4002,4754,0,4435,0,0,0,0,0,3832,0,4156,-3894,0,0,0,0,0,0
84032034,Team1,0,0,0,0,0,0,-3739,0,0,4001,0,0,0,4266,3348,-4602,0,-3744,0,0,0,-3406,0,0,0,4170,-3667,0,0,3833,-3539,0,0,0,0,4587,0,0,0
84032077,Team1,0,0,4690,4244,0,0,0,0,-3718,0,3455,-3871,-3209,0,4648,0,5051,-3563,0,-3347,0,0,0,0,0,0,0,0,0,0,0,0,0,0,0,-4269,0,0,4336
84032137,Team1,0,5927,5355,0,0,0,3218,4475,0,0,0,0,0,0,0,-4193,4359,-3797,-4730,0,0,0,0,0,0,0,0,-4365,3392,0,-2919,0,0,0,-4759,0,0,0,0
84062396,Team0,0,3560,0,0,0,0,0,-4501,0,0,0,3844,-3763,4600,0,0,0,-3154,0,0,4207,0,0,0,0,-3120,0,0,0,-3480,4298,4564,0,0,0,0,0,0,-3497
84062451,Team1,0,3300,5308,0,0,0,0,0,0,-4556,0,-4666,0,-4978,0,0,0,3059,0,0,-4777,3801,0,-5455,0,0,0,0,3832,0,0,0,3692,0,0,-3687,0,0,0
84062470,Team1,0,4060,2589,0,3611,0,0,0,0,0,0,0,-4356,0,0,0,0,-3656,-3564,-4235,0,-4296,0,-5078,0,0,3503,0,0,0,0,0,0,3661,3064,0,0,0,0
84062492,Team1,0,0,-4112,4164,0,0,0,0,0,0,0,0,-4682,6023,0,0,0,3666,0,0,0,-4262,-3374,0,0,0,0,4575,0,-2980,-2754,0,0,4456,0,0,4643,0,0
84062493,Team1,0,0,3758,0,3414,3361,0,3637,-5370,0,0,-3882,4052,0,0,0,0,0,0,0,0,0,-3377,0,-3956,0,0,0,4009,0,-3374,0,0,0,0,0,0,-2928,0
84062516,Team0,0,0,0,-3762,0,-5216,0,-3515,-3520,0,4811,3967,0,4081,0,0,0,3716,0,0,-4255,4354,0,4143,-3436,0,0,0,0,0,0,0,0,0,0,0,0,0,0
84062519,Team0,0,-3469,-3176,3987,0,-3761,0,0,0,0,0,0,0,-4619,0,0,0,4182,0,0,0,0,0,0,4303,0,0,0,-3808,0,0,0,4072,0,-3626,0,0,4541,3725
84062521,Team1,0,0,0,0,3155,0,0,0,0,-4514,0,0,0,0,-4561,0,0,0,0,0,4344,3032,0,4284,0,0,0,-5417,-4709,0,0,3765,0,-3837,0,0,0,3258,-4353
84062561,Team1,0,0,-4220,0,3310,0,0,0,0,3363,0,3406,-3830,4546,3896,0,0,-3322,3413,-3529,0,0,0,0,0,0,0,-4643,0,0,0,0,0,0,0,-4743,0,0,0
84062568,Team0,0,-5156,3758,0,0,0,0,0,3673,0,0,-3689,0,-4054,0,0,0,4498,-3885,0,0,0,4250,0,4871,3622,0,0,-3769,0,0,0,0,-3520,0,0,0,0,0
84062610,Team0,0,0,0,3391,-4493,-3529,3958,0,0,0,0,0,0,0,0,-4849,3950,0,0,0,0,0,0,0,4711,0,0,-4520,3498,0,-4064,-4705,0,0,0,4842,0,0,0
84062629,Team1,0,0,0,-4581,-4386,0,4751,0,0,0,0,0,2988,-4707,0,0,0,0,0,-4178,-5277,0,0,3021,0,3579,4194,5441,0,0,0,-3644,0,0,0,0,0,0,0
84062643,Team1,0,0,-3512,3527,0,0,3540,0,-3456,0,0,0,0,-3479,0,0,4088,-3556,-3442,0,3402,0,0,0,0,0,0,4126,0,0,0,4390,0,0,0,0,0,-3396,0
84062648,Team1,0,0,0,0,0,0,3962,0,0,0,0,-3940,0,-3852,4306,0,0,-4660,0,0,4835,4462,0,-3704,0,0,0,3657,0,0,-3565,0,-3482,0,0,0,3649,0,0
84062704,Team0,0,-3726,3329,-3785,0,0,0,0,0,0,0,0,3784,-4246,0,0,0,4214,0,0,0,0,5227,-4202,0,0,0,3911,0,0,5017,0,0,0,0,-3871,0,-2859,0
84062712,Team0,0,0,-3510,0,-3564,0,0,0,-4444,0,4685,4156,0,0,0,0,0,0,-3706,3641,0,3997,0,-3767,0,0,0,0,3739,0,0,0,0,-4971,0,0,0,0,4054
84062725,Team1,0,0,0,3792,0,-3194,-5586,0,-4757,0,0,0,0,0,-4157,0,0,3835,0,0,4161,4842,0,3306,-4464,0,0,0,-4073,0,0,0,0,0,0,0,0,0,4860
84062765,Team0,0,-3747,0,0,0,0,3816,0,-3784,0,5258,0,0,-4725,0,0,0,0,0,0,3708,0,0,0,0,0,0,-4248,-3632,4401,-4067,0,4298,0,0,0,0,4029,0
84062782,Team1,0,0,-4927,0,3576,0,0,0,-4208,3912,0,3856,-5165,4382,0,3686,0,3932,0,0,0,0,0,0,0,0,0,0,0,-3660,-5354,0,0,0,0,-3566,0,0,0
84062806,Team1,0,-3285,0,-3942,0,0,0,-4238,-3857,4739,0,4339,0,0,5840,0,3490,-3514,0,0,0,0,0,0,0,0,0,0,3122,0,0,0,0,0,3625,-4781,0,0,0
84062823,Team1,0,0,0,0,-4202,0,0,0,0,0,0,0,0,3658,-3468,0,0,0,-4173,0,0,3988,0,0,0,0,0,3849,0,0,3942,0,-5315,0,3748,-3538,0,4558,-3686
84062890,Team0,0,0,0,0,0,0,-4448,0,0,0,-3623,5251,0,0,-5066,0,0,0,3205,-3634,0,-3189,0,0,3893,0,3743,0,-4920,0,4271,0,0,0,0,0,0,3491,0
84062891,Team1,0,4290,0,-6104,0,0,3305,0,-3889,0,0,0,3598,0,0,0,0,0,0,0,0,-4416,0,0,3930,0,0,3870,0,0,-3296,3333,0,0,0,-4179,0,0,-4487
84062977,Team0,0,0,-3718,0,0,-4533,0,-3645,4020,0,0,4402,0,0,0,0,4055,-4513,0,0,0,0,0,-5304,0,0,0,4253,3487,0,5076,0,0,0,-3333,0,0,0,0
84032141,Team0,0,0,-4788,0,0,-3802,0,-3932,0,0,0,-4099,0,0,4428,0,-3675,3605,0,0,0,3798,0,-3941,0,0,0,0,0,4370,0,0,0,0,3860,0,3176,0,0
84032152,Team0,0,0,-3703,0,4197,0,0,0,-4520,0,0,0,0,0,-3697,0,4412,0,-3206,-3203,-3784,0,0,3287,0,0,0,0,3879,3817,0,0,0,0,0,0,4362,0,0
84032167,Team1,0,0,0,4739,3747,0,-3754,0,-3816,0,0,0,0,-3774,0,0,0,-4752,0,0,0,0,3832,0,3536,0,0,0,-3762,0,3483,0,3313,0,0,-4067,0,0,0
84032246,Team0,0,0,0,0,-3649,0,0,3857,3646,0,0,0,0,0,0,0,0,-3464,0,3774,0,-3661,0,0,3747,0,0,0,3717,-3826,0,-4053,-3573,0,0,0,0,0,4079
84032305,Team0,0,-3100,0,0,0,-3495,0,0,-3732,4540,0,3530,0,0,0,3610,0,4562,0,0,0,2677,0,-4412,-3765,0,0,0,-3827,0,0,0,0,0,0,3834,0,0,0
84032328,Team1,0,-3500,0,-3998,-5554,0,0,0,0,3583,0,0,2925,-3870,0,0,0,0,0,0,4638,3479,-3633,0,0,3936,0,0,0,0,0,0,0,0,0,0,0,3274,-5529
84032388,Team0,0,0,0,3344,0,2761,0,0,0,0,0,3853,0,0,0,-4165,0,-3768,4151,-3913,0,0,-4309,-3572,4297,0,0,0,0,0,0,0,0,0,-4059,0,0,3337,0
84063057,Team0,0,-4462,4790,0,0,0,0,0,-4116,0,3792,0,-3701,0,0,0,0,3835,0,-3969,0,0,0,5539,0,0,0,0,-3942,0,-4700,0,4312,0,0,4575,0,0,0
84063181,Team0,0,0,-4618,2874,0,0,-4167,0,4530,0,-3488,0,0,-4194,-4361,0,0,4633,3149,0,-4692,0,0,0,0,0,0,0,3467,0,0,0,0,4216,0,0,0,0,0
84063357,Team0,0,0,0,4118,0,-3344,0,0,0,3870,-3442,-5266,0,0,0,5481,0,0,-3949,0,4250,4890,0,-4792,0,0,0,0,0,-4123,4700,0,0,0,0,0,0,0,0
84122036,Team1,0,0,-3925,-3970,0,0,3665,0,0,0,0,0,0,0,0,-3346,-3545,0,0,-4606,3819,0,4666,4348,3920,0,0,0,0,0,0,0,0,0,0,-3222,0,3575,0
84122090,Team1,0,0,-4383,0,0,-4064,4518,0,-3199,0,0,3414,0,0,0,0,4712,4210,0,0,0,0,0,-3367,0,0,0,0,0,3605,-3136,0,0,0,-3488,0,4441,0,0
84122136,Team1,0,0,-4074,0,-4196,3290,0,0,0,0,0,3961,0,4351,-3984,3506,0,-4281,-4924,4508,0,0,0,0,0,0,0,0,4552,0,0,0,-3354,0,0,0,0,0,0
84122187,Team1,0,0,0,0,4410,3324,0,0,0,0,0,-5175,4539,-4347,0,-4474,0,4605,0,0,-5081,0,0,3257,0,0,0,0,0,-5884,0,0,0,-5651,0,0,2665,0,0
84122212,Team1,0,0,-4174,0,-4210,0,0,0,0,3600,0,0,0,0,3394,-3577,0,-4526,0,0,5572,0,-3519,0,0,3947,5554,0,0,0,0,0,0,0,-4096,0,0,0,3303
84122249,Team0,0,0,-4457,3597,0,0,0,0,0,0,-3995,4162,0,-3891,-4461,0,4648,0,0,4624,-3881,3593,0,0,4543,0,0,0,0,0,0,0,0,0,-3490,0,0,0,0
84122277,Team0,0,0,3516,0,3941,3877,0,0,0,0,0,-3162,0,0,0,0,-4088,0,-4474,0,-3721,0,0,0,4210,0,0,-4055,0,-3583,0,0,4902,0,4136,0,0,0,0
84122296,Team0,0,4299,0,0,0,0,0,0,0,0,0,4147,0,0,-3484,0,4028,0,0,0,-3607,-3316,3839,-3461,0,0,0,6239,0,0,0,-3776,0,-3539,0,0,0,3522,0
84122323,Team0,0,0,0,0,0,3709,0,0,-3856,0,0,0,0,0,-3828,4112,0,0,0,0,-3063,4887,-4088,0,3996,0,0,0,0,0,3444,3747,0,-3797,0,0,-4442,0,0
84122324,Team0,0,0,0,0,0,0,0,0,0,0,0,0,0,0,0,-3291,0,3733,0,0,0,0,0,0,0,0,0,0,0,0,0,0,0,0,0,0,0,0,0
84032412,Team1,0,4085,0,0,-3531,0,0,3462,0,-3439,0,0,0,0,0,4331,0,0,0,3891,3565,4232,0,0,-3775,0,0,-3731,-3201,0,0,0,0,0,0,0,0,0,-3554
84032482,Team0,0,-3413,0,0,3620,-3388,4343,0,-3398,0,4031,-4381,0,0,0,0,0,0,0,0,0,4321,0,0,-3821,0,0,0,0,0,0,0,0,0,3504,4303,0,0,-3923
84032494,Team0,0,4068,0,0,3480,0,0,0,0,0,-3994,0,-3778,4652,0,4209,0,0,0,-3438,-3264,0,0,0,0,0,0,-4763,0,0,4622,0,0,0,0,0,3933,0,-4329
84032507,Team0,0,0,4125,0,0,-3934,0,4362,-4850,0,0,-4555,0,0,0,-4161,0,0,-4121,0,3844,3450,0,0,0,0,0,4842,0,0,-3937,0,0,3475,0,0,0,0,0
84063411,Team1,0,0,0,0,0,0,0,0,0,3532,-4861,3345,0,0,0,0,0,0,0,-4052,-4394,3086,0,4288,0,0,-3232,-4633,0,4091,0,0,0,4006,0,0,0,-3023,0
84063473,Team0,0,3966,-3643,0,0,-4089,0,0,-3898,0,0,0,0,0,0,3851,0,-3928,4244,0,0,0,0,0,0,0,0,0,-3214,0,4690,-3722,4196,0,0,0,0,3941,0
84063475,Team0,0,3492,-4236,0,3728,0,0,0,4608,0,-4483,3853,0,0,0,-3539,3815,0,0,0,-4357,3145,0,0,0,0,0,0,-4933,0,0,0,0,-3717,0,0,0,0,0
84063486,Team1,0,4499,-4545,0,0,-3067,0,0,3811,0,0,0,0,4410,0,0,0,0,0,0,3996,0,0,0,0,0,-4106,0,-3468,4129,-5046,-4995,0,0,4115,0,0,0,0
84093774,Team1,0,0,3285,0,-4336,0,0,0,0,0,0,0,0,4293,0,0,0,3577,-4713,0,-3430,-3218,0,4069,0,0,0,0,0,0,3235,-3819,0,0,0,-4075,3454,0,0
84093787,Team0,0,5059,0,0,0,0,0,-4534,0,0,0,0,-5015,0,0,0,0,-4321,0,3547,3370,-3936,0,0,0,0,3238,0,-4505,-4939,0,0,0,5465,0,0,4085,0,0
84093801,Team0,1,-4286,4135,0,0,0,3528,0,0,0,0,0,0,7062,0,0,0,4438,3328,0,-3953,0,-4119,0,0,-5173,0,0,4905,0,0,0,0,0,-4472,0,0,0,-4377
84093802,Team0,0,4350,-3445,0,-5844,-3475,0,0,0,0,0,4299,0,0,0,0,4128,0,0,0,0,0,0,-4010,0,0,-3670,0,-4004,4154,0,0,4492,0,0,0,0,3905,0
84093807,Team1,0,0,0,0,0,-3699,0,0,3746,-3147,0,0,0,3259,0,-4315,0,0,4641,0,-3331,4675,0,0,0,0,-4221,0,3537,-4628,3833,0,0,0,0,0,0,0,0
84093863,Team1,0,0,0,0,0,2972,0,3386,0,0,0,0,0,-3363,0,3387,0,0,-3931,0,-3216,4631,0,0,0,-4009,3770,0,0,0,0,0,0,0,4274,0,-3380,0,-3741
84093878,Team0,0,0,-4166,0,0,0,-5485,0,4498,0,0,0,4140,0,0,3823,0,-3834,0,0,0,3027,0,0,0,0,-3989,0,3315,4396,0,0,0,0,-4377,-5337,0,0,0
84122324,Team0,0,0,0,0,4288,0,0,4572,-4533,0,0,0,3870,0,0,0,0,0,0,0,-3747,4213,0,0,0,0,4155,0,0,0,-3374,0,0,0,0,0,-4193,0,-3837
84122356,Team0,0,0,0,0,0,0,4874,0,0,-3916,4145,0,-4545,-4318,0,0,0,0,0,-4010,3376,0,0,3970,0,-4506,0,0,-4765,0,0,0,0,0,3327,0,0,3537,0
84122357,Team1,0,0,3922,0,0,4221,0,0,0,-3202,0,-5055,0,3869,3596,-4465,-3631,0,0,0,-3539,0,0,0,0,0,0,0,-3427,4249,0,0,0,0,0,0,3279,0,0
84122360,Team0,0,3842,-3873,0,0,3499,4057,-3244,0,0,0,3597,0,3708,0,-3326,0,-3583,0,0,0,-3343,3301,0,0,0,0,0,0,0,0,0,0,0,0,0,0,-4069,0
84122516,Team0,0,3291,5271,0,0,0,-3549,-3873,-3820,0,3618,3235,0,0,0,0,4559,-3223,0,0,-4340,-4895,0,0,0,4071,0,0,0,0,0,0,0,0,0,0,0,0,0
84122539,Team1,0,-4180,0,0,-3320,0,0,0,0,0,0,0,0,0,0,0,0,3382,0,0,0,-5712,0,0,0,0,0,4831,0,0,0,-3885,0,3883,3617,4179,3306,-3760,-4391
84122553,Team1,0,4012,0,-4052,0,-3925,0,-3503,0,0,0,0,0,3640,0,0,0,3963,0,0,0,0,0,0,0,4292,0,-3175,0,0,0,0,3897,-3332,-4213,0,0,0,3965
84032656,Team0,0,0,-3706,0,0,3517,0,0,-3691,0,0,0,0,-3381,0,4429,0,-3550,0,0,0,0,0,4745,3864,0,-3959,0,0,0,3979,0,0,0,3438,0,0,-4533,0
84032704,Team0,0,-3254,0,0,0,-4102,3473,-3812,0,0,-3476,0,0,0,0,0,3465,3893,0,0,0,0,0,0,0,0,0,3850,-3450,0,0,3631,-4488,0,0,0,0,0,3872
84032733,Team0,0,0,0,0,-4321,0,0,0,0,-3813,0,-4567,-3247,0,0,0,0,3735,0,0,0,4341,0,4519,0,0,0,0,0,0,4958,3723,0,0,4257,0,0,-5209,-3778
84032739,Team0,0,0,4040,0,-3934,0,0,0,3914,3849,0,0,0,0,0,3594,0,0,0,-3561,-3927,0,0,0,0,-4147,0,0,0,0,3826,0,-4458,0,0,3941,-3642,0,0
84032760,Team0,0,0,3564,0,0,5331,0,0,0,3679,0,4070,0,-3166,3306,-3577,0,4266,0,0,0,-4510,0,0,0,0,0,-5066,0,0,-4591,0,0,0,0,0,0,-4109,0
84032768,Team1,0,-5340,0,0,0,0,-4191,0,0,0,3712,3805,0,3829,-3953,-4296,0,3070,0,0,0,4344,-3636,3610,0,0,0,0,0,0,-3546,0,0,0,0,0,0,0,0
84032815,Team0,0,0,3430,0,0,0,0,3149,0,0,0,-3780,0,-4112,0,0,0,3526,4200,0,0,0,-4057,4115,0,0,0,0,0,-4435,-3707,0,-4504,0,0,3912,0,0,0
84093906,Team0,0,0,-4520,-3424,0,0,3446,0,0,0,3247,0,0,4324,0,0,-4280,4281,0,0,-4342,0,-4417,0,0,0,0,0,-3481,0,0,0,0,0,3294,0,0,0,3360
84093907,Team0,0,0,0,0,0,-3779,0,3542,3526,0,0,0,-4453,0,-3603,0,0,0,0,-3622,0,0,0,0,3416,-4321,0,0,0,3560,0,0,0,3508,3293,0,-3660,0,0
84093943,Team0,0,3525,-3936,0,0,4272,0,4910,0,0,-3318,0,-4214,0,0,-4269,0,-3370,0,0,0,0,0,0,0,0,3468,0,4154,3896,-3568,0,0,0,0,0,0,0,0
84093962,Team0,0,0,0,0,0,0,0,0,0,0,0,4555,0,0,0,-4322,4437,0,0,0,3273,4198,0,-3110,4206,0,-3682,0,0,0,-4717,0,0,0,-4914,0,4107,0,-4524
84093993,Team0,0,0,-3767,0,0,-3164,0,3099,-4834,0,0,0,0,0,0,0,0,0,0,0,-3417,0,3997,0,0,0,0,3575,-4208,0,4560,-3633,0,0,4576,4127,0,0,0
84094017,Team1,0,0,0,0,0,4487,0,0,0,0,0,0,0,3117,0,0,0,0,0,0,-4340,0,0,0,-3976,0,-4286,3432,4286,-4213,-3476,-3438,0,0,0,0,4452,3766,0
84032819,Team1,0,4138,4164,0,0,0,0,0,0,0,-4618,3579,0,-3170,-5379,0,2813,4112,0,-3984,0,0,0,-5043,0,-4811,0,0,0,0,0,0,4075,0,0,0,0,0,0
84032852,Team0,0,0,0,0,0,3654,0,0,0,-3969,0,-4421,-3542,0,0,0,0,0,0,-3810,0,0,0,0,-3524,3668,0,0,0,0,3829,0,3433,0,0,0,3783,-3659,3487
84032894,Team1,0,0,-3984,0,0,-3717,3615,-3881,0,0,0,0,0,-4265,0,0,3504,0,3708,0,3790,0,0,4335,0,4509,0,-4122,0,0,0,0,0,0,0,-4724,0,0,0
84032931,Team0,0,0,0,0,-3895,0,0,0,0,0,-3669,0,-3771,-3654,-4375,0,0,0,0,0,3989,0,0,0,0,-4242,0,0,3841,3341,0,3882,0,0,0,3568,0,0,3681
84032953,Team1,0,0,-4211,0,-5681,0,0,0,0,4367,-3618,0,-4492,0,0,0,0,0,0,0,5022,0,0,0,0,0,0,5788,4123,0,0,0,0,4310,3135,-4843,0,-3862,0
84033016,Team1,0,-4168,0,0,0,3259,0,3649,3251,0,0,0,0,-3915,0,0,0,0,0,0,-3786,-3564,0,0,0,5108,0,3509,0,-5346,0,0,0,0,0,0,-5092,3755,0
84033049,Team1,0,0,5063,4247,0,0,0,0,0,0,-4949,0,0,0,3395,0,0,0,0,4543,0,-3852,0,-4156,0,0,0,-4114,-3378,0,-3369,0,3753,0,0,5034,0,0,0
84033055,Team1,0,3242,0,0,0,0,0,0,3661,3712,0,0,0,-3952,0,0,0,0,0,0,0,0,0,3807,0,-4032,0,0,0,0,0,0,-3634,0,0,0,0,0,3477
84152266,Team0,0,0,0,0,0,4202,0,0,-5157,-4124,0,-3994,-3322,4294,0,0,0,-3343,0,0,0,0,3883,0,0,0,0,3512,0,4506,0,0,0,0,4820,0,0,-4970,0
84152296,Team1,0,4381,0,0,0,-4112,3986,0,-3805,0,0,-4686,0,3775,0,0,0,0,-3913,0,5087,3632,4708,0,0,0,0,0,0,0,0,0,0,0,0,0,0,-3880,-3855
84152315,Team1,0,4614,-3842,0,-4295,0,0,-4457,0,0,0,3829,0,0,-3894,0,0,4193,-4425,0,0,0,0,0,0,0,0,0,0,-4076,3545,0,4740,0,0,0,4739,0,0
84152319,Team1,0,0,-2978,-4757,6527,0,4329,-4043,0,0,0,0,-4365,3718,0,0,0,-2798,0,0,0,0,0,0,4143,0,0,0,0,0,0,0,0,-4773,0,0,4468,4723,0
84152350,Team0,0,-3544,4760,3344,0,4166,0,0,0,0,0,0,0,0,3738,0,-3136,0,0,3747,0,-4273,0,-4442,0,0,3678,0,-3395,-4069,0,0,0,0,0,0,0,0,0
84152358,Team0,0,0,-4546,0,4100,0,0,0,0,0,0,0,0,-4106,0,0,0,4839,0,0,-3628,3578,4798,0,0,0,0,4450,-3742,0,0,0,4193,0,-3928,0,-3682,0,0
84152381,Team0,0,0,-4351,0,0,0,0,0,0,0,0,4013,0,0,-3957,4143,-3816,4007,3248,0,-3088,0,0,0,0,0,0,0,-4528,0,0,0,0,0,0,3560,-4696,4993,0
84152486,Team1,0,-3976,0,0,0,3538,-3810,0,3683,0,0,0,-3975,0,-3502,0,0,-4264,0,3993,0,0,-3579,0,0,0,3395,0,0,0,0,0,0,0,4011,0,0,3588,0
84152488,Team1,0,0,-4573,0,4512,4190,0,0,4583,0,0,0,0,-4087,0,3705,0,-3644,0,0,0,3983,0,0,0,0,0,-4646,4062,0,0,0,0,-3283,0,0,-4463,0,0
84122263,Team0,0,0,0,0,0,0,0,3525,4407,0,0,0,0,0,0,0,0,0,3500,5041,3397,0,0,0,0,-4648,0,0,0,-5881,0,0,0,-4043,-4154,3590,-4038,0,-3709
84094089,Team1,0,5225,3380,0,0,0,-3015,0,0,0,0,0,0,4008,0,-4015,0,-3501,0,0,3864,0,4851,-3707,3482,0,0,0,0,0,0,0,0,-3990,-3690,0,0,0,0
84094091,Team1,0,0,0,0,3367,-3782,0,0,3924,0,3446,-3997,0,-3480,3414,3812,0,0,0,-5016,0,0,0,0,0,0,0,0,-3608,0,0,0,0,0,-3826,0,0,0,4077
84094108,Team1,0,0,2977,0,0,0,0,0,0,-3847,0,0,0,0,0,-4042,0,0,0,-3976,3828,3251,0,-4641,0,0,0,-4653,0,3778,0,0,0,-4295,3900,0,0,4184,0
84094124,Team1,0,0,5134,3713,0,0,4006,0,-4357,0,0,0,0,0,-3977,0,0,0,-3057,0,0,0,4032,5456,-3341,0,4049,0,0,0,-3513,0,0,0,-3858,0,0,0,0
84094155,Team0,0,0,-3577,0,0,0,-4516,-3623,0,0,0,0,0,0,0,3524,0,-3230,3663,0,3132,0,0,0,-3959,0,0,0,0,4020,0,0,3510,3505,0,0,0,0,-3538
84094205,Team1,0,0,0,0,0,-3563,-3888,0,0,0,0,4017,0,0,2848,0,0,0,0,-4357,0,3551,-5407,0,0,0,0,0,-3436,0,5265,4102,0,4763,0,0,-3462,0,0
84094226,Team1,0,0,0,0,0,0,0,0,0,3869,-4651,3240,0,3904,-3717,0,0,0,0,0,3513,0,0,0,0,-3539,0,-4755,3998,4824,0,0,0,0,0,0,0,-4441,-4147
84094257,Team0,0,-3490,0,3376,0,3848,-3143,0,0,0,0,0,0,0,3496,-3942,0,0,4126,0,-3454,0,4550,0,0,0,0,0,0,4679,0,0,-3698,0,0,0,-4579,0,0
84032655,Team0,0,0,-3359,0,0,0,4654,0,4412,3882,0,0,0,3762,0,0,0,4271,0,-4100,-3572,0,-3570,0,0,-3986,0,3449,0,0,0,0,-3311,0,0,0,0,0,0
84033097,Team1,0,0,0,4264,0,0,-3361,0,0,-4144,0,-3406,0,-3602,0,3729,3503,0,0,0,-4248,0,0,0,0,0,0,3707,0,0,4407,0,0,0,0,-3588,0,0,3937
84181536,Team0,0,0,-3905,0,0,0,5137,0,-3439,0,0,0,0,0,0,0,0,0,0,0,0,0,3451,-4033,0,0,0,0,0,3777,-3694,0,0,-3788,4366,0,-3231,3730,3157
84181563,Team0,0,-4292,0,-4095,0,0,0,0,0,0,0,4738,0,0,0,0,0,0,0,3310,0,-2763,0,0,0,0,0,0,0,-3580,5140,4412,0,0,3735,4012,-4249,0,-4012
84181604,Team1,0,0,0,0,0,-3740,3712,0,-4637,3412,0,0,0,0,0,-4152,3123,0,-3351,0,-3411,0,0,3754,3511,0,0,0,3720,-3667,0,0,0,0,0,0,0,0,0
84181679,Team0,0,0,4105,0,3994,4695,0,0,-3865,-4103,0,-3442,0,0,0,0,0,0,0,0,0,4083,0,0,4023,0,0,-3695,0,0,-3719,0,0,0,0,0,3726,-4049,0
84181687,Team0,0,0,3585,0,0,0,0,-4672,4700,4952,0,-4040,0,4647,0,0,-4316,-3404,0,0,3582,0,0,0,0,0,0,-3839,4319,0,0,0,0,0,-3974,0,0,0,0
84181729,Team1,0,0,4015,0,0,4308,0,0,-4052,0,0,0,0,-4199,0,0,0,-3974,0,0,4075,-5204,0,0,0,-4802,0,0,-3449,0,0,0,0,0,4875,0,4149,4168,0
84181749,Team1,0,0,0,3969,-4605,0,0,0,0,5057,0,-4432,0,4213,0,0,-3993,3935,0,0,0,3699,0,0,0,0,0,-5356,0,0,0,0,0,0,4616,0,-3606,-4048,0
84214930,Team1,1,-4264,0,0,0,4078,4841,-4044,0,0,0,0,3327,0,3178,-5783,4741,0,0,0,0,0,0,0,0,0,0,0,0,0,0,0,0,-5109,-4383,-5354,3365,0,0
84214977,Team1,0,0,0,0,0,3880,3944,0,-3651,-3530,0,0,0,0,0,0,0,0,3762,0,-3500,4479,0,0,5829,0,0,-3736,3929,0,-4974,0,0,0,-4590,0,0,0,0
84152535,Team1,0,4149,-3801,4772,0,3503,0,0,3566,0,0,0,0,0,0,0,0,0,0,0,0,-3824,0,0,0,0,0,0,-3302,0,-4003,0,0,0,4446,3524,-3497,-3671,0
84152545,Team1,0,0,0,0,3798,0,0,0,0,0,3613,3782,0,0,-3883,0,0,-3727,0,4227,0,0,0,0,0,0,0,0,0,-4540,0,-4644,0,0,-4019,3998,2716,-4636,0
84152546,Team1,0,0,-3464,3765,0,4178,0,0,0,0,0,-3379,0,0,0,0,-4034,-3310,0,0,0,0,0,0,0,0,0,0,3560,3783,0,0,0,0,3677,0,-3799,3962,-4479
84152637,Team0,0,0,3733,0,-3060,4223,0,0,0,0,0,-3506,0,0,0,3587,0,3783,3328,0,-3798,0,0,0,0,0,-3706,0,0,0,0,-3739,4491,-3505,0,0,0,0,0
84152640,Team1,0,0,0,0,0,0,0,0,0,0,0,0,0,0,0,0,-4150,0,0,4384,-4000,4015,5196,4128,0,-4276,0,-3737,-4101,0,0,-4002,0,0,3060,0,0,3529,0
84152650,Team1,0,0,0,0,3962,4629,0,0,4098,0,-3353,0,0,-3910,0,0,0,0,0,0,-3735,0,0,0,0,0,0,0,2626,0,0,0,-4261,0,-3477,0,4028,-3322,3813
84152683,Team0,0,0,0,0,0,0,0,0,4302,0,-4795,3566,0,-4613,-4534,0,4721,0,0,4303,0,-3834,0,-4683,-3701,0,0,0,3675,0,0,0,0,0,3285,0,0,0,0
84152693,Team0,0,3995,0,0,0,0,0,0,0,-3435,0,4629,0,0,0,3508,0,0,0,0,0,0,0,0,-4569,-4675,0,4863,0,0,0,0,-3607,0,4211,0,4223,-4468,-4192
84122583,Team0,0,3534,0,0,-4860,0,0,0,0,-4405,0,0,0,0,-3912,-3654,4402,0,-4290,0,0,0,-4003,4758,3758,0,0,0,3720,0,0,0,0,0,0,3669,0,0,0
84122613,Team0,0,0,0,0,-3037,0,5418,0,-4270,0,0,3370,0,0,0,0,5041,3560,0,0,0,3235,-4206,-4440,0,0,0,0,0,-3891,0,0,0,0,0,0,3582,-4663,0
84122636,Team1,0,0,0,3588,0,3526,0,0,3836,0,0,0,0,0,0,4114,0,0,0,-5578,-6128,0,0,0,-3893,0,0,-5159,3556,0,0,0,0,3552,0,0,-3896,-4897,0
84122676,Team0,0,0,0,0,3577,0,-4768,0,4251,0,0,0,-4187,0,0,3860,0,0,-3605,4546,-4666,0,0,0,0,0,0,0,0,0,5319,0,3408,0,0,-4390,0,-3578,0
84122711,Team1,0,0,-3321,0,0,4818,0,0,0,0,0,0,0,-3679,0,4314,0,0,3796,0,-3577,-3664,0,-5119,0,0,0,4384,3725,0,4443,-4228,0,0,0,0,0,0,0
84122759,Team1,0,0,-4075,0,0,0,4156,0,0,0,0,4171,0,4503,0,0,-3410,0,0,0,0,0,3842,0,0,0,0,3837,0,0,0,0,0,0,3588,-3249,-3387,-3783,-3229
84122788,Team0,0,3779,0,3615,0,0,0,0,4482,-3761,0,0,0,0,0,0,0,3661,0,0,-3636,-4069,0,-3484,-3618,0,0,0,-3135,0,0,0,0,0,4259,0,0,3844,0
84063652,Team1,0,0,0,3262,0,-3895,0,-3580,0,0,3816,-3369,0,4085,0,0,0,0,0,-4290,0,-3469,-3672,0,0,0,3305,0,0,3518,3692,0,0,0,0,0,0,0,0
84063664,Team0,0,-4454,4771,0,0,0,0,0,0,0,0,-3865,0,3988,0,0,0,-3824,0,0,-4033,-3657,0,0,4370,0,0,0,0,0,0,-3403,0,0,0,4078,0,5412,3856
84063676,Team1,0,3856,0,4346,-3777,0,0,0,0,-3880,0,0,0,0,0,-3738,-3704,0,3926,0,0,0,0,0,0,0,0,-4592,0,0,0,0,0,4440,-4207,0,0,3233,3559
84063714,Team1,0,0,3792,0,-3731,3794,-4341,0,3663,0,-3990,0,0,-4074,0,0,0,0,0,0,0,-3436,0,0,3419,0,0,3590,0,0,0,0,0,3381,0,-3618,0,0,0
84063732,Team1,0,0,0,0,3806,0,3453,0,0,0,0,-3685,0,4712,0,3568,0,4149,-5598,0,0,-5198,0,0,0,0,0,0,-4411,0,-4251,0,0,0,3492,-4084,0,0,0
84063747,Team1,0,0,0,0,0,0,0,0,0,0,-4332,3495,0,0,-5524,0,0,0,4160,-4426,3756,-4259,0,0,0,0,0,-3914,0,0,0,0,0,4556,3052,5510,0,-3624,0
84063774,Team1,0,-3683,0,0,3107,0,-5249,0,0,0,2926,0,0,0,0,0,0,0,5124,-6540,-4352,0,-6253,0,0,0,-6267,4473,0,0,2518,0,2772,0,0,0,0,0,0
84094270,Team0,0,0,5151,0,0,4131,0,4475,0,0,0,0,-3461,4709,0,0,0,0,-3878,0,-3464,4231,0,0,-4764,0,0,0,4101,0,0,0,0,-3849,-5002,0,0,0,0
84094272,Team1,0,0,0,0,0,0,0,0,0,0,0,-3275,4613,-3927,3886,3847,0,-4776,0,0,0,-4295,0,0,0,0,0,0,3461,3724,0,0,0,3758,0,0,-3363,-3327,0
84094282,Team1,0,0,-3527,-5155,3928,0,4051,0,0,5028,0,0,5693,0,0,0,0,0,0,0,5177,0,0,0,-5554,0,0,0,3205,0,0,-4660,0,0,-5331,0,0,0,-3411
84094386,Team1,0,0,0,0,0,-4616,0,0,-3866,0,0,3903,0,0,0,0,2943,4467,0,0,-3794,0,0,-4420,0,0,0,3855,0,-3110,0,3641,0,0,0,0,-4090,0,4917
84094388,Team1,0,0,4303,0,0,3614,0,0,0,0,0,-4232,0,0,0,3529,-3653,0,0,0,0,0,0,0,0,-3975,0,0,0,-3864,0,0,-3690,4230,0,0,3495,-4695,4187
84094407,Team1,0,0,0,0,4378,-3098,4525,0,-4027,0,0,4033,0,0,0,3625,0,0,0,0,0,0,3659,0,-3894,2975,0,-3840,0,0,0,0,0,-4318,-4889,0,0,0,0
84094433,Team0,0,0,-3382,4492,3977,-4033,0,0,0,0,0,-3979,0,4042,0,0,0,-3692,3608,0,0,0,0,0,-4062,0,0,0,4324,0,0,0,0,0,0,3317,-4728,0,0
84094441,Team0,0,0,-4344,0,0,-3528,0,3462,0,0,0,0,0,0,0,4108,0,0,-3911,0,0,3900,0,0,0,0,0,-4033,-3445,0,3733,0,0,-3375,4361,0,3409,0,0
84094458,Team0,0,0,0,0,0,4041,0,0,4116,0,0,4013,0,0,5043,0,0,0,4209,0,-4547,0,0,-5398,0,0,-3894,0,-3827,4460,0,0,0,-5673,0,0,0,-3656,0
84248186,Team1,0,4602,0,0,0,0,0,0,0,3312,0,0,0,0,4129,4029,-3099,0,0,0,-4790,3943,0,-5131,3663,-4532,0,0,0,0,0,0,0,0,-5054,0,-4703,0,0
84248231,Team1,0,0,0,-3293,4092,-4486,-3984,0,0,0,0,0,0,0,0,-5463,0,0,0,0,0,0,-3026,3348,0,0,0,0,3512,0,0,0,3961,4053,3733,0,0,0,-4648
84248306,Team1,0,0,4765,0,0,0,0,-3881,0,0,0,0,0,-3824,0,0,0,3549,3539,-3451,3683,0,0,-4062,0,-4135,0,0,4711,0,0,0,0,0,0,0,2961,-4653,0
84248307,Team1,0,0,3613,0,0,-3452,0,0,-3535,3962,0,3911,0,0,0,0,3635,0,0,0,0,-4264,0,4499,0,0,0,0,-4343,-2981,0,0,0,0,-3946,4464,0,0,0
84248311,Team1,0,0,-3808,0,0,0,4714,0,4715,0,0,4871,4992,0,0,0,0,0,0,0,-4756,-4060,3923,0,0,5099,0,0,-4822,0,0,0,0,-4405,0,0,-4654,0,0
84248345,Team0,0,3948,-4282,0,4451,4896,0,0,0,-5109,0,0,4780,0,0,0,0,0,0,0,-5319,-3348,0,0,0,3749,0,0,0,0,0,0,3589,0,-3734,-3954,0,0,0
84248380,Team0,0,3561,0,0,4088,0,-3471,0,0,-4364,0,0,0,0,0,-3659,0,0,0,0,0,0,0,0,-3653,0,3717,-4904,3807,0,0,0,-3355,3918,4126,0,0,0,0
84248386,Team1,0,4078,3270,0,0,0,-4740,0,3488,0,0,-4854,0,0,0,0,4495,0,0,0,0,0,0,0,0,0,0,0,0,5201,0,0,-3947,-4788,4140,-3878,0,-3439,0
84248405,Team0,0,0,0,3926,0,0,0,0,0,4141,0,0,-4462,0,3679,-3800,0,3489,0,-3686,0,4938,0,3542,-4365,0,0,0,-3710,0,0,0,0,-4355,0,0,0,0,0
84033055,Team1,0,0,0,0,0,0,0,0,0,0,0,-4011,0,0,0,0,0,-3336,0,0,4550,0,0,0,0,0,0,0,0,0,0,0,0,0,0,-4006,0,0,0
84033057,Team1,0,3433,0,0,3295,0,0,0,0,-3868,-4388,-4203,0,0,0,-4225,0,-3699,0,0,0,-3132,3560,0,0,0,0,0,0,0,0,0,3792,0,3538,0,0,3946,0
84033073,Team0,0,0,-3454,0,0,0,4473,0,3610,-4358,0,4057,0,0,0,0,-4833,0,0,0,-4384,0,0,-5473,0,0,0,-4901,3894,0,0,0,0,3949,0,4540,0,0,0
84033080,Team0,0,-3286,0,0,0,0,0,0,0,0,0,0,-4195,0,-2740,0,0,4783,0,-3956,4077,0,0,0,-4326,0,0,0,3263,5030,0,0,4279,0,3714,-3638,0,0,0
84033112,Team0,0,0,0,0,0,3212,-5513,0,0,0,4401,4172,3836,-4429,0,-3850,0,0,0,4768,0,0,0,0,0,4518,0,0,-3432,0,-3964,0,0,0,0,-4415,0,0,0
84033235,Team0,0,4074,0,-4126,0,0,0,0,0,0,0,0,0,4622,0,0,0,0,0,-5948,-4289,0,0,4044,0,0,3906,0,3989,0,0,-3903,0,3878,0,-4108,0,0,-4013
84033237,Team0,0,0,0,0,0,0,-4162,0,0,0,3371,0,0,3365,-3657,4429,-4026,0,0,3813,4842,0,0,0,0,-3817,0,3629,-4007,0,0,0,0,0,0,0,0,0,-4220
84033250,Team1,0,0,-3652,-3648,3119,0,0,0,-3457,0,0,0,0,0,0,0,-3294,3910,0,0,0,0,0,0,0,-3633,0,3791,0,0,3767,3628,-3968,0,0,0,4574,0,0
84033263,Team1,0,0,0,0,-4420,0,0,0,0,-4173,0,3856,0,-4149,0,-4407,3852,3786,2845,0,0,-3971,0,0,0,0,0,0,0,-4400,0,3628,0,0,0,0,0,0,4174
84181803,Team0,0,0,0,3751,0,3565,0,-5065,0,0,0,0,-3961,0,0,0,0,3536,0,-3769,-4380,0,0,0,0,3717,0,0,0,-4106,0,0,3890,0,3458,0,0,0,-3934
84181804,Team0,0,0,0,0,0,-3325,0,0,4509,-3406,3853,-4086,0,0,4492,0,0,0,0,0,0,0,0,4010,0,0,0,0,-3444,4625,0,0,0,0,-3567,-3770,0,4350,0
84181871,Team1,0,0,3477,0,0,-4229,0,0,5187,0,0,0,0,0,0,3964,0,0,0,0,0,0,-3912,-3875,0,0,0,-4227,-3921,0,3966,0,0,4268,4900,0,0,-3957,0
84181898,Team0,0,4153,-3426,0,0,-3616,0,0,0,0,0,3431,-4027,0,0,-4703,0,0,0,0,0,0,2938,0,3541,0,0,0,-3847,-3565,4505,0,0,0,4125,0,0,0,0
84182018,Team1,0,0,3122,-4471,0,0,4232,0,0,-3800,0,0,0,-4387,5716,3706,0,0,4013,0,-4908,0,0,0,0,0,0,0,-3337,0,0,0,0,0,4465,0,0,0,-3926
84182024,Team1,0,0,0,0,0,0,0,0,0,0,-3654,4076,0,3480,0,-4328,0,0,3262,0,-4179,-5400,0,5122,0,0,0,0,-3973,-4024,4306,0,0,0,0,0,0,0,3404
84152732,Team1,0,3848,0,4537,0,3304,0,0,0,0,0,4567,0,-4788,0,4587,0,0,0,0,-3393,-3481,0,0,0,0,0,0,-5293,0,0,0,0,3707,-4572,0,0,-4804,0
84152781,Team1,0,0,0,0,0,0,0,-4012,0,0,0,4178,0,3886,-4268,0,0,0,3432,4742,3871,0,0,0,-3415,0,0,0,3778,-4324,0,0,0,0,-3700,0,0,-3273,0
84152847,Team1,0,0,0,-4111,0,-4413,4201,0,0,0,2879,0,0,0,4091,0,-3562,0,0,0,0,0,4396,0,0,0,0,0,-4000,3716,0,0,0,0,-4091,0,-3959,0,3814
84152903,Team0,0,5339,-4048,0,0,4164,0,0,0,0,4705,4413,0,5091,0,5146,-3384,0,0,0,-3779,0,0,0,0,0,0,0,-2780,0,0,0,0,0,0,-3159,-3358,0,0
84367089,Team0,0,3179,0,-3644,0,-4267,-3883,0,0,4362,0,0,0,-3389,0,4126,0,4320,0,0,0,0,-4924,0,0,-3516,3368,0,0,3552,0,0,0,0,0,0,0,0,0
84367125,Team1,0,-4015,0,0,0,0,0,3606,0,3472,-4300,0,0,0,0,-4473,0,0,0,0,0,0,0,0,0,0,0,0,3455,-4396,3500,0,3725,-4171,-4130,0,0,0,3589
84367133,Team1,0,0,-4023,0,0,-3378,3975,0,3570,0,0,-3844,-3958,4014,0,0,-3196,0,0,0,0,0,0,4089,4211,0,0,0,0,0,0,0,0,0,0,0,3774,0,-3585
84367172,Team1,0,0,0,3602,0,0,0,0,0,0,3964,3466,0,0,0,0,4697,-3374,0,0,0,0,0,0,4465,-3643,-3886,0,0,4248,0,0,0,0,-3565,0,0,-3107,-4459
84367173,Team1,0,0,0,0,0,-4511,-3592,-3648,3702,0,0,0,0,-4099,0,0,0,0,0,0,-3453,0,0,3673,0,0,0,0,0,3645,3371,0,4322,0,-4688,0,0,3267,0
84367193,Team1,0,0,0,0,-3613,-3925,0,0,4015,-3796,3938,0,3698,0,0,-3342,0,3753,0,0,0,3748,0,0,0,0,0,0,-3363,4799,0,0,0,0,-4697,0,0,0,0
84367208,Team0,0,0,-3997,0,0,-3516,0,0,0,0,0,0,0,0,0,0,0,-3673,0,0,0,0,0,0,-3370,0,-3375,4170,0,3428,4375,-3329,0,3753,3838,0,3426,0,0
84367229,Team1,0,-3958,0,-4397,0,3787,0,0,0,0,3647,0,0,0,3648,4193,0,-4857,-3989,0,0,0,0,5086,0,5007,0,0,0,0,0,0,-3749,0,0,0,0,-4590,0
84367232,Team0,0,0,0,-4398,0,0,0,0,0,4146,0,0,0,0,4719,0,0,3955,0,0,-3347,0,0,3713,0,4496,0,0,-3118,0,0,-3444,4670,-3908,0,0,0,0,-3755
84122813,Team0,0,0,0,0,-3433,0,0,0,0,0,0,0,0,0,0,3517,0,3568,-3608,0,-3931,0,-3435,0,3663,0,0,0,-3627,0,4074,3647,-3590,0,0,0,4087,0,0
84122867,Team1,0,0,-3561,0,0,-4003,-4506,0,0,-4032,0,0,0,0,-4132,0,0,0,-3912,4573,4270,4005,0,0,0,0,0,0,3521,3640,0,0,0,0,0,0,3626,0,0
84122871,Team0,0,3951,0,0,0,0,-3396,-3768,0,0,0,0,0,0,-3089,0,4758,0,-2694,0,-3523,0,0,4501,0,0,0,3715,0,0,0,0,0,0,3917,0,0,4748,-3557
84122943,Team1,0,0,0,0,-2980,2985,0,0,0,-3581,0,3559,-4092,0,0,-4380,0,0,0,0,2995,0,0,0,0,0,0,0,0,-4057,0,0,0,0,3697,4566,4228,-3838,0
84123018,Team1,0,0,0,0,0,-3421,0,0,0,0,0,0,3749,0,0,0,0,0,3639,3629,3426,3751,-3153,-4713,3313,0,0,-3947,-4527,0,0,0,0,0,0,0,0,-3853,0
84123034,Team0,0,-4989,0,0,0,0,0,0,0,0,0,0,-4450,4551,0,-4285,0,3967,0,4670,-4182,-4037,0,4131,0,0,3324,0,0,0,-3573,0,0,0,4598,0,0,0,0
84123046,Team0,0,-4997,-3832,0,0,-3638,0,0,-4187,0,3577,0,0,0,-3765,0,0,0,0,0,4129,4208,0,0,0,0,0,0,4315,3620,0,0,0,0,3332,-3880,0,0,0
84123061,Team1,0,0,-3713,0,-4501,0,0,-3671,0,0,0,4310,0,0,3923,0,0,0,0,4513,0,-4137,0,0,0,0,0,0,0,0,-4194,0,-3085,0,0,3725,4590,5362,0
84398338,Team0,0,-3806,3886,0,0,0,0,0,0,0,0,3997,0,0,0,0,3745,0,0,0,0,-5519,0,0,0,0,0,-4151,0,0,0,0,0,-3506,0,0,0,0,0
84278538,Team0,0,0,0,0,0,-4272,-3799,0,0,0,0,-3403,0,4119,0,0,-4318,5022,0,0,0,0,0,0,0,0,-3924,4319,-4775,4578,0,0,3244,0,0,0,4448,0,0
84278628,Team1,0,0,0,0,-3990,0,-4199,3397,3675,-3905,0,0,0,-4826,0,0,0,0,0,0,0,4050,0,0,0,0,0,0,0,4737,4574,0,0,0,-3843,3423,0,0,-4528
84278682,Team0,0,3612,0,0,0,4052,0,0,3085,0,0,3603,0,0,0,-3190,0,0,0,-3878,-3351,0,0,0,0,0,0,0,-3432,0,0,0,-4090,4324,3183,0,0,-4554,0
84278686,Team0,0,0,3905,0,0,0,0,0,0,0,0,0,0,-3849,-4442,-3477,0,0,0,-4252,3673,3898,0,0,0,0,0,0,4934,0,0,4142,0,0,-3365,0,0,-4268,3657
84278688,Team1,0,-4263,-4423,0,0,-3642,0,0,0,0,-3631,-3769,0,-4629,0,3633,0,0,0,4405,4142,0,0,0,5665,0,0,0,0,0,0,0,0,0,0,4844,3791,0,0
84430308,Team0,0,4652,3272,0,0,0,0,-4368,0,0,0,0,3566,0,0,0,0,3410,0,0,-4337,-3602,3990,0,4526,0,0,-3709,0,0,-3101,0,0,0,0,0,-3727,0,0
84094517,Team1,0,-3889,-4496,0,0,4652,3825,0,0,-4003,0,0,0,-4347,0,3845,5571,0,3021,0,-4131,0,0,0,0,0,0,0,3837,0,0,0,0,0,-3735,0,0,0,0
84094541,Team1,0,0,0,0,-3504,-3794,0,0,4227,0,0,0,0,0,0,-3849,0,0,0,0,-4416,-4516,0,4369,0,0,0,4084,3397,0,3320,-4674,0,4183,0,0,0,0,0
84094576,Team1,0,0,4136,0,0,0,3830,0,0,0,0,-3806,-4748,0,0,0,0,0,0,0,-3623,3111,0,3489,0,0,0,0,4082,0,-3334,4075,0,0,-3994,0,0,-3819,0
84094579,Team0,0,0,0,0,0,0,0,3948,-3712,0,0,0,0,3695,0,0,0,0,0,3912,0,-3390,0,0,-4800,0,0,0,-5008,-5181,-4120,0,0,0,2730,0,0,3767,3758
84094600,Team0,0,-4573,0,0,4058,-2992,-4038,0,0,0,3979,3824,0,-4367,0,0,0,0,0,0,2910,0,0,-3511,0,0,0,0,3546,0,0,0,0,0,3937,0,-4315,0,0
84309092,Team1,0,0,3656,0,0,0,0,0,3921,0,0,4902,-3513,4741,0,0,0,0,0,0,-3415,0,3968,0,0,0,0,0,0,-3907,0,-4661,0,4335,0,0,0,-3673,-2973
84309110,Team1,0,4767,-4431,-3812,0,4060,0,-4170,0,3933,0,0,0,0,0,0,-3645,0,0,0,3223,5063,0,0,4212,0,0,-4807,0,-3923,0,0,0,0,0,0,0,0,0
84309121,Team0,0,0,0,0,-3473,0,3286,0,4416,0,0,0,0,-4006,0,0,0,4264,4002,-3584,0,0,0,0,-4344,0,-3860,0,0,0,0,0,0,0,4390,0,-4500,3038,0
84309199,Team1,0,4033,0,0,0,0,0,-4364,-4456,0,4192,0,0,0,0,3803,0,0,0,4311,4757,4445,0,0,0,0,0,-3602,-4843,0,-4635,0,0,0,0,0,0,-3733,0
84309203,Team1,0,4034,0,0,0,-3149,0,-3527,3316,3188,0,-4367,0,0,4066,0,0,0,0,-3203,0,0,0,0,-4380,0,0,0,0,3787,0,0,0,0,-3478,3864,0,0,0
84309219,Team1,0,0,0,4418,0,-5614,0,0,0,0,0,3153,0,0,0,-3683,0,0,0,5337,3830,-3566,0,0,-3788,-3894,4491,0,0,0,0,0,0,4944,0,-4119,0,0,0
84309220,Team0,0,0,0,-4493,-4631,0,3667,0,0,0,0,-3809,0,0,0,3980,-3738,0,3850,0,-3627,0,0,0,0,0,-3933,0,0,3670,0,0,0,0,3976,0,0,0,3648
84309233,Team0,0,0,0,-3808,0,3507,0,0,3667,4648,0,3494,0,0,0,-4222,0,0,0,0,4227,0,0,0,-4889,0,0,3857,0,0,-3436,0,-3224,-4323,0,0,0,0,0
84309262,Team0,0,0,0,0,0,0,-4559,-3570,0,3066,0,4177,0,0,0,0,-4439,0,0,0,-3550,4074,0,4359,0,0,0,-3520,-5195,3631,0,0,0,3461,0,0,0,0,0
84309315,Team1,0,0,4000,0,0,3900,0,0,0,0,4298,0,-3455,0,0,0,0,-4143,-3890,-4241,0,4022,0,5079,-3856,0,0,0,0,5014,0,0,0,0,-3985,0,0,0,0
84309333,Team1,0,0,3822,-3828,0,0,4439,3534,0,0,0,0,0,0,0,3768,-4638,0,-3612,0,-3833,0,0,0,-3537,-4128,0,0,3994,0,0,0,4267,0,0,0,0,0,0
84498694,Team0,0,-4405,4474,0,0,0,3836,0,0,0,3697,0,0,5001,0,0,0,0,0,-4015,0,-3592,0,0,0,0,0,0,0,0,0,0,0,-3779,-5046,0,-3575,3607,3991
84498728,Team1,0,0,0,0,0,0,4915,0,0,0,-5723,-4246,0,0,0,0,-4353,0,0,3544,3057,-4606,0,0,-4838,0,0,0,0,-5514,0,0,0,3978,4324,0,3512,0,0
84498732,Team0,0,0,0,0,0,0,0,3842,0,0,0,0,0,4708,0,0,0,0,0,0,-3806,-3342,0,-3752,0,4024,3885,0,-3470,0,3769,-3418,0,-3980,0,0,0,4608,0
84498865,Team0,0,0,-3957,3094,-5011,4172,3315,0,0,3713,0,0,0,0,0,3874,0,-3423,0,0,3976,-4270,-4466,0,0,0,0,0,0,0,0,0,0,0,0,0,-5613,0,0
84499051,Team1,0,0,-3347,0,0,-3698,0,0,0,0,5899,3246,0,0,0,0,0,0,0,0,0,0,4948,-3808,0,0,0,4530,0,-5325,0,0,0,4669,0,0,-2605,-5486,4191
84248441,Team0,0,0,2812,3142,0,3889,0,0,0,0,0,-4572,4018,0,0,0,-3868,0,3437,0,-4487,-4222,0,0,-4048,0,0,0,0,0,0,0,0,4173,0,0,-3644,0,0
84248552,Team1,0,0,0,0,0,3975,4221,4415,0,0,0,0,0,0,-3468,0,0,0,0,-3884,-4271,3442,3895,0,0,0,0,0,3843,-4177,0,-4148,0,0,-3911,0,0,0,0
84248553,Team0,0,4655,0,0,0,4133,0,-3877,0,0,0,0,0,3825,0,0,0,0,0,-3567,0,-4512,0,4016,3778,0,0,0,-4111,-3691,0,0,0,0,0,0,4405,0,-3883
84248586,Team0,0,0,3390,0,4744,3682,0,-3849,0,-3437,3530,-4106,0,-4294,0,0,0,0,0,0,-3688,0,0,0,0,0,3572,3737,0,0,0,0,0,0,0,0,0,0,-3416
84248638,Team0,0,0,0,0,0,3541,4476,0,0,0,0,3892,0,0,0,-3604,0,4450,-4197,0,-4748,0,3332,-3447,-3627,0,0,0,0,0,-4271,0,0,0,4008,0,0,0,0
84033310,Team1,0,0,0,0,0,0,0,0,-3721,-4416,0,3423,0,0,-3711,-4111,4782,0,0,4761,5237,0,0,0,0,0,0,4612,0,-5213,0,0,0,-4177,0,0,4181,0,0
84033379,Team0,0,0,-4337,0,0,0,3965,0,-3397,0,-3817,-3384,0,0,0,0,3430,-4071,0,0,-3824,0,0,0,0,0,0,0,4025,4321,0,0,0,0,0,3712,3701,0,0
84033422,Team0,0,3695,4200,5078,0,4012,-4147,0,0,-3318,0,0,-5003,4783,0,0,0,-3982,0,0,0,4238,0,0,0,0,0,0,-4366,0,0,0,0,0,0,0,0,0,-4032
84033435,Team1,0,0,0,3784,0,0,0,0,-3524,-4005,3653,0,0,0,-4617,0,0,0,0,0,0,3562,0,-3477,0,0,0,3653,0,-3699,0,0,0,0,3096,-4229,0,0,3458
84033436,Team1,0,0,3963,0,-3994,0,0,0,-4244,0,-3755,0,0,3686,0,-3398,0,3801,0,4219,0,0,0,4330,0,0,0,-4222,0,0,-4387,0,0,0,0,0,4313,0,0
84531592,Team0,0,0,0,0,0,0,0,0,0,0,0,0,0,0,0,0,3800,0,0,0,0,0,0,0,0,0,0,0,0,0,0,0,0,0,0,0,0,0,0
84563371,Team0,0,0,0,0,0,0,4648,-3627,0,0,4531,0,0,-3246,0,4659,0,0,0,0,3877,-2866,0,0,0,-4314,0,0,0,0,0,0,4318,4490,0,0,0,-3376,-4038
84182026,Team1,0,-4044,-4894,0,0,-3740,4064,4104,0,0,0,0,0,0,-3785,0,5634,3624,0,0,0,0,0,3541,-4242,0,0,5349,0,0,0,-3167,0,0,0,0,0,0,0
84182035,Team1,0,0,0,0,0,0,4331,0,0,0,0,-3797,0,0,0,0,0,0,0,0,3720,-3900,-3919,0,0,-3752,0,3955,3732,0,0,3049,0,-4264,3225,0,0,0,-3367
84182042,Team1,0,0,-4674,0,0,-4177,3389,0,3633,0,0,0,0,4027,0,0,0,4078,0,0,3860,-4962,-4844,-4437,0,0,0,0,-4242,0,0,4751,0,0,0,0,0,0,0
84182056,Team1,0,-3000,0,-4857,0,0,0,0,-3913,0,0,0,0,0,0,4195,0,-4765,0,3938,0,2957,0,0,4118,0,0,0,0,0,0,0,0,4150,-4811,0,4685,-4380,0
84182061,Team1,0,0,3220,0,0,-4275,0,-3520,0,0,3805,0,0,-4083,5644,-3896,0,0,0,0,0,0,0,0,0,0,0,4527,-4221,-4104,0,0,0,4160,0,0,0,0,5085
84182102,Team0,0,-4220,5805,0,0,-4388,0,4682,4194,0,0,0,0,-5134,0,-4281,0,0,0,0,0,0,0,0,0,0,0,3953,-4817,0,0,0,0,0,-4093,0,3614,0,6240
84182117,Team1,0,-4881,0,0,0,4499,4894,0,0,0,3361,4462,0,0,-4419,0,0,0,0,-4370,4027,0,-3846,0,0,-3679,0,0,0,0,0,0,-3168,0,4067,0,0,0,0
84182139,Team1,0,0,4425,0,0,0,-4626,0,0,-4588,0,0,0,-4338,0,3411,0,3768,0,0,-3767,0,0,0,0,0,3893,0,0,-4531,3655,0,0,0,-4837,3532,0,0,0
84182245,Team0,0,0,3919,0,0,0,0,0,0,0,0,0,0,0,0,0,0,-4037,0,0,4411,-3532,5100,6034,0,0,0,5092,-4677,-5403,0,-3245,0,3269,0,0,0,0,-3865
84215342,Team1,0,0,0,0,0,-3873,0,0,0,0,0,0,0,0,0,0,0,0,0,0,4122,4090,0,0,0,0,0,0,0,0,0,0,0,-3377,0,0,0,4609,0
84338190,Team1,0,0,0,4564,0,0,0,0,0,4002,0,4742,0,4267,0,0,0,0,0,-4343,0,-4160,0,0,-3603,0,-3559,0,0,0,-3661,0,0,4385,0,0,-4020,0,3839
84338251,Team1,0,4297,0,-4340,0,-4113,0,0,0,0,0,3321,0,-4751,0,3508,2854,0,3878,4393,0,0,0,-4101,0,0,0,0,0,0,-3436,0,0,0,0,0,-3963,0,0
84338297,Team1,0,0,0,0,0,3792,-3708,0,0,0,0,3813,0,0,0,3335,0,-3566,0,3209,0,0,3619,0,0,3224,0,-4492,-3839,0,0,-3780,0,-4025,0,0,0,0,0
84338332,Team0,0,-3634,0,0,0,-3699,0,0,0,0,0,0,0,4315,-3148,3420,0,3772,-4144,0,0,0,0,0,0,3776,0,5082,-4791,0,0,0,0,0,-5988,0,3157,0,0
84338351,Team1,0,0,-3670,0,4980,-3713,3493,0,0,0,4286,0,0,3899,0,0,0,-3641,0,0,0,0,0,0,0,0,4003,0,0,0,0,0,-3397,0,0,4003,-3549,0,-3552
84338374,Team1,0,0,0,0,0,-4054,-4351,0,0,0,1641,3474,0,0,0,0,0,4134,4924,-3821,0,4113,0,-3883,0,0,0,0,0,0,0,0,0,0,3473,0,-4485,0,-3462
84152735,Team1,0,0,0,4579,0,-3907,0,0,0,3628,0,3717,0,0,-5155,-3180,3636,0,0,-3883,3844,0,0,0,0,0,0,0,-3570,3832,0,0,0,0,0,0,-3112,0,0
84593177,Team1,0,-5075,0,0,0,0,0,0,0,0,-5849,-5138,0,0,2556,0,0,4148,0,-5852,-4578,0,0,4601,0,0,-5119,0,0,0,0,3728,0,3813,4013,0,0,0,0
84624381,Team1,0,0,0,0,3577,0,0,-3354,0,4858,0,-4211,0,3623,0,0,-3630,0,0,0,-3426,0,0,0,0,0,0,0,5308,0,0,3658,0,0,0,3858,-3721,0,-3833
84624442,Team1,0,0,4488,0,0,-4138,-5118,3702,0,0,0,0,0,4365,0,4594,0,-3716,0,0,3886,0,0,0,0,0,0,0,-4145,0,0,0,-4709,0,0,0,-4577,4730,0
84624468,Team1,0,0,0,0,0,0,0,3145,-4052,-4351,0,-3324,-4853,3778,0,0,0,-3369,0,-3443,4419,4232,0,0,0,3441,0,0,0,0,0,0,0,0,0,0,0,0,4088
84624503,Team0,0,-4078,3908,3935,0,4235,0,0,0,0,0,0,0,4333,0,-5337,-3173,0,0,0,-3977,-5074,0,0,0,-3827,0,0,0,0,0,0,0,0,3283,0,0,4791,0
84122452,Team1,0,0,3466,0,0,-3828,0,0,0,0,4449,-3451,0,4332,-6069,0,0,0,0,0,3551,4276,-3625,0,0,0,0,0,3753,-4035,0,0,0,0,-3226,0,0,0,0
84122765,Team1,0,0,-3828,3692,0,4137,0,0,-3567,0,0,0,0,-3347,0,0,0,-3388,0,0,3419,0,-3527,0,0,0,0,4153,-3778,0,0,0,0,0,0,0,3965,3614,0
84063841,Team0,0,0,3526,0,0,-4231,0,0,0,0,4026,-5111,0,-3781,0,4003,3776,0,0,-4311,0,-4653,0,0,0,0,0,0,3680,0,0,0,0,0,0,0,-4451,0,3630
84063854,Team1,0,0,0,-3416,0,3784,3694,0,-3815,0,0,3577,0,0,0,0,0,-3622,0,0,0,4023,3850,0,4121,0,0,-3560,0,0,0,0,0,-3781,0,0,0,0,-3681
84063861,Team0,0,0,3651,0,4046,0,0,0,0,0,0,3568,0,0,0,-3230,0,3761,0,-4150,0,-3765,3929,0,0,0,3716,0,-4397,0,0,0,0,0,0,-3588,0,-3666,0
84063863,Team0,0,-3804,0,0,0,0,0,0,0,4047,0,4201,0,0,0,0,-3393,3658,0,0,0,3569,0,0,-3879,0,-3645,-3803,0,-4635,0,0,0,0,4048,0,0,0,4328
84063924,Team0,0,0,4179,0,0,0,0,0,3019,-4273,0,0,0,0,3990,0,0,3578,0,0,-4833,0,4651,0,-4352,0,0,0,4525,-3954,0,-4264,0,0,0,-4516,0,0,0
84063928,Team0,0,-3635,0,0,0,3928,0,0,0,0,-3984,-3768,0,0,-4999,0,-3811,0,0,3064,0,-4293,0,3658,0,0,0,4010,0,0,0,0,0,0,0,0,3932,3515,0
84398093,Team0,0,4987,0,0,0,0,3945,3862,-3878,4661,0,-4747,0,0,0,3958,0,-3949,0,0,0,0,0,0,0,0,0,0,0,0,4135,0,0,-5513,-3980,0,-4185,0,0
84398108,Team1,0,3964,4417,0,0,4020,0,-5382,-3567,0,0,4625,3887,-4260,0,0,0,0,0,0,0,-3969,0,0,0,0,0,0,0,-4045,-4872,0,0,3695,0,0,0,0,0
84398123,Team1,0,0,0,-4632,3847,0,0,0,0,3564,0,0,0,3965,0,0,0,3916,0,-3699,-3676,0,0,0,0,0,4229,3568,0,0,-3552,0,0,0,-3423,0,-3558,0,0
84398138,Team1,0,0,-4239,0,0,-3964,4740,0,0,0,0,4111,0,-3627,0,0,4137,3982,0,0,0,0,3280,0,-3911,0,0,3979,-4438,0,0,0,0,0,-3699,0,0,0,0
84398141,Team1,0,0,-3532,0,3647,0,0,0,4072,3933,-3609,0,0,-3673,0,0,0,0,0,0,3226,0,0,0,0,3462,0,0,0,0,0,0,3899,0,-3197,0,0,-5104,-3417
84398216,Team0,0,0,-3717,0,0,0,3402,0,0,0,-3658,4226,0,3657,-3710,0,0,0,3600,0,0,0,0,0,3917,-3832,0,0,0,0,0,0,-3881,-4528,3892,0,0,0,0
84398217,Team0,0,0,0,0,0,-4029,-4047,0,3730,0,0,0,0,0,4509,0,0,0,-3550,-3523,3253,0,-4388,-3887,0,0,0,0,0,4566,0,0,0,0,3911,0,3772,0,0
84398281,Team0,0,3641,4451,3447,-3389,3721,0,0,-4553,0,0,0,0,0,0,0,0,0,-4180,0,3060,0,-3611,0,-4057,0,0,0,0,0,0,0,0,0,0,0,3941,-3520,0
84398304,Team0,0,0,0,0,0,4202,0,-4128,0,0,4854,-3926,3196,0,0,0,-2725,0,0,0,-4063,0,0,0,0,4263,0,0,4166,-3915,0,0,0,0,-4718,0,0,0,3603
84278703,Team0,0,0,5977,0,0,0,-2865,0,0,0,0,0,0,5629,0,4520,0,3987,0,0,0,0,-3587,0,0,0,0,0,-3603,0,4542,4427,0,-4958,-4568,0,0,0,-4361
84278717,Team0,0,5498,0,0,4899,0,0,0,4417,0,0,0,0,5245,-3550,0,-4280,0,0,0,0,0,0,0,0,-3712,0,-4024,0,0,-3247,0,0,0,4761,0,-3194,3739,0
84278782,Team1,0,3401,0,0,0,-4583,0,0,-3523,0,0,-4441,0,4467,0,0,0,0,0,0,-4753,0,0,2842,0,0,0,0,0,0,0,0,0,5150,-4211,0,3111,-4103,4500
84278856,Team0,0,4093,0,0,0,0,-2992,0,-4670,0,0,0,0,0,0,0,0,-4193,0,0,4506,-3717,-3933,3513,3496,-3932,0,0,0,0,0,0,4373,0,0,0,0,4018,0
84278878,Team1,0,0,-4482,0,3909,-4490,0,0,0,0,-4479,-4843,0,0,0,-4412,0,0,3415,0,3342,0,0,0,0,0,0,0,0,0,0,0,0,0,3210,0,4212,-3691,3372
84278896,Team1,0,0,0,0,0,-3857,0,0,-3603,0,0,-4164,4375,0,0,0,0,-3755,3563,0,0,3734,0,-4483,4506,0,0,0,0,0,0,0,0,3787,-4352,0,0,0,3755
84278958,Team0,0,0,3806,0,0,-3566,-4375,-4025,0,0,0,4007,0,0,0,-3582,4507,-3515,0,0,0,4371,0,0,0,0,0,-3621,5044,0,0,0,0,0,0,0,0,4430,0
84687531,Team0,0,-4359,0,4151,0,0,0,0,0,3728,0,0,0,-4327,5679,4180,0,0,0,0,0,0,0,0,-3899,0,0,0,-3197,5851,0,0,0,3590,-4757,0,0,-4912,0
84687596,Team0,0,0,-3911,0,4151,0,0,0,0,0,-5002,-5129,0,0,-5167,0,-4673,0,0,3496,3232,0,0,0,0,0,0,0,4758,0,0,4387,4051,0,-5275,0,0,0,0
84687616,Team1,0,0,0,0,-3860,0,4777,0,4210,0,0,0,-5091,0,0,4027,0,4242,0,0,-3458,0,0,0,0,0,0,-4094,0,0,-4925,0,0,0,0,3481,-3679,4651,0
84687617,Team1,0,0,4614,0,0,0,0,0,0,0,0,0,3618,0,0,0,0,-3631,0,-4044,0,3302,0,0,0,0,0,0,4141,-4604,0,0,-4440,4314,0,0,-4206,4429,-4737
84687642,Team1,0,0,0,0,0,0,3402,0,0,-3941,0,-4212,0,-3402,0,0,4224,0,0,0,3162,-3592,0,0,-3975,0,0,4452,0,0,0,0,0,-4429,0,0,3682,5389,0
84687662,Team0,0,-3818,0,0,0,0,3809,0,-4265,0,0,0,0,0,-4085,0,0,3241,-4240,0,-3742,0,0,4290,0,0,0,0,-4219,0,0,0,0,4242,3703,0,3801,0,0
84687674,Team0,0,-3954,3823,0,0,0,0,0,4633,0,0,-3887,0,0,0,0,-3708,0,-3477,0,3685,0,0,0,0,0,0,0,0,4501,4629,0,0,0,-3949,0,3721,-3276,0
84687685,Team0,0,-4123,0,0,-5027,0,0,0,0,0,0,5561,0,0,3260,4317,0,0,0,0,-4393,-4225,0,0,0,0,0,0,-4803,5089,0,0,-4643,0,5272,0,6195,0,0
84687686,Team1,0,0,-5111,-5051,0,0,4262,0,0,4322,0,0,0,0,0,-4142,-3447,3197,0,0,3163,0,0,-3742,0,0,3898,0,0,0,0,0,0,-3771,4798,0,0,0,0
84687696,Team0,0,0,0,4066,-4090,0,0,0,-3636,0,0,0,0,-3518,0,3744,3226,4620,4331,-3678,-3189,0,0,5032,0,0,0,0,0,0,0,0,0,0,0,0,-4100,0,0
84687700,Team0,0,0,3560,0,0,-3363,0,0,3892,0,0,-3844,0,4425,0,-5128,0,-3106,0,-4001,4753,0,0,0,0,0,0,0,3861,0,0,-3537,0,0,0,0,0,4557,0
84687712,Team1,0,0,-3779,0,3756,0,-4119,0,0,0,-3708,0,0,-4492,-3468,0,0,3851,0,0,-4116,3530,3771,0,0,0,4202,3470,0,0,0,0,0,0,0,0,0,0,0
84687805,Team0,0,0,3439,0,-4466,3596,-4428,0,-4173,0,0,0,0,0,-3882,0,0,-3769,0,0,0,0,0,4817,0,0,0,0,4376,0,0,0,0,0,5295,0,-3805,4027,0
84687850,Team1,0,0,-3353,4590,-5242,-4505,0,0,0,0,0,-3894,0,3773,0,0,0,0,0,3360,4489,0,-4646,0,0,0,0,0,0,0,0,3649,0,0,-4002,0,0,0,4173
84430325,Team1,0,0,0,0,0,0,0,-3724,-4528,0,0,3786,0,0,0,-4370,3666,0,3640,-4176,-3672,0,4391,0,0,0,0,0,0,4463,0,0,0,0,0,-3345,0,0,3894
84430339,Team1,0,0,-6526,0,3749,0,0,0,0,0,-4743,0,0,0,0,-3855,0,4530,0,0,0,3680,0,0,0,0,0,0,-3703,3965,0,0,3429,-4408,0,0,4140,0,-5318
84430354,Team1,0,0,0,2801,0,0,3624,2844,0,0,0,-4084,0,0,-4812,0,4002,0,-5193,0,-4870,0,0,4724,0,0,0,0,0,0,3378,0,0,-3519,0,0,-3503,0,0
84430483,Team0,0,0,3757,0,-3738,-3643,6106,0,3699,0,0,4168,0,-4425,0,0,3141,3160,0,0,0,0,0,0,0,0,0,-6009,-3311,0,0,-3595,0,0,0,0,0,0,0
84430485,Team1,0,0,0,0,4924,0,0,0,5152,4319,0,0,5480,4660,0,0,0,3034,0,0,-3433,-3345,0,-3435,0,0,0,0,0,0,-4504,0,0,0,-3885,0,-4319,0,0
84430499,Team1,0,0,4361,0,0,0,0,0,0,-3939,0,-5815,0,3430,0,0,0,3822,-4558,0,0,3465,0,4102,-4653,0,0,0,-3763,0,0,0,0,0,0,0,0,-4835,4034
84430540,Team1,0,-3668,4060,0,0,0,0,0,-3820,0,0,0,4489,0,0,-3976,0,3745,0,0,-3502,0,3721,3471,-4594,0,0,4582,0,0,0,0,0,0,0,0,0,-3517,0
84430559,Team1,0,4567,0,0,0,4437,0,-5572,0,0,3830,4094,0,3773,0,2988,0,0,-4243,0,-5611,-4584,0,0,0,0,0,0,0,0,-3767,0,0,0,-4976,0,0,0,0
84430580,Team0,0,0,-3910,0,0,0,0,0,0,3567,0,4475,0,0,0,0,4187,-3239,0,0,4541,-4240,3626,0,0,0,0,4407,0,0,0,-3242,0,0,0,0,0,-3651,-3663
84430595,Team0,0,0,-3714,0,0,0,0,4604,0,-3881,0,0,0,0,0,0,3619,-3835,0,0,-3533,4658,0,4210,0,0,-3644,0,4401,3433,0,0,0,0,-3883,0,0,0,0
84430628,Team1,0,4456,-4203,0,0,0,0,0,3483,-4142,0,0,0,0,5361,-3632,0,3715,0,0,-3914,0,0,0,0,0,-4235,0,4021,0,0,6045,0,0,-3983,0,0,0,0
84430653,Team1,0,0,0,0,5611,-4605,0,0,0,4072,0,-4692,0,0,0,3901,-4413,0,-3605,0,0,5160,0,0,0,0,0,-3710,0,4649,0,0,0,0,-6427,0,0,0,4294
84430678,Team0,0,0,0,0,0,-3872,0,3979,3016,0,0,-4646,0,0,0,0,0,0,-3373,0,0,0,-4423,-4456,0,0,0,0,3701,4011,0,0,0,3348,4845,-4304,0,0,0
84430690,Team0,0,0,4398,0,-4549,-3558,0,0,0,-3990,0,3678,0,3414,0,0,0,0,3580,0,0,0,4560,-3825,0,0,-4709,0,0,0,3506,0,0,0,-4798,0,0,0,0
84464056,Team0,0,0,3692,0,0,0,0,0,0,0,0,0,0,0,-5001,0,-4042,3261,-4333,0,0,0,3739,4947,0,0,3451,-3827,0,-3804,0,0,0,3836,-4179,0,0,0,0
84464070,Team1,0,4212,0,0,0,0,0,0,0,0,0,-4533,0,-4081,0,0,0,0,-3548,-4552,-6033,0,5056,0,0,0,0,3857,-3726,4237,0,0,0,4059,3344,0,0,0,0
84464091,Team1,0,0,3620,0,-3834,0,0,0,-3896,-3553,3628,-3400,0,4047,0,0,0,-4345,0,3928,0,0,0,4011,3175,0,0,0,0,0,0,0,0,0,-3305,0,0,0,0
84464112,Team1,0,0,3899,-3852,0,-4195,4962,0,0,0,0,3606,0,0,0,-4783,3502,0,0,0,4029,-3323,4025,0,0,0,0,0,0,-4948,-3819,0,0,0,0,0,0,0,0
84464166,Team1,0,3174,0,0,3534,-3674,0,0,0,-4488,0,-4156,0,0,0,0,4555,0,0,0,-4938,0,0,3819,6110,0,3767,-5211,0,0,0,0,0,0,-3262,0,0,0,0
84464170,Team0,0,0,0,3472,0,0,0,0,3470,-3867,0,-4592,0,-4709,0,0,0,0,5098,0,0,4134,0,0,3609,0,0,-3873,0,4002,0,0,0,-4404,0,0,0,0,-3735
84464172,Team1,0,0,0,0,0,-3753,-3883,-3999,0,0,0,3852,0,0,0,0,3572,0,0,0,-3836,0,3602,0,3901,0,0,0,0,4372,0,-3617,0,0,3576,0,0,0,-3882
84464193,Team1,0,0,3911,0,0,0,-4241,-3825,3689,0,0,3868,0,0,0,0,0,0,0,0,-4435,0,-3915,0,-3783,0,0,0,0,0,0,0,0,4646,0,0,3711,3596,-3749
84464198,Team1,0,3209,0,0,-4290,4608,0,0,0,0,3224,4103,-3636,0,0,0,0,-3831,-3533,0,0,3927,-4240,0,0,0,0,-3571,5495,0,0,0,0,0,0,0,0,0,0
84464211,Team0,0,0,0,0,0,0,-4193,0,4406,0,0,-4073,0,2870,0,0,0,0,0,0,3904,0,0,-4758,0,3845,0,0,3845,0,0,0,0,0,0,-3603,-4064,4786,-3630
84464232,Team1,0,-3888,3869,4762,0,0,0,0,0,0,0,0,4386,-2996,0,3526,0,-4033,-3800,0,0,0,0,0,0,0,0,3838,-4780,0,0,0,0,0,-4423,0,5261,0,0
84464319,Team0,0,0,-2913,0,0,0,0,0,0,0,0,-4509,0,4584,0,0,0,0,0,0,0,0,0,0,0,0,0,4025,0,-3421,0,0,0,0,0,0,0,0,0
84723284,Team0,0,0,-3941,0,0,-3554,3816,0,0,3555,0,4873,0,4808,0,0,0,-4432,0,-3974,0,0,-3466,0,0,0,0,-4651,0,0,0,0,0,5223,0,0,0,0,3509
84723302,Team1,0,0,-3955,0,-5106,0,0,0,0,0,0,0,-3858,0,0,0,0,-4029,-4068,4089,3638,0,0,0,0,0,0,4079,3301,0,3940,3901,0,0,-3533,0,0,0,0
84723334,Team1,0,-3457,3926,3664,0,0,0,0,0,0,-4526,0,0,4036,0,0,0,5004,0,0,-4233,-4542,0,0,0,0,0,0,0,-3498,0,0,0,4388,-3384,0,3149,0,0
84723370,Team0,0,3113,0,-4722,0,-3945,0,0,0,0,0,4906,-4428,3669,0,0,0,4599,0,0,-3697,4341,0,0,0,-4882,0,0,0,-3861,0,0,0,0,4473,0,0,0,0
84723391,Team0,0,3594,0,4463,0,-4123,0,0,0,0,0,0,0,0,0,-3382,0,0,-3431,0,0,-4127,0,3950,0,-4136,0,0,0,-3577,4426,0,5318,4174,0,0,0,0,0
84723400,Team0,0,-4037,3659,0,-4012,0,0,3534,0,0,0,0,0,-3742,-3655,0,0,0,0,4813,0,0,0,0,0,0,0,0,4226,-4459,0,-3769,0,3700,3670,0,0,0,0
84723411,Team1,0,3694,-3928,0,0,0,-3692,0,5096,0,-3614,4425,0,0,0,0,-3699,0,4230,0,-4582,0,-4316,0,0,0,0,0,0,0,3836,0,0,0,0,0,4059,0,0
84723440,Team0,0,0,0,4325,0,-3946,0,0,-3175,3525,0,0,4545,0,0,0,0,3711,-3881,0,3983,-3691,0,0,-3950,0,0,0,-4419,4024,0,0,0,0,0,0,0,0,0
84723442,Team0,0,0,3099,-4275,0,-4631,-3712,0,-5077,0,0,0,0,4061,3870,0,0,-3428,0,0,0,0,0,-4244,0,0,0,0,0,0,4789,0,0,0,0,0,3555,0,4140
84723448,Team0,0,0,4633,0,3210,0,0,0,3481,0,-3386,0,0,0,0,0,0,4436,0,0,-5641,0,0,0,0,0,0,-3213,0,-4944,0,4784,-3791,0,0,0,0,0,3484
84755655,Team1,0,-3801,0,0,0,0,-4740,0,-4001,0,-3598,0,4070,0,0,0,0,3415,0,4363,-4161,3880,4154,0,0,0,0,3398,0,0,0,0,0,0,0,0,0,0,-3177
84755671,Team1,0,-4452,0,0,0,4241,-4089,-4228,0,0,0,4866,-3770,-3301,0,0,0,0,0,3844,4513,0,0,0,0,0,4291,0,0,0,0,3764,0,-3018,0,0,0,0,0
84755672,Team1,0,3507,-3820,0,0,0,0,-3339,0,0,0,3370,-3619,4120,0,0,-4040,0,0,0,0,0,0,0,0,0,0,0,-3889,4833,-4057,0,0,3761,0,0,4152,0,0
84755677,Team0,0,-3793,3723,0,0,0,0,0,-3569,0,0,-4083,0,0,3813,0,-3302,0,-3525,3351,-4225,0,0,0,4170,0,0,0,0,0,0,3985,0,3055,0,0,0,0,0
84755753,Team0,0,4714,6070,0,0,0,0,0,0,-3356,0,0,3962,5631,0,0,0,4250,4578,0,-4249,-3966,0,0,0,0,0,0,-2893,-3361,0,0,0,0,-3576,0,0,0,0
84755793,Team1,0,3825,3757,0,3076,0,-4607,0,0,0,0,0,0,0,-4852,0,-3885,0,-3803,0,0,0,0,0,0,0,0,-3593,0,-5069,0,0,0,3534,4844,0,3743,0,0
84755794,Team0,0,0,4319,0,0,0,-3804,0,0,-3470,0,-4354,0,0,0,0,3900,-3548,0,0,0,0,0,0,0,0,-3686,0,3563,4672,-3893,0,0,0,0,0,3614,0,3641
84755802,Team1,0,-3747,3535,0,0,-3897,3455,0,0,0,0,0,0,0,0,0,0,0,0,0,-3915,0,3717,0,0,0,0,0,3190,-4784,0,-3575,0,3030,-4042,3338,0,0,0
84755851,Team0,0,0,0,0,0,0,-4281,-3776,3909,0,0,0,0,0,3714,0,0,-3576,0,0,0,0,0,3746,-3987,3133,0,0,0,3995,0,0,-3156,3608,0,0,0,-3809,0
84755853,Team1,0,0,-3647,4406,0,0,3455,0,4946,0,0,0,0,3959,0,-3617,-4975,4466,0,0,3897,-3210,0,0,0,0,0,0,-4517,0,-4557,0,0,0,0,0,0,0,0
84755855,Team0,0,3952,0,3703,0,0,3859,0,0,0,4812,0,0,3330,0,-3777,0,0,-3904,0,-3805,0,0,0,0,0,0,0,0,-3809,-3892,0,0,0,-3603,0,0,3541,0
84755858,Team0,0,-3962,0,0,0,0,0,0,0,0,-3665,3374,0,3311,0,0,0,0,0,0,-4780,-4132,0,-3251,0,0,0,0,-5481,0,3220,0,0,4748,0,0,0,0,0
84094695,Team1,0,4128,0,0,0,3912,-3359,0,0,0,0,0,0,4682,-4958,3723,0,0,0,0,0,-4576,0,0,0,0,0,0,3615,0,0,0,0,-5409,3463,-3869,-3773,0,0
84094713,Team1,0,4769,0,0,4484,0,0,0,0,0,0,0,-4537,-5576,3325,0,3769,0,2601,0,0,0,0,0,0,-3607,0,0,-3079,0,0,0,0,-3822,0,-3542,4124,0,0
84094744,Team1,0,0,3586,0,-3195,3918,0,0,-4043,-4141,0,0,0,4970,0,-4123,0,0,0,0,-4324,0,0,-3844,4097,3881,0,0,0,0,0,0,0,0,0,0,4769,0,0
84094818,Team0,0,0,0,0,0,0,0,0,0,0,-3658,-3932,0,0,4392,0,0,4919,4133,0,0,-4032,0,0,0,0,0,-3737,0,4076,0,0,4170,-4760,4232,-3244,0,0,0
84094884,Team0,0,0,0,0,0,0,0,3943,0,0,-4134,0,-3855,0,0,3369,3469,-3866,0,0,0,4207,0,0,3260,3954,0,-3539,-3702,-3907,0,0,0,0,0,0,0,0,0
84094910,Team1,0,0,0,0,0,0,0,4479,0,0,0,0,0,0,-3619,0,0,0,-3963,0,4047,-3478,-3370,0,-3749,0,4549,0,0,-3844,3879,0,0,0,5065,0,0,0,3479
84094947,Team1,0,4165,0,0,-4045,-4217,0,0,-5097,0,0,3508,0,0,4134,0,4147,0,0,0,0,3745,0,0,0,4492,0,0,0,-4044,0,0,0,0,-3663,0,-3849,0,0
84094973,Team1,0,0,-3193,0,-3335,0,0,0,4403,0,0,4205,0,0,0,0,0,0,0,0,4153,3699,0,0,0,0,0,0,4059,-4003,0,0,0,0,0,0,-3650,0,0
84309382,Team0,0,0,0,-5884,0,0,4491,0,3108,-4169,0,-4682,5338,0,0,0,0,5354,0,0,-4084,-3713,0,0,0,0,0,0,0,0,3892,0,0,-4114,2311,0,0,0,0
84309452,Team0,0,0,0,0,-4458,0,-3905,0,4620,0,0,0,0,0,0,0,0,-3674,-4129,4556,3879,-3941,0,0,0,0,0,0,4477,0,0,0,-3724,0,4527,0,0,0,3458
84309506,Team1,0,0,-3652,0,0,4033,2593,0,0,0,0,0,0,-4453,-4211,0,0,-4453,0,0,4044,0,3664,0,0,-3633,0,3862,0,0,0,0,0,0,-4322,0,3869,0,0
84309531,Team0,0,0,5191,0,0,4097,0,3770,-3544,3800,0,0,0,0,-4205,0,0,0,0,-3319,0,0,-3818,5847,0,0,0,0,3321,0,0,0,0,0,-4377,0,0,-3794,0
84817341,Team1,0,0,0,0,3631,0,0,0,0,3523,0,3623,3432,-4144,0,0,0,-3420,-4080,0,0,0,0,0,0,-4061,0,-3522,0,4988,0,0,0,0,4337,0,0,0,-5281
84786945,Team0,0,0,-4266,0,0,-3373,3707,0,0,0,0,3626,0,3693,0,0,0,3542,-3506,3815,0,0,0,0,0,0,0,0,-4413,-3630,0,0,0,0,-3289,0,3673,0,0
84787030,Team0,0,0,-4217,3872,0,0,4556,0,0,3694,-3558,0,0,0,0,0,0,0,0,-3835,-2920,0,0,-3426,0,0,0,3862,0,0,0,4660,4048,0,-3760,0,0,0,0
84845384,Team1,0,-3620,3607,0,0,4217,4942,0,3651,0,0,-3810,0,0,0,0,0,4153,-3644,0,0,-3221,0,0,0,0,0,0,-4313,0,0,0,0,-3843,0,0,3435,0,0
84845406,Team0,0,0,3571,0,0,0,-3579,0,0,0,3592,3498,0,0,0,3633,3990,0,0,0,0,0,-4964,0,0,0,0,0,0,-3812,3480,0,0,-4305,0,0,-4090,0,-3579
84845422,Team1,0,0,-4078,0,0,-3105,0,-3983,0,0,0,0,0,-3905,0,0,0,0,0,0,4005,4051,0,0,0,0,0,4623,0,0,3370,0,0,0,-3542,0,3791,-4808,3790
84845426,Team1,0,0,3322,0,0,3669,0,-4069,0,4061,0,0,3592,3541,0,0,0,0,0,0,0,-3324,-3861,0,0,0,0,0,3593,-3926,0,0,0,0,0,0,0,-4490,-3687
84845450,Team0,0,-3875,5390,0,0,0,4159,0,-3864,4583,0,-3673,0,0,4678,0,0,0,0,-2981,0,0,0,-2757,0,0,0,0,0,0,0,0,-4353,3551,4637,0,0,0,0
84845515,Team1,0,0,0,0,0,0,0,0,-4000,4229,0,0,0,0,0,-3682,0,0,0,0,0,0,4064,0,0,0,0,0,3438,3703,-4871,0,0,0,-5313,3213,3486,-3893,-4275
84845570,Team0,0,0,0,0,0,0,-5497,0,3876,0,-3312,3571,-4240,0,0,0,0,3801,0,0,-3514,0,0,0,0,-3919,0,0,0,4456,0,3521,0,3664,0,0,0,-3793,0
84845576,Team1,0,-4098,4353,0,0,0,-3602,0,0,0,0,0,0,0,-4046,0,0,4626,3864,0,4256,0,0,0,0,0,3415,0,0,0,0,0,0,-4138,0,3370,-3602,-4489,0
84498883,Team0,0,0,-4352,0,0,0,0,0,0,0,0,0,0,3671,0,-3754,0,-3805,4009,0,5027,0,0,0,0,-3932,0,0,0,3972,0,0,-3856,-3436,4481,0,0,0,5307
84498931,Team0,0,-3374,0,0,0,4347,0,0,3929,0,0,0,0,3708,0,0,0,0,3723,0,0,0,-3918,0,0,0,0,-4988,5170,3549,0,0,0,-4412,-3345,0,0,-3683,0
84499032,Team0,0,-3638,0,0,0,-4025,0,0,-4557,4939,0,3684,0,-4681,0,0,0,0,3847,0,3237,3592,0,0,0,0,0,0,-3561,0,0,0,0,0,-3876,0,0,0,3605
84499050,Team1,0,0,0,0,0,0,5045,-4864,-4625,0,0,-4662,0,0,0,4327,3562,-5154,0,0,4359,0,3075,0,0,0,0,0,3976,0,0,0,0,-4336,-5236,0,0,0,0
84499281,Team0,0,0,0,0,4569,0,0,0,0,-3946,4647,4292,0,-4500,0,0,0,0,0,0,3748,-3409,0,0,-3380,0,0,0,-3606,-3745,0,0,3231,0,0,0,0,3618,0
84655699,Team1,0,0,0,0,-3720,0,0,0,-4256,0,0,0,0,0,0,3584,3971,0,0,4286,0,-4760,-4248,3548,-4254,0,0,0,-3726,3431,0,0,0,0,0,0,0,3954,0
84655842,Team0,0,0,3376,0,0,-4244,0,5517,-4070,0,0,0,0,0,0,0,0,-3834,0,0,0,0,0,0,0,-3984,4899,-3554,0,3909,4557,0,0,0,0,0,-4299,0,3152
84248681,Team1,0,0,0,0,0,0,0,0,0,0,0,0,0,0,0,0,0,-3632,0,0,0,0,0,0,0,-3395,0,0,0,0,0,0,0,0,0,0,0,0,0
84248685,Team0,0,0,0,0,-3585,0,4819,0,0,0,0,0,0,0,0,0,4140,4735,-3927,0,-5425,-3654,0,-3590,0,4906,0,4967,0,0,0,0,0,0,0,0,4407,0,-4071
84248686,Team1,0,0,0,0,0,3807,4022,0,0,-3559,0,0,0,3606,0,-4808,0,0,0,0,-4096,-3527,4262,0,3542,0,3061,0,0,0,0,0,0,0,-4326,0,0,-3403,0
84248707,Team1,0,-4356,4803,0,0,0,0,0,3901,0,0,-3463,3368,0,0,-3999,-4387,0,0,-4579,0,-4634,0,0,0,0,0,3952,0,0,3188,0,0,3770,0,0,0,0,0
84248709,Team1,0,0,-4542,0,0,4081,0,0,-4541,4126,0,3813,0,4189,0,0,0,0,0,0,-4604,3924,0,4323,0,0,0,0,-4231,0,0,0,0,-3712,-3592,0,0,0,0
84248727,Team1,0,0,0,3751,-3751,0,0,0,0,-3508,0,0,0,3401,0,4563,0,4892,4425,3718,-4147,0,0,0,0,0,-3816,0,0,-4217,0,0,0,0,-4309,0,0,0,0
84248739,Team1,0,0,0,0,0,0,-4278,4244,0,0,0,4833,0,0,0,0,-4630,-3759,0,0,3998,0,0,-3696,0,0,0,0,0,3876,3484,0,3580,0,-4106,0,-4339,0,0
84248755,Team0,0,0,0,0,0,0,6889,0,0,0,0,-4089,0,5268,5292,0,-3696,0,0,0,0,0,0,0,0,0,0,-4355,-5133,4918,-1562,0,0,4582,-4636,0,4060,0,0
84248806,Team0,0,-3003,-3777,0,0,-3733,0,0,4405,0,0,0,0,0,-4215,0,0,2688,0,3942,-4105,0,0,0,0,0,5225,0,0,3687,0,0,0,0,5273,0,-4067,0,0
84248854,Team0,0,0,0,0,-3343,0,0,0,-4218,0,0,0,0,0,0,3880,0,3816,0,0,0,-4197,-3840,-4847,-2952,4969,0,4319,0,0,0,3167,0,4826,0,0,0,0,0
84248855,Team0,0,-3399,3502,0,0,-4969,0,0,0,3600,0,-3843,3676,3614,0,0,0,3131,0,0,-3751,0,-4685,-3719,0,3506,0,0,0,0,0,0,0,0,0,0,0,0,0
84248858,Team0,0,0,3069,0,0,3300,-4179,0,-4007,3593,0,0,0,-4011,3325,0,0,-3933,4320,0,0,0,0,0,0,0,0,0,-3634,0,0,0,3539,0,0,0,0,-4407,0
84248859,Team1,0,3576,0,-4167,-4659,0,4357,0,-3431,0,0,0,0,4717,0,0,0,0,0,0,3449,-3808,0,0,0,0,0,0,0,0,-3552,0,0,4017,0,0,3468,0,-3907
84248919,Team1,0,0,-4725,0,0,-3838,0,0,3743,0,0,-4306,0,0,0,-4673,-3537,0,-3430,3462,3269,3414,0,0,0,0,0,0,3919,0,0,0,0,0,3416,0,0,0,0
84248923,Team0,0,0,-4724,0,0,4265,0,0,4096,0,0,0,0,0,0,0,-3300,-3544,0,0,0,0,4219,0,4329,0,0,0,-4288,4669,0,0,-4008,0,3624,0,-3836,0,0
84248946,Team1,0,0,0,0,0,0,3650,0,0,0,0,0,0,0,0,0,0,0,0,0,0,0,0,0,0,0,0,0,0,0,0,0,0,0,0,0,0,0,0
84033486,Team0,0,-3232,0,0,0,0,0,0,-3514,-3622,4281,-3592,0,0,0,0,0,3840,0,3585,0,0,0,0,-3337,0,0,0,0,0,0,0,0,0,0,0,0,0,0
84033547,Team1,0,4742,0,0,0,0,0,0,0,4247,0,-4388,0,3459,0,0,-2808,0,-4772,0,0,4484,0,0,0,-5056,-5013,0,3501,0,0,0,0,0,0,4355,0,-5093,0
84033648,Team0,0,0,0,0,0,0,3700,3530,-4013,0,0,0,0,4161,0,0,0,-4653,0,-4744,3554,-4492,0,0,0,0,-3559,0,-3742,0,0,0,0,0,3593,0,0,4701,0
84033685,Team0,0,0,0,0,3463,-3828,0,0,0,4426,0,0,3123,0,0,3804,3521,0,0,0,0,0,-3662,0,-3297,4161,-3846,0,0,-4080,0,0,0,0,-2905,0,0,0,0
84033703,Team1,0,3457,0,0,-4991,0,0,0,4032,0,-4680,0,0,0,0,0,0,0,0,0,3768,-5078,-3939,0,0,0,0,-3881,3739,0,0,0,0,3323,0,-4791,4366,0,0
84531524,Team1,0,0,-5266,0,0,0,-4198,3591,0,0,0,0,0,0,0,0,0,2812,0,0,-3840,3897,-3538,0,0,4504,3832,0,-3909,0,0,0,0,-3242,0,0,0,3334,0
84531551,Team1,0,4351,0,3260,0,0,0,-4135,-4114,0,0,3512,0,0,0,0,0,0,0,0,0,4638,0,0,-3948,0,0,3707,0,-4066,0,0,0,-3946,-3522,0,3505,0,0
84531660,Team1,0,0,0,0,0,5340,-4173,0,0,0,0,0,0,0,0,0,0,0,0,0,0,0,0,0,3847,-4525,-4570,0,3677,4109,-4828,2944,0,-3422,4134,0,-4445,0,0
84531745,Team1,0,3806,0,0,0,0,0,0,5281,-3600,0,0,0,0,0,-3451,0,0,0,0,-3332,-4313,0,0,0,0,0,-4358,3412,3315,-5232,0,0,3353,4568,0,0,0,0
84531756,Team1,0,0,2978,0,0,0,0,4267,-3430,0,0,-3602,0,3749,0,0,0,-3817,0,0,3990,3778,0,0,0,0,0,-3927,0,0,0,-3499,0,-3112,0,0,0,4233,0
84182324,Team1,0,-5033,4037,0,0,3578,0,0,0,0,0,0,0,0,-3535,0,0,0,-4172,0,4000,-3273,-5141,0,0,0,0,3892,-4125,0,0,0,0,0,0,4430,3940,0,0
84182351,Team0,0,3250,0,0,0,0,-4022,3732,3647,0,-4169,-4324,0,-4824,0,0,-4086,0,0,0,0,3257,0,3329,0,0,0,0,-4096,0,0,0,0,0,0,3446,0,0,0
84182408,Team0,0,0,0,0,0,0,-3198,0,0,0,0,-4076,4382,0,0,0,-4063,0,0,0,0,-4085,0,0,0,0,0,4265,-3574,3580,4164,0,0,4218,0,0,4088,-3769,0
84182443,Team0,0,0,0,0,0,0,-5209,3485,0,0,0,0,3849,0,0,0,-3516,0,-3770,4933,5002,4154,0,-4541,-4348,0,0,0,-4774,2978,0,0,0,0,0,0,0,0,0
84182520,Team1,0,4476,0,5692,0,0,-3471,0,0,0,0,0,0,0,0,0,4243,0,0,0,4174,0,-3026,-3600,-3761,4400,0,0,-3548,0,0,4123,0,-4074,0,0,0,0,0
84182521,Team0,0,0,0,0,0,0,-4102,-3303,-3839,0,0,0,0,0,4337,0,0,-4124,0,3231,-5490,4747,4058,0,3669,0,0,0,3903,-3742,0,0,0,0,0,0,0,0,0
84182552,Team1,0,0,-3173,0,3988,-4531,0,0,0,0,0,-2915,0,0,0,-4693,0,0,0,0,0,-3690,0,0,0,0,0,0,4214,5360,0,-4040,5546,3891,4516,0,0,0,0
84182554,Team1,1,0,0,-5302,0,-5011,5413,0,3633,0,0,4000,0,0,0,0,0,0,-5221,0,-6286,0,0,-5316,0,-5644,0,0,0,0,0,0,0,0,2747,0,2764,0,3791
84182555,Team0,0,-4401,0,0,0,0,0,0,-3677,0,3876,3801,0,0,0,0,3437,0,0,0,0,-3984,0,0,0,0,0,0,3549,0,-3946,0,0,0,3439,3795,-4006,0,-3600
84338489,Team1,0,0,0,0,0,0,-3815,0,0,-4248,0,-3468,0,0,4497,0,-3589,0,0,3350,-4040,0,0,0,0,0,0,0,4024,0,3690,4028,3810,0,0,0,-3713,0,0
84338492,Team0,0,0,0,0,4308,-3644,0,0,3625,0,0,0,0,0,2948,-4682,0,0,0,-4577,-5068,-3732,0,0,0,0,0,0,-3431,0,3627,0,0,0,4085,0,3004,0,0
84338566,Team0,0,3602,-4408,0,0,3771,0,4005,0,0,-3303,0,0,0,0,0,0,0,0,0,-4890,4257,0,0,3723,0,-3556,0,0,-3205,0,0,0,0,4171,0,0,-3948,0
84338616,Team1,0,0,0,0,0,0,0,0,0,0,0,0,-3120,4443,0,-4074,0,0,0,0,0,-3696,0,-4361,0,3823,0,0,3819,-3567,0,0,0,4235,0,0,3742,-3956,3946
84152978,Team1,0,0,0,0,0,-4250,0,0,0,0,0,4493,0,0,0,0,0,3610,3239,3784,-4109,0,0,0,0,-3819,4909,-4056,3311,0,0,0,0,0,0,-3737,-3929,0,0
84152979,Team1,0,-3949,0,0,0,0,0,-4114,-3614,0,0,-4106,0,0,0,0,-3476,3125,0,0,0,3631,0,0,-3805,3812,0,0,0,0,0,0,0,3784,4256,0,4115,0,0
84153022,Team1,0,0,0,0,0,-4099,0,0,4450,0,0,3867,0,0,0,0,4540,0,0,0,0,-4321,0,0,-3861,-4406,2866,3597,0,-3995,0,3926,0,0,0,0,-3192,0,0
84153055,Team0,0,0,4411,0,-3202,0,3885,0,-4004,-4296,0,0,3350,0,0,0,0,0,0,0,-4145,3627,0,-4809,0,0,0,0,2605,0,0,0,0,0,-4000,0,0,4015,0
84153095,Team0,0,-4018,0,0,0,0,0,0,0,0,0,3911,0,0,0,3981,0,3550,0,4724,0,-3720,0,0,-4073,-4177,0,0,0,-5276,0,0,0,3736,4132,0,0,-3412,0
84153101,Team0,0,0,0,0,0,0,-3560,3494,0,0,0,3864,0,0,0,0,-4532,4504,0,0,-3182,4502,0,0,0,0,3226,0,0,0,0,0,0,4405,-4071,0,-3974,0,-3167
84153103,Team1,0,0,0,0,0,0,-4767,0,3565,0,-4555,3546,0,-3604,0,0,0,0,3641,0,-3980,0,0,-3322,0,0,0,0,4242,-3989,3371,0,0,3645,0,0,0,0,0
84153166,Team1,0,0,0,0,3708,0,-5143,0,0,0,0,3763,0,-4160,0,0,0,-3851,0,0,-5691,4937,4702,0,0,0,3778,0,-4199,0,4782,-3660,0,0,0,0,0,0,0
84000019,Team0,0,0,-4989,-3947,0,0,0,0,0,5279,-3086,3775,4123,-4059,0,0,0,4198,0,4697,-4484,0,0,3185,0,0,0,0,0,0,0,0,0,0,0,0,0,0,-3798
84000115,Team0,0,0,0,-4464,0,0,0,3374,0,3592,0,0,4865,0,0,0,0,4529,0,0,-3663,-3689,0,0,-3388,0,3554,0,0,4906,-4091,-3810,0,0,0,0,0,0,0
84000118,Team1,0,4976,2688,-3108,0,-4568,-4691,0,0,0,0,0,0,0,4767,0,-3109,0,0,0,0,3188,0,0,0,0,0,-5300,-3638,0,3577,4612,0,0,0,0,0,0,0
84000125,Team0,0,-4553,3701,0,0,0,0,0,0,-3012,0,0,-4141,-4447,0,0,0,3976,0,0,-2240,0,0,0,3510,0,4218,0,-3874,0,3966,0,5409,0,0,0,0,0,0
84000195,Team0,0,0,-5201,0,-3351,0,0,0,4125,0,0,0,0,0,0,0,-3520,3807,0,4017,0,0,0,-4850,0,0,0,0,4151,-4808,0,0,0,0,4237,0,-3390,0,4302
84000214,Team1,0,3660,0,0,0,0,4527,-4017,4179,0,0,0,0,-4431,0,-3705,0,3965,0,0,0,0,4094,3862,-4027,0,0,0,-4061,0,-3853,0,0,0,0,0,0,0,0
84000226,Team1,0,-4174,0,0,0,0,0,-3850,-3807,0,0,0,0,0,-4612,3466,0,0,3520,3753,3808,0,0,0,0,0,0,0,3726,0,0,0,0,0,0,3655,0,-3945,-4097
84000248,Team1,0,0,0,0,0,0,-4638,4188,0,-4001,0,0,0,-3718,-3805,3536,0,4044,0,0,0,3606,0,0,0,4512,0,0,-3575,0,0,0,0,0,0,4478,0,0,-4710
84000262,Team0,0,0,0,0,0,4361,-4249,0,-4693,-4101,0,0,0,5204,-3309,0,0,0,0,0,0,0,0,3707,4596,0,0,0,4152,0,0,0,0,0,0,-4139,4039,0,-3405
84000265,Team1,0,0,0,0,0,0,0,0,0,0,0,0,0,3310,0,0,0,0,0,0,0,0,0,0,0,0,0,0,0,0,0,-4170,0,0,0,0,0,0,0
84215024,Team1,0,-5179,4543,0,0,0,0,0,0,3862,0,-3392,0,0,0,0,-3885,3791,0,0,-5804,0,0,4308,0,0,4137,0,0,-5769,0,0,0,0,0,3519,-5525,0,0
84215057,Team1,0,0,0,3793,0,0,0,0,0,3293,0,0,-3069,0,0,0,0,-3747,0,0,4100,0,0,0,0,3553,0,0,0,-3696,-4578,-4349,4349,5158,-3887,0,0,0,0
84215073,Team0,0,4325,0,4201,0,0,-3617,0,-3358,-4324,4623,0,0,0,0,0,0,-3160,0,0,-3745,4016,0,-3796,0,0,0,4888,0,0,0,0,0,0,0,0,3758,0,0
84215111,Team0,0,3356,-4878,0,0,0,0,-4357,0,0,0,4301,0,4518,0,-4557,-4638,-3846,0,0,3715,-3053,0,0,0,0,0,0,0,0,0,0,0,4005,0,0,3522,0,0
84215190,Team0,0,0,0,0,-3759,0,0,0,4529,0,0,0,0,-3754,4755,3598,0,0,3266,0,-3509,-3920,0,0,0,-4772,0,4729,4729,0,0,0,0,0,0,0,-3731,0,0
84367303,Team1,0,0,0,0,-3853,-3996,0,0,3571,0,-3829,0,-4313,0,0,-4649,0,0,4377,0,0,0,0,-3897,0,3425,0,0,0,0,3921,0,0,0,3520,3601,0,0,0
84367326,Team1,0,0,-4078,0,0,4223,0,0,0,0,0,0,4447,0,-3503,0,0,0,-4573,0,-4306,0,0,0,3858,0,0,0,3035,3571,0,4355,0,0,-4588,0,0,-4654,0
84367359,Team0,0,0,-4338,0,0,0,0,0,4999,0,-3411,4593,0,0,-4824,0,0,-3628,3821,3435,0,0,0,-4461,0,0,0,0,4649,0,0,0,0,4754,-4621,0,0,0,0
84367390,Team1,0,0,-5359,0,0,3449,0,3714,0,0,0,3856,0,0,0,-4256,0,0,0,5066,0,3880,0,0,0,0,0,0,-3940,3267,-3737,0,0,-3620,-4078,0,0,0,0
84367466,Team0,0,0,0,0,0,0,0,0,0,0,0,4775,0,-3418,0,4932,0,-3191,0,4585,3210,-3499,0,-3440,0,0,0,0,-3368,0,0,3916,0,0,-4094,0,3628,0,0
84367473,Team0,0,0,4432,0,0,0,0,-4459,0,3217,0,-3853,3211,0,0,0,-3587,3308,0,0,0,3414,0,0,0,0,0,-3690,0,0,0,0,0,0,-4145,0,0,3588,-4502
84367484,Team1,0,0,3564,0,0,-3928,0,0,4505,3884,0,0,0,0,0,3757,0,0,0,0,0,-4010,0,0,-3712,0,-4797,0,-3235,-5127,4538,0,0,0,0,3605,0,0,0
84367573,Team0,0,0,3866,0,0,3804,0,0,-4758,0,0,3329,0,-4307,0,0,0,0,-3795,-3425,-3757,3045,0,0,-4380,0,0,0,0,0,0,0,0,3814,0,0,5475,0,0
84593122,Team0,0,0,4507,0,0,0,0,0,4603,3521,-3804,-3518,0,-3855,4262,0,0,0,0,3920,4129,0,0,0,0,0,-4113,0,0,-3436,0,0,0,-3212,0,0,0,0,0
84593173,Team0,0,0,0,0,3576,0,0,0,0,0,0,0,0,0,0,0,0,5442,0,5596,-3360,0,0,0,0,0,0,0,-3412,-4316,0,-3624,3659,0,4200,0,3483,-4141,-3489
84593261,Team0,0,0,-3461,-3775,0,3284,4075,0,0,0,0,3890,-3952,0,0,0,0,0,0,0,-4243,3108,0,0,0,0,0,0,0,-3688,0,0,0,4368,-3489,0,3747,0,0
84593280,Team1,0,3859,-4245,0,0,0,0,0,-4130,0,-4143,0,0,0,0,0,0,4915,0,0,-3693,-3576,0,0,0,0,0,0,0,0,3836,0,3586,0,3939,0,0,-4472,3170
84593337,Team1,0,-3431,0,0,-3573,0,0,0,3349,0,-3621,0,-3230,0,0,0,0,3681,3838,-4516,0,0,3779,0,0,0,0,4365,0,4057,0,0,0,0,0,0,-3650,0,0
84593353,Team1,0,0,0,0,0,-3700,0,0,3802,0,0,-3770,0,0,0,0,0,-4783,0,0,0,-3519,3998,-4242,0,0,0,3781,0,0,4319,0,0,3629,3973,0,-3540,0,0
84593381,Team0,0,0,0,0,3666,0,0,0,-3729,0,0,-4052,4362,0,-3423,0,0,0,-4215,0,0,-4189,3982,0,0,0,0,0,0,3498,0,0,-3983,0,2870,0,0,0,3841
84593382,Team1,0,-3690,4005,0,0,-3863,0,0,0,0,0,0,0,0,0,0,3486,0,3675,0,0,0,0,-5300,0,0,0,0,3250,4000,0,0,0,-3555,-3636,0,-3796,0,3031
84593383,Team1,0,-3670,3637,0,0,0,0,-3754,-4254,3215,0,0,0,0,0,3728,0,0,3723,0,0,-3840,0,0,0,0,0,0,-3408,0,3920,0,0,-4373,0,0,0,3524,0
84593407,Team0,0,-4978,4386,0,0,0,0,0,0,5446,0,3849,3871,2628,0,0,0,0,0,-3511,-3986,-3712,0,0,0,0,0,4279,0,0,0,0,0,0,0,0,-3578,0,-3367
84593412,Team0,0,-3632,0,0,0,0,3609,3802,-4264,-4300,0,0,0,0,0,0,4085,0,0,0,-4403,0,0,-4633,0,0,0,3862,2543,0,0,0,0,3663,0,0,0,0,-3229
84593452,Team1,0,0,3921,0,0,0,0,3777,0,0,0,0,-4866,0,0,0,3299,0,-3838,0,3484,0,0,-3997,0,3970,4043,-4532,0,0,-4290,0,0,-4651,0,0,0,0,0
84624339,Team1,0,0,3072,0,0,0,0,0,0,-3580,0,3374,-4083,0,0,0,4017,0,0,0,-3919,0,0,0,-4276,0,0,0,4840,0,0,0,0,4199,-5086,0,4318,-5495,0
84624382,Team1,0,0,2938,4316,0,0,-4827,0,0,0,0,0,0,4337,0,0,0,3988,0,0,-5383,0,3805,0,0,-3719,0,0,0,0,0,0,0,-3568,0,0,-3678,4879,-3299
84624445,Team1,0,0,-3952,-4077,-3345,0,0,0,0,0,0,0,3970,3380,0,0,-3519,0,3810,0,4256,0,0,0,0,0,0,0,3508,0,0,-3631,0,0,0,0,3573,-3436,0
84624506,Team0,0,0,0,0,0,0,0,0,-4737,-5192,0,-4577,-4646,3038,0,0,0,0,3794,0,-4211,0,0,0,3952,4210,0,0,3922,0,0,0,0,0,-4664,3168,0,0,0
84624515,Team0,0,0,0,5042,0,3705,4233,0,0,0,0,0,0,-4349,0,-4476,4808,0,0,-4088,0,0,0,0,0,0,0,0,5333,5281,0,0,0,-5318,0,0,-4152,-4288,0
84624524,Team0,0,3046,-3315,0,0,0,0,0,3834,4335,0,3854,0,5241,0,0,0,-3459,0,0,0,-4004,0,0,0,0,0,-4404,0,0,3896,0,0,-3262,0,0,-3144,0,0
84624528,Team1,0,0,0,0,0,0,0,0,4364,-3883,0,-3897,0,-4544,0,0,-3605,3940,0,5060,0,5544,4021,4782,0,0,0,-3410,-3752,0,0,0,0,0,0,0,0,0,0
84624642,Team0,0,0,5111,-3719,0,0,0,3472,0,0,0,4114,0,0,-3687,0,5151,3778,0,0,0,-3990,0,0,0,0,0,0,0,-4001,0,-3397,4153,0,-3324,0,0,0,0
84624659,Team1,0,0,0,0,0,4708,0,-3893,3273,0,0,3421,0,0,0,0,0,0,3491,3426,0,-3463,0,0,3325,0,-3410,-3463,0,0,-4070,0,0,-3471,0,0,0,0,0
84063981,Team0,0,0,4026,0,0,0,0,0,0,4209,0,3750,0,-3351,4652,-3305,0,0,0,0,0,3275,-3802,0,0,0,0,0,-3833,-3445,4873,0,0,0,0,0,0,-4082,0
84063995,Team1,0,0,0,0,0,0,4037,0,-3787,0,0,834,0,-3976,0,3767,4585,0,0,0,-3718,-5643,0,0,0,0,0,0,-3688,0,4275,0,0,0,0,4859,0,-3452,0
84064076,Team1,0,0,0,4091,0,4193,-4855,-3968,0,0,-3887,0,0,0,0,3689,0,0,0,-3338,0,4580,0,0,0,0,0,0,-3793,4573,0,0,0,0,0,4638,0,0,-3275
84064092,Team0,0,-3586,-4383,0,0,4086,3658,-3399,0,0,0,0,0,-3906,0,3769,0,3521,0,0,0,0,0,0,0,0,0,0,0,3711,-3752,3301,0,0,-3770,0,0,0,0
84064097,Team1,0,0,0,0,2997,0,0,-4450,3667,3093,0,0,0,0,0,0,-4014,0,0,0,0,-3594,0,0,0,0,3505,-4571,-4237,-3480,0,0,0,0,0,4836,0,0,3684
84398053,Team1,0,0,0,0,0,3524,0,0,0,0,0,0,3816,0,0,0,0,-3168,-3504,-3441,3510,-4091,0,0,4016,5488,0,0,-4854,0,0,5376,0,0,-3814,0,0,0,0
84398224,Team1,0,0,0,0,0,0,0,0,3283,0,-3786,0,0,0,0,0,0,3326,3786,-5569,0,0,-3878,0,-4176,0,4704,-3904,3858,3437,0,0,0,0,-4622,0,0,0,0
84398421,Team0,0,0,0,0,0,4378,4578,4271,0,0,-3867,0,0,0,0,-3909,0,-3553,0,0,3687,4266,0,0,0,-3570,0,3751,0,0,0,0,0,0,-3972,0,0,0,-4092
84123116,Team1,0,0,0,0,0,-5002,0,0,0,0,0,4612,0,0,0,0,0,0,3625,0,0,3919,0,0,3730,-3893,0,-5277,-3510,4270,0,0,0,3655,-3808,0,0,-3796,0
84123124,Team0,1,0,4576,0,0,-3642,0,0,0,4479,0,-3257,4886,-3044,0,0,5477,0,0,0,0,0,0,0,0,0,0,-3695,0,0,0,-3702,0,5080,-4392,0,4936,0,0
84123164,Team0,0,3743,-4213,0,0,0,0,0,0,-3365,0,4123,0,4301,0,0,0,3729,0,0,-4797,0,3897,0,0,0,0,0,0,0,0,0,0,0,3595,0,-3483,-3669,-3477
84123188,Team0,0,0,-4726,0,0,0,3944,3608,0,0,-3693,0,3988,0,-4060,0,0,0,0,-3035,0,0,0,-3408,3722,0,3842,0,0,0,0,0,0,0,3893,-4417,0,0,0
84123194,Team1,0,0,0,0,0,-3908,0,0,3305,0,0,3337,0,0,-4376,3850,0,0,0,0,3724,-3598,0,0,0,3373,0,-3348,0,0,-3550,-3494,0,0,0,0,0,0,3908
84123242,Team0,0,-3994,0,0,0,3488,0,0,0,0,0,0,-3632,0,0,0,3804,0,0,0,0,-3697,-3864,0,0,0,0,3442,-4150,4953,0,3125,0,-4808,4086,0,0,0,0
84123313,Team0,0,0,0,4689,0,0,0,0,0,-4499,0,-3946,0,0,0,0,3566,-3184,0,0,3866,-4847,0,0,0,0,0,0,0,0,0,0,0,0,-4568,3256,3613,-5569,4997
84123317,Team0,0,3923,0,0,0,4286,0,-3757,0,0,0,-4276,3174,-4183,4122,0,0,0,0,-4071,0,-3792,0,0,0,4947,0,0,0,-3417,0,0,0,0,4372,0,0,0,0
84123352,Team0,0,0,0,-4011,0,-4069,0,0,0,0,4236,3785,0,4622,0,3117,0,0,0,0,-3875,-5907,0,0,4412,0,0,4431,-4060,-4010,0,0,0,0,0,0,0,0,0
84123382,Team0,0,0,-3446,0,0,-3767,0,0,0,3452,0,3788,0,0,0,3318,0,0,3778,0,0,0,-3781,0,0,0,0,-3728,0,0,0,0,0,3497,-4184,4303,0,-3674,0
84278999,Team0,0,-4466,0,0,0,0,0,0,3750,4271,0,3633,-4418,0,0,-3883,0,4105,0,0,4971,0,-4000,0,0,0,4061,-3441,0,-4642,0,0,0,0,0,0,0,0,0
84279002,Team0,0,0,-3919,3735,-3201,0,0,0,0,0,3715,3877,0,3690,0,0,0,-3537,0,3569,3399,-3978,0,0,0,0,0,0,0,0,0,0,0,0,0,-3619,-3544,0,0
84279019,Team0,0,4375,0,0,-5530,0,0,0,-4055,0,0,3813,0,-4270,0,0,0,5299,5496,0,3385,-4211,0,0,0,0,0,0,-4861,0,0,0,4038,0,0,0,0,-4724,0
84279047,Team0,0,4565,0,0,0,3706,0,0,4766,0,0,0,0,3920,0,0,0,-3503,-3783,0,0,-3716,-4586,3885,0,4351,0,-4554,0,-4337,0,0,0,0,0,0,0,0,0
84279082,Team0,0,-3776,3747,0,0,3551,-4296,-4342,0,0,3385,0,0,0,0,0,0,0,0,0,4173,-3803,0,0,0,0,0,3664,-4697,0,0,0,4053,-4405,0,0,0,0,0
84279175,Team1,0,0,0,0,0,0,0,0,0,3797,0,-3917,0,-4043,0,3888,-4960,4712,-3509,0,-3793,0,0,0,0,0,0,0,-4491,0,0,0,0,0,4047,0,3264,3957,0
84279241,Team1,0,-4273,4037,0,0,4168,0,0,0,0,0,-4820,0,4377,0,0,0,0,0,0,-3928,-3847,0,3919,3599,0,0,0,3770,0,0,0,0,-4099,0,0,-4143,0,0
84279242,Team1,0,0,-3064,0,4425,0,0,0,0,4464,0,5842,0,4275,0,-2956,0,0,0,0,-4142,3767,0,0,0,0,0,0,0,3583,0,0,0,-4295,0,0,-4453,-4368,0
84279244,Team1,0,0,-3631,0,0,0,0,0,0,0,0,3525,0,0,0,4038,3661,3391,-3617,0,-3601,0,0,0,0,-3925,-3615,0,0,0,0,3513,0,0,0,3482,-3525,0,0
84279257,Team0,0,0,0,0,0,4434,4303,0,0,0,0,0,5016,0,-5146,-3690,0,0,0,-4548,0,0,4033,0,0,0,0,4993,0,0,0,0,0,4188,-3565,0,0,-3742,-3064
84279276,Team1,0,0,0,0,-4384,0,0,0,-4115,3160,0,-4879,0,0,4798,0,-3525,0,0,0,0,-3994,0,0,3298,0,0,0,-3332,0,3659,0,3246,0,3665,0,0,0,0
84309549,Team0,0,0,0,0,0,0,0,0,3721,0,0,4650,0,-4333,4157,-4341,0,-4634,0,0,-4546,0,3893,0,0,-3248,0,0,0,0,0,-3863,0,0,0,4965,0,3869,0
84309634,Team0,0,3692,4368,0,0,3733,0,0,-3954,0,0,-3908,0,0,0,-5360,0,0,0,-3660,3898,-3031,-3644,0,0,0,0,0,0,0,0,0,0,0,4764,0,3716,0,0
84309689,Team1,0,0,0,0,0,0,3823,0,0,0,0,-4536,4137,0,0,0,0,3842,-4096,-4670,0,0,0,0,-3940,0,0,3681,0,3718,0,0,-3961,-4105,0,0,3252,0,0
84309711,Team0,0,0,0,0,4026,0,-3616,4386,0,0,0,3603,0,0,-3530,3711,0,0,0,-3165,0,0,0,3380,0,0,0,0,-3781,0,0,0,-4089,0,4362,0,-4076,0,0
84309718,Team0,0,0,4548,0,0,-3335,-3878,-5647,0,0,0,3551,0,0,0,0,0,0,0,0,-5602,4075,0,0,0,0,0,4430,0,-5515,0,0,-4325,3786,0,0,3824,0,0
84309719,Team0,0,0,0,3666,0,0,-4665,0,0,-3801,0,0,3314,0,0,-4408,0,-3897,0,0,0,0,0,0,0,4078,0,0,0,0,3184,4001,0,0,-3866,-3984,0,0,4193
84309720,Team1,0,0,0,0,0,3859,-5175,0,-3707,0,0,3823,0,0,0,0,-5491,0,0,0,-5423,4678,0,4123,0,0,0,0,0,-5229,0,3520,0,4754,0,0,-3476,0,0
84309734,Team0,0,0,3832,0,-4212,0,4380,0,3762,0,0,-3673,0,0,0,4850,0,0,0,-3669,0,-3611,-3778,0,0,0,0,0,0,3623,0,0,0,0,-4092,0,4259,0,0
84309773,Team0,0,3475,3894,0,-4068,3769,0,0,0,0,0,0,0,-3045,0,0,0,0,0,-4593,0,0,0,0,0,0,3983,0,3798,0,0,0,0,0,-3997,3685,-3653,0,-3704
84309798,Team0,0,-3504,4204,0,0,0,0,0,0,0,0,3367,0,-4005,-3356,-3555,-3715,0,0,0,0,0,0,0,0,0,0,0,0,0,0,3992,0,0,4581,0,3688,0,0
84723505,Team0,0,-3787,0,0,4350,0,0,0,0,0,0,-5286,0,-3671,0,0,-3995,3876,0,0,4306,4725,0,0,0,0,0,0,0,0,0,0,2776,0,-3990,0,4373,-4047,0
84094973,Team1,0,0,0,0,0,-3625,0,0,0,0,0,0,0,0,0,0,0,0,0,4336,0,0,0,0,0,0,0,0,0,0,0,0,0,0,-3804,0,0,0,0
84094997,Team0,0,0,0,0,4041,0,0,0,-3061,0,3922,0,0,0,0,0,-3700,-3648,0,0,0,0,0,0,0,0,4223,-3426,3839,-3772,0,0,0,4770,3903,0,-3883,0,0
84095053,Team1,0,-3520,0,0,0,2878,0,-5029,4439,0,3598,3417,0,0,0,0,0,-3498,-6071,0,3172,0,0,0,0,0,0,3916,-5433,0,0,0,0,0,0,0,-4733,0,0
84095114,Team1,0,4156,0,0,0,4349,4414,0,-3325,-3805,0,-3125,0,0,0,0,0,0,0,-4412,0,4201,0,0,4205,0,0,0,0,0,-4021,0,0,0,-5324,0,4052,0,0
84095135,Team0,0,0,0,0,0,0,0,0,0,0,-4674,3474,-3937,4345,0,0,0,0,4985,0,-4799,0,0,-4729,0,-4500,0,0,4419,3663,0,0,0,0,5084,0,0,-3543,0
84095232,Team0,0,0,0,0,-4105,0,0,0,0,4341,0,3919,0,0,0,0,3647,-3967,0,0,0,0,0,0,3998,0,3952,-4133,0,3843,0,0,-3475,0,0,-4180,-3466,0,0
84095287,Team1,0,3473,-4054,4132,0,-4249,0,0,0,0,0,4148,-3654,0,0,0,4755,0,0,0,0,0,0,0,-3852,0,0,0,-4511,0,0,0,0,0,0,-2803,0,4663,4165
84787073,Team1,0,0,0,0,0,0,4026,0,0,0,-3823,0,0,-4908,0,0,0,3687,0,3409,0,0,0,-3851,-3909,0,0,0,3829,-4322,0,0,4064,0,0,0,0,-3618,3958
84787166,Team1,0,0,0,-4078,0,-4455,-3315,0,0,3036,0,4378,0,0,0,-3892,-3255,4024,0,4169,0,3682,0,0,0,-5196,3591,0,0,0,0,0,0,0,0,0,0,0,0
84787168,Team0,0,5693,0,0,0,4799,-3621,0,0,0,0,3707,0,0,0,-3324,0,0,0,0,0,0,3721,0,0,0,0,-3660,0,3860,0,-3544,0,-3543,4018,-4008,0,0,0
84787195,Team0,0,0,0,-3391,0,0,0,0,0,0,-3496,4426,-3738,0,0,0,3214,-3948,3907,0,0,4188,0,0,0,0,0,-3474,0,0,0,0,0,-3979,5155,0,0,3617,0
84787231,Team1,0,0,-4172,0,0,0,-4519,0,0,3547,-3542,3086,-3889,3595,0,0,0,0,0,3479,3388,0,0,0,0,0,3015,0,0,0,-3722,0,0,0,-3776,0,0,0,0
84787253,Team0,0,0,0,0,4554,4324,0,0,-4714,0,0,-4754,0,3684,0,-3556,0,-3231,0,0,0,0,0,0,3892,0,0,4141,0,-3517,0,3884,0,0,0,0,0,-3311,0
84787258,Team0,0,-3814,0,0,0,3623,0,0,0,0,0,0,0,0,0,0,0,-3623,3307,0,0,-3648,-3811,0,0,-4509,3604,3691,0,0,4077,0,-4324,0,4282,0,0,0,0
84787313,Team0,0,0,-3822,3560,0,0,0,0,-4225,0,3481,0,0,-4485,0,0,0,0,0,0,-5241,3883,0,0,3754,0,0,0,0,0,-4159,0,0,6249,3856,0,-4303,0,0
84787354,Team0,0,0,0,0,0,0,-3885,0,3576,0,-4606,0,0,3345,0,4456,0,0,3750,0,-4337,-4093,0,-3743,0,0,0,0,0,0,4083,0,0,0,0,-3365,0,0,4268
84787355,Team0,0,0,-4308,0,0,0,0,0,-4947,0,3272,0,0,0,-3490,0,0,-3614,-4416,0,3723,3780,-3396,0,0,0,0,0,0,3978,0,0,0,0,0,0,4363,0,3616
84755858,Team0,0,0,4145,0,0,0,0,0,0,0,0,0,0,0,0,0,0,0,0,0,0,0,0,0,0,0,0,0,0,0,0,0,0,0,0,0,4703,0,0
84755882,Team1,0,0,0,0,0,0,4279,-3975,0,-4400,0,3457,0,4078,0,0,0,0,0,0,4467,-5118,0,0,0,0,0,-4606,0,0,3896,0,0,0,0,0,4041,-5097,-5690
84755885,Team0,0,-3382,0,0,-3355,4004,0,0,0,0,-4086,-3923,0,4744,0,3814,0,0,0,4181,-3747,0,0,0,0,0,0,0,3890,0,0,0,-3381,0,0,0,4189,0,0
84755936,Team1,0,4767,-3959,0,0,4170,0,0,0,0,0,0,0,0,0,-3702,-3809,-4083,0,0,0,4990,0,0,0,0,0,0,3317,0,0,-4396,0,0,3061,4263,0,0,-4107
84756057,Team0,0,0,0,0,3567,5376,0,0,3242,0,0,-3973,0,-4418,0,3929,0,0,0,0,0,0,0,0,0,-3670,0,3203,-4358,0,0,0,0,-4061,0,0,0,3743,-3974
84756079,Team1,0,0,-5279,0,0,0,-5638,0,4628,0,0,0,0,-4800,0,0,4421,0,0,0,-3791,0,0,0,0,0,0,4461,4544,3352,0,0,0,-3287,-3334,0,0,0,3578
84499137,Team1,0,0,3638,0,0,-3668,0,-4231,0,0,0,-3369,0,3582,0,0,0,3820,0,3430,0,-4052,0,3593,0,0,0,-4021,0,0,-3395,0,0,0,0,0,3464,0,0
84499274,Team0,0,-4811,3474,-5113,0,0,4276,-4863,0,0,0,0,0,0,0,0,-3280,0,0,0,3814,0,4996,0,0,0,0,0,4462,-3863,0,0,0,0,0,-5324,0,3880,0
84499326,Team0,0,0,3824,0,3679,0,-4875,0,5154,0,0,0,0,4187,0,0,0,-3830,-3837,0,-3348,3373,0,-4778,0,0,0,0,0,0,0,0,-3381,0,0,0,0,4433,0
84499411,Team0,0,3776,0,0,0,0,0,0,-3564,0,0,-3982,0,0,0,0,-4459,0,-4335,0,3815,3356,0,0,0,0,0,-3300,0,0,-3679,0,0,4441,3700,0,4604,0,0
84499412,Team1,0,0,-3923,0,0,0,0,0,-3997,0,3769,-4338,0,3271,0,0,0,0,0,0,-4990,3877,0,0,-4062,3815,0,0,0,0,0,0,-3902,0,0,0,0,3200,3343
84499418,Team1,0,0,0,0,0,0,-4627,0,-3041,0,-4000,0,0,3959,0,-3588,0,3495,0,0,0,4347,0,0,0,0,0,0,3568,3546,0,0,0,-3774,0,0,3381,-3879,0
84499421,Team0,0,0,-5424,0,0,3169,-3866,0,0,3559,0,3685,0,-4778,0,3797,0,-5282,0,0,0,0,0,0,3330,0,0,0,0,0,0,0,0,-4173,0,0,-4970,0,2914
84499432,Team0,0,0,-3733,0,3370,0,3850,0,0,0,0,-4279,0,3834,0,0,3599,0,3544,-4083,0,0,-3862,0,0,0,0,0,0,0,0,0,0,-4708,3411,0,0,0,-4406
84904701,Team0,0,6257,0,0,0,0,0,0,0,0,0,-4265,0,4671,0,0,0,-4161,0,-4503,0,-4594,4309,0,0,0,-3999,4286,4528,0,3981,0,0,0,0,-3608,0,0,0
84904708,Team1,0,-4837,-4375,0,0,0,0,0,0,3718,3479,4658,0,0,-3766,0,0,0,-4305,0,0,0,0,0,0,4131,4150,0,0,0,3617,0,0,-3708,-3781,0,0,0,0
84904737,Team0,0,0,0,0,0,-3981,0,0,0,0,0,3926,0,-734,0,4420,0,0,0,0,0,2962,0,-5014,0,4513,0,4941,-3875,-5986,0,0,0,0,-5353,0,5160,0,0
84904748,Team0,0,3765,0,0,0,0,3524,0,0,0,0,0,0,-3138,0,0,-4572,0,0,0,3196,0,4197,-4260,0,-4413,3966,0,0,-4907,0,0,0,3966,0,0,-3541,0,0
84904830,Team0,0,0,0,0,0,-3722,4271,0,0,0,-4174,-3513,0,0,4398,0,0,3626,-3484,0,-3434,0,0,0,0,0,0,-4847,0,0,0,4137,0,4110,3670,0,0,0,0
84904904,Team0,0,0,0,0,0,4076,0,3561,-4710,-3716,0,0,0,0,0,0,0,0,0,4399,0,-3677,0,-5100,0,0,0,5577,-5166,4343,-5364,0,0,0,0,0,4532,0,0
84904920,Team0,0,0,0,0,3720,3632,-4360,0,-3509,3301,0,3464,0,0,0,4320,-3311,0,0,0,-4072,3505,0,0,0,0,0,0,0,0,0,0,0,0,0,0,-3756,0,-4212
84248291,Team0,0,0,0,0,-4354,0,0,-3739,-5770,0,0,5008,0,0,0,0,0,3409,-3886,3672,0,0,5157,0,0,0,0,0,4121,-3670,0,0,4923,0,0,0,0,0,-3676
84033719,Team1,0,0,3683,0,0,0,0,0,4017,0,0,0,0,3886,0,0,-4496,4026,0,0,-4989,-3583,0,-4394,0,0,3955,0,0,-4675,0,-3884,0,0,0,4310,0,0,0
84033738,Team1,0,3499,0,3814,-5232,0,0,0,0,0,0,0,0,-5099,-3823,0,0,0,0,0,0,4037,0,4298,0,0,0,5212,0,-3558,0,-4907,5384,0,0,0,0,0,-3317
84033746,Team0,0,0,0,0,0,4390,0,3900,0,0,0,0,-3930,0,0,0,0,-4117,-3751,0,3394,4038,0,0,0,4563,0,4052,-3484,0,0,0,0,0,-3572,0,0,-3671,0
84033758,Team1,0,0,-4885,0,0,0,4760,0,3718,0,0,-5019,0,3599,0,0,0,0,0,3831,3581,-5589,0,0,0,0,0,0,4242,0,-4804,-4556,0,-5206,0,0,0,0,0
84033814,Team0,0,4169,-4601,3808,0,0,0,0,0,-4142,0,-4048,0,0,0,0,-5246,0,0,0,0,-3726,3665,0,0,0,0,0,-4646,0,3886,0,0,0,3608,0,0,0,4032
84033877,Team0,0,0,0,0,3685,0,-4876,0,0,0,0,3897,0,0,0,3250,-4430,-3855,0,0,0,0,0,4353,0,-3206,0,-4966,0,3330,0,5207,0,0,0,0,-3963,0,0
84033889,Team1,0,0,0,3451,0,-3874,0,0,0,3677,0,0,0,0,0,3010,0,3662,-4100,0,0,3169,0,0,3837,-4090,0,-4699,0,0,0,0,0,0,-3863,0,0,-3791,0
84033902,Team0,0,-3713,0,3555,3509,3803,3677,0,0,-3076,0,0,0,-3486,-4474,0,0,0,0,0,0,0,0,-4985,0,0,0,0,-4668,0,0,0,4467,0,0,0,0,3289,0
84033949,Team0,0,0,0,0,0,-4109,-3765,0,3900,0,-3275,0,0,-4373,0,0,3679,0,3533,0,0,4380,0,-3968,-3391,0,3702,0,0,0,0,4185,0,0,0,0,0,0,0
84531519,Team1,0,0,0,0,3970,0,-3842,0,0,0,-3838,3262,0,0,0,-4006,0,-3486,3612,0,-4343,0,0,0,0,4971,0,0,0,0,0,3489,0,3487,-4497,0,0,0,0
84531662,Team0,0,0,3908,3661,0,4662,0,-3936,4450,0,0,-4745,0,0,0,0,0,0,-4351,3883,0,-3272,4512,0,0,0,0,0,0,-3987,0,0,0,-4707,0,0,0,0,0
84531684,Team0,0,0,0,0,0,3965,3804,4378,0,0,0,0,0,4609,0,-4086,0,0,0,0,-4484,-2659,3824,0,-3730,0,0,5327,0,0,0,-3822,0,-3913,0,0,0,0,0
84531792,Team1,0,0,-4372,0,0,3962,0,3906,0,0,0,-4494,0,0,2953,3831,0,0,0,0,0,-5163,0,0,0,0,0,-3793,3436,4332,0,0,0,0,0,0,-3939,0,-4757
84531799,Team1,0,0,0,0,5177,-3707,0,0,3651,0,0,3318,0,0,0,0,3433,0,0,3976,0,-4151,0,0,0,0,0,-4012,-3057,0,-4251,-3799,0,0,0,0,3477,0,0
84531851,Team1,0,0,0,0,0,0,0,0,4980,-5116,3442,0,0,-4042,0,3891,0,0,0,0,-5302,0,0,0,0,3385,-3856,0,-3665,-4767,0,0,0,3411,0,0,0,0,2813
84563712,Team0,0,0,0,-3852,0,0,0,-3609,0,0,0,0,0,0,0,0,0,4192,-3726,3695,-4071,-3757,0,0,0,0,4008,4861,0,0,0,0,0,4105,0,0,3792,0,-3229
84563735,Team1,0,0,-3593,-3530,3459,0,4435,0,-4214,0,0,-3334,3271,0,0,0,0,0,3575,0,0,4159,0,0,0,0,0,0,0,0,3843,0,-3503,0,0,0,0,0,-3524
84563740,Team0,0,0,4094,0,0,0,0,0,-4249,-4213,4363,-3131,0,0,0,-3603,0,4618,0,0,-3878,0,0,0,0,0,0,0,3787,3347,-3980,0,4357,0,0,0,0,0,0
84563861,Team1,0,0,0,0,-4377,0,5232,0,0,0,0,0,0,0,0,3217,3585,3969,4395,0,0,-4547,0,0,0,0,0,3835,-3986,0,-2845,0,0,0,-4308,0,-3523,0,0
84563921,Team0,0,0,0,0,0,0,-4448,0,0,0,0,0,0,0,0,0,0,-6452,0,0,4513,3909,0,0,0,-3926,-5759,4233,0,4209,-3147,0,-3474,3710,0,0,2841,0,0
84338633,Team0,0,-5092,0,0,0,0,0,-3733,2972,0,0,0,-5307,0,-3156,0,4820,-3862,3699,0,0,-4639,0,0,0,0,0,4070,4053,0,5194,0,0,0,0,0,0,0,0
84338646,Team0,0,0,0,0,0,0,4206,-3748,0,3780,0,-3999,0,0,0,0,-3698,4931,0,0,4776,0,0,-3832,0,0,0,0,4012,0,0,0,0,0,-3487,0,4347,-2972,0
84338672,Team1,0,0,0,0,0,0,-4628,4096,4059,0,0,0,0,0,-5383,0,3743,0,0,0,3787,0,0,-4401,0,0,0,5263,3288,0,0,0,0,-5948,0,0,-5414,-5179,0
84338730,Team0,0,0,-3325,0,4393,0,0,0,0,0,-3304,0,0,0,0,-4226,0,0,4226,0,-3478,-4486,0,0,0,0,4901,0,0,3267,0,0,0,0,0,3204,0,-3692,3585
84338734,Team0,0,0,3667,-4324,0,3761,0,-3935,0,0,0,0,0,-4550,0,0,-4921,0,0,0,-4324,3419,0,0,0,0,0,-4198,0,4668,0,0,0,0,0,3240,4342,0,0
84338737,Team1,0,0,0,0,0,0,0,0,-4113,0,0,3834,0,4326,0,0,0,3824,0,0,-4672,-3279,-3309,4192,-3403,0,0,0,-3702,0,0,0,0,4078,0,0,3183,0,0
84338742,Team0,0,3480,-3796,0,0,3668,-4164,0,0,0,0,0,3432,0,-3750,3347,0,-4030,-4329,0,3709,0,-4023,0,0,0,0,0,0,3428,0,0,0,0,0,0,0,0,0
84338753,Team1,0,0,0,4138,0,-4443,0,0,0,-3589,3583,-3450,0,0,0,-4238,0,0,0,0,-4397,4251,0,0,0,0,0,0,3042,3603,0,0,0,4278,-3590,0,0,0,0
84338754,Team1,0,0,-3924,0,0,0,4664,0,3723,0,0,0,4464,0,0,0,-3890,3489,-4255,3853,0,0,0,0,0,0,0,-3549,-3353,3599,0,0,0,0,0,0,0,-3506,0
84338768,Team1,0,0,-3937,0,-4854,0,0,0,3734,-3661,0,3211,-4508,0,0,0,0,0,3712,0,3928,0,0,3577,0,0,0,0,0,3537,0,0,0,0,0,-3219,0,0,-4150
84338769,Team0,0,0,-3401,0,3733,0,0,3397,0,0,0,0,0,3519,0,-3865,-3851,0,-5125,3588,0,3476,0,0,0,0,0,0,0,0,0,0,0,-3748,-5120,0,3383,0,0
84338785,Team0,0,0,0,0,3807,0,3735,-3371,0,4976,0,-3245,0,4224,0,0,-3352,0,0,0,0,3986,0,0,0,0,0,0,-3384,0,-3425,0,0,0,-3343,0,0,0,4306
84338809,Team0,0,0,0,0,0,0,0,0,0,-3437,0,0,0,-4376,0,4615,0,0,0,0,-3984,-4242,0,-3853,3294,-4793,0,4785,0,0,0,0,0,4256,3829,0,0,5426,0
84153171,Team0,0,0,0,0,0,-4111,0,0,0,0,0,0,-3916,0,0,-3702,0,0,-3763,0,-4912,0,0,0,0,3927,0,0,4465,-3867,0,0,0,0,0,0,0,0,0
84153225,Team1,0,0,4427,0,0,4270,-4865,3447,3255,0,-3758,0,-5104,4026,0,0,0,-5460,0,0,4183,-5158,0,0,0,0,0,0,-5222,0,0,0,0,0,0,0,0,0,0
84153226,Team0,0,0,-3498,0,0,0,0,0,0,0,0,-3578,0,0,-3289,0,-4541,3851,0,0,-3523,0,3877,0,3603,0,0,0,0,4761,0,-4217,0,0,5493,0,5560,0,0
84153227,Team0,0,0,0,0,0,0,-4420,3584,3620,0,0,0,0,0,0,4372,0,-3641,4259,0,3057,0,0,-4370,0,0,0,0,-3756,4500,0,-3824,0,-3741,0,0,0,0,0
84153321,Team0,0,4504,0,-4627,0,0,0,0,0,0,0,0,4891,-3967,0,0,0,3516,0,4246,3686,-3447,0,0,-4341,0,0,0,-3583,0,0,0,0,-3776,0,0,4513,0,0
84153340,Team1,0,0,-3562,-4252,0,0,0,0,0,0,0,5390,0,0,0,0,-3383,3602,0,0,0,3395,0,0,-5022,0,0,0,-4908,4396,0,5085,0,4859,0,0,0,-3645,0
84153372,Team0,0,0,0,0,-4880,4627,0,0,0,0,0,0,0,0,0,0,0,0,0,0,-4173,0,0,4160,0,5507,0,0,0,0,4341,-2933,4878,0,-3564,0,3727,-3630,-3411
84153423,Team0,0,0,0,0,0,0,-4216,0,0,0,0,-4000,0,5998,0,0,-4799,-3691,0,3413,3675,6165,-4838,0,0,0,0,-4031,0,3864,0,0,0,0,0,0,3668,0,0
84000275,Team1,0,0,0,0,0,0,-3881,0,0,0,-4444,3744,0,0,0,-3569,3947,-3874,3677,0,0,-3372,0,0,0,3373,0,0,3812,-3827,0,0,0,0,0,4344,0,0,0
84000276,Team0,0,4734,0,-3866,0,0,-4383,0,0,0,0,0,0,0,-3597,0,-3972,5165,0,0,-3634,0,0,3970,0,0,4061,0,-5007,0,3561,0,0,0,3355,0,0,0,0
84000303,Team0,0,0,0,0,0,4328,0,0,0,0,0,3536,0,4278,-3777,0,0,0,0,0,0,3897,0,0,0,4859,0,-4344,0,0,-4926,-4004,0,0,0,-3316,0,4949,-3374
84000329,Team1,0,0,-3522,0,-4270,0,4035,0,0,-4469,3943,-3478,0,0,0,0,0,0,0,0,0,3757,0,0,3553,0,0,0,0,0,0,-4429,0,-4767,0,4195,0,0,3153
84000367,Team0,0,0,-4668,0,3618,0,3320,0,0,0,0,0,0,0,0,0,0,0,0,4322,0,0,5391,0,-5104,-3037,4549,0,-3339,0,0,0,-5643,0,0,5110,-4666,0,0
84000398,Team1,0,0,0,-3719,0,0,3196,-3650,0,3396,0,0,0,0,0,0,-4211,0,0,-3974,3540,3450,0,3644,-3998,0,0,-3748,0,0,0,0,0,0,0,0,0,3716,0
84000478,Team0,0,0,0,-3734,0,0,-3897,-3633,0,0,0,0,0,-4433,5331,-3740,0,3555,0,0,0,3245,0,3844,0,0,0,0,-4351,4250,0,4292,0,0,0,0,0,0,0
84000481,Team1,0,0,-4246,3695,3278,0,0,0,0,0,-5141,0,0,0,0,0,0,0,0,2738,-4042,4647,0,0,0,0,-4294,-3950,0,0,0,0,4974,-4102,0,0,0,3331,0
84000507,Team1,0,0,-4307,0,0,0,0,0,3401,0,0,0,0,0,0,-3896,0,0,0,-3995,-3806,0,-4332,4460,0,0,0,0,0,3416,3711,0,0,0,0,-4616,3371,3681,0
84000511,Team0,0,0,-4142,0,0,0,0,3986,0,0,-4734,0,0,4380,-4163,0,0,-4347,0,0,3467,0,0,0,0,0,0,2864,-4533,0,4394,0,-3605,0,0,0,3586,0,0
84000525,Team0,0,0,3831,4913,0,0,0,0,-3632,0,0,0,0,0,0,-3575,4604,0,0,-3796,-3639,0,0,-4874,3691,0,0,0,4567,0,0,0,0,0,0,3351,0,-3871,0
84000559,Team0,0,0,0,0,0,0,3350,0,0,0,0,0,0,0,0,0,0,0,0,0,0,0,0,3943,0,0,0,0,0,0,0,0,6118,0,0,0,0,0,0
84215382,Team1,0,4228,0,0,0,-4438,0,0,3282,0,0,0,0,0,0,-3315,0,0,0,0,4726,3531,-4674,4517,0,0,0,0,-3774,0,0,0,0,4932,-3514,0,0,-3817,0
84215391,Team1,0,0,0,0,-4211,0,0,0,0,0,0,3649,0,-4068,0,0,0,4558,0,4305,3743,-3590,0,0,0,0,0,0,0,-5266,0,0,3275,0,-5217,0,4199,-4242,0
84215461,Team1,0,-4379,0,0,0,0,0,0,-3405,4219,-4435,0,0,0,-3731,0,0,0,0,0,4659,4667,0,0,0,0,0,-4514,5085,4065,-4029,0,0,0,3980,0,0,0,0
84215474,Team0,0,3736,-3570,4498,0,0,0,0,0,0,0,4180,0,2807,0,0,3414,-4456,0,0,-4470,-3724,0,0,0,0,0,0,0,3261,0,0,0,0,0,0,-4579,0,-4011
84215486,Team1,0,5746,0,0,0,0,0,0,0,3949,0,0,0,4922,-4012,0,-4249,0,0,0,3745,0,-4578,-4594,0,0,0,-3893,4974,-3721,0,0,3283,0,0,0,0,0,0
84215551,Team1,0,0,-4377,0,0,4318,0,0,3383,0,0,3571,0,0,0,0,0,0,-4734,0,-3998,-3774,0,0,4168,0,0,0,0,0,-4896,0,-3685,0,0,0,0,4795,3698
84215580,Team0,0,-4558,0,4252,0,-3844,-3640,0,-4066,0,0,0,-3421,0,4488,0,0,0,0,3844,-3948,0,2785,0,0,0,0,0,4416,4449,0,0,0,0,0,0,0,0,0
84875524,Team0,0,0,3473,0,0,3919,0,-3614,0,0,3560,0,0,0,0,3946,0,0,0,0,4227,4364,0,-3150,0,0,0,-3574,0,0,0,0,0,-3535,0,0,0,-3052,-3878
84875539,Team1,0,-3222,-4149,0,0,4205,4777,0,0,-3964,0,0,-4615,0,0,2933,4180,0,0,0,-4367,0,0,0,0,4299,0,0,4036,0,0,0,0,-3822,0,0,0,0,0
84875607,Team0,0,0,0,0,0,0,0,0,0,0,0,-3935,0,0,0,0,0,0,-3364,0,0,-4051,-3523,0,0,0,4166,0,4115,3677,-4119,0,0,0,4278,4013,0,4007,-4404
84875614,Team1,0,0,0,-4724,0,0,0,0,0,4739,0,3816,0,4017,-3103,0,0,0,-4362,-3447,-4544,0,0,0,2985,0,0,0,0,0,0,0,0,3734,0,0,3373,0,-2979
84875615,Team1,0,0,0,0,0,0,4654,0,0,0,0,0,0,-4091,0,4445,0,0,-6237,-4507,-4162,0,4023,-4355,0,0,0,4802,0,0,3460,0,0,4868,-4325,0,0,0,0
84875685,Team1,0,0,0,0,0,-4059,0,0,0,0,3843,0,3326,0,0,3581,0,0,0,0,3025,-3452,0,0,-3817,0,0,0,0,3784,-3731,0,0,0,-3166,0,-3743,3834,0
84875701,Team0,0,0,-3075,0,0,0,4221,-4018,4400,0,0,0,0,0,3736,-3241,0,0,0,0,-3728,-3086,0,0,0,0,0,0,4655,3951,-3301,0,0,4908,0,0,0,0,0
84367262,Team0,0,0,0,0,0,-3750,0,0,0,0,-3816,-3078,0,0,0,-3522,3828,0,0,0,4914,-4007,0,0,0,0,0,0,4528,3812,-4193,0,0,0,4206,0,3503,0,0
84593227,Team0,0,0,4312,0,0,0,0,0,0,0,0,0,-3804,0,0,0,0,0,3759,0,0,0,-3206,-4459,0,-3380,0,4132,0,3959,3044,0,-4964,4677,-5066,0,0,0,0
84593286,Team1,0,0,4341,0,0,3629,-4611,-3577,-4574,0,0,0,0,0,-4340,0,0,-3855,0,0,0,-3637,0,0,0,3025,0,0,0,0,0,0,0,4107,4988,0,4086,0,0
84593316,Team0,0,4722,-4218,0,0,-3858,0,3340,0,0,0,0,0,0,0,0,0,0,0,3523,3925,4330,0,0,0,-4566,0,-5025,4231,0,0,0,0,-4605,0,0,-4258,0,0
84593463,Team0,0,0,4081,0,-4620,-5550,0,0,0,0,0,0,0,3289,4673,0,0,0,-3207,0,0,-3487,0,0,3123,0,0,-4593,0,0,0,0,0,3787,-3978,0,5019,0,0
84593517,Team0,0,0,5415,0,-4056,0,0,0,-3862,3636,0,0,0,-3504,0,-3673,0,0,0,-4050,0,3185,0,0,3947,0,0,5281,0,-4823,0,0,0,0,0,0,3992,0,0
84593549,Team0,0,0,0,3963,0,0,0,0,0,3781,0,-3228,0,0,0,0,0,0,-3137,-3982,3772,4244,-3271,0,0,0,0,-3774,0,0,4110,0,4420,-3923,0,0,0,0,0
84593653,Team0,0,0,0,0,0,0,3878,0,3862,0,0,0,0,0,0,0,0,3587,0,0,4596,-4772,-4399,4046,-3312,-3888,0,0,-4311,-3977,0,0,0,0,3582,0,0,0,0
84593670,Team1,0,0,0,0,0,0,-3692,0,0,0,3871,0,0,0,0,0,0,-3739,0,0,0,3382,3101,0,3554,0,0,4249,-3701,3297,0,0,-3890,-3473,0,0,-3790,0,0
84593700,Team1,0,0,0,0,3091,-4723,-4698,0,3566,0,0,0,0,0,-3813,0,0,0,0,0,0,0,0,-4727,0,0,0,0,0,3898,-4068,-3891,0,3668,3581,0,3844,0,0
84624836,Team0,0,0,5437,0,0,5188,-4427,0,4318,0,0,0,0,5101,0,0,-4503,0,0,0,-4894,0,0,-4630,-4513,0,0,0,4024,4503,0,0,0,0,-5737,0,0,0,0
84624839,Team0,0,3588,4785,0,0,3688,0,0,0,3893,-3633,0,0,0,0,0,0,0,3714,0,-3646,0,-3780,0,0,0,0,-3820,0,-3797,0,4443,0,0,0,0,0,0,-3927
84624844,Team1,0,0,-3513,0,0,0,0,-4237,0,0,-3361,0,0,0,0,0,3425,0,0,0,3913,0,0,4055,0,0,0,-4085,3520,5086,0,0,0,-3511,0,0,4824,0,-3526
84624891,Team0,0,0,0,0,0,0,0,3367,-3594,0,0,-3600,0,-3891,0,0,0,-3310,4002,0,3338,4355,0,0,0,0,0,-3720,0,3280,0,0,0,-3615,0,0,0,3954,0
84624954,Team1,0,0,-4449,0,0,0,0,-4975,-3476,5019,0,4287,0,-4726,0,3494,0,0,0,3267,-4376,0,0,4227,0,0,0,0,0,-4256,0,0,0,3589,0,0,0,0,0
84625002,Team1,0,0,0,0,4399,-4150,0,0,0,0,0,4360,0,0,0,-4051,0,3627,0,0,0,0,0,0,-3979,0,3820,0,-3345,-5618,0,3508,0,4286,-3191,0,0,0,0
84625031,Team1,0,4114,4469,0,0,0,3933,0,0,0,0,0,0,-4815,0,3631,0,0,-2757,-3656,-3605,0,4245,0,0,0,0,0,-4700,0,0,0,-3674,0,4503,0,0,0,0
84398433,Team0,0,0,4772,0,0,0,0,0,0,0,0,3983,0,-3521,0,0,4256,0,0,0,-3606,-4069,0,5235,0,0,0,0,6267,-4783,0,0,0,5102,-3452,0,0,-3620,0
84398439,Team0,0,0,-4384,0,0,4032,0,0,-4179,3320,0,3974,0,-3864,0,0,0,-3721,0,0,3440,0,0,0,0,0,0,4919,-4351,0,0,0,0,0,3713,0,0,0,-3636
84398540,Team0,0,0,0,-4595,0,-3971,4261,0,0,0,3875,0,4221,0,0,-3878,0,-3577,0,0,3667,0,0,0,0,0,0,4589,0,-3292,3704,0,0,0,-4558,0,0,0,0
84398576,Team0,0,0,0,0,-3339,0,0,0,4128,0,0,4953,0,0,0,-5168,-4590,0,4970,0,4707,-3605,0,0,0,0,0,0,-3805,0,0,0,0,2820,-3512,0,0,0,2594
84398584,Team1,0,3664,0,0,0,0,-4791,0,0,0,0,0,3738,0,-4279,3829,0,3702,3062,4925,0,0,0,0,0,-6692,0,0,0,0,0,0,0,-3084,0,0,-4861,0,-4408
84064166,Team0,0,0,0,0,0,4647,-4234,0,-4501,0,0,4731,0,4481,0,0,0,-3757,4414,0,0,0,0,0,0,3831,-3888,0,0,5023,-3275,0,0,0,0,0,0,0,-3889
84064190,Team0,0,-3554,0,0,0,0,-4300,0,-4259,0,3403,0,0,0,0,0,0,-3697,0,3935,-3562,0,0,0,0,4305,0,4646,3813,0,0,-4209,4480,0,0,0,0,0,0
84064232,Team0,0,0,0,-3525,0,0,0,-3432,0,0,0,0,0,4371,0,0,0,4670,0,-4882,0,3895,0,0,0,4412,0,0,0,4330,-4611,0,0,0,-4179,0,3809,0,-4778
84064251,Team1,0,0,-1943,852,0,0,0,0,0,0,0,0,0,0,0,-10318,0,1110,0,0,1303,1307,0,-1989,0,0,853,-1918,0,1069,0,0,0,0,0,-1869,-1918,0,0
84064255,Team1,0,-3615,0,0,0,0,3535,0,-3946,0,0,0,-3412,3505,0,0,0,0,0,0,4298,0,4732,0,0,3888,0,0,-3769,0,-3243,0,0,0,0,-3461,0,0,3690
84123458,Team1,0,0,0,0,3593,0,-3881,0,0,0,0,0,4010,0,0,0,-3650,0,3961,0,-3542,0,4110,0,0,0,0,4597,-3215,0,0,-3049,0,3618,-3697,0,0,0,0
84430756,Team1,0,5348,0,0,0,0,0,0,0,0,0,0,3388,0,3626,0,4069,0,0,0,0,0,0,-3166,4367,3708,0,0,-4640,-3449,0,0,0,-4324,-3774,0,0,0,-3361
84430839,Team1,0,0,0,0,0,-4556,0,3997,0,0,0,0,0,0,0,-3920,0,4422,0,0,-3912,-4284,0,0,0,0,0,4603,0,-3573,0,0,3741,3677,3552,0,-3433,0,0
84430884,Team0,0,0,4126,0,0,3657,0,-3517,0,0,0,3963,3932,-3707,0,0,0,0,3839,0,0,-3482,0,0,0,0,0,0,0,0,0,0,0,4143,-3656,0,0,-3629,-3369
84430903,Team1,0,0,0,0,3544,3441,0,0,-4339,0,0,-4653,0,3856,0,0,-4692,0,0,0,0,4543,-4403,4044,0,0,0,-5007,0,0,-4902,0,0,0,0,0,4634,0,0
84430938,Team0,0,0,0,0,3790,4027,-3846,0,0,-4646,0,0,0,3432,0,0,0,0,0,0,-5215,-4933,0,0,0,3150,0,2938,-3810,0,0,0,0,0,0,0,3502,0,-4499
84430974,Team0,0,0,0,4367,-3755,4692,0,0,0,0,0,5320,0,3693,-3475,4733,0,0,0,0,-4232,-4375,0,0,0,-3043,0,0,0,5758,0,0,0,0,0,0,-2824,0,0
84430979,Team0,0,0,5256,0,0,0,-4401,0,-4386,3826,0,0,3095,0,0,0,-7673,5134,0,0,-7371,0,0,0,3072,0,0,0,-4136,0,0,0,0,0,-4362,0,0,0,3733
84430981,Team1,0,0,0,0,-3394,0,0,0,0,0,-3723,3405,-3413,0,0,0,0,0,0,-4697,0,-4057,0,0,0,-4187,3762,0,0,3557,3284,0,0,4487,0,0,3627,0,0
84430982,Team0,0,-3749,0,0,0,0,0,0,0,3866,0,0,0,3121,0,0,0,-3658,0,0,3690,3529,0,0,-3713,0,-3432,3912,0,4503,0,0,0,0,-3740,0,0,-3634,0
84430986,Team0,0,4442,0,0,0,-4278,0,3494,3176,0,0,0,0,0,0,0,0,3969,0,0,-3816,0,0,0,3813,0,0,-4143,0,0,-3849,0,-3581,0,4270,0,-5082,0,0
84431011,Team0,0,3583,0,0,0,-3699,-3673,0,0,0,0,0,0,0,0,-4539,0,4188,0,-4691,-3828,4439,0,0,0,0,0,0,0,0,3883,-3383,3813,0,0,0,3496,0,0
84431025,Team1,0,0,0,0,-4053,0,4399,4520,0,-3382,-3513,0,0,0,0,0,3393,0,0,0,0,-3256,4385,0,0,0,0,5627,-4358,0,0,0,0,0,0,0,-4800,0,4244
84431036,Team0,0,0,0,0,0,3932,0,3528,-3360,0,-4326,-3946,0,0,0,4519,0,0,0,0,-3111,-3383,0,4955,0,0,0,3972,0,0,0,0,0,4352,0,0,0,-3856,0
84687925,Team1,0,0,-4169,4783,0,0,0,0,3732,0,-3518,-3761,0,0,6017,0,0,0,0,0,0,-4069,4443,-4839,0,0,-3623,0,4217,3941,0,0,0,0,0,0,0,0,0
84687939,Team1,0,0,0,-4641,5378,-4255,0,0,2578,0,0,0,0,0,4456,-4011,-3927,0,3757,0,4324,0,0,0,0,-2778,0,-3551,0,0,0,0,0,0,3986,0,0,0,0
84688038,Team0,0,3680,0,0,0,3443,4684,0,0,0,0,-3693,0,-4570,0,-1081,0,0,0,0,4017,-6905,0,4961,0,0,0,-3945,0,0,0,-5506,0,0,0,0,4176,0,0
84688056,Team0,0,-5120,-3774,-4727,0,-4766,4481,0,0,0,0,0,4316,-2817,0,0,0,4257,0,0,0,-3889,0,0,0,0,0,0,0,4026,0,4576,0,3600,0,0,0,0,0
84688083,Team1,0,0,-3752,3673,0,0,0,0,-3830,0,-3811,-3432,3942,-3662,0,0,0,3801,0,0,0,4211,0,0,-3932,0,0,0,0,0,0,0,0,0,0,0,0,3287,4048
84688107,Team0,0,3708,-3683,0,-4094,-3546,0,0,0,0,0,0,0,0,0,-3768,0,3493,4161,0,-3756,3624,0,0,0,0,0,0,3765,0,0,0,0,0,3855,0,-3536,0,0
84688143,Team0,0,-4216,0,-3935,0,-3457,4445,0,0,0,0,0,0,4358,0,0,0,0,0,4102,-4548,0,0,-3875,0,0,0,0,3892,0,0,0,0,4933,-4075,0,3804,0,0
84688168,Team0,0,0,3885,0,0,0,-3853,0,-4077,0,0,0,0,-4548,0,-4822,0,0,3479,-3823,0,0,3577,3658,0,3104,0,0,0,0,-4562,0,0,4771,0,0,0,0,0
84688288,Team1,0,-3419,-4903,4558,0,0,0,0,0,0,0,4333,0,-4438,0,0,0,0,0,0,0,4067,0,4508,0,0,0,5137,0,0,-3678,-3511,0,0,0,0,4559,0,-3050
84464319,Team0,0,4746,0,0,0,0,0,0,3576,0,0,0,-4809,0,0,0,0,0,0,0,0,0,4615,0,0,0,0,0,3140,0,0,0,0,-4057,0,0,-3647,0,0
84464333,Team0,0,4437,0,-4541,0,-3673,0,0,0,0,0,3898,0,0,0,0,3734,0,3663,0,0,3684,0,0,0,0,0,0,3521,-3199,0,-3966,0,0,0,-4182,0,0,-3756
84464355,Team1,0,0,0,3612,0,0,-5831,-4260,4803,0,0,0,0,-3567,0,0,0,0,3484,0,-5225,0,0,0,0,-5504,0,4909,0,5747,0,0,0,0,3217,0,0,-5140,0
84464369,Team1,0,0,0,0,0,3489,3464,0,0,0,3843,-3998,-4235,0,0,3956,0,0,0,-4108,3531,-3736,0,0,0,0,0,3527,-4082,0,0,0,0,0,-4453,0,0,0,0
84464389,Team1,0,-5464,0,0,0,-3909,0,0,-4481,0,3094,3559,4138,-4433,0,-5940,0,0,0,0,0,0,0,0,-4660,4036,0,3429,0,0,0,0,0,0,3073,0,0,0,0
84464502,Team0,0,0,0,0,0,0,-4262,0,-3595,0,-3575,0,4219,4757,-4143,0,0,0,0,0,-4539,0,0,0,-3855,0,0,3591,4398,3079,0,5117,0,0,0,0,0,0,0
84464519,Team0,0,0,0,0,0,-4316,-4624,0,0,0,0,0,0,5280,0,-4219,0,0,-4423,0,4179,-3674,0,0,0,0,0,0,0,4483,0,0,0,0,3471,-4043,5045,5641,0
84464541,Team0,0,3976,0,0,0,0,0,0,4111,0,-3808,0,0,0,-4401,0,0,-3675,0,0,4192,0,0,0,0,0,0,-4836,3529,-3318,0,0,-5231,0,4398,0,0,4193,0
84464563,Team1,0,0,3464,0,-3338,-4852,0,0,0,0,0,0,0,0,0,-4006,0,4390,0,-4043,0,0,0,0,0,0,0,-4534,0,4112,4582,-4035,4067,0,0,0,4334,0,0
84464719,Team1,0,0,0,0,3572,0,0,-4161,4408,4466,0,-3524,0,-3393,0,0,0,0,0,-3515,0,0,3353,0,3466,0,0,0,0,0,0,0,0,0,-3519,0,0,-3928,3913
84464753,Team1,0,0,-4196,0,0,-5242,0,0,0,0,0,3839,0,0,0,0,0,-4878,0,0,2894,0,0,-5257,0,4135,0,0,0,0,0,0,3322,3317,-4186,0,-3628,5640,0
84464850,Team1,0,0,0,0,0,0,0,0,0,4299,0,0,0,4939,3746,0,0,-2986,0,0,-4099,0,0,0,0,0,0,4943,4319,-5391,0,0,-4406,0,-4797,0,-3702,4128,0
84309798,Team0,0,0,0,0,0,0,0,0,0,0,0,0,0,0,0,0,0,0,0,0,0,0,0,0,0,0,0,3933,0,0,0,0,0,0,0,0,0,-5112,0
84309804,Team0,0,4502,0,0,-4206,0,0,0,0,-3670,0,0,0,0,0,0,0,0,0,0,4207,5617,0,0,4101,0,0,-3893,-3789,4372,0,0,0,-3474,-3725,0,5148,0,0
84309906,Team0,0,0,0,0,0,0,3906,4341,0,0,3172,0,-4611,3977,0,0,0,0,0,0,-5355,0,0,0,0,-4437,0,0,4105,-4152,0,0,0,-4745,0,0,-3596,4065,0
84309938,Team1,0,0,3953,0,0,3411,0,0,3445,0,0,0,0,4048,0,-4137,0,-4687,0,0,0,0,0,0,0,-4429,-3856,0,3280,3990,0,0,0,-3731,-4441,0,0,0,0
84309986,Team1,0,0,-3855,0,0,3222,3233,0,0,3805,0,3701,0,0,0,0,0,0,-3857,0,0,0,0,-3711,0,0,0,0,0,0,0,0,0,-4309,-5234,4682,0,-3784,3411
84723448,Team0,0,0,0,0,0,-3607,0,0,0,0,0,0,0,0,0,0,0,0,0,0,0,0,0,0,0,0,0,0,0,0,0,0,0,0,0,0,0,0,0
84723470,Team0,0,4412,4721,0,0,3650,0,0,0,0,0,0,0,-4956,0,0,0,0,0,0,3650,4098,0,0,0,0,0,-3706,0,0,0,-3396,0,-3319,0,0,4774,-3271,-4538
84723504,Team1,0,0,0,-3412,0,0,3995,3674,-3754,-3679,0,0,3506,0,0,0,0,-3653,0,0,-3513,3835,0,0,4337,3822,0,-4040,0,0,0,0,0,0,0,0,0,0,0
84723541,Team0,0,0,3933,0,0,3986,0,-4141,0,0,3204,-5426,0,0,0,4477,0,0,0,0,-3213,0,0,0,0,0,0,3891,0,-3352,0,0,-4636,-4592,0,0,0,4416,0
84723601,Team0,0,3533,0,0,0,0,0,3990,0,0,0,-3351,3907,0,-4005,0,0,4071,0,4445,-3998,-3573,-4155,0,0,0,0,4129,0,0,0,0,0,0,0,0,0,-4419,0
84723630,Team1,0,0,-4318,0,0,0,0,-3717,3894,0,0,0,0,0,3085,-3754,0,3660,0,0,-6218,0,0,3346,0,0,0,3570,-4500,0,-3355,0,0,0,0,0,0,4081,0
84723673,Team1,0,3217,3611,0,0,-3583,-3245,0,-4192,3260,0,0,0,4257,0,0,0,0,0,0,4352,-3562,0,0,0,0,0,0,-3329,0,-3253,0,0,0,3821,0,0,0,0
84723675,Team0,0,0,0,0,0,3818,-3658,0,5146,0,0,0,0,-4154,0,-3579,0,0,0,0,4738,0,0,4067,0,0,0,0,0,3715,0,3864,0,0,0,-3986,-3811,0,-4249
84723754,Team0,0,0,4081,0,0,0,0,0,0,-4507,4505,-5291,0,-4378,0,0,0,4365,0,0,0,0,3413,0,0,0,0,0,-4883,0,0,0,0,-4123,-4494,0,3084,0,4197
84756197,Team1,0,0,3680,0,3357,-3691,0,-4636,0,0,0,0,0,3437,0,-3929,0,0,-3415,-3759,5079,0,3701,0,0,0,0,0,0,0,0,0,0,0,-3576,0,3158,0,0
84756198,Team1,0,0,-4155,4423,0,0,0,0,0,0,-4277,-4424,0,3362,0,0,0,3791,0,3518,-4513,-4654,0,0,0,0,0,0,4962,0,0,0,3408,0,0,0,0,-3690,0
84756251,Team0,0,0,0,-3180,0,-4128,0,0,0,0,0,-4279,0,4271,0,0,-4251,0,0,0,0,4298,0,0,0,-3963,0,3558,0,4282,0,0,0,0,-4673,0,4720,0,4444
84756281,Team0,0,0,0,0,0,0,0,-4706,0,4368,0,3510,-3388,3717,-3937,3687,0,-3829,0,0,0,-4183,0,0,0,0,0,0,0,-4833,0,0,0,4673,0,0,0,0,4268
84756283,Team0,0,0,0,0,0,0,-3104,3496,0,0,0,0,0,4208,-4542,4816,-4459,3798,0,0,-4563,5712,0,0,0,-4450,0,0,4494,0,0,-4572,0,0,0,0,0,0,0
84756314,Team0,0,0,0,0,4451,0,0,0,0,4158,0,0,0,-3408,-3464,4107,0,-3693,0,0,0,0,0,0,0,0,0,-3858,3915,0,0,-3456,0,3494,0,0,4131,-3998,0
84756324,Team0,0,0,0,4534,-4324,0,0,0,0,-4134,0,0,0,0,0,-4024,0,-3598,0,0,0,0,0,5762,0,0,-3197,0,0,4913,5155,0,0,4725,-3677,0,3758,0,0
84756362,Team1,0,3521,0,0,0,0,3801,-4560,0,0,0,0,0,-4411,0,0,0,-3641,-3646,0,3168,-3564,0,0,0,-4860,0,0,0,3732,0,0,3710,0,0,0,3903,0,0
84756364,Team0,0,0,0,4575,0,0,0,0,3390,-4052,0,-4027,0,-4327,0,0,0,-3786,0,3277,0,-3575,0,4661,0,0,0,0,-4457,0,0,0,0,0,4393,0,0,0,3944
84756399,Team1,0,0,-4844,0,0,0,4141,0,4747,0,0,3844,4114,0,-5230,0,0,0,-4131,0,-7130,0,0,4635,0,3490,0,0,0,0,0,0,0,0,-3255,0,0,-4244,0
84756403,Team0,0,0,-600,12996,0,1500,0,0,1500,0,0,0,0,0,0,-600,0,0,-600,2564,2553,-646,0,0,0,0,0,0,0,0,-600,0,0,-600,1500,0,0,0,0
84095363,Team0,-1,0,0,0,0,0,3882,3849,0,0,0,0,-3089,0,0,3764,0,4019,0,0,-4546,-4272,0,0,0,-3751,0,0,0,-3720,3669,3746,0,0,0,0,0,-4163,0
84095366,Team0,0,-4005,3241,0,-4142,-3748,0,0,0,0,0,0,0,-3908,0,4114,0,0,4573,0,0,0,0,0,0,0,-4356,0,4122,0,0,0,0,3451,-4609,0,0,4274,0
84095375,Team0,0,-4955,0,0,0,-3524,4402,0,4656,0,0,0,0,0,0,0,0,4341,0,0,3734,-3896,0,0,0,-4322,0,0,-3877,4785,0,0,0,0,-4012,0,4040,0,0
84095421,Team0,0,0,0,0,0,0,-4377,0,0,0,0,0,0,-3432,4038,0,0,3728,0,0,0,-3947,0,0,-4117,0,0,3516,-3930,0,3916,0,0,0,3908,0,3860,-3998,0
84095422,Team1,0,4314,0,0,0,3518,0,0,0,0,0,0,3953,3261,0,0,0,-4303,0,0,0,0,0,2705,0,0,0,-5783,0,-4965,0,0,0,-4244,-4144,0,-4796,0,5245
84095426,Team0,0,0,3841,0,0,0,4306,0,-3646,0,0,-3948,0,0,0,0,0,0,-3597,4638,3615,0,3641,0,0,0,0,0,0,0,0,0,0,-3729,3877,-3517,0,0,-4337
84095428,Team0,0,0,0,0,-2992,0,3754,0,0,0,3516,0,0,4261,0,0,0,3805,3840,0,0,0,-3913,0,-4265,3948,0,0,0,0,0,0,0,0,-5174,-3661,0,-3943,0
84095448,Team1,0,0,3673,0,0,0,0,-3907,0,0,0,0,0,0,0,0,0,3508,0,0,-3428,0,-3901,-4038,3786,0,0,0,0,-3952,0,0,3563,3796,-4043,0,3893,0,0
84095456,Team0,0,0,4872,0,4084,0,-4035,-4182,0,4358,0,0,0,0,0,-3784,-3871,3759,0,0,0,0,0,0,0,0,3556,4217,0,0,0,0,0,0,-4002,0,0,-3509,0
84095457,Team0,0,0,0,0,0,-3367,0,0,0,-3558,0,-3632,4374,0,0,0,4606,0,0,0,-4288,-4647,0,0,0,2612,0,0,3940,4791,0,0,0,0,-4720,3720,0,0,0
84095510,Team0,0,0,3816,0,0,-3616,-3602,0,0,0,0,-4862,0,0,4707,0,0,0,0,-3797,3432,-3455,0,0,0,0,0,0,-4192,3654,0,0,0,0,0,0,3570,5590,0
84787203,Team0,0,4137,4278,0,0,0,0,0,0,0,3390,0,0,3310,0,0,0,0,0,-5220,3472,-4048,0,0,0,0,-3615,0,-3248,-4538,0,0,0,0,4806,0,0,-3593,0
84817337,Team0,0,0,0,0,-3673,3901,5124,-3242,0,0,0,4372,0,0,0,0,0,3987,0,0,0,3456,0,0,0,0,0,0,0,-4233,0,4201,0,0,-4588,0,0,-4081,-3544
84817381,Team1,0,0,0,0,0,3990,0,0,0,0,3603,3780,-4285,0,0,3446,0,0,-4137,0,-3838,0,0,0,4089,0,0,0,-3975,3227,0,0,0,-4025,-4412,0,0,0,0
84817416,Team0,0,0,3859,0,0,0,0,0,0,2739,0,0,0,0,0,0,-4302,0,0,0,3935,0,0,-4156,0,0,3082,-3858,-4371,0,3659,0,0,-3836,3876,0,-4831,0,0
84499484,Team1,0,0,0,-3199,0,0,0,0,-3511,0,0,4027,4594,0,-3440,-3771,4509,-3969,3697,0,-4017,0,0,0,4469,0,0,0,0,0,0,0,0,0,0,0,0,0,4058
84499504,Team1,0,-5367,0,3543,-3644,0,3542,-3905,0,0,0,0,-4455,0,0,4178,0,0,3485,0,0,0,0,0,0,4769,0,0,0,0,0,0,0,0,3854,0,0,-5111,-4298
84499509,Team1,0,0,0,0,0,-3919,0,3810,0,0,0,-4728,0,3881,-4945,0,0,0,0,-3409,4661,0,0,0,4082,3347,0,0,-3928,0,0,-3730,0,0,4653,0,0,0,0
84499528,Team1,0,0,0,0,-4599,0,0,0,0,0,0,0,0,-3620,0,0,0,0,-4330,-3497,0,-4604,3792,0,0,0,0,3827,-4681,4366,0,0,0,4555,4339,0,0,0,4167
84499600,Team0,0,-3487,0,3682,0,0,0,3993,0,0,0,-3894,0,3074,-3997,0,0,3594,-4576,4146,0,-3402,0,0,0,0,0,0,0,0,0,0,0,-4696,3841,0,0,0,0
84499606,Team1,0,5159,-2987,0,3864,0,4354,-4105,4906,0,0,0,-3647,0,0,4290,3804,0,0,0,-3424,0,0,0,0,0,0,0,0,-4244,0,0,0,-3422,0,0,0,0,0
84499607,Team0,0,0,-3830,0,0,0,0,0,4042,0,0,5256,0,-4465,0,0,0,3747,0,-4040,0,4007,0,0,0,0,0,0,-3731,0,0,0,0,-3671,-4074,0,0,4013,6541
84499685,Team0,0,0,-3916,0,0,-3442,3782,0,-3639,0,0,3438,0,0,0,0,0,0,0,0,3594,0,4105,0,-3822,0,0,0,-3573,0,0,0,0,4132,3883,0,0,0,-3071
84499699,Team0,0,0,0,0,3558,0,-5829,3822,0,0,0,0,-4073,3961,0,0,0,0,-4641,4056,-5932,0,0,0,0,0,0,4133,0,0,0,0,0,0,3996,0,0,-4197,-3404
84499748,Team1,0,0,3416,0,0,4062,-3333,3643,0,0,0,0,0,-3641,0,0,0,0,0,-4330,-3725,0,0,0,-3430,0,0,0,0,3482,0,-4537,0,0,0,0,3493,0,3920
84845624,Team0,0,-3247,4783,0,0,0,-3935,0,3564,0,0,0,0,-3676,0,-3599,0,-3713,0,0,0,-3734,0,0,5059,0,0,0,0,4001,0,0,0,4984,0,0,4527,0,0
84845664,Team1,0,0,0,0,-3434,0,0,-3136,5127,3955,0,0,0,0,0,3587,0,4119,0,0,0,3514,0,-3388,0,-3424,-4122,0,0,3813,0,0,0,-3859,0,0,0,0,0
84845719,Team1,0,-5029,4083,0,0,3415,0,-3912,-3994,0,0,0,0,-5060,0,0,3593,0,0,0,0,0,0,0,-4128,0,0,3258,0,0,0,0,0,0,3193,0,3718,-3856,0
84845791,Team0,0,0,0,0,0,-3224,-3552,0,0,0,0,3663,4886,2889,0,-3873,0,-3096,-4131,0,0,0,0,0,0,0,0,3986,0,0,0,5176,0,0,-4438,0,0,4933,0
84845852,Team0,0,0,-4054,0,0,0,4220,0,0,0,0,0,0,-5652,0,0,0,3927,3459,-3696,-3245,0,-3778,0,0,0,0,4172,0,0,0,3655,0,3694,0,0,-3726,0,0
84845867,Team1,0,0,-3448,4631,0,0,0,0,3800,-3856,0,-4164,0,0,0,0,-6544,3662,3616,0,-4449,0,0,0,0,0,0,0,0,0,3410,0,3596,0,-3559,0,0,0,0
84845882,Team0,0,0,0,0,0,-3782,0,4099,0,-4294,0,0,0,0,-3916,-3535,0,3455,0,0,0,3685,0,0,-3771,-3919,0,0,0,0,3695,0,4466,0,4036,0,0,0,0
84656140,Team1,0,0,-3644,0,0,4636,3585,-3856,0,0,0,-4128,0,0,0,0,0,-3114,0,0,0,4445,0,0,0,0,0,0,3605,0,0,0,0,-3644,-3845,0,4252,4987,0
84656157,Team0,0,0,0,0,0,0,0,0,3786,0,0,0,0,0,0,0,0,-3916,0,4823,-3954,-3258,0,0,3841,0,0,-3124,5572,-4017,0,0,0,0,3854,0,-3402,4037,0
84904688,Team1,0,0,4390,0,-4560,-4373,3408,-4339,0,0,0,-4507,0,-4300,0,0,4473,0,0,0,5027,0,0,0,0,0,0,-4346,4477,0,0,0,0,0,4816,0,0,0,0
84904718,Team0,0,-3161,-4560,0,0,0,4314,0,0,0,4719,0,-3448,0,0,4778,0,3966,0,0,-3415,4220,0,-3527,4174,0,0,0,0,0,0,-3871,0,0,0,0,0,0,0
84904924,Team1,0,0,0,4475,0,0,-4219,0,-3714,0,-4020,0,4762,-3254,0,0,0,0,3438,3842,-4070,0,0,0,0,0,0,0,3141,-3321,0,0,0,3860,0,0,0,0,0
84248946,Team1,0,-3922,4373,0,0,0,0,0,0,0,3353,-3801,-4396,0,0,0,3479,0,0,0,0,0,0,0,0,0,0,3707,0,0,0,4024,0,-4204,-3784,0,-3703,0,0
84248954,Team1,0,0,3407,0,0,0,-4288,3392,0,0,-4209,3831,0,-3708,0,0,0,-3662,0,0,0,0,0,-4552,-3585,0,0,0,0,0,0,0,0,3531,0,0,0,4003,4492
84248970,Team1,0,0,0,0,-3770,0,0,0,0,0,0,3628,0,3982,0,-4256,-4428,3694,0,0,0,0,0,0,0,0,0,3816,0,-3914,4106,3667,0,0,-4506,0,-3518,0,0
84249061,Team1,0,0,0,3625,0,0,3517,4305,3565,0,-3615,0,0,4770,0,-3863,0,0,0,-4976,-3753,0,0,0,3735,0,-3531,0,0,-3569,0,0,0,0,0,0,0,0,0
84249064,Team1,0,0,-4396,0,0,4443,3146,0,0,0,3547,-3810,0,0,0,4389,-3588,0,0,0,0,-3365,0,5462,0,0,0,0,0,0,-5882,0,0,0,0,3982,-3521,0,0
84249066,Team0,0,0,0,-3499,-3366,0,3609,3809,-3691,0,0,5265,0,-3446,0,0,0,0,3840,0,3654,0,-3438,0,0,0,0,0,0,0,3449,0,0,0,0,0,0,-4584,0
84249144,Team0,0,-4598,0,0,0,0,3534,0,0,0,-4421,0,0,-5001,-3983,0,0,0,0,0,3754,0,0,0,0,0,0,3611,0,-4515,0,0,0,3841,-5776,0,3509,3666,0
84563563,Team0,0,-3624,3681,0,0,0,0,0,-4408,0,0,0,0,-4095,0,4370,0,0,0,3522,-3777,0,0,0,0,0,0,0,0,-4231,0,0,0,3731,-3698,5168,6277,0,0
84563574,Team0,0,0,3861,0,-3839,0,0,4641,5021,0,0,0,0,-5464,0,0,0,0,-3836,0,0,-3630,0,0,3667,0,0,0,4629,-4816,4133,0,0,0,-4787,0,0,0,0
84563655,Team0,0,0,4186,-3843,0,3475,0,4036,0,0,0,0,0,0,5127,0,0,0,0,0,-4253,5216,0,0,-4328,0,0,3954,0,0,0,0,0,-5447,0,0,-4341,0,-3953
84563707,Team1,0,0,3742,3908,0,0,0,3796,0,0,0,0,0,0,0,0,4231,0,0,0,-3260,-3273,0,0,4501,-3862,0,0,0,3794,-3518,-3734,0,0,-3646,0,0,0,0
84563821,Team0,0,0,4584,0,0,0,0,0,-3616,4110,0,0,0,-3995,3548,-4558,0,0,0,0,4966,4112,0,0,-4604,-3703,0,0,3848,0,0,0,0,-4087,0,0,0,0,0
84563925,Team1,0,4531,-4239,0,0,0,0,0,0,0,-3376,3629,0,4280,0,-3508,0,-3263,0,0,-3305,-4036,0,0,0,0,0,0,0,0,0,0,4037,5246,0,0,0,3756,0
84563990,Team1,0,-3699,3536,0,-3574,0,0,0,-4236,0,0,0,0,-4730,0,0,0,0,-4040,3755,0,4064,0,3624,0,0,0,0,0,-5115,4128,0,0,0,0,0,3972,0,0
84564009,Team1,0,0,0,0,0,-4611,-3615,0,3957,0,0,-3976,0,0,-3612,0,0,0,3889,3394,3652,0,0,3917,3287,0,0,0,0,0,0,0,0,0,-4554,0,0,-3828,0
84564014,Team0,0,0,3871,0,0,0,-3476,0,0,0,0,3783,0,0,0,0,0,0,0,0,3209,3522,0,-3979,0,0,0,0,4076,0,0,3324,0,-4396,0,0,-4015,-4838,-3640
84564016,Team1,0,0,0,0,0,0,0,0,0,0,3877,3777,0,0,0,0,0,4516,0,0,-4440,0,-3581,-3610,0,-3692,3465,0,0,4990,0,0,0,0,-4270,0,0,-3279,3888
84031488,Team0,0,0,0,0,0,0,0,0,0,-4545,0,0,3670,0,-4053,0,3686,3398,0,0,0,-4194,0,0,0,-4265,0,3468,3713,0,-4393,3409,-3952,0,0,0,0,0,0
84032681,Team0,0,0,0,0,0,0,0,0,0,-3488,3579,0,0,0,0,0,0,-3894,0,0,0,3867,0,-3734,0,0,0,5442,0,-3447,0,0,-4223,0,3884,3716,0,4554,-3541
84033439,Team0,0,0,0,0,4321,0,-3807,4869,3724,0,3545,-3632,0,0,0,0,0,-4395,-3858,0,0,4180,0,0,0,0,0,0,4326,0,0,0,-3798,-4125,0,0,0,0,0
84034061,Team1,0,-3535,0,0,0,-4013,-4213,-3742,0,3287,0,0,0,0,0,0,0,0,0,0,3483,4356,0,0,0,0,3728,3171,0,0,4245,0,0,0,-3975,0,0,0,-4526
84182664,Team1,0,3575,0,0,0,0,0,0,3892,0,-3317,-3329,3510,0,0,0,-5110,4304,4483,-3964,0,0,0,-4126,0,0,0,-4313,0,4848,0,0,0,0,0,0,0,0,0
84182674,Team1,0,-4576,0,3493,3433,0,0,0,-4834,0,0,4607,4193,-3198,0,-4349,0,-3517,3732,0,0,4259,0,0,0,0,0,0,0,-3240,0,0,0,0,0,0,0,0,0
84182688,Team1,0,3415,0,0,-3133,0,0,-3682,0,0,4344,0,0,3510,0,0,0,0,-3594,-4019,0,0,0,0,0,0,-3345,4158,3548,-3902,0,0,0,0,0,0,0,0,3963
84182704,Team1,0,0,0,0,-5091,3424,-3971,0,0,0,0,4289,0,0,3882,0,-4895,0,0,0,-5433,3681,0,0,0,0,0,-4225,0,3686,0,-3682,0,0,3619,0,0,0,0
84182707,Team0,0,0,0,0,0,-3299,0,3374,0,0,4511,0,0,0,0,0,0,0,0,0,3426,0,0,0,4145,-3343,0,-3336,0,4292,0,0,3376,-3642,-3641,0,-4559,0,0
84182744,Team0,0,-3817,0,0,0,0,0,3583,0,-3374,0,-3338,4474,0,0,-2994,0,3383,0,0,0,-5770,0,0,0,0,0,0,-3827,4526,0,0,0,0,4370,0,0,0,4401
84182754,Team0,0,0,0,0,0,0,-3537,-3950,0,0,0,0,0,0,5566,0,4143,-4623,0,0,-3787,0,0,0,0,0,-3982,4517,3624,0,0,0,0,0,3348,-3932,0,3841,0
84182776,Team1,0,3702,0,0,-4152,0,0,-3411,3582,0,0,-3872,0,0,0,0,0,0,0,0,3645,0,0,0,0,-3836,0,0,0,0,-4178,3570,0,0,-3623,0,0,4180,4896
84182781,Team1,0,0,-4192,0,0,0,-3860,0,-4611,0,0,0,0,0,0,0,4090,-4072,3902,0,1538,0,0,4728,0,5432,0,4029,0,0,-3928,0,-3682,0,0,0,0,0,0
84182782,Team1,0,3794,-4084,0,0,-4140,0,3184,0,0,0,3216,0,0,0,0,3340,0,0,-5530,0,0,0,0,-5284,0,0,0,0,0,4287,-4610,3766,0,-4521,0,0,0,0
84000559,Team0,0,0,0,-5565,3812,0,0,0,0,0,-4321,0,6083,-5853,0,0,0,0,0,0,-4785,-5180,0,0,-3571,0,0,0,0,0,0,0,0,0,0,0,3040,0,0
84000642,Team0,0,0,0,0,4376,0,-4277,0,-3929,0,0,0,0,-3336,0,0,0,0,0,0,4506,3575,0,0,0,0,0,3751,0,0,-4718,3815,0,0,0,0,-3998,4540,-3577
84000675,Team0,0,0,-4879,0,0,4080,0,0,0,0,0,4181,0,0,0,0,-3682,4280,0,0,0,-2597,0,4240,0,4383,0,-4170,-3251,0,0,0,4464,0,0,0,0,-4619,0
84000757,Team1,0,0,0,0,0,0,-4181,-4427,0,3285,0,3591,0,0,-6140,0,0,0,0,-4710,0,-3470,0,3179,0,0,0,4534,0,0,0,0,0,3596,0,0,0,4342,-3682
84000815,Team0,0,0,0,-4041,0,0,3691,4842,0,0,0,-3850,3218,-4087,0,0,-5041,4205,0,0,-4871,0,0,0,0,0,0,0,0,-5654,0,0,0,0,0,3532,0,2783,0
84215638,Team1,0,-3854,0,-3393,4066,0,0,0,0,0,0,-4182,0,3847,0,0,3355,-3803,0,0,0,4349,0,0,0,0,0,5228,0,3725,-4862,0,0,0,-4004,0,0,0,0
84215644,Team0,0,0,0,0,0,4211,0,0,0,0,0,-4591,0,0,0,0,0,0,0,0,3306,-4936,0,0,-4337,0,0,4147,0,4070,0,0,0,-3495,-4549,0,4188,-4177,4599
84215668,Team0,0,0,3996,0,0,0,0,-4305,0,3680,-3732,0,3716,0,-3746,0,0,0,0,-3873,0,-4245,0,0,0,0,0,0,4214,0,3286,0,0,0,0,4609,0,0,-3224
84215716,Team1,0,3230,0,0,3677,4185,3279,0,0,-4519,0,-4205,0,-4232,0,-4311,0,0,0,0,-5832,3551,3036,-5547,0,0,0,0,0,0,0,0,0,0,0,0,0,0,0
84215804,Team0,0,0,3576,0,-4613,0,0,0,0,4048,-3466,0,3764,0,-4113,-3082,0,0,0,0,5334,-3787,0,0,0,0,3784,0,-3872,0,4273,0,0,0,0,0,0,0,0
84215813,Team0,0,0,0,4742,0,3361,3970,0,-3568,0,0,0,0,-5310,0,0,3714,0,-3996,0,0,0,0,4626,0,-4936,0,0,-3990,0,0,0,0,-3648,0,0,0,0,3931
84215852,Team1,0,-4219,0,4710,0,4097,-4172,-4356,0,0,0,0,0,0,0,0,-3193,0,0,4135,0,3387,0,0,0,0,0,0,-4555,0,0,0,0,0,-3640,0,4200,0,4663
84215853,Team0,0,0,0,0,-4245,3419,0,0,4295,0,0,-4181,0,0,3920,0,0,-4676,0,0,0,0,0,0,0,4592,0,0,4668,0,0,-4237,-3101,0,4265,0,0,-5957,0
84215915,Team0,0,3492,0,0,0,4128,3308,0,-3346,0,0,0,0,3810,0,0,0,-3918,0,0,0,-4352,0,0,3771,0,0,0,-4055,0,0,0,0,0,-4029,-3307,3918,0,0
84215956,Team1,0,0,-3824,-3914,-3467,0,0,0,0,0,-3638,0,3782,-3559,0,0,0,3759,0,3469,-3321,0,0,0,0,0,0,0,3760,0,0,0,0,0,0,0,3319,0,3424
84153479,Team1,0,0,0,0,0,3920,4580,0,0,0,3022,0,0,4458,0,0,0,0,-4104,-4082,3301,0,0,0,-3825,-4121,0,0,0,0,0,0,0,0,-3198,0,3826,0,-4910
84153486,Team0,0,-2959,-4416,0,0,0,3310,-3409,-4881,0,0,4615,0,2679,0,0,0,3619,0,0,0,0,0,4089,0,0,0,0,-3921,0,-5393,0,0,0,0,0,0,4934,0
84153488,Team1,0,0,0,0,0,3916,0,0,0,0,0,3403,0,3807,-7190,0,0,0,0,-4453,-5087,-4300,-4089,4748,0,0,0,-3759,3566,5664,0,0,0,0,0,0,0,0,0
84153501,Team1,0,0,-4649,3757,0,-3549,0,0,0,0,0,0,0,3007,0,-3997,3853,0,0,0,-3740,-3458,-3878,0,3779,0,0,0,4637,0,0,0,0,0,0,0,0,0,4218
84153507,Team0,1,0,0,-941,0,7603,-934,0,0,0,7647,0,0,7333,0,0,-1503,0,0,0,0,0,0,7471,0,0,0,0,-2111,7744,0,7359,0,-1185,-907,0,0,0,0
84153553,Team0,0,0,-4139,0,0,-3866,5847,-3701,0,0,0,0,0,4836,0,0,0,0,0,0,3520,-5229,0,0,0,3487,0,-5001,3701,0,0,3553,0,0,0,0,0,-4230,0
84153630,Team0,0,0,-4269,0,0,-3681,0,0,3576,0,0,0,0,0,0,0,0,3567,0,0,5738,-3269,0,4148,-4093,0,0,0,0,4252,0,0,0,0,4040,-6601,-5308,0,0
84153635,Team1,0,0,4086,0,0,4388,-3690,-3829,3904,0,0,0,-4280,0,0,0,0,0,-3490,0,3590,0,0,0,0,0,3208,0,0,4415,0,0,0,0,-3890,0,-3605,0,0
84153707,Team0,0,4267,4191,0,-3774,-4634,0,0,0,3562,0,0,0,0,-2906,0,4262,0,0,0,4318,0,0,0,4520,0,0,0,0,0,0,-4964,0,0,-4213,0,0,0,-4333
84153716,Team1,0,0,0,-4683,-3645,0,0,0,0,-4874,0,0,4190,0,0,0,-3730,0,3460,0,3937,4170,0,0,0,0,0,-3609,3219,0,3355,0,0,0,-3916,0,0,0,0
84153743,Team1,0,0,0,4601,0,0,-3787,3918,-4050,3714,0,0,-4235,0,3597,0,0,0,0,0,-3224,4940,-3854,0,0,0,0,4812,0,0,-4287,0,0,0,0,0,0,0,0
84875796,Team0,0,0,-4526,0,0,4033,3507,0,0,0,4156,0,2986,-3375,0,0,0,-4243,0,0,-3508,0,0,0,5955,0,0,0,4322,0,0,0,0,0,-4466,0,-4052,0,0
84875797,Team1,0,0,-3883,0,-3991,-3919,0,0,0,0,0,4274,0,3985,-4123,0,0,3405,0,0,0,0,5256,0,0,0,3085,-3803,0,4752,0,0,0,0,0,0,-4232,0,0
84875800,Team0,0,0,0,-3806,0,0,0,0,-3937,0,0,3632,0,0,0,3768,4410,-3632,-3823,0,4003,0,0,-4165,0,0,0,0,0,0,0,0,0,-4172,3809,0,0,3841,0
84875835,Team1,0,0,0,0,0,0,3606,0,0,0,0,0,-3646,3861,0,0,-4675,3853,0,0,0,0,0,-5180,-4278,0,0,0,0,0,0,-3497,0,-3629,3836,0,4936,3846,0
84875849,Team0,0,0,4679,0,0,0,-5353,0,-3234,0,0,0,0,4171,0,0,0,0,0,0,0,0,-4147,-3477,-5074,0,0,0,-4429,3776,3817,0,0,0,0,0,3529,0,3937
84875856,Team1,0,4447,3706,3647,0,0,-3636,-3642,3674,0,0,0,0,0,0,0,0,3393,0,0,4726,-3557,0,0,0,0,0,-3974,0,0,0,0,0,-3706,0,0,0,-3479,0
84367595,Team1,0,3830,0,0,0,0,4806,3776,0,0,0,0,0,-4155,0,0,0,-4061,0,0,3968,-3569,0,0,0,0,3741,0,-3277,0,0,0,0,4018,-3936,0,-3866,0,0
84367703,Team0,0,0,0,4904,0,-3652,0,0,0,3815,0,3912,0,0,0,0,0,0,0,0,0,-3670,-3798,0,-3426,0,0,-3434,0,-3476,4717,0,3697,4643,0,0,0,0,0
84367767,Team1,0,0,-4107,0,3518,-3319,0,0,0,4674,0,-4119,0,-3537,0,0,0,0,0,-4211,0,3745,0,0,0,0,0,0,0,5287,0,0,3361,0,0,0,-3371,0,3443
84367893,Team1,0,0,0,-4186,0,-3725,0,0,-3214,3660,0,4789,0,0,0,0,0,4778,0,0,0,-4730,0,0,-5215,0,4344,4168,0,-5207,3468,0,0,0,0,0,0,0,0
84593976,Team1,0,0,0,0,0,0,0,0,4373,0,0,0,0,0,0,0,0,0,0,0,0,0,0,0,0,0,0,0,0,0,0,0,0,0,0,0,0,0,-3844
84398818,Team1,0,3414,4799,0,-3447,0,0,0,3746,-3681,0,-4591,0,-3906,0,3451,0,0,0,0,3707,-4276,0,0,0,0,0,0,0,-3702,0,0,0,3531,0,0,0,0,0
84398842,Team0,0,0,4529,0,3435,0,0,0,0,-3543,3832,0,0,0,-4350,3655,0,3866,0,0,0,0,0,-3649,0,0,0,0,-5001,-3771,0,0,0,0,3680,0,0,0,-3948
84398844,Team0,0,-3437,0,4231,3811,5099,0,-4055,-3215,0,0,0,-4256,0,0,0,0,0,0,0,-3716,0,3215,0,0,5613,0,0,0,0,-5099,0,0,0,4515,0,0,0,0
84398895,Team1,0,0,-3900,0,0,0,0,0,-3889,0,0,3521,4739,0,0,0,0,-4115,0,0,0,-4386,-3863,0,0,4418,0,0,0,-4092,0,3919,0,0,0,4877,0,0,4396
84398936,Team0,0,0,-4923,0,0,4034,0,-5253,0,0,0,0,0,-4026,0,3737,0,0,0,0,-4008,4364,0,0,-3913,2973,0,0,0,0,3544,0,0,0,3811,0,0,0,-6576
84398955,Team0,0,3994,3381,0,-3610,0,0,0,3275,0,0,0,0,0,0,-3769,-3594,3990,-3556,0,0,3904,3558,0,0,0,0,0,0,-3758,0,0,0,0,0,0,-3962,0,0
84123387,Team1,0,0,0,3705,-3544,0,0,3651,0,0,0,5187,0,0,0,-4516,0,0,3946,0,0,-3278,0,0,0,0,0,0,0,-4960,0,-3616,3643,-4400,0,4665,0,0,0
84123502,Team0,0,-3313,0,0,0,-4393,-3716,0,4686,0,3868,-4574,0,0,0,0,0,0,0,0,5092,0,-4151,0,0,3412,0,3634,0,0,0,0,0,0,-3690,0,0,3826,0
84123520,Team0,0,3543,0,0,0,0,0,0,0,0,0,3767,-3676,0,0,0,0,-3377,-3885,0,3480,0,0,0,0,0,0,-4223,0,0,0,0,0,3487,4199,0,4698,-3430,-3526
84123611,Team0,0,0,0,-4539,0,4402,0,0,0,0,0,0,3932,0,0,0,-4219,0,0,0,-4106,0,0,4219,0,4758,0,-4263,4019,0,0,0,-4425,0,3842,0,0,-3438,0
84123625,Team1,0,0,-4064,0,0,4432,0,0,0,0,0,4003,0,4172,-3240,0,0,0,0,4167,-4943,0,0,4022,0,0,0,0,3716,0,0,0,0,-5723,-3890,0,-3393,0,0
84123654,Team1,0,-4086,3381,4262,0,0,0,0,-4206,0,0,0,0,0,0,0,3079,3303,0,0,-3678,-4342,3643,-4917,0,0,0,0,0,0,0,0,0,0,0,0,3513,-4821,0
84123713,Team0,0,0,4147,-3766,0,0,0,0,0,-3761,-4512,3960,0,0,0,0,3681,3692,-3508,0,-3832,3430,0,0,0,0,0,0,0,0,0,0,0,0,0,0,3525,0,-3419
84123714,Team0,0,3571,-4893,3992,0,0,0,0,4580,0,0,0,0,0,-3109,0,0,0,0,0,-5417,0,0,-5093,0,0,0,0,0,-4009,3558,0,0,0,4699,0,-4176,3533,0
84064317,Team1,0,0,-4070,0,0,0,0,0,0,0,0,0,0,3167,0,-4316,0,-3850,3344,0,3495,-3836,0,0,0,0,0,4036,0,0,4375,3673,0,0,-3951,0,0,-4526,0
84064330,Team0,0,0,3671,0,0,-4520,-3297,0,-4251,0,0,0,0,0,0,-4017,0,-3918,0,0,0,0,0,0,-3533,0,3466,4037,0,0,0,0,0,3812,0,3749,0,3818,0
84064374,Team0,0,0,3532,0,0,-3743,-4657,0,-4349,0,0,-3590,0,4258,4544,0,4085,0,3783,0,0,-3356,0,0,0,0,0,3743,0,0,0,0,0,-3812,0,0,0,0,0
84064375,Team1,0,-3908,0,0,0,0,-3940,0,-3918,0,0,0,0,3807,0,0,0,0,0,3268,-5388,0,0,0,0,0,0,0,0,0,-4928,3528,-3405,0,3336,3629,0,3618,0
84064599,Team1,0,-3537,0,0,0,3617,0,-3732,0,0,0,3306,0,0,0,0,0,-4021,3586,0,3118,0,0,0,-3659,0,0,0,-3859,4627,0,0,-3744,0,0,0,4519,0,0
84064656,Team1,0,5008,-4498,-3747,0,-3893,0,0,0,0,-3600,-4891,0,3301,0,0,-3599,0,0,0,0,3171,3736,0,0,0,0,0,3295,3285,0,0,0,0,0,0,0,0,0
84064657,Team1,0,0,0,-3904,0,0,4363,0,0,0,-3694,-3264,0,0,0,3617,3709,-3366,0,0,3941,0,0,0,0,0,0,0,0,0,0,4556,-4359,-3416,0,3779,0,0,0
84064658,Team0,0,0,3253,4493,0,0,-4027,0,-4292,0,0,0,0,0,0,0,3377,0,0,3925,4651,-3837,0,-3635,0,0,0,0,0,0,-4747,0,0,0,0,0,4012,-3986,0
84624781,Team0,0,0,4146,0,0,0,0,-4093,0,0,0,3476,0,4514,-4255,-4021,0,0,0,-3907,3760,0,0,-3931,0,0,0,0,0,0,0,3712,0,3415,0,0,0,-4124,0
84625032,Team1,0,0,-3860,0,3286,-3806,0,0,3802,0,0,0,0,0,0,0,0,-4401,0,0,3559,3048,0,0,3265,3671,0,0,-3803,0,0,0,-5181,0,-4157,0,0,0,0
84625127,Team1,0,0,-4587,0,0,0,3065,0,-3629,-4275,0,5026,0,0,0,3474,4095,0,0,0,-3788,0,0,0,0,4690,0,0,4124,0,0,0,0,0,-3532,0,0,-3565,0
84625144,Team1,0,4025,4067,0,0,4101,0,0,0,-4077,0,4252,0,3845,0,-4089,0,0,0,0,-4061,0,4189,-4513,0,-3251,0,0,0,0,0,0,0,-3545,0,0,0,0,0
84625181,Team1,0,0,3417,0,0,0,4494,0,0,-4946,0,0,0,-3662,0,0,0,3432,0,0,-5500,-3650,0,0,4418,0,3685,-3995,0,-5168,0,0,4234,0,0,0,0,0,0
84625183,Team1,0,0,0,0,0,0,4059,0,0,0,-4245,0,0,3329,0,0,0,0,0,0,-5547,0,0,-3568,0,0,0,0,-3880,4209,3340,4352,0,0,-4032,0,0,-3614,3802
84625244,Team0,0,0,-3998,0,0,0,0,0,0,0,3554,4052,0,0,3993,0,3075,0,0,0,0,-4513,-4702,4796,-4171,0,0,0,0,2838,0,0,0,-3638,-3864,0,0,0,0
84625245,Team1,0,0,0,0,4021,3075,-4524,0,0,0,0,-4294,0,0,0,0,-3342,0,4235,-4633,0,0,0,-4169,0,0,4093,0,0,5152,0,0,0,0,0,0,-3742,0,3355
84625247,Team0,0,0,0,0,-5002,0,-3998,4265,0,-4251,0,-3652,0,0,4259,0,-4234,0,0,4307,0,0,0,0,0,0,0,4530,0,0,0,4799,0,4850,-5389,0,0,0,0
84279286,Team1,0,0,0,3765,0,0,-3684,0,-3806,0,0,0,0,4167,-3961,0,0,3985,0,0,0,-4114,0,0,0,0,0,0,-3877,-3613,0,4087,0,0,0,3812,0,0,3671
84279291,Team1,0,0,0,0,0,0,0,-3990,0,0,0,-4094,0,5384,0,0,0,-4226,0,-4455,0,0,0,0,0,5311,-3877,3534,0,0,3763,0,0,4024,0,0,3483,-4355,0
84279378,Team1,0,0,0,-4098,-5730,-3870,0,-5447,0,0,0,5349,0,0,-4112,0,0,0,4106,0,4085,-3515,0,0,0,0,0,0,0,0,0,4294,0,0,0,0,4405,0,3813
84279382,Team0,0,0,3374,0,0,-3182,0,-4040,3578,0,0,0,0,0,3900,0,0,0,3803,0,-4354,4314,0,0,0,0,0,-3627,4835,-3420,0,0,0,0,0,0,-4367,0,0
84279448,Team0,0,0,3513,3646,-3539,3733,0,4589,0,0,0,0,0,0,0,0,0,-3608,0,0,3296,-3471,0,0,0,0,0,0,0,-3610,0,0,0,0,-3415,0,-3584,0,4323
84279451,Team0,0,-3439,0,3700,0,-4647,4182,4406,0,0,0,-3871,0,-3947,0,0,0,0,0,0,3804,4350,0,0,-4249,0,0,0,0,0,3957,0,0,0,-3707,0,0,0,0
84279467,Team0,0,0,-3715,4479,0,-4033,0,-4046,0,0,0,0,0,0,0,-4725,0,0,0,-4113,0,2880,4269,0,0,0,0,4491,0,4011,0,0,0,0,3460,-5031,0,0,0
84279479,Team0,0,0,4051,0,0,0,-3979,0,3320,-3698,0,0,0,3638,-3873,-3885,0,-3482,0,0,3790,-3994,4460,0,0,0,0,0,0,0,0,0,0,0,0,0,3536,0,0
84279520,Team1,0,3534,0,0,0,-4724,-3931,0,0,0,0,-4376,0,-3495,-4611,3966,3437,0,0,0,3829,0,-4068,0,0,0,0,3894,3569,0,0,0,0,0,0,0,0,0,0
84688339,Team0,0,0,4643,4429,0,0,0,0,-3761,0,0,0,0,0,0,0,3587,0,0,0,0,0,0,0,-4240,0,0,-3124,0,0,3574,4676,0,-4464,-4210,0,0,-4604,4352
84688374,Team1,0,0,0,0,-4611,0,-4357,0,0,0,0,3502,0,-4545,-4357,0,0,0,-4106,0,0,0,0,4250,4422,0,0,0,-4812,0,3189,4665,0,0,4595,0,0,0,0
84688394,Team1,0,0,0,0,0,0,-3752,-3590,0,-4779,0,0,0,5592,0,0,0,0,0,4120,-3969,0,0,0,-4301,0,0,4350,3872,0,3910,0,0,0,0,0,3533,0,-3787
84688410,Team0,0,0,0,-3472,0,3816,4211,0,-3851,0,0,-4320,0,0,4474,0,-4246,0,0,0,-3701,0,0,3771,0,0,0,0,0,0,0,4287,0,4260,0,0,0,-3622,0
84688445,Team1,0,0,0,0,0,-3802,0,3557,-5468,0,0,0,5555,0,3728,0,0,0,0,0,-4151,4460,0,0,0,-4817,0,0,0,3767,6160,-4338,0,0,0,0,0,0,-3939
84688530,Team1,0,0,0,0,0,4503,0,0,0,0,-4191,3008,0,0,0,0,0,4580,0,0,-5093,3232,0,0,0,0,3465,-4795,4215,-3826,0,0,-4150,0,0,0,0,-5063,0
84688543,Team1,0,0,0,0,3281,0,0,0,-3622,3079,0,0,4306,0,0,3966,0,0,0,0,-3683,-4132,0,0,-4694,0,0,3883,-4859,-4444,3385,0,0,0,0,0,0,0,0
84688544,Team0,0,0,-4623,0,4316,0,0,-4932,0,3642,0,-3988,0,0,0,0,0,3614,0,-4119,0,0,-4400,3602,0,0,0,0,0,0,0,0,3120,0,0,0,3733,-3931,0
84688565,Team0,0,-3603,0,0,0,3326,0,0,-3803,0,0,0,0,0,0,0,0,-3654,-3722,0,0,-4738,0,4326,0,0,0,0,-3755,0,3899,3653,0,0,4077,0,0,0,3832
84723578,Team1,0,4556,-3823,0,0,0,0,-3901,0,0,0,3443,0,-4919,0,0,0,-4065,0,0,0,-4550,3300,4229,0,0,0,0,-4439,0,0,0,4234,0,3897,0,0,0,0
84430397,Team0,0,0,3166,0,0,0,0,0,-3475,-3571,4451,0,0,-5368,0,0,0,-4154,0,0,5019,0,0,0,4251,-4058,0,-3553,0,0,0,0,3400,0,0,3525,0,0,0
84430415,Team1,0,-3449,0,4722,0,0,0,0,0,-4075,3160,-3928,0,-3999,0,0,3296,0,0,0,-3809,-3644,0,0,0,0,0,4904,0,0,3748,0,0,0,3207,0,0,0,0
84430505,Team1,0,0,0,0,0,3311,-4103,0,0,2893,0,3863,0,0,4771,0,0,0,0,-3535,-4916,0,5158,0,0,0,0,4112,0,0,-3244,0,-4812,0,0,0,-3965,0,0
84430632,Team1,0,0,0,0,0,3708,0,0,0,-4064,0,3482,0,0,-4555,-4630,0,0,0,-4952,3678,0,2827,0,0,0,0,0,4396,0,0,3398,0,0,-4555,0,0,-4807,0
84430711,Team1,0,0,3609,0,0,4222,-3403,4810,0,0,0,3538,0,0,0,0,0,4519,0,-4218,-4226,0,0,0,0,0,3815,0,0,0,-4284,0,-3791,0,0,0,-4109,0,0
84430995,Team1,0,-4172,0,0,0,-3673,3994,4337,0,0,0,-4219,3402,0,0,0,4170,0,-3564,0,0,-3659,-3517,0,3994,0,0,0,0,0,0,0,0,0,0,0,0,4385,0
84431130,Team1,0,0,-4150,0,0,0,0,0,-3332,3158,0,3822,-3683,4637,0,0,0,3433,0,0,0,0,0,0,-4361,0,3482,0,-4516,0,0,0,0,0,-4531,4799,0,0,0
84431133,Team1,0,0,-3395,0,0,0,0,0,-3504,-3799,0,0,0,0,-3800,0,0,-3676,0,3837,4948,0,3166,0,0,0,0,4005,0,0,0,0,0,0,-3529,0,3976,0,3479
84431218,Team0,0,4006,0,-3860,0,-3688,-3533,0,0,0,0,-3543,0,3691,0,0,-4140,3796,-4571,0,0,4007,0,0,0,0,0,0,0,3884,0,0,0,0,0,0,3580,0,0
84310082,Team1,0,0,0,0,0,-3899,0,0,0,0,0,0,0,0,0,0,0,0,0,-5007,-3994,0,0,0,0,0,0,0,3934,0,0,0,0,0,0,3218,0,3374,0
84310112,Team0,0,-4264,4272,0,-3527,0,4127,0,4032,0,0,3431,0,-3971,0,0,-4160,0,0,0,3335,0,0,0,0,0,0,-4047,0,0,0,-3765,0,0,0,0,4288,0,0
84310138,Team0,0,3711,-3718,0,-4886,0,0,-3768,0,0,0,5719,0,-4528,0,0,0,0,0,4433,-3093,3506,0,0,0,0,0,0,0,0,0,0,0,3643,-3519,0,3455,0,0
84310234,Team1,0,0,0,0,0,0,3631,0,0,0,0,0,0,0,3377,-3702,0,3689,-4218,0,-3789,-4624,0,0,0,0,0,4763,-3726,0,0,0,0,-5357,4416,0,3387,0,0
84310285,Team0,0,-4052,4234,0,0,-3531,-3892,0,0,0,0,0,0,0,0,4195,0,0,0,3762,0,-3699,0,0,0,0,0,0,-4274,0,0,0,0,3710,-4370,0,3589,3873,0
84310290,Team0,0,-3848,-4014,0,0,0,0,0,-3305,0,0,4614,0,5010,-3085,0,0,0,-4473,0,0,4331,0,0,0,0,0,0,0,0,3684,4435,0,-4599,0,0,0,4455,0
84310312,Team0,0,0,3619,0,-3622,0,-3521,0,3903,0,0,0,0,0,0,0,-3790,3676,0,0,-4721,3830,0,0,0,0,0,-3665,4000,0,0,0,0,0,0,0,-5293,0,3966
84464088,Team0,0,-4199,0,0,0,0,0,4210,0,0,0,-3748,0,0,4363,0,0,-3201,3703,4538,4710,0,-3655,5280,0,0,0,0,0,0,0,0,0,0,-3661,0,0,0,-3364
84464147,Team1,0,0,-3775,0,3541,0,0,0,0,0,3520,0,0,-5058,0,-3723,0,0,0,0,3456,0,0,0,-3673,0,0,4096,-4517,0,-4040,0,0,0,0,0,3258,0,4519
84464368,Team1,0,-3369,-4680,4982,0,0,0,0,-4076,0,0,0,0,-3414,-4113,0,0,0,0,0,5007,3380,0,0,0,0,0,0,0,3445,4742,3673,0,0,-3685,0,0,0,0
84464390,Team0,0,0,0,0,0,0,0,0,0,-5041,3589,-4070,0,0,0,-4772,0,-4035,3656,0,0,4565,0,0,4547,4405,0,0,0,0,0,0,0,-4073,0,0,-3189,0,4497
84464808,Team0,0,0,4101,0,0,3744,0,0,0,0,0,-4393,0,0,5157,0,0,0,0,0,-4333,-3556,0,0,0,-3872,0,5336,0,0,3934,0,0,-3818,-5108,0,4731,0,0
84095563,Team0,0,0,0,0,3880,0,-4029,0,3158,0,0,0,0,0,-4733,0,-4758,0,0,0,0,3037,0,0,0,0,6006,0,-3540,-5090,3843,0,0,0,3518,0,-5248,0,0
84095570,Team1,0,0,0,0,-3930,0,0,0,0,0,0,0,-3644,0,0,0,-5041,0,4251,0,3686,0,0,-3613,0,-3900,0,0,0,3871,0,3844,0,0,3921,0,0,3519,-4096
84095597,Team1,0,0,0,-3361,0,3407,-4062,0,0,0,0,0,0,0,3781,0,-4018,0,-2983,0,0,4632,0,-3761,0,0,0,0,4242,3800,-5729,0,0,0,0,0,4286,0,0
84095600,Team0,0,0,0,3314,0,0,-4627,0,0,0,0,0,0,2963,0,0,0,0,0,3673,0,3436,0,0,-4149,0,0,0,0,-3635,0,-3633,0,-4137,3193,0,0,3262,-3839
84095637,Team0,0,3608,-3717,0,0,0,0,0,3632,-3790,0,0,-4903,-3500,4109,0,0,0,3717,4080,0,0,0,0,0,0,0,0,-3772,0,-4210,0,0,0,0,0,0,0,3689
84095638,Team0,0,0,3745,-3798,0,0,-4804,0,-3925,0,-4430,0,0,0,0,0,0,-3464,0,0,0,4047,0,0,0,0,0,3377,0,0,3750,0,0,4505,0,0,3351,-3591,0
84095640,Team1,0,-3986,0,0,0,0,0,4116,0,0,0,0,0,0,0,-4219,0,0,0,3626,-4139,4213,4538,3836,0,0,0,0,-4436,0,0,0,0,-4072,-4089,0,0,0,4677
84095658,Team1,0,4038,0,0,0,4140,0,0,0,0,3734,0,5004,-3554,0,0,0,0,0,0,3527,-3486,-3584,0,0,0,0,0,3804,0,0,0,0,0,-4321,-4405,0,-3830,0
84095688,Team0,0,4285,0,-3438,0,0,0,0,0,0,0,0,0,3707,3466,0,0,0,0,-3506,0,-3859,-3837,0,3311,0,0,0,-4411,0,0,0,0,0,0,-3431,4282,3472,0
84817444,Team0,0,0,0,0,0,0,3526,0,0,0,3369,0,4587,0,-3815,0,0,0,0,-5187,0,0,-4627,4067,0,0,0,0,-3168,4364,0,0,0,4730,-3758,0,0,-3752,0
84817446,Team1,0,0,3321,0,0,3901,0,0,0,4325,0,0,0,3282,0,0,0,0,0,0,-3957,0,0,-4784,0,0,0,3812,3855,-3762,-3395,0,0,0,-3074,0,-4147,0,0
84817471,Team1,0,0,4556,0,0,-4222,0,0,0,-3923,0,-4844,-4980,4145,0,0,0,0,4343,0,0,0,0,0,0,-4509,0,0,3536,-4736,0,0,0,0,0,3780,0,3694,0
84817605,Team0,0,0,3910,-3932,0,0,0,3985,-3532,0,4109,0,0,0,0,0,0,-3718,0,0,3414,-4360,0,0,-4602,0,0,0,3817,4101,0,0,0,0,0,0,0,-3852,0
84817623,Team0,0,0,6116,0,0,-2795,-3344,4655,0,0,0,-4206,0,-4576,4275,0,0,0,0,0,4729,4715,0,0,-4123,0,0,0,-4570,4075,0,0,0,0,0,0,0,0,0
84817655,Team1,0,3666,3903,0,0,0,-4673,0,0,0,0,0,0,0,0,3724,0,0,0,0,-4611,0,-4832,3628,0,4616,0,0,0,-4748,-3405,0,4669,0,-4968,0,0,0,0
84817656,Team1,0,0,0,0,2819,0,0,0,-4383,3958,0,-3524,0,0,0,0,0,4366,0,-3405,0,3690,-4974,4523,-5120,0,4823,0,0,0,-3908,0,0,0,0,0,0,0,0
84786944,Team1,0,0,4151,0,0,0,-3533,0,0,0,0,-3730,3454,0,0,0,-4365,4117,0,0,0,4230,-4096,0,0,0,0,0,0,4498,-3685,0,0,0,-3502,0,0,0,3387
84787048,Team0,0,0,0,0,4338,0,-5011,0,0,0,0,0,0,0,0,0,0,0,3407,0,-3596,-4143,0,4591,0,0,0,0,-4376,0,-3889,-3707,0,0,4296,0,0,3525,3502
84787247,Team0,0,0,4380,0,0,3887,-4344,-5271,0,0,3523,0,3539,0,3515,0,0,0,5006,0,0,0,0,-3770,-3941,0,0,0,0,0,0,0,0,0,-3800,0,0,-4025,0
84787470,Team1,0,-4621,-4077,0,0,4718,0,0,4326,0,4770,3992,-4740,0,0,0,0,0,0,0,0,0,0,0,4338,3620,0,0,0,0,0,0,0,-4099,-3015,0,0,-3320,0
84787529,Team1,0,0,3536,4470,0,0,-4155,0,0,0,0,-4422,0,0,0,0,-4712,0,0,0,0,3693,-3764,0,0,0,4157,4539,0,-4068,0,0,0,0,-4222,0,3614,0,0
84787531,Team0,0,0,0,-4433,4604,0,0,0,0,0,0,0,3856,0,3757,-3748,0,0,3160,5215,-3537,-3849,0,-3691,0,0,0,0,0,0,0,0,0,0,-3905,0,0,0,3529
84787541,Team1,0,0,3346,0,0,-3110,0,0,3911,-2976,0,5793,-4613,0,0,3861,4623,0,0,0,0,-3629,0,0,0,-4745,0,0,-5437,4352,0,0,0,0,0,0,0,0,0
84905031,Team0,0,0,0,0,4795,0,0,0,0,3133,0,0,-4966,2608,0,-4705,0,-3572,0,0,0,-4053,0,0,0,-5449,0,0,5091,4633,0,0,3580,0,0,0,-3490,0,0
84905070,Team0,0,0,-3350,0,0,3407,4155,0,0,-4916,0,4330,0,0,0,4859,0,3974,4422,0,-5615,-4673,0,-3517,0,0,0,0,0,0,0,0,0,0,0,0,0,0,-3309
84905077,Team0,0,4481,3916,0,0,-3607,0,0,0,0,-4447,-4099,0,0,0,0,0,0,0,0,4798,0,0,0,0,-5680,4817,0,4289,0,0,0,0,3734,-3797,0,0,0,-3672
84905079,Team0,0,0,4050,0,0,0,4516,0,0,0,0,0,0,-5370,3147,3428,0,0,-4634,0,-3775,3536,0,-3850,0,0,0,0,0,-3456,0,0,0,0,0,0,3838,0,-3343
84905163,Team1,0,-4754,-5207,0,0,0,0,0,0,0,0,0,-4278,3197,3070,0,0,-3831,4205,0,-4808,4881,0,0,4638,0,0,0,0,4234,0,0,0,0,0,0,-4041,0,0
84905199,Team0,0,3430,0,0,0,0,0,0,-4200,0,0,4096,0,3852,0,0,0,-4498,0,0,0,-2971,0,-4322,4433,-3981,0,0,0,0,4285,0,3845,0,0,0,0,0,-2853
84655779,Team1,0,3719,0,0,-4353,0,0,0,-3660,-3917,4946,-4565,0,0,0,0,0,0,-4125,-4468,3304,4204,0,0,0,0,0,0,0,3528,0,0,0,0,3347,0,0,0,0
84655935,Team0,0,0,3800,-3469,0,-4847,0,0,0,0,0,0,-3923,0,0,0,0,-3142,-4285,0,4324,0,0,0,-3940,0,0,0,0,3784,0,0,0,4878,3606,0,4593,0,0
84655991,Team0,0,0,4229,0,0,0,0,0,0,0,0,0,0,3985,0,0,0,3045,-3764,-3735,-4579,0,0,0,0,0,-4261,-4042,0,4137,0,0,0,0,0,0,3285,-4408,3401
84656077,Team0,0,-3988,0,0,0,0,0,0,6350,0,-3949,-5241,0,0,-4814,4168,0,4295,3950,4534,-3253,-4282,0,0,0,0,0,0,4898,0,0,0,0,0,0,0,0,0,0
84656200,Team1,0,0,3326,3519,0,-3863,-3809,0,0,0,0,0,-4103,0,-4380,0,0,-3933,0,0,0,3539,0,0,0,0,0,0,4422,0,0,3789,0,0,0,0,-3858,0,3640
84656352,Team0,0,0,3609,0,0,0,-4738,0,0,0,3393,0,-4078,0,0,0,0,4606,0,0,0,3636,0,0,0,0,3880,0,-4005,0,0,0,0,-3855,0,3367,0,-4242,-3544
84845880,Team1,0,0,4107,0,0,0,0,0,0,0,4507,3926,0,0,0,0,0,0,-3760,2887,0,0,0,0,-4957,-3771,-3818,0,0,-5268,-4606,0,0,3499,3317,0,0,0,0
84499340,Team1,0,0,0,0,0,4221,5447,0,0,0,0,0,0,4999,0,-3435,0,0,0,5652,0,0,0,0,5671,-4028,-3279,-4520,0,0,-2993,0,0,-3861,0,0,3911,0,0
84499481,Team1,0,6199,0,0,0,0,0,0,0,0,-3818,-3803,3979,0,0,4386,0,3357,0,0,-3453,3657,0,-4595,0,0,0,0,0,0,5104,0,0,-3674,-4795,0,0,0,0
84499563,Team1,0,0,-5126,0,-4323,0,0,0,-5748,0,0,0,0,3967,0,-4956,0,0,3528,0,3584,0,0,0,0,0,0,4285,0,4686,0,0,0,-4607,0,-3580,3876,0,0
84499725,Team1,0,0,4732,0,0,-4315,0,0,3744,0,0,0,0,0,4694,0,0,3679,0,3584,0,-3350,0,-3756,0,0,0,0,0,-3885,0,2978,0,0,0,0,-3457,-3936,0
84499781,Team0,0,0,-3973,0,-3811,3483,3758,0,0,-3586,0,0,0,0,0,-5655,0,3947,0,0,0,0,0,0,0,0,-4059,0,0,4649,0,3814,0,-4203,4719,0,0,0,0
84499783,Team0,0,5800,4258,0,0,0,0,0,0,0,-4127,0,0,5016,0,4069,5908,-4580,0,0,0,0,0,0,4038,0,0,0,0,-4676,0,0,-4062,0,-4185,0,0,0,-3311
84500063,Team1,0,0,0,0,0,0,0,0,0,-3452,0,0,-3870,3871,0,-3355,0,3630,0,-4916,0,4477,0,0,0,0,0,0,-4380,3840,0,0,0,-2793,0,0,4375,0,3498
84249232,Team0,0,0,0,0,0,0,0,0,0,4974,0,0,0,3015,-4190,4348,0,0,0,0,0,4553,0,-4262,4125,0,0,-4736,-3564,0,0,-4236,0,0,-3229,0,0,4882,0
84249294,Team1,0,-3622,-4536,0,0,0,3964,0,0,-4358,0,0,0,-3457,0,0,0,3537,0,0,-4372,5084,0,0,3340,0,0,0,0,0,0,0,0,0,-3738,0,3220,2917,0
84249295,Team0,0,0,0,0,0,0,0,0,0,0,0,-3112,0,0,0,0,-4110,0,0,-3347,5073,0,0,-3387,-4246,5525,0,0,0,4082,4994,0,4128,0,-3445,0,4590,0,0
84249328,Team0,0,0,5522,0,0,0,0,0,0,0,0,3974,0,0,0,0,3435,0,0,0,0,0,4406,-3275,0,-4455,-4044,0,-3400,4348,0,0,0,-3782,0,-3290,0,0,3369
84249361,Team1,0,0,-5718,0,0,4463,3213,0,0,0,0,0,0,0,0,0,0,-3559,0,0,0,-3490,0,0,5504,0,0,0,-3757,3790,0,0,3633,0,-4684,0,4038,-4033,0
84249363,Team0,0,0,4514,0,3828,0,-4610,0,0,-4591,0,-3338,4427,-4146,0,0,0,-4060,0,0,3447,-4863,0,0,0,0,0,0,0,0,0,0,0,3900,0,0,3641,0,0
84249399,Team0,0,0,0,0,0,0,0,0,0,0,0,-3975,0,-4383,0,0,0,-3604,-3266,0,3328,-3592,0,0,-3570,3493,0,4411,0,0,0,0,0,3754,0,0,4264,0,4024
84249411,Team0,0,0,0,0,0,0,0,-2944,0,0,0,0,3451,-2930,4093,-4287,0,-4302,0,0,0,-3565,0,0,-3752,3988,0,3949,0,0,0,0,4432,0,4356,0,0,0,0
84531846,Team0,0,0,4074,0,0,-4157,0,0,-3574,0,0,4293,0,0,0,0,3857,0,0,0,4456,0,0,0,-3875,0,0,-4392,0,0,-5100,3417,0,0,0,0,-3486,4820,0
84531945,Team1,0,3401,-3837,0,0,-3509,0,0,0,0,0,5534,0,-3557,3444,0,3215,0,0,0,-4513,0,0,-4123,0,0,0,0,0,3907,0,0,0,0,3500,0,-3961,0,0
84532064,Team0,0,-4040,-3485,0,0,0,0,0,-3414,0,0,4450,0,0,0,4256,0,-4273,3944,0,3410,4898,-3768,0,0,0,0,5695,0,0,0,0,0,0,0,-3840,0,0,0
84532237,Team0,0,0,4266,0,0,-3668,-4196,0,-4142,0,0,0,0,0,3856,0,0,4584,0,3943,-3442,3554,0,0,0,0,4631,0,0,-3563,0,0,0,0,0,0,-4453,0,0
84532283,Team1,0,0,4078,0,0,0,4212,0,0,0,-3185,-3694,0,0,0,-4039,0,-4445,3521,-3650,3195,0,0,-5090,0,0,0,0,0,0,0,0,0,3641,3910,0,0,0,0
84532302,Team0,0,4177,0,-5302,0,-3925,0,0,0,0,0,0,3730,-4772,0,0,0,-3502,0,0,0,3591,0,0,0,0,0,-4026,0,0,4373,0,0,0,4060,3767,-3200,0,0
84033956,Team0,0,-3169,0,0,0,0,4586,0,0,0,0,-4155,0,-4107,0,0,0,0,0,-4920,0,4266,-3465,0,0,4281,0,0,0,0,0,0,0,0,0,0,0,0,0
84033966,Team1,0,0,0,0,0,0,0,0,0,4107,0,3836,0,0,3347,-3852,0,-3522,0,0,3693,3358,0,0,0,0,0,-3805,0,0,-5221,-3587,0,0,0,-4098,0,0,3844
84034007,Team0,0,0,0,0,4115,0,0,0,0,3943,0,0,0,4668,0,0,0,0,0,0,-2957,-3611,0,-3700,0,-3171,6361,0,3629,-3402,0,0,0,0,0,0,-3702,0,4081
84034045,Team0,0,0,4000,0,3164,0,0,0,0,0,0,0,0,4618,-3698,4610,0,0,-4131,0,0,-3148,4805,0,0,-4192,0,0,-4319,0,0,0,0,0,0,0,0,-4058,4441
84034086,Team0,0,-4802,0,0,0,3994,0,0,0,-3589,0,-3965,0,-3660,0,0,0,0,0,0,0,-3495,0,0,5148,0,4333,3980,0,0,3784,3440,0,0,0,-3692,0,0,0
84034118,Team1,0,-3641,0,0,4403,0,0,0,3677,4127,0,-3022,0,0,0,0,-5026,0,0,0,-5033,0,0,0,4251,0,3999,0,-4036,4881,0,-3358,0,0,0,0,0,0,0
84034119,Team0,0,0,0,5448,0,0,0,0,-3348,0,3664,0,4284,0,0,0,0,-3810,0,-3561,0,-3181,0,-4282,0,0,0,4877,-3877,0,0,0,0,3848,0,0,0,4864,0
84034122,Team1,0,0,0,4251,0,3517,3635,0,0,-4342,0,-4100,0,-4655,0,0,0,0,0,4835,0,0,0,0,0,0,0,0,0,-3027,-4569,0,-4687,0,0,3654,3099,0,0
84182783,Team0,0,0,0,0,0,0,0,0,0,0,0,0,0,0,0,3859,0,0,0,0,0,0,0,4897,0,0,0,0,0,-3397,0,0,0,0,0,0,-3271,0,0
84182946,Team1,0,0,3915,4455,-3859,0,0,-4036,4662,4234,0,0,0,0,-5425,0,0,0,0,0,4072,0,0,0,0,0,0,0,0,0,4205,-4684,0,0,0,-4312,0,0,-3232
84182957,Team0,0,0,0,4547,0,0,-3915,-4100,0,0,0,3882,0,0,0,0,0,-4528,4082,0,0,3672,0,0,0,-3556,0,4084,0,0,0,0,-3092,3144,0,0,0,-4406,0
84182989,Team0,0,0,0,0,0,3493,-3650,0,0,0,0,4120,0,0,0,0,-4196,0,0,0,4158,4599,0,0,0,0,0,0,-3810,5137,0,0,0,0,-4366,-3921,3647,0,-4065
84182990,Team1,0,-4023,4167,0,0,3813,0,0,0,0,0,0,-3680,0,0,0,0,0,0,0,0,0,4023,0,-3460,0,0,4223,3178,0,-3824,0,0,0,-3724,4081,0,0,-4568
84183003,Team0,0,3855,4251,0,0,0,0,0,0,-3729,0,0,-4727,-3941,3785,0,4110,0,4032,0,-3412,0,0,3967,-4614,-3550,0,0,0,0,0,0,0,0,0,0,0,0,0
84183023,Team1,0,0,0,0,0,0,0,0,0,0,0,5322,0,-4754,0,0,4133,-4068,0,0,0,3005,3535,0,0,5551,0,-3130,3916,-3433,0,-3354,0,0,0,0,0,0,-3822
84183036,Team0,0,0,3882,0,0,0,0,0,-4414,0,0,-4229,0,0,0,0,3151,-4686,0,0,0,0,0,-4170,0,0,0,-4628,3577,3573,0,-5044,0,0,0,0,5615,0,4276
84183050,Team1,0,0,0,0,0,0,4809,0,3137,0,0,-3782,0,-5454,4245,0,0,0,3125,0,3351,0,0,-3836,0,0,0,-3419,0,0,0,-4650,0,0,0,3598,-3889,0,0
84183051,Team0,0,0,0,0,0,0,0,0,0,0,0,0,4668,0,0,0,0,-3360,0,0,0,0,0,0,0,0,0,0,3526,0,0,0,0,0,0,0,0,0,0
84564079,Team1,0,0,-3713,4841,0,0,0,-4067,0,0,0,0,0,0,4322,0,0,0,0,0,-3469,-3788,0,3781,0,0,0,-3637,0,0,3962,0,0,-4221,3953,0,0,3708,0
84564101,Team0,0,0,4574,0,-3450,-3912,0,0,0,0,0,-3884,0,0,0,0,0,0,3730,0,5309,0,0,0,-3856,0,-2851,0,0,0,0,4879,-2912,3613,4578,0,0,0,0
84564149,Team0,0,0,0,0,0,0,-3619,0,0,0,0,4500,0,-2872,6025,0,0,-3765,0,0,-4898,0,4493,-4355,0,0,0,0,0,3629,0,0,0,0,4126,0,-5967,3702,0
84564219,Team1,0,0,0,0,0,-3710,-3964,0,-4487,0,0,3997,3260,0,-4038,0,4029,4790,0,0,-3945,0,0,4727,0,0,0,0,0,0,0,-4244,0,0,3914,0,0,0,0
84564223,Team1,0,0,0,0,0,4198,3419,-3984,0,0,4056,-4338,0,0,3478,0,-4063,0,-4120,0,-4598,4685,0,0,0,0,0,0,5547,-4338,0,0,0,0,0,0,0,0,0
84564238,Team1,0,4223,0,-3388,0,0,0,0,2899,0,-4119,0,0,0,0,-4192,0,3456,0,-4318,-4072,3458,0,0,-4522,4146,0,0,0,0,0,0,0,0,3875,0,0,0,0
84564244,Team1,0,0,-3531,0,0,0,3885,0,0,0,0,0,0,0,0,0,0,-3980,0,0,3170,-3771,0,0,0,0,-4854,0,-4694,0,3461,3665,0,-3913,4348,0,0,0,3204
84564336,Team0,0,0,0,0,0,3818,4517,0,0,0,0,-5058,0,4246,0,0,-3719,0,-4918,0,0,-3453,0,0,0,0,0,0,-3802,0,3875,0,0,0,3703,0,4129,0,-3693
84564337,Team0,0,-4340,0,0,-3724,-3114,0,0,0,0,0,4006,0,0,0,-4305,0,0,0,0,4061,3990,0,0,0,0,0,0,-3318,3527,4063,3847,-3784,0,0,0,0,0,0
84564343,Team0,0,0,0,0,0,0,0,3785,0,0,0,-4132,0,0,3177,0,0,0,0,-4867,-4126,-3879,-4836,0,4141,0,0,3689,-4332,0,0,0,0,4428,3446,0,0,0,0
84564346,Team1,0,-3483,0,0,0,0,0,0,0,0,0,-5735,0,4270,4187,0,0,0,0,4138,0,-3863,0,0,0,0,0,0,3331,3436,-4013,0,0,-3646,3432,0,-4621,0,0
84000831,Team1,0,4491,-4112,0,0,0,0,4125,0,0,-3204,-6320,0,0,-4128,0,-4406,0,0,0,3305,0,0,0,0,0,0,0,0,3902,0,0,4512,0,0,4493,0,0,-3723
84000835,Team1,0,5482,0,0,0,0,-3854,0,0,0,0,0,0,3384,0,0,-3959,0,0,4899,0,4733,-4539,0,0,0,4758,-3925,-4689,0,0,0,0,0,0,5279,0,0,-4266
84000891,Team0,0,0,0,0,0,0,0,0,0,0,0,3820,-3660,0,0,0,3221,0,-5020,0,0,0,0,0,-3619,0,0,5194,0,0,-4745,0,0,4624,0,-3909,4836,6714,-4401
84000913,Team0,0,0,0,0,-3750,0,4636,0,-3409,0,0,0,0,4538,0,0,0,5392,3789,0,0,0,2995,-3661,0,0,0,4758,0,-4263,0,0,0,-3293,0,0,-5051,0,0
84000914,Team0,0,0,-4321,-4248,0,0,0,4493,3825,0,0,0,0,0,0,4224,-4047,-4405,-3282,4203,0,3920,0,-3317,0,0,0,0,0,0,4280,0,0,0,0,0,0,0,0
84000992,Team1,0,0,3728,3838,0,0,3491,0,3521,0,0,0,0,0,0,3188,0,-4604,3566,0,-3791,0,-3915,0,0,-3654,0,-5036,0,0,0,0,-4568,0,0,0,0,0,0
84000993,Team1,0,0,0,4452,0,0,0,0,0,0,-4141,0,0,3287,4457,0,0,4463,0,3437,-4257,0,0,0,-4498,0,0,-3974,-3816,0,0,0,0,0,0,0,4775,-3893,0
84001008,Team1,0,0,-4495,0,0,0,0,0,-3427,4684,0,3654,0,3825,0,0,0,-4033,0,0,0,0,-3809,4458,3751,0,0,0,0,-3920,0,0,0,4019,0,0,0,0,-3764
84001013,Team0,0,0,0,0,0,0,0,0,0,3712,0,3660,0,-4565,0,0,0,-3274,0,0,3599,3528,0,3180,0,-4367,-5288,0,-3821,0,0,0,0,3350,0,0,0,0,-3887
84216016,Team0,0,3410,-4460,0,0,0,0,0,-4371,0,0,-4565,4626,0,0,0,0,0,0,0,4618,0,0,0,0,0,0,-3549,-4218,4255,0,0,-3639,0,3381,0,0,3324,0
84216039,Team0,0,-4115,-3710,0,0,4193,5432,0,-3567,0,0,-4115,0,0,0,0,-4414,4962,0,0,-3944,4614,0,0,0,0,0,0,0,0,0,0,0,0,4011,0,4312,0,0
84216060,Team0,0,0,0,3555,0,3734,0,0,0,0,0,0,0,0,3673,-3707,0,0,3654,4800,-3622,0,0,0,0,0,0,-3786,0,0,0,0,4296,-4672,0,0,-4806,-3820,0
84216094,Team0,0,0,-3502,0,0,0,-3778,0,4399,4041,0,0,-4942,-3691,3488,3689,0,0,0,3476,0,0,-4081,0,0,0,0,0,0,0,0,0,0,0,0,3139,0,-4364,0
84216176,Team1,0,0,-4691,0,0,3705,0,0,3542,0,-3216,4122,0,0,0,-3895,0,3876,4657,0,0,0,0,0,0,0,0,4145,-4986,0,0,0,0,-4466,0,0,0,0,-4067
84216215,Team1,0,0,-4290,4722,0,0,0,0,0,0,0,0,0,-4052,0,-4984,0,4800,3607,0,3159,5784,-4507,5340,0,-4566,0,0,0,0,0,0,0,0,-4540,0,0,0,0
84216301,Team0,0,0,0,5658,-3657,-4321,-4593,0,-3603,4413,0,3970,0,3806,0,0,0,0,0,0,0,0,-4753,4884,0,0,0,-3544,0,0,0,0,0,5935,0,0,0,0,0
84216310,Team0,0,0,4048,0,0,0,-3593,4005,0,0,0,-4054,0,-3245,0,0,-3876,0,0,0,3521,4389,-3403,0,-3555,0,3612,0,0,0,4068,0,0,0,0,0,0,0,0
84216326,Team1,0,0,-4314,0,0,-3711,-3898,-3500,0,0,0,0,0,0,0,0,0,4261,0,0,-3769,0,0,4177,4560,0,0,0,0,0,0,4386,0,4609,3879,0,0,0,0
84338845,Team0,0,-3771,0,0,0,0,4153,0,0,0,0,0,0,3950,0,0,0,4483,0,0,-3998,-3635,0,0,0,0,0,0,4422,-3478,0,0,0,0,3816,-3095,-3621,0,3583
84338893,Team1,0,0,-3537,0,0,3338,0,0,0,4963,-3827,3832,3939,0,0,0,0,0,0,4923,-4967,-5380,0,0,0,4403,0,0,-3901,0,0,0,0,0,0,-3806,0,0,0
84338959,Team0,0,0,4045,0,0,-3442,-4419,0,3121,0,0,-4264,0,0,0,0,0,0,0,0,0,0,0,0,0,-3931,0,0,3112,0,3179,0,0,-4418,0,4053,-3469,3874,0
84339040,Team1,0,-4506,0,0,0,-3720,0,0,4357,0,3982,4317,0,0,0,0,0,4220,0,0,3465,-3660,0,0,0,0,4256,0,0,0,0,0,0,0,-4597,0,-3442,-5140,0
84339049,Team0,0,0,0,0,0,0,0,0,4734,-5258,0,-4784,-3786,0,0,0,0,0,0,5200,4457,-4920,0,0,-3615,0,3537,0,0,0,2656,0,0,-3408,5166,0,0,0,0
84339109,Team1,0,0,0,3771,0,0,0,0,0,3663,-3633,-4394,0,0,0,-3429,0,0,0,0,0,0,0,0,0,0,0,0,0,0,0,0,0,0,0,0,0,0,0
84153822,Team0,0,-3335,0,-3345,0,-3135,0,0,0,-3247,0,0,0,0,0,0,0,0,0,0,0,3341,0,-3687,4479,4060,0,0,0,3371,0,0,0,3816,0,0,4168,0,-4485
84153899,Team1,0,4135,-3200,0,0,-4350,0,-4164,-4627,2694,0,0,0,3829,0,3244,0,3739,0,0,0,4414,-3917,0,0,0,0,-4447,0,0,0,0,0,0,0,0,0,0,0
84153904,Team0,0,-2990,0,0,0,0,0,0,3477,3096,0,0,0,0,0,0,0,-4215,-3550,0,3569,-4981,0,4167,0,0,-4319,0,0,-4461,3317,0,0,0,3210,0,0,0,0
84153913,Team0,0,3797,3890,0,0,3814,-4915,0,-3791,-3794,0,-4103,0,0,4096,0,0,0,0,0,0,0,0,0,3975,0,0,0,0,0,0,0,0,-3904,0,0,3402,-4635,0
84153915,Team0,0,0,3988,0,0,-4065,0,0,0,0,0,-3797,4622,0,0,4443,0,3801,3122,-3939,-3616,0,0,3930,0,0,0,-3590,0,0,0,-2911,0,0,0,0,0,0,0
84153935,Team0,0,0,0,0,0,3959,0,-3617,0,0,0,0,0,0,0,0,0,0,4543,0,3506,0,0,0,-3651,-4340,0,4359,0,4365,0,4398,0,-4136,-3783,0,0,0,-3297
84153948,Team1,0,-3779,0,0,0,0,-3384,0,3387,0,0,0,0,0,-3957,0,0,0,0,4767,4250,0,0,0,0,0,-4681,0,4335,4221,0,0,0,-3875,0,0,3659,-3234,0
84153968,Team0,0,0,0,0,-4235,0,-4066,-3877,4134,0,0,0,0,0,0,3999,0,4648,0,4479,-4583,3282,0,0,4435,0,0,0,0,0,-3520,0,-3303,0,0,0,0,0,0
84875910,Team0,0,3576,4300,-4852,0,0,0,4180,0,0,0,0,0,-3816,0,4186,0,0,0,0,-3470,0,0,0,3622,0,0,0,0,-3745,0,0,0,3227,-4067,0,0,-2994,0
84875934,Team0,0,0,0,0,0,0,-3966,0,0,4626,0,0,0,-4755,3508,3026,0,0,0,0,-6149,0,-5487,0,3934,-5251,0,4171,0,-3875,0,0,0,4031,0,0,0,0,0
84876004,Team1,0,3326,0,3977,0,0,0,3760,-3928,0,0,-3655,0,2915,0,0,0,0,0,0,3552,0,-3554,0,0,0,4007,0,0,-3185,0,0,0,0,-5172,0,-4503,0,0
84876025,Team1,0,0,-3517,3968,-3812,3690,0,0,0,0,0,3742,-3978,0,0,0,0,-3963,3178,0,0,0,-3154,0,0,0,0,0,4803,0,4148,0,0,0,-4041,0,0,0,0
84876067,Team0,0,0,-4358,0,0,0,-4849,0,0,0,0,0,4699,0,0,0,-4786,-3845,3868,0,3640,0,0,-4207,0,0,0,0,4018,0,4105,0,0,0,4775,0,-3737,0,0
84876069,Team0,0,3765,0,0,0,0,0,0,-3924,4075,0,3722,-3634,4068,0,0,0,-3249,0,-3472,0,3593,0,0,0,0,0,0,0,0,4655,0,0,0,0,0,-3555,-3223,0
84876078,Team1,0,0,4390,0,0,3793,-4657,-4026,0,0,0,0,3537,-3422,0,0,0,0,3390,0,3575,0,0,0,0,0,0,-3872,4030,0,0,0,0,-4039,0,-4415,0,0,0
84367571,Team0,0,0,3326,4848,0,0,0,0,0,0,-3909,-3796,0,-3945,0,-3597,0,3506,0,0,0,0,0,4171,0,0,5093,0,0,-4413,0,0,4950,-3983,0,0,0,0,0
84367709,Team1,0,0,-4046,0,0,-4090,0,0,-3767,0,0,0,0,0,0,0,0,3677,0,3656,0,-3870,0,0,0,0,0,3537,-4364,0,0,2785,3612,0,0,-4811,0,3157,0
84368003,Team0,0,-3577,0,-3540,0,3742,3823,-3546,0,4238,0,0,0,0,0,3719,0,-3770,0,0,0,-3356,0,0,0,0,0,3550,0,0,0,0,0,0,0,0,0,4375,-3795
84593490,Team0,0,-3237,3775,-3933,0,-3956,0,0,0,3502,0,0,0,0,0,3655,3586,0,0,-3604,0,0,-3725,0,0,0,0,0,4281,3710,0,0,0,0,-3551,0,0,0,0
84593650,Team0,0,3634,0,0,0,0,0,0,3639,0,0,0,0,0,0,0,0,-4774,0,3902,3519,-5043,0,3755,0,0,0,-4024,3887,-4398,0,0,0,0,0,0,-3839,-4083,0
84593810,Team0,0,4355,-3584,0,0,-3614,0,3596,0,0,0,3855,0,0,0,-3493,3615,0,0,0,0,4912,0,0,0,0,0,0,0,-4021,-3613,0,0,0,0,0,-2890,3456,0
84593865,Team1,0,3490,0,0,0,3527,4117,0,0,0,0,0,-3941,0,0,0,0,-4392,0,0,4013,0,0,-3931,-4655,0,0,0,3975,0,0,-3710,3798,-3559,0,0,0,0,0
84123796,Team0,0,0,-4563,0,-3985,4696,0,0,0,0,4467,4128,0,0,3586,4313,0,-4443,0,0,0,-3416,0,0,0,0,0,0,0,0,0,0,0,0,-3589,0,-4890,5029,0
84123817,Team1,0,0,0,0,4344,0,0,0,-4582,0,0,-4178,0,3611,0,0,0,-3202,0,0,3703,-4806,0,3728,0,0,0,-4353,0,0,0,3541,0,0,0,0,-3837,3580,0
84123822,Team1,0,0,0,0,0,4688,0,0,-3783,0,0,0,0,3647,0,-3724,0,0,0,-3145,0,0,0,0,0,3967,0,5648,-3542,0,0,0,0,-3523,0,0,3315,5535,-4783
84123842,Team0,0,3804,0,0,0,-4714,0,0,3388,0,0,-3635,0,-4134,0,0,0,0,-3588,0,3555,4166,0,3217,0,0,0,0,-3653,-4180,0,0,0,0,0,0,0,3709,0
84123854,Team0,-1,0,3951,-4452,0,0,-4144,0,3637,-4422,0,0,0,0,0,0,0,5928,-3685,0,3889,0,0,0,3325,0,0,0,0,0,-4291,4616,0,0,-4009,0,0,0,0
84123944,Team1,0,0,0,0,0,0,0,0,0,0,0,-3410,-3684,-3971,0,0,-3603,0,3480,0,4198,0,0,0,3178,0,0,0,0,3792,0,0,0,0,-4081,3900,3350,0,-3064
84123998,Team1,0,0,3815,0,-4300,-3678,0,0,3715,0,0,0,-3786,0,0,4062,0,0,0,-3255,0,0,0,0,0,0,0,0,-3612,0,3943,0,0,0,0,0,-3904,3779,3338
84399000,Team0,0,0,0,0,0,4225,4916,0,0,0,-3784,-3817,0,4829,0,0,0,0,4712,0,0,-4604,0,-4812,0,0,0,0,3941,-4295,0,0,0,-4063,3305,0,0,0,0
84399026,Team1,0,-4439,0,0,-4173,0,0,0,0,0,0,4270,3535,0,0,0,0,3603,0,0,-3523,-3380,0,-4577,0,0,0,0,4349,0,4045,0,0,0,4391,0,-4167,0,0
84399191,Team1,0,3380,-3725,0,0,3950,0,0,0,0,0,-4423,3504,0,0,0,-4171,-4129,0,0,0,4434,0,-5157,0,3823,0,0,0,0,0,0,0,0,-4109,0,0,0,3148
84399211,Team1,0,-3254,3366,0,0,-4236,3878,-5197,0,0,0,-4035,0,0,0,0,3777,0,3897,0,4188,-4418,0,0,0,0,0,0,3460,0,0,0,0,0,0,0,0,0,-3298
84399242,Team1,0,0,-4162,0,0,-3689,0,0,-3847,0,0,0,6156,0,0,0,0,-3646,0,3666,0,0,0,-3587,0,0,0,4005,0,0,0,0,0,3384,-4166,0,4640,3809,0
84938109,Team0,0,0,0,0,0,0,0,-4190,0,0,0,-3589,0,4155,0,0,0,3946,0,0,-3254,-3800,0,3811,0,0,0,0,4420,0,0,0,4708,-3043,-4819,0,0,4530,0
84938115,Team0,0,-3739,4463,0,-3629,0,0,0,-3656,0,0,0,0,-4231,0,0,0,-3760,4743,0,0,0,0,0,0,0,4252,0,4981,0,0,4417,-4950,0,5381,0,0,0,0
84938166,Team1,0,-4314,-4603,0,0,0,0,-3941,-3820,0,0,3392,3911,0,0,0,3455,-4156,4853,0,3501,-4181,0,0,0,0,0,0,0,4301,0,0,0,0,0,0,0,0,0
84938168,Team1,0,0,0,3529,4036,-4032,0,0,3472,-3600,0,-3954,0,3999,0,0,0,4958,3177,0,-4314,0,0,-5034,-5082,0,0,0,0,0,0,0,0,0,0,0,0,0,0
84938235,Team0,0,0,4673,3300,0,0,0,0,0,-3975,0,0,0,0,0,-3806,0,-4129,0,0,0,0,3345,0,0,0,0,0,4837,-3607,0,0,0,3807,-5073,3868,0,0,-3401
84938303,Team0,0,-3705,-4403,0,0,0,0,0,0,-3840,0,3385,5286,-3304,0,3780,0,5143,0,0,-3432,0,0,0,0,0,0,0,0,0,4213,0,0,0,-5046,0,0,3919,0
84938306,Team1,0,0,3600,0,0,4503,0,0,0,0,0,4037,0,0,0,0,0,-4537,4498,-4132,-4166,0,3890,0,0,0,0,-3577,0,0,0,-3438,-4061,0,0,0,0,0,3333
84938341,Team0,0,0,0,0,0,0,3631,0,4850,0,0,-4031,0,-3783,0,0,0,-3392,0,0,3607,-3958,0,4326,0,0,0,0,4247,0,-3704,0,0,4006,0,0,-3481,0,0
84624841,Team0,0,-3244,0,0,3847,3775,0,-4496,0,0,0,3765,0,0,0,0,0,3155,0,-3887,-2915,-3920,0,0,0,0,-4012,0,0,0,0,0,4234,0,0,0,4050,0,0
84625576,Team1,0,0,0,0,0,-3228,0,0,0,0,0,3368,0,0,-3645,0,0,3594,0,0,4429,3349,0,0,0,0,0,-3850,-3763,4497,0,4022,0,0,0,0,-4020,-4017,0
84431203,Team0,0,0,-4019,0,0,-4612,0,0,0,0,0,0,0,0,0,-3789,3757,-3742,0,3957,4179,0,0,3156,0,0,0,3606,-4374,0,0,-4246,0,0,0,0,3522,0,0
84431204,Team0,0,0,0,4069,0,-4137,-3781,0,-3239,0,3980,0,0,3751,0,0,0,-3938,0,3697,3568,0,0,0,0,0,4906,0,0,0,0,0,0,0,-5335,0,-3847,0,0
84431221,Team0,0,0,5508,0,0,0,-3769,0,-3564,0,0,0,0,0,3839,0,0,-3636,0,0,0,2791,-4253,0,4307,0,0,0,0,-4072,4125,4565,0,0,-4280,0,0,0,0
84431252,Team1,0,0,4355,0,0,0,-3224,0,0,-4431,0,-3851,0,4608,0,0,-3404,0,0,0,-4366,0,0,0,0,3644,0,0,0,0,4766,5098,0,0,-3307,0,0,0,3574
84431269,Team0,0,0,-4118,0,4370,-3709,4739,0,0,0,3874,3474,0,0,0,0,0,0,0,0,0,0,-3967,0,0,-3370,0,0,0,-4680,0,0,3635,4282,-3998,0,0,0,0
84431316,Team1,0,4936,-4525,3987,0,0,-3996,0,0,0,0,0,0,-4805,0,0,-3992,0,0,0,4159,0,0,0,4492,0,0,0,-4178,0,0,0,3586,4041,0,0,0,0,-4230
84431336,Team1,0,0,0,0,0,0,0,0,0,0,0,-3373,0,0,0,4153,0,0,0,0,-4539,-4444,-3628,-4335,0,0,0,3588,0,0,4726,3220,0,5103,0,3222,0,-5056,0
84431349,Team1,0,0,-3684,0,0,-3689,0,-4388,-4228,3906,0,3630,0,0,0,4422,0,0,-5020,0,-4575,0,0,3530,0,0,0,0,4089,0,0,0,4347,0,0,0,0,0,0
84431368,Team1,0,0,4083,-3990,0,0,0,-4662,0,0,4960,0,0,0,0,0,0,-4665,0,0,0,3900,0,0,0,0,0,-3664,4573,0,4559,0,0,-3805,-4550,0,0,0,3649
84687839,Team1,0,3704,-4919,0,0,-2989,0,4431,0,0,-3433,0,0,0,0,3499,4216,0,0,0,0,0,0,-3917,-3672,0,0,3432,0,0,0,0,0,0,-4195,0,0,4844,0
84817287,Team1,0,3648,0,-3404,0,3852,-3883,-3992,0,0,0,0,0,0,0,3516,-3619,0,3580,0,-3611,-3664,0,0,0,0,0,0,0,3596,0,0,0,0,3776,0,0,0,0
84723762,Team0,0,0,0,0,0,0,-3326,4142,0,0,0,0,0,-3798,0,0,3977,0,0,-4098,0,0,-3810,-3352,3840,0,0,4523,0,3690,0,0,0,0,3561,0,0,0,-4060
84723803,Team1,0,0,0,4365,0,3606,-3556,0,0,0,0,0,3116,-4519,0,3449,0,0,0,3633,-3953,0,0,0,0,0,0,-3841,0,0,-4487,0,0,0,0,0,-4318,3706,0
84723865,Team0,0,0,3447,0,0,-3300,4724,0,0,0,0,0,0,0,4464,-3825,0,0,0,0,3478,0,-4947,0,0,-3294,0,0,0,0,-4160,0,0,3640,-3913,0,3163,0,0
84723936,Team0,0,0,3699,0,0,0,0,-3653,0,0,0,0,0,0,0,0,-3656,3758,0,0,-3402,0,0,3573,0,0,4042,-3701,4492,-4007,0,0,0,4036,0,0,-4501,0,0
84723952,Team1,0,3720,0,3998,0,3548,-3612,-3519,0,3856,-3558,0,0,-3598,3621,0,0,0,0,0,-3081,-3479,0,3577,0,0,0,0,0,0,0,0,0,0,0,0,0,0,0
84723957,Team1,0,0,0,-3693,0,0,3897,3183,0,0,0,3761,0,0,0,0,3498,0,0,-4149,-3175,0,0,0,0,0,4207,0,0,0,4569,0,-4199,-3548,0,0,-4020,0,0
84723958,Team0,0,0,0,0,0,0,-4804,3730,0,0,0,0,0,0,-4096,0,0,-3383,-3915,0,5780,-3062,0,0,0,0,0,4881,-4068,3737,0,0,0,3640,3838,0,0,0,0
84756446,Team0,0,-3691,3787,0,0,0,0,0,0,0,-3854,-3981,0,-3961,0,-4689,0,3854,0,0,4734,3274,0,0,0,0,0,0,0,0,0,0,0,-3930,4663,0,3608,0,0
84756527,Team0,0,4463,0,0,0,-3473,0,0,0,0,0,4098,0,0,0,0,3865,0,0,-4333,0,0,3758,-4894,0,0,0,0,-2721,3964,0,-4062,0,0,4743,0,0,0,-4279
84756580,Team0,0,0,4326,0,0,0,0,3597,-5177,0,-3911,0,0,0,-5742,0,0,0,4031,-4078,-4167,4187,0,0,0,0,0,0,0,0,4238,0,0,0,-3435,0,0,0,4508
84756630,Team0,0,0,0,0,-3827,0,0,3290,0,0,0,0,0,0,0,0,-4107,-5084,4178,0,3957,3676,0,4145,0,0,-3704,-4563,0,0,0,0,0,4129,0,0,-4169,0,0
84756672,Team0,0,0,0,0,0,3770,0,0,4157,3504,-3717,3881,0,0,-3897,4391,0,-4102,0,0,3039,0,0,0,0,0,0,-4227,0,-3845,0,0,0,0,-3655,0,0,0,0
84756680,Team1,0,0,-4609,0,0,0,0,0,0,0,0,3645,0,-3544,0,-3604,4245,0,-4125,3290,0,0,0,0,0,0,0,3076,0,-4298,-4155,0,0,0,0,0,3127,3905,0
84656365,Team0,0,0,0,0,-4442,3884,5828,0,0,0,0,0,0,-4124,0,0,0,3451,-4257,0,0,0,-3656,-4325,0,0,0,3782,0,0,0,0,0,0,5194,0,4088,0,-4189
84656366,Team1,0,0,0,0,0,-3918,4312,0,-4250,0,3322,0,0,0,0,3828,0,0,0,-4425,0,3314,0,0,-4404,0,0,0,-3807,0,0,0,0,3401,0,-3844,0,3063,0
84656441,Team0,0,-3839,3476,0,0,0,0,3513,-4417,0,0,0,0,4572,0,0,0,3715,0,0,-3690,0,-3975,4979,-3588,0,0,0,0,-3702,0,0,0,0,0,0,0,0,4160
84656469,Team0,0,0,-4780,4459,0,0,4605,0,0,0,0,0,0,3409,0,0,0,3417,-3162,0,-4334,0,0,0,3926,0,0,0,0,3690,0,0,0,0,-4911,0,0,-3616,-3923
84656486,Team0,0,0,-4318,0,0,4192,0,0,0,0,0,0,0,0,0,0,-3543,0,0,0,-3792,3698,0,-3787,0,0,0,0,-4026,4246,4395,-3746,0,0,3649,0,4086,0,0
84656530,Team0,0,0,-3802,-3718,0,0,0,0,0,0,0,0,0,0,-4963,3926,0,2739,0,0,-4732,3838,-3988,0,0,0,0,0,3853,0,0,0,0,3979,0,0,3799,-5131,0
84656590,Team0,0,0,-3608,0,0,4700,0,0,0,4486,0,4219,0,0,0,0,0,-3583,0,0,5156,3353,0,0,0,0,-3520,3606,0,-3322,0,0,0,-4305,0,0,-3482,0,0
84656593,Team0,0,4752,0,-3619,-4392,4175,0,0,0,0,0,3983,0,0,0,0,-3508,0,0,0,0,0,4121,0,0,0,3628,-3826,0,3578,0,0,0,-3531,0,0,-3445,0,0
84656613,Team0,0,-3887,0,0,0,0,0,4023,3616,0,0,-4051,0,3824,0,0,-4356,0,-3656,0,0,0,0,-3701,0,0,0,4401,5159,0,0,0,0,0,3959,0,-4309,0,0
84656646,Team1,0,0,0,0,0,0,4690,0,4093,-4101,0,0,0,-3583,-4048,0,0,0,0,0,3631,0,3941,0,0,-4548,0,-4145,4923,0,0,0,0,0,4295,0,0,-4628,0
84499800,Team0,0,0,0,0,0,3703,0,0,0,-3981,0,4855,0,4742,0,0,0,0,0,0,0,-3863,0,4022,0,0,0,0,0,0,0,0,0,0,0,0,0,4800,0
84499835,Team0,0,0,0,0,0,4038,3380,0,0,0,0,-4079,0,0,0,3431,-3492,3567,0,0,0,0,-3278,0,0,0,0,-3677,-5369,3453,0,0,0,0,0,0,4639,-3921,0
84499867,Team1,0,5656,0,0,0,-4144,4107,0,3995,0,0,4554,4468,0,-4455,0,0,0,0,0,4374,-4030,0,0,0,-5265,0,0,-3769,0,0,0,0,0,-3760,0,0,0,0
84499875,Team1,0,4142,0,0,0,0,3262,3745,0,0,0,-3686,-3973,4545,0,0,-4639,-5640,0,0,0,0,0,3871,0,0,0,0,-4329,-5451,0,0,0,2977,0,0,0,0,0
84499947,Team0,0,-4328,0,0,0,0,0,-4721,5422,0,0,4867,0,0,0,0,5199,4486,0,0,0,-5317,0,0,0,0,0,-3493,4034,0,0,0,0,-4127,6109,0,0,0,-4070
84499968,Team1,0,0,0,4797,0,0,0,0,3573,0,-4641,0,0,0,0,0,0,0,0,0,-3844,-4577,0,0,3775,-3763,0,0,0,0,0,0,0,3790,-4227,3643,0,-4315,4225
84499989,Team1,0,0,0,3717,0,0,-5329,0,0,0,-3392,3740,-4294,-4292,0,0,0,-3892,3421,0,0,0,0,0,0,0,0,0,0,4024,0,0,0,3527,3854,0,0,0,-3480
84500091,Team1,0,4764,0,0,0,0,0,4021,0,0,-4693,-3507,0,0,3284,0,0,0,0,4308,3061,0,0,0,0,0,3576,0,-3532,0,0,0,0,-4520,-4973,0,0,0,-3301
84500113,Team1,0,3448,0,0,0,0,-5364,0,-4801,0,-3942,0,0,0,-4514,3485,-3582,0,0,0,0,3890,0,0,0,0,0,0,0,0,4083,3660,0,-3545,0,0,0,0,3502
84500132,Team0,0,0,-4450,-3551,4429,-4301,3990,0,0,0,0,0,0,3545,0,-4167,0,0,0,0,-3174,0,3530,0,0,0,0,0,0,4868,0,0,0,0,4200,0,0,-4147,0
84500173,Team1,0,0,0,3178,0,0,0,-4726,-4032,0,4998,0,0,3493,4477,0,0,0,0,-5128,-3753,-4377,0,0,0,-4730,0,0,0,0,0,0,0,0,0,0,0,4523,4080
84500175,Team0,0,4546,0,0,0,0,0,0,0,4871,3817,0,0,-3739,0,3802,0,0,0,0,-3935,0,0,-4625,0,0,0,5057,0,-4613,0,-3767,0,5047,0,0,0,-4137,0
84500207,Team0,0,0,-4988,0,0,0,-3337,-3516,3569,0,0,3455,0,0,0,0,-3377,0,0,0,-3840,3448,0,-4228,0,0,0,0,0,3918,0,0,0,0,3755,0,3657,0,0
84500242,Team1,0,4791,0,4470,0,0,-3391,-3666,0,0,0,0,0,4198,-4656,0,0,-4220,0,0,3358,4982,0,0,4471,0,0,0,0,0,0,0,0,0,-3698,0,0,0,-3913
84787494,Team0,0,0,-2442,0,0,-2981,0,0,0,-2513,0,0,0,-2204,-1828,0,0,0,0,6357,0,0,0,0,6144,0,0,0,6506,0,7037,6382,7530,0,-2744,0,0,0,0
84787525,Team1,0,0,0,0,0,0,-4007,0,0,0,0,0,-4224,4789,0,-3578,0,-3392,-2621,5246,0,0,3571,0,0,0,0,4269,0,0,0,0,0,-4197,4695,0,0,5115,0
84787635,Team1,0,0,0,0,3790,3989,-3944,0,3904,0,0,3831,0,0,0,-5995,0,0,0,0,-3955,-5024,0,2908,0,0,0,0,0,0,-5246,0,0,0,-5131,0,0,0,4204
84787642,Team0,0,0,0,-4272,0,0,0,0,0,0,0,0,3674,-3850,0,0,0,3286,-3515,5214,-4484,0,0,0,-4764,0,0,5187,0,0,0,0,0,0,0,-3771,3667,3785,0
84787684,Team1,0,3675,0,3356,0,0,-3648,0,0,-3990,0,0,0,0,0,0,4074,-4870,4214,0,0,-3559,0,-3764,0,0,0,3718,0,0,0,0,0,0,-3774,0,0,2995,0
84310338,Team1,0,-3439,-3976,3976,-4294,3661,0,0,0,0,0,-4608,0,0,0,0,0,0,0,0,0,4151,3606,0,0,0,-4071,0,4316,3628,0,0,-4378,0,0,0,0,0,0
84310459,Team0,0,0,3728,0,3441,0,0,0,0,3891,0,0,0,0,-4442,3481,0,0,-4319,0,3221,0,-3360,0,0,-3417,0,0,0,-3677,0,0,3964,0,0,0,0,0,-3341
84310461,Team0,0,0,-4259,0,0,0,0,-3623,0,3774,0,4689,0,-3302,0,4266,0,0,0,0,-3482,-3344,0,3537,0,0,0,4379,-4272,0,4325,0,0,0,0,0,0,0,0
84310481,Team1,0,0,0,0,4394,4027,3836,0,0,0,0,0,0,3577,0,0,0,0,0,0,-3558,-3893,0,0,4757,0,0,0,0,-3807,0,4249,0,0,0,-3383,-3358,-3389,0
84310489,Team1,0,-4748,0,0,0,-4859,4100,0,4946,0,0,-4390,3262,-3669,0,0,0,3461,0,3278,0,0,0,0,0,0,0,0,3371,-4269,0,0,0,0,-4096,0,0,0,0
84310503,Team1,0,0,-3970,0,0,3320,0,0,3753,0,0,3847,0,0,-5719,0,-4042,0,4745,0,3742,0,0,0,-4607,0,0,0,0,3955,0,0,0,0,0,0,-4028,0,-4051
84310507,Team0,0,0,4097,0,0,-4032,0,0,0,0,0,-3693,-3504,4109,0,0,0,0,0,-5108,-3373,0,0,0,0,0,0,0,0,4742,3881,-3307,0,0,0,0,3591,0,3665
84310518,Team1,0,0,-3548,4410,-4312,0,0,0,0,0,3530,0,0,-4070,4090,0,-4209,0,0,0,0,3642,0,0,3874,0,0,4566,-3599,0,0,-4236,0,0,0,0,0,0,0
84310562,Team1,0,0,-3589,0,0,0,0,3836,0,0,0,0,0,3662,0,0,-4556,0,-3142,0,3789,0,-3650,0,0,0,0,0,-4872,0,0,0,0,3366,3500,0,4050,0,-3550
84310569,Team0,0,0,-3637,0,0,0,4719,0,0,0,0,4697,0,-3707,0,0,0,-3674,-4792,0,0,3774,0,0,0,0,0,0,0,0,0,0,4626,0,-3743,0,4503,4882,-4169
84310586,Team1,0,0,0,0,0,3434,0,0,0,0,0,3768,0,4968,0,0,-3356,0,0,0,0,-3711,3033,-4285,-4265,-3757,0,3824,-4336,0,0,0,0,0,0,0,0,0,3912
84905198,Team0,0,3496,-4091,0,3946,0,0,0,4326,3612,0,0,0,0,0,0,0,-3789,0,0,0,0,4149,0,0,0,0,0,-5168,0,-3260,0,-3846,0,3523,0,-3305,0,0
84845971,Team0,0,0,0,0,0,0,0,0,0,0,3679,0,4680,0,0,0,0,-3775,0,4094,4077,-3333,0,0,-3809,0,0,4256,0,-4007,0,0,0,0,-3952,4299,-3961,0,0
84845973,Team1,0,0,3915,0,-3641,0,0,-4361,0,0,0,3861,0,0,0,0,3486,0,3409,0,2877,3784,-4430,0,0,0,0,-4792,0,0,0,0,0,-3678,-3832,0,0,0,0
84846110,Team0,0,-3662,3853,0,-5795,0,0,0,3834,0,-3319,0,0,0,0,0,0,3706,0,0,0,-3189,0,4177,0,0,-3876,0,0,0,4813,3617,0,0,0,0,0,0,-3039
84846119,Team1,0,0,4340,0,-4450,0,-3664,0,0,0,0,3523,0,4915,-3527,0,0,0,0,0,0,-4753,-3898,0,-3927,0,0,0,0,0,0,0,0,3163,0,3959,0,0,3234
84846148,Team1,0,-4357,-4582,0,3103,0,0,0,-3306,3882,0,0,0,4346,0,0,0,-3366,0,4987,0,-3721,-4266,0,0,0,0,0,0,0,3671,0,0,0,4321,0,0,0,0
84248256,Team1,0,0,0,0,0,-6080,0,0,0,0,0,3695,0,3419,0,0,0,3686,0,0,4353,4235,0,-4291,-4150,0,0,0,0,0,-4613,3637,0,0,-4343,0,-3978,0,0
84249098,Team0,0,0,3746,0,-3634,-4131,0,0,0,0,0,0,0,0,0,-5317,0,4618,0,0,-4110,-4358,0,4277,0,0,0,0,0,0,4261,0,3676,0,5244,0,-3630,0,0
84249280,Team1,0,0,2922,0,0,3349,0,0,0,0,0,-4358,0,0,0,0,0,0,0,-4540,4584,-3933,-3471,0,-3844,0,0,0,4925,3627,0,0,0,0,0,0,3670,-5033,0
84532009,Team1,0,0,0,0,0,0,-3839,0,-3132,0,0,3925,3975,0,0,0,0,3826,-3976,0,-4732,3749,0,0,0,0,0,-3709,4552,0,0,0,0,-3304,3973,0,0,0,0
84532186,Team1,0,0,4427,0,0,0,0,0,4455,0,0,3889,0,0,0,0,0,0,0,0,-3528,-3720,0,3657,0,0,0,-5195,-3753,4295,-3823,0,0,0,-3817,0,4229,0,0
84532192,Team0,0,0,-4888,0,0,0,4455,0,-4240,0,0,4612,0,0,0,3514,0,-3345,0,-5875,0,4205,0,0,0,0,0,0,3192,0,0,0,0,0,3910,0,-5764,0,-3379
84532301,Team0,0,0,-5065,-3879,0,0,0,0,0,-3630,0,5009,0,0,0,-4061,0,0,-4155,0,0,-4440,0,3556,0,0,0,0,0,0,4018,4134,0,0,0,0,4296,0,3709
84532429,Team0,0,3487,3691,0,4280,0,0,0,0,0,0,3948,-3934,0,4413,0,0,-4137,0,0,0,0,-3707,0,-3585,0,0,0,0,-3901,0,0,0,0,-4769,0,4803,0,0
84034238,Team1,0,-4185,0,3667,0,0,0,0,0,-4240,0,0,-3963,3581,0,0,0,3107,0,4878,0,3331,0,0,0,0,0,0,3823,0,-3657,0,0,0,-3892,0,0,0,-3462
84034255,Team1,0,0,0,0,0,0,0,0,-4690,0,-3621,0,0,3867,-4292,0,0,0,0,3686,0,0,3840,-3852,3801,0,0,0,3555,0,-3985,0,3660,0,-3359,0,0,0,0
84034263,Team1,0,4141,-4270,0,-3387,-4730,4661,4488,-4664,0,0,-4811,0,-4454,0,0,0,0,0,0,0,0,0,0,0,0,0,0,0,0,5180,0,0,0,0,4050,4133,0,0
84034264,Team0,0,-4609,-4739,0,-4728,0,0,0,3605,0,3902,0,0,0,0,5738,-4125,0,0,3519,0,0,0,0,0,0,0,4211,-3457,0,3829,0,-3812,0,0,0,0,0,0
84034351,Team0,0,-4107,0,0,0,0,0,0,4342,0,0,0,0,3521,0,0,0,3916,3149,-4227,0,-3630,-4344,-3298,0,0,0,3854,-5180,3859,0,0,0,0,0,0,0,0,0
84034377,Team1,0,0,0,0,3949,0,0,0,3954,3385,-4158,-4791,0,-4028,0,3898,0,3743,0,-4753,0,0,0,-4561,0,0,0,3390,0,0,0,0,0,0,0,0,0,-4809,0
84183051,Team0,0,4078,0,3766,0,0,0,0,-3470,0,0,-5397,0,-3503,0,0,0,0,-3776,0,0,3552,0,0,0,0,0,4856,0,0,0,0,0,0,0,-3454,0,0,0
84183053,Team1,0,3513,0,0,0,0,0,3994,0,0,0,-3910,0,3904,5214,0,0,0,0,0,-4604,0,-3795,0,0,-4226,0,0,0,0,0,0,-4008,-4230,4048,0,0,3716,0
84183119,Team1,0,0,0,0,-4752,0,0,0,-4030,-3827,4480,4174,-4768,3204,0,-3547,0,0,3809,0,3455,4441,0,0,0,0,0,0,0,0,0,0,0,0,0,0,0,0,-3995
84183165,Team1,0,0,0,-4534,0,-4267,0,0,0,0,0,3234,-3676,3272,0,0,0,0,-4302,-4606,3986,3411,0,0,0,0,0,0,0,0,0,0,0,0,3579,0,3942,-4079,0
84183203,Team0,0,0,0,-3212,4021,0,4425,0,0,0,0,0,0,3236,0,0,-4380,0,3959,0,0,-4808,-4251,4369,0,0,0,0,-3754,-4068,0,0,3005,0,0,0,0,0,0
84183204,Team1,0,0,0,3688,0,3891,0,0,0,-3995,0,-3469,0,0,0,4800,0,4201,0,0,-3556,3646,0,0,0,4682,0,-3695,0,0,0,0,0,-3341,-4428,0,0,0,0
84183208,Team1,0,0,0,0,3462,3872,0,4540,4664,0,0,4092,0,-4284,0,-5347,0,0,0,0,-3419,0,0,0,0,4620,0,0,0,-4334,-4778,0,0,0,0,0,-3543,0,0
84183231,Team1,0,3929,4205,0,0,0,-4805,0,3362,0,-3530,0,4267,0,0,-4317,0,0,0,0,4403,0,3341,0,0,0,0,0,-3456,0,0,0,0,-4603,0,0,0,0,-5163
84183270,Team1,0,0,3529,-3844,0,0,0,0,0,0,0,0,0,0,-4197,4400,0,0,0,-5376,0,0,0,0,4229,0,0,3355,0,0,0,0,-4199,4771,0,-4244,3487,-3964,0
84183283,Team1,0,0,0,0,0,0,0,-4022,4818,0,0,-4309,0,0,-4314,-3998,-3325,4083,0,-3475,0,4904,0,4539,0,0,0,0,3996,4555,0,0,0,0,0,0,0,0,0
84183285,Team0,0,0,0,0,-3934,0,0,0,0,0,-4139,0,0,0,0,-4536,4354,0,4030,0,5397,0,0,0,0,0,0,4009,0,4237,0,0,-4066,0,0,0,3437,-4454,-3770
84183294,Team1,0,0,0,0,0,0,3481,-3670,0,0,0,0,0,0,0,0,3505,-5045,-4222,0,0,-4191,0,0,4423,0,0,4294,0,-3393,0,0,0,0,3535,0,0,3823,-3570
84564231,Team1,0,0,4890,0,0,-4889,0,0,0,0,0,-4550,0,-4615,4253,-3809,3406,0,0,-3539,0,0,0,0,-4750,0,0,3946,3717,0,0,0,0,0,0,0,0,3532,0
84001061,Team1,0,4310,-4495,0,0,0,0,0,0,0,0,0,0,4630,0,0,0,0,0,0,0,0,-4195,3211,-4671,-4718,3343,0,-4944,0,3881,0,0,-6029,0,0,0,0,4534
84001065,Team0,0,0,0,0,-4518,0,0,0,-4281,0,3756,-4850,0,0,4727,0,-5696,0,0,4279,0,0,0,0,-4426,0,0,5292,0,0,3393,0,4111,0,-5399,0,0,0,0
84001066,Team1,0,0,-4623,0,3128,0,0,0,0,4913,0,0,0,0,0,-4625,0,-3988,0,0,5989,4734,0,4430,0,0,0,0,-4984,0,-3779,0,-4341,0,3284,0,0,0,0
84001069,Team0,0,0,0,5099,0,-4395,0,0,0,0,0,0,0,0,0,-3272,3781,0,0,0,0,4265,0,0,3611,0,0,3447,-3477,-3620,-3840,-3985,0,0,0,0,0,3744,0
84001136,Team1,0,0,4308,0,0,0,0,0,0,0,3542,0,0,0,0,0,0,4128,-3721,-4046,3659,0,-3785,-4900,0,0,0,3021,0,-3871,0,0,3489,0,0,0,0,0,-3931
84001182,Team1,0,3002,0,0,0,-3541,-4197,0,0,-3713,0,0,-3957,3335,-2977,0,0,0,0,0,3694,0,0,0,0,4322,4094,0,0,-3802,0,0,0,0,0,0,0,0,4685
84001191,Team0,0,0,0,-3602,0,0,3617,3606,-4326,-4224,0,3402,0,-3767,0,0,4044,-3737,0,0,0,0,0,0,0,0,0,0,3725,0,0,0,0,0,0,0,0,3424,-3737
84001211,Team0,0,0,0,0,0,0,-3806,0,0,0,0,3481,-3352,-3808,0,3480,4204,-5059,2665,0,0,3637,0,0,0,-4397,0,0,0,0,4348,0,0,0,0,0,-4488,0,0
84001249,Team0,0,0,3909,-5637,0,4065,0,0,0,0,0,0,0,-4152,0,0,0,-3983,0,-4338,0,5025,0,0,0,3887,0,0,0,0,3896,-3480,0,0,0,-4134,3396,0,0
84001253,Team1,0,0,-3802,0,0,0,0,0,0,0,0,3042,-3293,4543,0,0,0,-4574,3365,4048,3454,3210,-3948,0,0,0,0,0,0,-3689,0,0,0,0,0,0,0,-3262,0
84001258,Team0,0,-3834,0,0,4582,0,-3130,0,0,0,4404,0,0,0,0,3180,0,-4057,-3797,0,0,3947,0,0,0,0,0,0,4836,3899,0,-4549,0,0,0,-4036,0,0,0
84001301,Team1,0,0,-5029,0,0,0,0,0,0,0,0,0,0,4477,0,3764,-4463,3793,0,4239,0,4418,0,0,-3710,0,0,0,0,-4059,0,3876,0,0,0,0,-3450,0,-3509
84216326,Team1,0,0,0,0,0,0,0,0,0,0,0,0,0,0,0,0,0,0,0,0,0,0,-3719,0,0,0,0,0,0,0,0,0,0,0,0,0,0,0,0
84216359,Team1,0,0,4261,0,0,-3602,0,0,4180,0,-3901,-3212,0,0,0,0,0,0,4662,0,3658,0,0,0,0,0,0,0,3851,-3715,4633,0,0,0,-3463,0,0,0,-3356
84216363,Team1,0,0,0,0,0,0,-4861,0,0,-3587,0,3770,0,0,0,3362,0,0,0,0,-4379,0,0,0,0,0,0,0,-4514,3265,4857,5616,-3995,3378,0,0,-3678,0,0
84216398,Team0,0,4096,0,0,0,0,0,0,0,-3311,0,4204,0,0,0,-4968,0,0,0,0,-4319,-3683,0,0,-4447,0,0,0,-4756,0,0,0,0,3681,4592,0,4460,3309,0
84216404,Team1,0,0,0,0,0,0,-3476,0,5166,0,0,-3544,0,0,0,0,0,3766,-3735,0,-3468,-4007,0,4529,0,3664,0,0,0,0,5180,0,4411,-3670,0,0,0,0,0
84216422,Team1,0,0,4038,0,-3082,0,0,3849,0,0,0,0,0,4875,-5191,0,-3951,3238,-5008,0,0,0,0,0,0,0,0,-3635,0,3822,0,-3570,0,0,4200,0,0,0,0
84216502,Team1,0,0,0,0,0,0,-4269,0,3504,0,0,0,0,0,0,0,0,3219,-3417,0,-5182,-3662,4356,3899,3414,2999,0,0,0,-4556,0,0,0,0,0,0,-4873,0,0
84216505,Team0,0,-4141,0,0,0,-3676,0,5217,0,0,0,-4687,0,0,-4180,3938,0,0,0,4436,4895,0,0,0,4125,0,0,0,4004,-3544,0,0,0,0,0,0,-3516,0,0
84216521,Team1,0,0,0,0,0,3521,0,0,0,-3874,0,0,0,-4960,0,0,0,3704,0,0,-4866,3975,0,0,0,0,0,5873,-4417,4626,-4610,-3294,0,0,0,0,3944,0,0
84216536,Team0,0,0,4781,0,0,3909,0,0,0,0,0,-4776,0,-3060,0,3655,-3257,0,0,0,3828,0,3371,0,0,0,0,-5365,0,0,-4366,0,0,0,3353,0,-4940,0,0
84216538,Team1,0,4217,0,0,-3466,0,0,3687,0,0,0,3878,0,-3767,0,0,0,3497,0,0,0,0,0,0,0,0,4102,0,0,-4630,0,0,0,4246,-4287,0,-4882,-3408,0
84216539,Team1,0,0,0,0,0,0,3975,0,0,0,0,-3858,0,0,0,0,0,3233,0,0,3333,-4200,0,0,0,0,0,0,0,3342,-4380,3538,0,0,3362,0,-3445,-3947,-3405
84216559,Team1,0,4452,4014,0,0,-3855,-4189,0,4240,0,0,0,0,0,0,-3827,0,3979,0,0,0,0,0,0,0,0,3548,0,-3830,0,-4807,0,0,0,0,0,-4609,3977,0
84876136,Team0,0,0,0,-3505,0,0,0,0,-3641,4582,0,0,0,0,0,0,0,-4002,0,0,4131,3338,0,5361,0,0,0,0,4153,4023,0,0,0,0,-4095,-4462,0,-3066,0
84876277,Team0,0,0,4329,0,0,0,0,0,-4317,0,0,0,0,0,0,-3655,3118,-3369,0,0,4630,0,0,-3086,0,0,0,0,4291,0,0,0,0,-3018,-3653,0,3914,0,3253
84876320,Team0,0,3536,4479,0,-3566,0,0,0,0,0,0,-4675,0,0,0,0,0,0,-3593,0,0,-4124,0,-4229,0,0,0,0,0,0,0,0,3831,4604,-4615,0,4725,0,4514
84876360,Team0,0,0,3836,0,0,0,0,-3732,0,-3391,-3679,-3595,0,0,0,4641,0,0,0,0,0,0,0,4057,0,0,0,0,-3487,0,0,0,0,0,4440,4253,4300,-5440,0
84876368,Team1,0,0,0,3494,0,0,-3451,0,-4785,0,0,0,0,0,-4081,0,3522,0,-4118,0,0,3651,0,0,0,3739,0,0,0,-3532,0,0,0,-4920,3773,0,0,3755,0
84876378,Team0,0,4287,0,3432,0,0,0,-3554,0,0,0,-3702,0,0,3460,0,4258,0,0,-3911,0,-3599,0,3779,0,0,0,0,0,0,-3797,0,0,0,-4054,0,0,4196,0
84154003,Team1,0,0,0,0,3745,0,0,-3753,0,0,0,0,4441,0,0,4136,0,0,4661,0,0,0,0,0,-4265,0,0,0,-3459,4054,0,0,0,4251,-4143,0,0,-4400,-3189
84154062,Team1,0,0,-3626,0,0,0,3661,0,0,0,0,0,0,-3305,0,0,0,0,0,0,4297,0,0,0,0,-2696,4794,0,3839,0,0,5226,0,-4037,3709,0,-3894,-3943,0
84154109,Team1,0,0,4410,0,0,0,0,0,0,0,0,-4082,0,3110,0,0,-4379,4125,0,-3788,-4015,0,0,0,0,0,3331,0,-3881,0,3763,0,0,0,4271,0,-4219,0,0
84154145,Team1,0,0,0,0,5077,0,3948,0,0,0,0,-4337,0,4375,0,0,-3443,0,-4640,0,0,0,0,0,-4098,0,0,0,0,-3836,0,0,0,4091,3384,0,3129,0,-3854
84154183,Team0,0,-4222,0,0,0,0,-3600,0,0,0,-4664,4858,0,0,0,-4401,-4337,0,0,4300,3675,0,0,0,0,0,0,0,4462,0,0,4198,0,0,3702,0,0,0,-4816
84154195,Team0,0,4254,0,0,0,0,0,0,-2815,0,4847,3986,0,0,0,0,0,-3573,0,0,0,-3224,-3552,0,0,0,0,0,0,-3411,0,0,4139,3616,-3657,0,0,0,4349
84154248,Team1,0,0,0,0,0,0,0,0,0,0,0,0,0,3664,0,0,0,0,0,0,0,0,0,0,0,0,0,0,0,0,0,0,0,0,0,0,0,0,-4020
84593808,Team0,0,0,0,0,0,0,3572,0,0,-3697,0,0,0,3455,0,0,0,0,3553,0,0,0,0,0,0,-3817,-3352,3761,0,0,-2653,0,0,4498,-3615,0,0,4439,-3467
84593834,Team1,0,0,-3999,0,0,0,-3589,0,3857,3979,0,0,0,0,0,0,-4572,0,0,3714,-4248,3638,0,0,0,0,0,3045,0,0,3717,-3480,0,0,0,0,0,-4514,0
84594070,Team0,0,0,4582,4305,0,3605,-4476,0,0,0,0,0,0,5349,0,0,0,0,0,0,-4931,4703,0,0,0,0,0,0,0,0,0,0,0,-3369,-4668,4084,-3588,0,-4152
84594136,Team0,0,0,0,0,0,0,0,3085,3495,0,0,0,0,0,0,0,-4879,0,0,3878,3894,0,0,3202,0,-3531,0,-4403,3850,0,0,0,0,0,0,0,-3964,-4035,-4174
84594142,Team1,0,4018,-4090,0,0,0,4078,0,4524,0,-3489,0,0,0,5222,-3682,0,0,0,-3829,0,-4325,4862,0,0,0,0,0,0,0,0,0,0,0,0,-3622,0,3829,0
84594194,Team1,0,3486,0,0,0,-3543,0,0,0,-4228,0,3430,-4082,0,0,0,0,0,0,0,0,4830,0,0,0,0,0,0,0,4236,0,-3616,0,0,3587,0,3995,-3096,-5018
84367937,Team0,0,0,-4293,4088,0,0,0,0,0,0,0,0,0,4156,0,0,0,3967,0,0,4368,0,-4659,0,0,0,0,0,-3580,0,0,4897,0,-4601,4305,-3495,-3558,0,0
84367940,Team1,0,-4987,2861,0,0,0,3740,0,0,0,4391,-3716,0,3282,0,0,0,4201,0,0,-4208,-3543,0,0,0,0,0,0,0,0,0,0,0,-4241,3406,0,-3971,0,0
84367960,Team1,0,0,3756,-3478,0,-3676,-3490,0,0,3606,0,0,0,0,0,0,0,0,0,0,-3760,3669,0,3945,0,0,0,0,3474,0,0,0,0,3702,-3671,-3632,0,0,0
84368116,Team0,0,5088,0,0,0,-3202,0,0,0,3866,0,4467,0,5020,0,0,0,0,-4986,-4696,4519,-4448,0,-4000,0,0,0,0,0,0,0,0,0,0,-4120,0,0,0,4013
84368126,Team0,0,0,0,-3860,0,0,0,0,-3431,0,0,3993,0,0,0,4616,3812,3271,4689,-3690,0,-4604,0,0,0,0,0,0,-3953,0,0,0,0,-4869,5917,0,0,0,0
84368166,Team1,0,-3930,0,4885,0,0,0,0,-4593,0,0,0,0,0,0,0,4568,0,0,0,0,3466,0,-4034,4247,0,0,4381,0,-4471,0,0,0,-3518,-3981,0,3490,0,0
84399285,Team0,0,0,0,0,0,0,3590,0,-4178,-5124,0,0,0,-4495,3676,4042,0,0,0,0,-3848,3828,0,-3538,0,0,0,0,5271,-3691,4220,0,0,0,0,0,0,0,0
84399396,Team0,0,-3437,4079,3955,0,0,0,0,-3033,3877,0,0,0,0,0,0,0,0,-3491,0,3606,0,0,0,-3345,0,0,0,-3418,0,0,0,0,4021,4753,0,0,-2956,0
84399417,Team0,0,0,4065,0,0,0,3763,0,0,0,3572,0,0,0,2983,4992,3595,0,0,0,-3162,-4120,0,-2922,0,0,0,0,0,0,-4797,-2983,0,0,-4876,0,0,0,0
84399418,Team1,0,0,0,0,0,4112,4329,0,0,0,0,3526,0,-4603,0,-4673,0,-3907,0,-4427,0,-4172,0,0,0,0,0,0,-4007,0,0,0,0,3714,0,0,3477,0,3391
84399464,Team0,0,0,0,0,0,4714,4841,0,5103,0,0,0,0,0,5001,0,0,-3377,0,-3402,0,0,4807,0,4109,0,0,0,0,-5246,0,0,-3365,0,0,-4860,-3381,0,0
84399544,Team1,0,0,3943,0,0,-3843,-3686,0,4153,0,0,-4936,0,0,0,-4092,0,-3608,-5621,0,3552,0,0,0,0,0,0,0,3537,0,4167,0,0,0,3246,0,0,0,0
84124032,Team0,0,0,4721,0,0,0,0,0,3568,0,0,-5186,0,0,0,4046,-4220,3930,0,0,-5450,0,0,3903,0,-4618,0,0,0,0,0,-5148,0,3763,0,0,0,0,-4093
84124050,Team1,0,0,0,-4048,0,3796,0,0,0,-3826,0,0,0,-4227,0,-3772,0,0,0,0,0,0,0,0,-4134,0,0,4529,3736,0,3610,0,0,-4632,4701,0,3362,0,0
84124053,Team0,0,0,3766,0,-3515,0,0,3936,0,0,-2784,0,4069,0,0,-4356,0,0,0,0,0,-4337,0,-4141,0,0,0,0,3268,0,0,0,0,5013,3383,0,0,0,-4375
84124097,Team1,0,-4036,0,0,0,0,0,0,0,4284,0,0,0,3543,0,0,0,0,-4422,4018,4033,-3532,0,0,0,0,-4123,3844,-3069,0,0,0,0,0,3948,-4324,0,0,0
84124139,Team1,0,-4408,0,0,0,3573,0,0,0,0,-3682,3794,0,2931,-4199,-4932,0,0,0,3529,0,3222,0,-4115,0,0,0,0,0,0,0,0,0,-3948,0,0,3543,0,0
84124170,Team1,0,4252,0,0,0,0,0,0,0,0,0,3432,-4268,0,-3738,0,0,0,0,4537,0,3790,-4195,0,0,0,0,-3928,0,-4965,0,0,0,3070,-4988,0,3665,0,0
84124196,Team0,0,0,4146,0,0,0,0,-4046,0,0,3728,4624,0,0,0,0,0,4298,0,0,3510,0,-3438,0,-3779,0,0,0,0,-3480,-3162,0,3768,0,0,0,-3491,0,0
84124201,Team1,0,0,0,0,0,0,0,0,3922,-4499,0,0,0,0,3584,0,0,3875,-3838,3231,0,0,0,4621,-3572,-3492,0,0,0,0,0,0,0,0,-4588,0,3460,-4029,0
84124231,Team0,0,0,3291,0,4149,0,0,0,0,0,0,0,0,0,-3449,0,2928,0,-3658,-3707,-3976,-4106,0,0,0,0,0,0,0,0,0,-3330,4098,0,0,4578,4071,0,0
84124257,Team1,0,4662,0,0,3081,-4364,0,0,0,0,0,5149,0,0,0,0,3733,-3581,0,0,0,-3478,3822,0,0,-4080,-4060,0,0,0,0,0,3553,0,-3833,0,0,0,0
84095136,Team0,0,0,0,0,0,0,4733,0,0,0,3909,0,-3719,0,0,0,3616,0,-3476,0,0,0,0,3654,0,-3877,0,0,4684,3357,0,0,0,-3621,-3836,0,0,-4027,0
84064682,Team0,0,4894,0,0,0,0,-3156,0,0,0,0,4227,0,0,0,0,3937,-3614,0,0,0,0,0,0,0,0,0,0,0,0,-3843,0,0,0,-4068,0,0,0,-4145
84064838,Team0,0,-2998,0,0,0,-4255,3789,0,0,0,0,0,0,4185,4051,0,0,0,-4855,0,0,-4555,0,0,0,0,0,0,-4959,0,3617,0,0,0,-4016,0,4045,0,3584
84064860,Team1,0,-3947,3402,0,-4098,0,0,-3498,0,0,0,0,0,4044,0,-3364,0,0,0,4506,0,-4034,0,0,3424,0,0,0,0,0,3728,0,0,0,0,0,3606,-2979,0
84064862,Team0,0,0,3257,0,-3600,0,0,0,0,0,-4065,-3750,0,0,0,3398,-3612,3621,4162,0,0,3741,0,0,0,0,0,-4794,-4081,0,0,0,0,0,0,0,0,4207,0
84064953,Team1,0,0,-3980,0,3517,0,0,-4026,-4098,0,0,0,0,-4613,0,0,0,0,0,0,4022,3732,0,0,0,0,0,5184,-3757,0,-3405,3781,0,0,0,0,0,3526,0
84065013,Team0,0,0,-5193,0,-3652,0,0,0,0,0,-3039,-4108,0,3454,3363,3884,-4653,4494,0,3752,0,0,0,0,0,0,-5192,0,0,0,0,3870,0,0,0,0,0,0,0
84065051,Team1,0,0,0,0,0,0,-4322,0,0,-4408,0,0,0,-5096,-4199,0,0,0,0,0,3524,4399,0,0,3695,-4842,0,0,4443,0,3708,4444,0,0,0,0,0,-5046,0
84938452,Team1,0,0,-3637,0,0,0,0,0,0,0,0,0,-3954,0,0,0,0,0,0,0,0,4226,0,3369,3869,0,0,-4158,0,4041,4337,-3461,0,0,0,0,3368,-4005,-3778
84938460,Team1,0,3681,0,0,0,0,2889,-3498,0,0,4066,0,0,0,0,0,-3770,4018,0,0,0,3986,0,0,0,-4260,0,0,-4064,-3834,0,0,0,0,-3665,0,3542,0,0
84938553,Team1,0,0,-3866,0,0,-4409,-3507,-4018,0,0,0,0,0,0,0,0,0,3995,0,0,-3915,-3874,0,0,0,0,3610,4138,5467,0,4148,0,0,0,3856,0,0,0,0
84938561,Team0,0,-3485,3863,0,0,3910,0,0,0,0,4583,3521,5058,-3973,0,0,0,0,0,0,3444,0,0,0,-4089,0,-3606,0,0,-3355,0,0,0,0,0,0,0,0,-4073
84938646,Team0,0,0,-3722,0,0,0,0,0,0,0,-3478,0,-4890,0,0,0,0,0,0,0,-4420,0,0,3581,0,0,4548,-5466,0,0,5386,0,0,-4220,4298,0,0,3914,3595
84938704,Team0,0,0,0,0,0,0,0,0,0,0,-3910,0,0,0,0,0,0,0,0,0,3465,-3490,0,4111,0,0,-3535,0,-3297,-3555,0,3750,0,3570,4149,0,0,-4350,4365
84971244,Team1,0,0,-3878,0,4023,0,0,0,-3937,0,0,-4502,0,-4149,0,0,0,0,3504,0,0,3639,0,4199,0,0,0,0,0,-3465,0,0,0,0,-4886,0,0,3904,3729
84971353,Team1,0,0,0,0,0,0,0,0,4320,3733,3835,3980,0,0,0,0,0,0,0,0,4405,-3965,4450,-3823,0,0,0,0,-3838,0,0,-2800,0,0,0,0,0,-3515,-4011
84971363,Team0,0,0,0,0,-3682,4617,-3913,0,3472,3402,0,0,0,0,0,3283,0,0,-3899,0,0,-3205,-3780,0,3267,0,0,0,3596,0,0,0,0,0,0,0,-3504,0,0
84971505,Team1,0,0,0,0,0,0,0,0,3715,3903,0,-3806,0,-6197,0,0,0,0,-3191,0,2411,0,0,0,0,0,0,4995,0,-4174,3689,4405,0,-3041,-5919,0,0,0,0
84971550,Team1,0,0,0,-2988,4206,-3734,-3988,0,5063,0,-4323,0,0,4660,0,0,0,0,3991,0,-3206,0,0,0,0,0,0,0,0,4262,0,0,0,0,-3262,0,0,0,4440
84971607,Team1,0,-3940,-3868,0,0,0,3823,-3852,4029,0,0,0,0,0,0,-3776,0,3767,0,0,0,0,0,3988,-4863,0,0,0,0,0,0,0,0,-4264,4267,0,0,3712,0
84971639,Team0,0,0,0,0,3587,4546,0,0,0,0,0,0,0,0,0,-3636,0,0,3548,0,-3117,0,0,0,-4313,-4741,0,0,5351,0,0,-3469,5193,-4706,4288,0,0,0,0
84971640,Team0,0,0,-3556,0,0,0,-3916,-3136,0,0,0,3575,4242,0,0,0,-3428,0,4584,4773,-4153,0,0,-3719,4483,0,0,0,0,0,5610,0,0,0,0,0,0,0,0
84971670,Team1,0,0,0,0,0,0,-3832,4474,1835,0,0,0,0,5674,-4889,0,0,3469,-4188,5425,0,0,-3536,0,0,0,0,3729,0,0,-3341,0,0,0,-3515,0,0,0,0
84625143,Team1,0,0,0,0,0,-3863,3499,0,-3648,0,0,-4171,0,-5157,0,0,0,0,3637,4747,3716,0,0,-4426,0,0,0,0,0,0,0,0,0,0,0,0,3211,-4441,3944
84625365,Team1,0,0,0,0,0,0,0,0,0,3686,-4189,0,3891,0,-3873,0,0,0,0,3065,4665,-3633,0,0,0,-3835,0,3162,0,-3344,0,0,0,0,0,0,0,-3502,3383
84431587,Team0,0,0,0,0,-4047,0,0,0,0,0,0,5071,0,0,4032,-4262,-4021,-3786,0,0,0,0,0,0,0,0,0,-3733,0,0,3847,3444,0,3676,4078,0,-3942,0,0
84431591,Team0,0,0,0,0,0,0,-4303,0,0,0,3522,0,0,0,0,4718,0,-4606,0,3085,4519,0,-4222,-3874,0,0,3111,0,0,4410,0,0,0,0,-3373,0,0,-4406,0
84431604,Team1,0,-4085,3985,0,0,0,0,-4363,0,0,0,0,-4613,0,0,0,0,-4766,0,-4576,0,4053,0,0,0,0,0,0,3910,0,3624,0,0,3744,-4881,0,3907,0,0
84431639,Team0,0,0,0,0,0,0,3671,0,0,0,3068,-4829,0,0,0,3920,-4149,-3285,0,0,0,0,3891,-4334,0,0,0,4290,0,0,0,-4199,0,0,0,-3304,3405,0,0
84431641,Team1,0,-3581,0,0,3593,-4031,0,0,-3363,0,0,-3447,0,0,0,0,0,0,0,0,0,3763,0,5232,0,0,0,0,3588,0,4989,0,4195,0,-3808,0,0,-3363,0
84431671,Team1,0,0,-4576,-3705,0,0,0,3990,0,0,0,0,0,3671,0,0,3810,0,0,0,0,-4243,0,0,4628,0,0,4706,4819,0,-5105,0,0,-3751,0,0,-4157,0,0
84431726,Team1,0,3852,3162,-4511,0,0,0,0,0,0,4915,-3647,0,3699,0,0,-4082,0,-4121,0,3279,3700,0,0,0,0,0,0,-4468,0,0,0,0,0,-4079,0,0,0,0
84431734,Team0,0,4433,5013,0,0,-3251,0,0,0,3962,0,-3545,0,4761,0,0,0,0,-4291,0,3308,0,0,0,0,0,0,-6097,0,0,0,5108,0,-3604,0,0,-3286,0,0
84431772,Team0,0,4458,-2787,3859,0,0,0,0,-4536,0,0,0,0,0,0,-3001,4085,4790,0,0,0,0,0,0,0,0,4010,0,4006,-4260,0,0,0,0,-4241,0,-4098,0,0
84431774,Team1,0,0,0,0,0,0,0,-3549,0,0,3151,3620,0,0,0,0,3752,0,0,-4165,-3468,0,-3636,3835,-3802,3963,0,-4579,0,4585,0,0,0,0,0,0,0,0,0
84688606,Team1,0,3695,0,0,-4397,4748,0,-5440,0,0,0,0,0,4373,0,0,0,0,0,0,0,5585,0,0,4763,0,0,0,0,-4477,0,0,-4909,-4025,-4555,0,3531,0,0
84688668,Team1,0,4079,0,0,-3177,0,-4307,0,0,3922,-3581,0,0,0,0,-3600,0,-3430,0,0,3248,4466,0,4309,0,0,0,0,3932,0,0,0,-4488,0,0,0,0,0,0
84688730,Team1,0,0,3641,0,0,0,-3451,3339,0,0,0,0,0,-4179,0,0,0,-3022,-4649,0,-4541,0,0,0,0,0,-4241,0,4835,3458,0,0,0,4945,3471,0,0,0,0
84688731,Team0,0,3638,0,0,0,4978,-3389,0,-4322,0,3364,4507,0,-4553,3694,0,0,-3843,0,0,0,-4043,-3221,0,0,0,4056,0,0,0,0,0,0,0,0,0,0,0,0
84688735,Team1,0,0,0,0,3823,0,-5209,0,0,3096,0,0,0,-4631,0,3111,4431,0,-3965,-5059,-3587,0,0,0,0,0,0,4441,0,0,0,0,0,0,-4517,0,0,0,3661
84688759,Team0,0,-3936,-4062,0,0,0,4188,3202,0,0,0,0,0,-3444,0,0,0,0,-4103,4100,-4412,0,-3636,0,0,0,3988,0,3680,0,0,0,0,4695,0,0,0,0,0
84688783,Team0,0,0,0,0,0,0,0,-4804,4482,-3594,0,-3139,0,-4996,-4970,0,0,0,4260,0,0,0,0,0,0,4192,0,-4292,4047,0,4076,0,0,0,0,0,0,0,3850
84688805,Team1,0,0,0,0,0,0,-3530,0,0,0,0,-3857,0,0,4489,4233,-3063,-3587,3802,0,4516,0,4254,0,0,0,0,0,0,4550,0,-3394,0,0,-4220,0,0,0,0
84688893,Team0,0,0,3931,-4113,0,0,-4339,0,-4519,0,0,-4426,0,0,0,-4010,0,0,0,0,3433,0,0,0,0,0,3536,0,0,0,4419,0,0,0,-3933,0,3714,3311,0
84688894,Team0,0,0,0,0,3640,0,-3036,0,0,0,0,4179,0,-3495,0,0,0,0,0,0,3444,-3460,0,0,-3768,0,0,0,-3881,0,0,0,3561,3782,0,0,4972,-3646,0
84688918,Team0,0,0,3788,3297,0,0,0,0,-3971,0,4511,4979,0,-4143,0,0,0,-3967,-3417,0,0,-3300,0,0,4452,0,0,0,-2413,5701,0,0,0,0,0,0,0,0,0
84688931,Team1,0,0,4244,3417,0,-3580,0,0,0,3973,0,-4340,4812,0,0,-4555,0,4867,-4116,0,4950,-3747,0,0,0,0,0,0,0,0,0,0,0,0,0,0,0,-3632,0
84817698,Team0,0,0,3599,0,0,0,0,0,0,0,0,-4180,0,0,0,0,0,-4012,0,0,3697,-4169,0,0,2789,0,4079,-4180,0,0,3321,-4059,-4641,0,3789,0,0,0,0
84817706,Team0,0,3455,0,0,0,4072,-3750,3725,0,0,-4281,3623,0,-3876,0,0,0,-3517,0,0,0,3827,0,-3692,4581,0,0,0,0,0,0,0,0,0,-3830,0,0,0,0
84817839,Team1,0,0,0,0,0,3441,3982,0,4143,0,0,-5251,0,0,4182,0,-4901,0,0,-4824,4126,-4051,0,0,0,0,0,0,-4841,0,0,0,0,0,-3924,0,3930,0,0
84817864,Team1,0,0,4183,0,0,-4265,-4355,-3851,0,0,0,4441,0,0,0,0,0,3347,0,-3944,0,4749,0,0,0,0,3888,0,0,0,0,0,0,0,3812,0,-4007,0,-3302
84817865,Team0,0,0,0,0,4094,0,4773,0,0,3817,-5438,0,4164,-4396,0,-3218,0,3732,0,0,0,-4110,0,-3887,0,0,0,0,0,0,-3795,0,4329,0,0,0,0,0,0
84723377,Team0,0,0,3695,0,0,0,0,3706,0,0,-3707,-3598,0,0,0,0,0,-3525,0,0,3518,0,0,-3900,0,0,0,0,0,0,-3819,0,-4126,3763,3712,0,0,0,3669
84724030,Team1,0,-4054,-3519,0,0,3303,4944,0,0,3777,0,0,0,0,3210,4018,-4104,0,0,0,-3796,3791,0,0,0,0,0,0,0,0,0,0,0,0,-4556,0,-3894,0,0
84724037,Team0,0,3287,0,-3939,3600,0,-3038,0,0,0,0,0,0,4193,0,0,0,0,4011,0,-3986,0,-3499,0,-4091,0,0,0,0,0,0,0,0,0,3559,0,0,-4385,4997
84724291,Team0,0,0,0,-3653,0,0,0,0,-3226,0,0,0,4119,4087,0,0,-3796,0,-3611,0,-3598,0,0,0,0,-3376,0,0,4116,5004,0,0,0,0,3374,0,3424,0,0
84279618,Team0,0,0,0,0,0,-4370,-3897,0,0,0,0,3434,0,-3988,0,0,0,3621,0,4057,4132,3561,-4337,0,0,0,0,-3511,0,-3743,0,0,0,0,0,0,3793,0,0
84279634,Team0,0,0,3799,3733,0,0,-3785,-3460,4784,0,0,0,-4278,4653,0,0,0,0,0,0,-3930,0,0,-4000,0,0,0,0,0,0,0,0,0,5271,-4124,0,0,4054,0
84279686,Team1,0,0,0,0,-4561,0,-4959,0,-3769,0,3416,-3694,-3708,4599,0,2989,0,0,0,0,0,0,0,0,4815,0,0,3581,0,0,0,0,0,5047,-3698,0,0,0,0
84279690,Team1,0,0,-3517,0,0,-3401,0,0,0,0,0,4161,-4794,0,0,0,0,0,0,4436,0,3962,0,0,0,0,0,0,4078,0,-3879,0,0,4255,4620,0,-5027,0,-3540
84279748,Team1,0,0,-3811,0,3463,0,-3759,0,0,0,-3987,3385,0,-3367,0,-3401,3600,0,0,0,0,0,0,0,0,0,0,0,3368,3847,-4304,0,0,0,0,0,3794,0,0
84279750,Team0,0,0,0,0,3451,0,0,0,-3960,0,0,0,0,-3473,0,0,4503,-4249,0,0,-4294,0,0,3778,3495,0,0,0,0,-3587,0,-3911,0,0,4325,0,4777,0,0
84655787,Team1,0,-5359,3184,0,0,0,0,-3164,0,3883,0,0,0,-3347,4746,0,0,-3415,0,0,0,0,0,3712,0,0,-4038,0,-3321,0,0,0,0,4080,4069,0,0,0,0
84655896,Team1,0,0,-4097,0,0,-4225,0,0,0,0,-4163,3517,0,0,-4169,0,0,3827,0,0,0,-4509,0,0,3207,0,0,3506,0,0,0,3902,0,3297,-3769,0,0,0,0
84464886,Team1,0,0,0,0,0,-4441,0,-4046,0,0,0,0,0,0,0,4084,0,0,0,3219,4321,0,0,-4455,0,0,0,4341,-4302,0,0,3554,0,3809,-3587,0,0,0,-3666
84464930,Team1,0,0,0,0,0,0,3477,0,0,0,0,0,-4249,0,3232,0,0,-4333,0,-4295,4496,0,0,0,0,0,0,0,0,-3962,0,-4752,0,3751,4329,0,3936,0,-3984
84464933,Team0,0,-3599,0,0,0,0,-3100,-3962,0,0,0,5191,0,0,-3685,-3909,0,0,3667,0,4560,4113,0,0,0,0,0,0,0,0,3958,0,0,0,4546,0,0,0,-4950
84465071,Team0,0,4934,-4173,0,0,0,0,0,0,0,0,0,3386,-4110,0,0,0,3384,0,3288,-4146,0,0,0,0,0,0,0,0,-3756,0,4521,0,0,0,0,-3833,-4255,3449
84465073,Team1,0,-4795,3288,3503,-3810,3542,0,4162,0,0,-3737,-4198,3836,0,0,0,0,3754,0,0,-4045,0,0,0,0,0,0,0,0,0,0,0,-3686,0,0,0,0,0,0
84465124,Team0,0,0,-4568,0,0,4461,0,0,-3619,0,0,4100,0,0,0,3690,0,-3159,0,0,-4143,4654,0,0,4594,0,0,0,0,-3852,0,4133,0,0,0,0,-4887,0,0
84465241,Team0,0,-3445,-4009,0,4046,0,0,0,0,3381,0,0,0,0,0,-3547,-4971,5466,0,0,3903,0,0,0,0,0,0,4001,-4008,0,0,0,0,-4469,0,0,4227,0,0
84465360,Team1,0,0,-4248,0,-3378,3870,4192,0,-4086,-4702,0,6086,0,0,0,0,0,0,0,0,-4427,0,0,0,0,0,0,0,0,0,3470,3894,0,0,-5130,0,0,0,3835
84465370,Team1,0,0,0,0,-3933,0,4348,0,0,0,0,-3808,-3899,-4551,0,0,0,0,-3997,0,0,0,0,0,4803,0,3102,3708,0,0,0,0,0,-3598,4154,0,3457,0,0
84500355,Team1,0,-4588,0,0,0,0,0,0,3916,0,3311,0,0,0,-4155,0,4607,0,0,0,0,0,0,0,0,-4985,0,4494,3508,4107,0,-4395,0,-3018,-5836,0,0,0,0
84500386,Team0,0,0,4234,0,0,-4128,0,0,-3101,0,0,-4786,0,0,0,0,5401,0,0,-3406,-3171,0,4046,4454,4853,3483,0,0,0,0,0,-4254,0,0,0,0,0,0,0
84500497,Team1,0,0,3790,4259,0,0,0,0,0,-4621,0,0,4588,5322,-4070,0,0,0,0,0,4357,-3425,0,0,0,0,0,-4027,0,0,0,0,0,-3767,0,0,3782,0,-4131
84500502,Team0,0,0,-3883,0,0,0,-3935,3377,0,0,0,-3851,0,0,0,0,3756,0,0,0,3641,-3407,-3682,0,0,0,4240,3534,0,3661,0,0,0,0,-3597,0,0,0,0
84500503,Team1,0,0,0,-3966,0,3779,3407,0,-4069,0,3905,0,3545,0,0,0,0,0,0,-3591,0,0,-4500,0,3248,0,0,0,0,3188,-3738,0,0,0,-4276,0,0,0,0
84500626,Team1,0,-3690,3209,0,0,3666,0,0,-4229,0,3989,0,0,0,2740,0,0,0,0,0,-4175,3062,0,0,0,0,0,0,3356,0,0,0,0,0,-4674,0,0,-4652,-4952
84787742,Team1,0,-3492,0,-3661,0,4122,0,4126,-3640,0,0,5116,0,0,0,0,0,0,0,3255,0,4195,0,0,0,0,0,0,0,0,-3728,0,0,0,-3663,0,0,-3427,3786
84787816,Team0,0,0,0,0,0,0,0,0,-5560,0,0,0,4065,0,0,0,-4564,-3806,0,0,3879,3669,0,0,0,-3417,0,-4312,0,4457,4802,0,0,0,-4180,0,3764,0,0
84787851,Team1,0,0,0,2462,0,0,-4242,-4649,0,0,0,0,0,0,0,0,0,3610,5578,0,0,4896,0,-4031,0,0,0,-4348,3295,0,-5652,-3622,0,0,0,3413,0,0,0
84787852,Team1,0,4380,-3925,-4084,0,0,0,0,4538,0,0,0,0,0,0,0,0,4141,0,0,-3781,3840,0,-5064,0,0,3526,0,0,3595,0,0,0,-4383,-3992,0,0,0,0
84787853,Team1,0,-4169,0,0,0,-4559,0,0,-4849,0,4478,0,-4228,0,0,0,0,5331,0,-3156,0,0,0,4667,0,0,0,0,-4030,3596,0,0,3492,0,4622,0,0,0,0
84787878,Team0,0,0,3179,0,3859,-3855,0,0,0,0,0,0,3588,0,0,-5647,3446,0,-4351,0,5113,0,0,0,0,0,0,0,-3518,-3120,0,0,0,0,0,-5379,4740,0,0
84787903,Team0,0,-3557,3648,-4039,0,0,0,0,-3864,0,0,0,0,0,0,0,0,-3739,-3659,0,0,0,0,3560,3641,0,3591,3336,0,0,0,0,0,0,0,0,3475,0,-4020
84787908,Team1,0,4876,3744,0,0,-5803,-3849,-5355,0,0,0,-4394,0,0,0,3394,3990,0,0,0,-4443,-3058,0,0,0,0,0,0,3563,0,0,0,0,0,0,0,0,0,4063
84787926,Team1,0,0,0,-4002,0,0,-4305,0,0,0,0,0,0,0,-3773,0,-2614,0,3720,0,3681,0,0,0,0,0,4754,0,3411,4215,-4425,0,0,0,-4580,0,0,3566,0
84309716,Team1,0,-3946,3218,0,0,-3864,-3785,0,0,0,0,0,0,4376,-4128,0,0,0,-4399,0,0,0,0,0,4019,0,3734,0,3765,0,4973,0,0,0,-3847,0,0,0,0
84249241,Team1,0,0,3555,0,3982,-3464,-3870,0,0,0,0,-6232,4132,0,0,0,0,-3712,0,0,0,0,0,0,0,0,0,4393,0,-4664,0,0,0,0,-4904,0,5195,2614,0
84846222,Team0,0,0,4074,-3735,0,0,0,0,0,0,0,0,-3691,4168,0,0,0,-3445,3713,-3550,3524,0,3791,0,3910,0,0,0,0,-3822,0,0,0,0,-3411,0,0,0,0
84846248,Team0,0,0,0,0,0,0,-4305,0,0,3474,0,-3958,0,3727,0,0,0,-3828,0,4683,3458,-4486,0,4465,0,0,0,0,0,0,0,0,0,-4251,3674,0,-4492,0,0
84846274,Team1,0,-4664,-4924,0,0,0,3724,0,4318,3104,0,-4423,0,-3926,-3835,0,0,0,0,0,3679,0,0,0,3472,0,0,0,4318,0,0,0,0,0,0,0,-3482,0,0
84846278,Team1,0,0,-4238,0,0,0,3969,0,0,-4891,0,0,0,0,4675,0,4588,0,0,0,-3925,0,0,4285,0,0,-3285,0,0,0,0,0,0,3410,-3590,0,3664,-4834,0
84846279,Team1,0,-3498,3968,0,0,0,0,0,0,0,0,3515,0,0,0,0,0,-3016,0,-3355,3853,-3923,0,0,0,0,0,0,0,4260,0,3587,0,3385,-3789,0,-4789,0,0
84846284,Team0,0,0,3619,0,0,0,0,0,0,0,0,0,0,0,3478,-4007,0,0,-3691,4292,-3569,-3920,0,0,0,0,0,0,-4116,-4096,4381,0,0,0,3505,0,3273,0,0
84846312,Team1,0,0,-3681,3797,3814,-3910,0,0,0,0,0,0,0,3862,0,0,0,3306,0,0,-3543,3652,0,0,-4610,0,0,0,-3471,0,0,3425,0,0,0,0,-3641,0,0
84846317,Team1,0,0,3389,0,0,0,0,3700,0,-3690,0,0,0,-4989,0,-4024,0,-4031,0,0,5026,0,0,0,0,-4173,0,0,-4028,3955,3765,0,0,0,0,0,4204,0,0
84846319,Team0,0,0,0,0,0,-4152,0,3500,0,0,-4006,-4037,0,-3513,0,3895,0,0,0,-3603,0,0,0,4286,0,0,0,0,0,0,0,0,0,4199,3338,0,-4323,0,3495
84846430,Team0,0,0,0,0,0,-3782,0,0,0,0,0,-5617,0,0,0,0,0,-3817,3496,0,0,3188,-3949,-4576,0,0,0,0,4926,5574,0,0,0,0,-3960,4197,0,4557,0
84846432,Team0,0,-4399,-3823,0,0,0,0,-4892,0,0,3650,0,0,-3584,0,-3525,0,0,0,0,0,0,0,3650,0,0,0,0,4661,0,3178,0,3519,-4951,0,0,0,0,3774
84905295,Team0,0,3637,0,4134,0,0,-3677,4187,3728,0,-3293,0,0,0,0,0,0,0,0,0,0,3749,0,0,-3646,0,0,0,0,3646,0,0,0,0,-3426,0,0,-3658,-3488
84905307,Team0,0,0,0,0,-4908,4879,4035,0,0,-5178,3888,0,0,-3186,0,0,0,0,0,0,4161,0,0,-3921,0,0,0,3761,0,-4171,0,0,0,0,-4573,0,4201,0,0
84905369,Team0,0,0,0,0,0,0,4381,0,0,0,3422,0,4925,-4428,0,0,0,-3707,0,3905,5037,-4033,0,-3022,0,0,0,0,0,-4012,0,0,-3828,0,3938,0,0,0,0
84905397,Team1,0,0,0,0,0,0,0,3933,4933,0,0,4259,0,2944,0,0,0,0,-4009,0,-4324,-3725,0,0,0,4658,0,3748,-4240,0,0,0,0,0,-4449,0,0,-4081,0
84905407,Team1,0,0,0,4054,-5226,0,0,-3889,0,0,0,0,0,0,0,3965,0,0,0,4605,4766,-4144,0,0,0,0,0,0,-3743,0,0,3683,0,4077,-5697,0,0,0,-4156
84905439,Team0,0,0,0,0,0,0,-3529,3877,3435,0,3966,0,0,0,4482,-3124,0,-4855,-3574,0,0,0,0,0,0,0,-3372,0,4136,0,0,0,0,-3287,4455,0,0,0,0
84905442,Team1,0,4102,-4827,0,0,0,0,0,-5233,0,0,3345,0,4241,0,0,0,0,-3877,0,-5169,3925,0,0,0,3216,0,0,0,0,-5052,0,3521,0,-3637,0,0,0,0
84905500,Team1,0,4711,0,3594,0,-3715,-3688,0,-3255,-3681,0,0,0,0,0,3459,4786,4226,0,0,0,0,0,0,0,0,0,0,-3851,0,0,0,3522,0,0,0,0,0,-3660
84905510,Team1,0,0,0,0,0,0,-5250,0,0,0,-4120,-4280,0,0,0,0,-4468,0,0,0,-4544,-3369,0,0,0,0,3208,0,4306,0,0,3366,0,3697,0,0,0,3752,3394
84034407,Team0,0,4162,0,0,0,0,-4009,0,0,0,-3639,-3722,0,-4022,3512,0,0,0,3077,0,0,0,3478,0,0,0,0,3521,0,0,4026,0,0,0,0,-4303,0,-4404,0
84034416,Team1,0,0,0,0,0,4067,0,0,0,0,0,4311,0,0,-4871,3906,0,3619,3844,0,0,-4363,0,-4382,-4371,0,0,4416,0,-5137,0,0,0,0,0,-4223,0,0,0
84034433,Team1,0,0,-4475,0,0,0,5314,0,-3113,0,0,0,0,4431,0,4291,0,0,0,0,0,-4692,-4519,0,-4675,0,0,0,3853,4710,-4558,0,3763,0,0,0,0,0,0
84034453,Team0,0,0,4330,0,-3427,0,0,0,0,0,0,0,0,3659,0,-4094,0,0,4431,0,0,-4701,-3990,3937,0,0,0,-3306,0,0,3520,0,0,-3853,0,4669,0,0,0
84034576,Team0,0,-4660,4014,-4147,0,0,0,0,-3874,3785,0,3863,0,3255,0,0,-3823,0,0,-4503,0,3455,0,0,0,0,0,0,-3611,0,3297,0,0,0,0,0,0,0,0
84034578,Team0,0,0,0,0,3331,4755,0,-3730,0,4174,0,-3672,3815,-3253,0,0,0,-4039,0,0,0,0,0,4262,0,0,0,3534,0,0,0,0,-3560,0,0,-3504,0,0,0
84034607,Team0,0,0,3537,0,0,0,-4248,0,0,3775,0,0,0,0,0,4862,0,-3792,0,0,-3654,0,0,0,3130,0,0,0,3656,0,0,-4370,0,3315,-3826,-4202,0,0,0
84532328,Team0,0,0,0,0,0,0,0,0,0,0,0,0,0,4376,0,0,0,0,0,0,0,-4766,0,0,0,0,0,0,0,-4045,0,0,0,-4212,0,0,0,0,0
84532352,Team1,0,-3401,-3966,0,0,0,3566,3586,0,0,-4332,4010,0,-3496,-3964,0,0,0,0,3415,0,0,0,0,0,0,0,0,0,0,0,3121,0,0,0,4566,0,0,-3625
84532500,Team1,0,0,0,0,0,0,0,0,0,-3506,0,3787,0,-3947,0,0,0,0,0,0,-4194,3991,0,-4276,-4261,0,0,3569,0,-4272,0,0,0,0,3587,0,3222,0,3535
84532524,Team0,0,0,3462,0,0,0,0,0,0,-4586,-4185,0,0,2751,0,0,0,0,0,-3590,4751,-3698,0,0,-4688,0,-4203,0,0,0,0,3290,0,0,0,0,3822,0,3667
84532555,Team1,0,0,0,0,4054,0,-4227,0,-5403,0,-3635,0,0,0,0,0,0,4182,0,0,-4424,3964,0,0,5038,0,0,0,3878,-4958,0,0,3118,0,0,0,0,0,-4159
84532586,Team1,0,0,-3663,0,0,0,0,-3889,-3639,0,0,0,0,0,0,4003,0,3684,-3814,3804,-3562,4050,0,0,4741,0,0,0,0,0,0,0,0,-4045,0,0,3575,0,0
84532706,Team1,0,0,0,-3509,-3679,0,0,0,0,0,0,3813,0,0,0,0,-4640,3395,0,0,0,-4451,0,3857,0,0,0,0,-4158,0,0,4037,3814,0,-3979,0,0,0,4317
84532757,Team1,0,0,-3594,3717,0,0,3851,0,-3682,0,0,0,0,0,0,0,0,0,0,-3925,-4087,0,-3233,0,0,3878,0,3752,-3442,0,0,0,3900,0,0,0,3861,0,0
84183327,Team0,0,3723,0,0,-3940,3378,0,-5973,0,0,0,3657,0,0,0,0,-4788,3443,0,0,0,4064,0,0,0,0,0,-4007,0,0,0,4612,0,0,0,0,-3723,0,-3486
84183422,Team0,0,0,0,0,0,0,0,0,0,0,0,-3255,0,0,0,0,-3751,3618,0,0,0,0,4602,-4143,-3959,0,0,0,3720,3682,-4608,0,3861,0,0,4381,-4108,0,0
84183424,Team1,0,0,3686,-3449,0,0,0,0,3998,4043,0,0,0,-3223,3382,0,0,0,0,0,3910,0,-3788,0,0,0,0,0,3601,-3949,0,0,0,0,0,-4140,0,-3510,0
84183481,Team1,0,0,3199,-5274,0,0,0,0,3806,0,0,-3934,0,0,0,0,-3623,0,0,-4650,5313,0,0,-4356,3258,0,0,0,0,0,2755,5719,0,0,0,-5174,0,0,0
84183549,Team1,0,0,0,0,0,-3433,4768,-3502,0,4622,0,4931,0,-4267,0,0,0,3831,0,0,4232,0,0,0,-4495,0,3906,-4642,-3584,0,0,0,0,0,0,0,0,0,0
84183550,Team1,0,4108,0,0,0,0,0,0,0,0,0,0,0,0,0,3422,0,-4316,0,-4585,0,-3606,0,0,-3819,0,-4337,0,0,0,0,3929,0,3961,0,0,-4267,4065,3740
84564095,Team0,0,-4211,0,0,0,0,-3906,0,0,-3793,0,0,-3504,4042,0,3446,0,0,0,0,-3449,0,0,0,-3467,0,0,4175,3813,0,0,0,0,3552,0,0,0,4010,0
84564119,Team1,0,0,-3658,0,0,-4023,0,0,0,3307,0,0,0,3470,3578,3915,0,0,0,4007,0,0,0,-5279,0,0,0,0,3320,0,-3972,0,0,0,-4755,0,-3869,0,0
84564199,Team0,0,-4152,0,0,0,0,3289,0,4164,-3916,0,-3911,0,-3924,0,3412,0,3466,0,0,0,0,0,0,0,0,0,4116,0,0,-3996,3477,0,0,-3475,0,0,0,0
84564216,Team0,0,0,4534,0,-3693,0,0,0,0,0,0,0,-3388,4122,0,0,0,0,5273,-4146,3543,4008,-3792,0,0,0,0,0,0,0,0,0,0,0,-4626,0,4368,0,-3618
84564319,Team0,0,0,0,0,0,0,3708,-3785,0,0,0,-3521,0,3892,3921,-3475,-3847,0,0,0,-3909,0,0,0,3432,0,0,0,0,-3699,4858,0,0,0,0,0,3358,0,0
84564418,Team1,0,5643,0,0,0,0,0,0,0,-4971,0,-4984,0,-4361,-4546,0,4011,-4311,0,0,0,0,0,0,0,0,4028,0,4798,3683,0,0,0,4568,0,0,-3357,0,0
84564492,Team1,0,3421,0,0,0,0,0,0,-3632,0,0,0,0,0,-4838,0,0,0,0,-3147,3693,-4213,-4445,0,0,-4055,3778,0,0,0,3312,0,0,0,0,5091,3481,0,0
84564533,Team1,0,-5309,-4085,0,0,0,3716,4813,4146,-3672,0,0,0,-4055,0,0,0,0,3776,0,3541,0,0,0,0,0,0,0,0,0,0,0,0,4071,-4482,0,0,-4591,0
84001308,Team0,0,-4319,0,0,0,0,0,3726,0,-3312,-3742,-3371,0,3714,0,0,3783,0,0,0,0,0,0,0,0,0,0,0,0,0,3547,0,0,0,0,0,0,0,0
84001351,Team0,0,0,3628,0,3679,0,0,-3656,0,0,0,-3670,3707,0,-3543,0,-3926,0,-3642,0,0,0,0,0,0,0,0,0,0,-3337,4315,4264,0,0,0,3673,0,0,0
84001371,Team0,0,0,0,0,0,0,4005,0,0,0,0,-3963,0,0,-3991,-4238,0,-2534,0,-3978,0,0,-4400,3827,0,0,0,0,0,0,3293,0,0,0,0,3479,4076,3546,0
84001375,Team0,0,0,4213,-4958,0,-3168,0,3824,0,0,-4431,0,0,0,0,0,0,0,0,4039,0,-3586,0,0,-4397,0,3704,0,0,-3232,4467,0,0,0,0,3997,0,0,0
84001410,Team0,0,3783,-4931,0,0,0,4417,0,0,3580,0,0,4355,0,4131,0,0,-4027,0,0,0,-4015,0,0,-3259,0,0,0,0,0,5196,-5809,0,0,0,0,0,0,-3523
84001463,Team0,0,-4017,4423,0,0,0,0,0,0,0,0,3210,0,-3609,0,5356,0,0,5291,0,0,-4149,-3545,0,0,0,4688,0,-4333,0,0,0,0,0,0,0,0,3758,-4090
84001495,Team1,0,0,0,-4272,0,0,0,0,0,0,0,0,0,0,0,-3945,-4063,0,0,3350,0,-4647,3874,0,0,0,0,0,3591,-3968,-4213,0,4402,0,0,0,0,3508,3241
84001531,Team1,0,0,3699,0,-3562,0,0,3448,0,0,0,0,0,0,0,0,0,0,-3982,0,4532,0,3130,0,0,0,0,0,-5383,0,3537,0,0,0,3369,-4339,0,0,-4233
84339164,Team1,0,-4078,0,0,0,0,0,0,4087,0,3697,0,0,-3178,4789,3293,0,0,0,3983,4272,0,0,-3541,0,0,0,0,0,0,0,0,0,0,-4440,0,0,-3347,-3780
84339185,Team1,0,0,-3699,-4838,0,0,0,0,3830,0,0,0,0,0,0,-4837,0,3465,0,3448,0,4309,0,0,4131,0,0,0,0,0,0,0,-2857,0,-3345,0,3527,-3934,0
84339207,Team0,0,0,-3236,0,0,-4855,0,0,0,0,0,3569,0,-4538,0,3822,3981,0,0,4555,0,4071,0,0,0,0,0,0,-4891,-4992,2841,0,0,0,-3820,0,0,0,0
84339226,Team1,0,0,0,4050,0,0,0,0,3401,0,0,-3633,-4764,4011,0,0,0,0,-3903,0,0,4441,0,0,-4224,0,0,-3780,0,0,0,0,0,3520,-4697,0,0,4354,0
84339228,Team0,0,4949,0,0,0,0,0,3149,0,-4218,0,0,-4480,4773,-3496,0,0,0,0,4542,0,0,0,0,3704,0,0,0,-5270,0,0,0,0,0,3956,0,0,-4683,-3909
84339230,Team1,0,3219,3491,3590,0,0,-3622,0,0,0,0,3314,3562,0,0,0,0,-4140,0,0,-4270,-3509,-3844,0,0,0,0,0,0,0,0,3312,0,0,0,0,-3735,0,0
84339303,Team0,0,0,0,0,0,0,4841,-3203,0,0,0,-4185,0,3736,4549,-4630,0,0,0,0,4791,-3965,0,0,0,0,0,-4028,0,0,0,0,0,-5100,0,0,3607,3816,0
84339326,Team1,0,0,-4293,0,0,0,3264,-4383,-6165,0,0,-4374,0,0,4987,0,-4681,4648,0,0,0,3749,3748,0,0,0,0,0,0,0,-3779,0,0,0,4248,0,0,0,0
84875526,Team0,0,0,0,0,0,3695,-4360,0,0,0,3345,4099,0,0,0,0,0,-3881,-3931,0,3708,3295,0,-4533,0,0,-4424,0,0,0,0,0,0,-3671,3596,0,0,0,0
84875591,Team1,0,-4157,-5354,0,0,-3947,0,0,0,0,0,4511,0,0,-4936,0,0,3313,3866,0,0,-4562,0,0,0,0,3498,0,0,0,0,0,0,3746,4361,0,-4187,0,0
84875774,Team1,0,0,-3638,0,0,0,0,0,0,-3980,0,0,0,0,0,0,-4267,0,0,4164,4004,4196,3064,0,3485,0,0,0,-3740,-3505,0,0,0,0,-3494,0,3519,0,0
84876269,Team1,0,0,0,0,0,-4462,-3932,0,0,0,0,-3034,0,4089,0,0,0,3469,0,3674,0,0,0,0,0,4014,0,0,-3398,0,-4452,0,-4524,0,5124,0,3673,0,0
84876328,Team1,0,0,-5443,0,0,-3797,5193,0,0,4289,-3043,-4972,0,0,0,0,0,0,0,0,4199,-3998,0,0,0,0,0,0,4156,0,0,0,3683,0,0,-3913,0,3050,0
84876492,Team0,0,0,0,0,0,0,0,0,-4272,0,0,0,0,0,0,0,0,0,0,4527,4296,0,0,0,0,0,0,0,0,0,-3802,0,0,0,0,0,0,0,3550
84154248,Team1,0,-4120,3799,0,0,0,0,0,0,0,0,0,0,0,0,0,0,0,0,0,3657,0,3421,0,0,0,3215,0,0,-4373,0,0,0,-3658,-3919,0,-3564,4365,0
84154311,Team0,0,0,0,0,3723,3847,-4579,0,-3590,0,0,0,0,0,4461,-4079,-4905,-4023,0,0,0,3758,0,0,0,0,0,3512,0,0,0,0,0,0,-4198,0,3777,0,0
84154344,Team0,0,0,0,0,0,4172,0,0,0,0,0,-3222,5037,0,0,3739,-3647,0,0,0,3721,0,3594,0,0,0,0,-3357,0,0,0,0,0,0,-3803,4946,-3171,0,-3413
84154359,Team0,0,-4669,3956,0,0,4224,0,0,-4254,0,0,0,0,0,0,0,0,-3364,0,0,0,3886,0,0,0,0,0,3708,0,-4267,3628,0,-3698,0,0,0,3754,-3851,0
84154360,Team1,0,0,0,-3672,0,0,3699,3318,-3655,-3667,0,3374,0,0,0,0,0,-4634,0,0,4140,0,3836,0,0,0,0,-3791,0,0,0,0,0,-4455,0,0,3486,0,0
84154372,Team0,0,0,0,0,0,4307,0,0,0,0,0,3808,4513,-4444,0,0,0,0,3972,0,3193,-3259,-3521,0,3249,0,0,-4363,-4413,0,-3659,0,0,0,0,0,0,0,0
84154377,Team1,0,0,-3729,0,0,0,3908,-3830,0,0,0,4126,0,3243,0,0,4491,0,0,0,-3638,-4635,0,0,0,0,0,0,-3753,0,4054,0,0,-4910,0,0,3302,0,0
84154383,Team0,0,0,0,0,0,-4296,-4519,3961,0,0,0,-5151,0,0,0,0,0,0,-4038,0,0,0,-3583,3921,0,0,0,0,6041,0,0,0,0,3146,0,4823,0,-3734,2982
84154487,Team0,0,-3309,-4276,0,0,4473,4607,0,0,0,0,3933,0,0,0,-3998,0,0,0,0,-3963,0,-4559,0,4715,0,0,0,0,0,4262,0,0,-5311,0,0,3947,0,0
84154507,Team0,0,0,0,-3510,5148,0,-4238,0,0,0,0,4156,0,-3349,0,0,0,3356,0,3793,-4138,0,0,0,0,0,0,0,0,0,-4085,0,3463,0,-3498,0,3916,0,0
84154514,Team0,0,0,3966,0,0,0,-3757,0,0,4671,0,3478,0,4411,0,3500,0,-3534,0,0,-3292,0,-4401,0,0,0,-3644,0,0,0,0,0,0,0,-4533,0,0,3642,0
84594164,Team0,0,0,-4495,0,0,0,0,0,3955,3709,0,-3710,0,5141,0,5636,-2790,-4250,0,0,3433,0,0,0,0,0,0,0,0,4868,0,-4311,0,0,-3809,0,0,0,0
84594230,Team1,0,0,0,0,0,0,0,-3596,4009,0,0,-5245,0,0,-4671,0,0,0,-5125,4450,0,-3117,0,-5105,0,3793,0,0,0,0,3133,3769,0,0,4204,0,0,0,0
84594277,Team0,0,0,3665,0,0,-4419,0,0,3817,0,0,-3925,0,0,0,0,0,3574,4074,0,-4322,0,0,0,0,0,3826,-2864,0,0,0,-4038,0,0,0,0,0,-4310,4273
84594280,Team0,0,3996,0,0,-4738,0,0,0,3504,0,0,-4054,0,0,0,0,-4675,0,3674,0,3188,3621,0,0,0,0,0,0,-4925,0,0,-4980,0,0,0,0,0,3254,-3649
84594366,Team0,0,0,0,0,5129,-3197,0,0,0,0,0,0,0,-5032,0,-5531,0,0,3834,0,4904,-4046,0,0,0,0,0,4558,-4707,0,0,0,0,5629,0,0,4894,-3944,0
84594429,Team1,0,3495,0,-4132,0,-4216,0,-4435,0,0,0,0,0,0,0,-3681,0,0,0,0,0,4963,0,4390,0,0,0,0,0,4647,-3906,0,0,4746,-2951,0,4575,0,0
84594433,Team0,0,0,0,-3702,0,-3931,0,0,0,0,3694,0,0,0,-3465,0,0,0,-4642,0,3751,0,0,0,0,4187,0,0,0,0,0,0,0,0,4208,-3907,4396,3828,-3897
84594437,Team0,0,0,3812,0,0,0,0,0,0,0,0,0,0,0,0,0,0,-3230,3136,0,3715,-3519,-3993,-4006,0,0,0,0,-4567,-3203,0,0,0,3975,3872,0,4153,0,0
84368219,Team1,0,-3708,3264,-3735,0,3637,0,0,3484,0,0,0,0,-3988,0,0,0,0,0,0,4232,-3853,0,4528,0,0,0,0,3595,0,0,0,0,-4313,-4424,0,0,0,0
84368233,Team0,0,0,-4926,4733,0,4356,0,0,-4049,0,0,0,2933,0,0,0,0,0,0,4479,3355,-3376,0,0,0,0,0,0,-3639,-4022,0,3617,0,-3619,0,0,0,0,0
84368263,Team0,0,-4275,0,0,0,3568,5085,4401,0,0,0,0,0,3640,0,0,0,-4013,0,0,3788,-4381,-4281,0,0,0,0,0,0,-3630,0,0,0,0,-3707,0,3278,0,0
84368317,Team0,0,0,0,3940,0,0,3828,0,0,0,0,0,-4981,0,0,0,0,0,0,0,4687,0,-3370,0,0,-3660,0,3760,0,0,-4108,0,-3458,0,3687,-3613,4601,0,0
84368339,Team1,0,-4409,5656,0,0,-4630,0,-3846,-4873,0,0,-2830,0,0,-5206,0,3410,0,0,0,3227,0,0,5797,0,0,0,0,5235,0,0,0,0,0,4855,0,0,0,0
84368370,Team1,0,0,0,0,3771,-4327,0,-3717,0,0,0,3436,0,-4570,0,0,0,0,0,0,3386,-4580,0,3521,0,0,0,0,0,-3670,0,3030,0,3687,0,0,0,-3120,0
84124318,Team0,0,0,0,0,0,3327,-4483,0,3712,0,0,0,0,0,4327,-4021,0,0,4069,0,0,0,0,0,3803,0,0,0,3127,-3573,-3703,-3963,0,0,0,0,0,-4269,0
84124436,Team0,0,-3062,3541,-2894,0,0,0,0,0,0,0,0,0,-3884,0,0,0,-3308,4463,4908,0,3749,0,0,0,0,0,0,0,0,4013,0,0,0,0,0,4429,-3521,-3371
84124444,Team0,0,4385,0,0,0,0,0,0,-3149,0,0,0,-3739,0,0,0,0,0,0,-4039,3493,0,-3374,0,-4474,0,0,0,0,4824,0,0,0,0,3630,4666,2949,-4406,0
84124447,Team1,0,0,-3950,3933,0,0,3917,-4216,0,0,4091,0,0,3806,0,0,0,0,0,4320,0,-3464,0,0,0,0,0,0,-2976,-3703,0,0,0,0,-3712,0,0,3519,0
84124483,Team0,0,0,0,3840,3255,0,0,0,0,0,0,0,0,-4068,3964,0,0,0,0,0,0,0,0,0,-3806,3909,0,0,0,-4162,0,3834,0,0,3519,0,-3488,-3390,-4206
84124518,Team0,0,0,-3631,0,0,0,0,0,-4052,0,0,4082,3888,0,0,3725,0,0,3711,3384,-3843,0,-4000,0,0,-3936,0,0,4434,0,0,0,0,0,0,0,0,-4885,0
84124519,Team0,0,3507,-4078,0,0,0,0,3294,0,0,0,0,0,3991,0,0,0,-3235,0,0,0,0,0,4573,-3484,0,0,0,0,0,4049,0,-3667,-4400,4254,0,-4255,0,0
84124536,Team1,0,0,0,0,-3550,0,4061,0,-3909,0,0,3741,0,0,3620,0,4354,0,0,-4639,-3596,3694,3438,0,0,0,0,0,0,0,0,0,0,0,-3564,0,-3199,0,0
84124538,Team0,0,0,0,-3370,0,0,0,0,0,4068,-3668,0,0,0,-3090,0,0,0,0,0,4652,0,0,0,0,-3706,3697,0,0,4313,0,0,0,-3795,3851,0,0,3910,-3865
84095770,Team1,0,0,-4785,4915,0,0,0,0,0,4030,0,0,0,0,0,5439,0,0,0,0,4339,-4400,0,0,0,0,0,0,0,-4398,0,0,0,3762,5247,0,-3741,-3333,-3560
84095773,Team0,0,0,3615,0,0,-3818,-3813,0,-3256,3588,0,3362,0,0,-3876,0,0,0,0,0,3632,3801,0,0,0,0,0,0,-3570,-4185,0,0,0,0,3702,0,0,0,0
84095774,Team1,0,-3510,0,0,0,0,-4109,0,0,0,4174,0,0,-4262,0,-3843,0,4362,-4040,0,0,0,0,-4661,0,3366,0,0,0,3812,0,0,3315,0,3842,0,0,0,0
84095780,Team0,0,3699,0,0,0,-4427,0,0,0,0,0,-4046,3521,0,0,0,-3887,3800,0,0,-5434,4095,0,0,0,0,0,-3744,0,0,0,-3801,0,0,4117,0,0,4673,0
84095845,Team0,0,-3945,3925,0,0,5143,-3381,0,0,0,0,0,0,-3389,0,0,0,0,0,0,3472,4056,-3636,0,0,0,-3630,0,4069,0,-3138,3586,0,0,0,0,0,0,0
84095852,Team0,0,0,-5044,0,0,-3115,0,0,4225,0,0,0,0,-3728,0,3714,0,3723,0,0,5479,0,3887,0,-3729,5560,0,0,0,0,0,0,0,0,-3726,-3704,0,0,0
84095916,Team1,0,0,5442,0,0,-4612,-4131,0,0,0,0,0,0,0,4059,0,0,-3574,3919,0,3220,0,0,4041,0,0,0,0,-4040,0,0,0,-4493,3669,-4156,0,0,0,0
84095944,Team0,0,0,4576,0,0,4435,-4167,0,4479,0,0,0,0,0,0,0,0,0,-4208,0,-3193,0,0,-3554,0,0,0,0,-4268,0,0,0,0,-3372,5534,0,0,5979,4731
84095951,Team1,0,0,3852,0,0,-3593,0,3419,0,-3405,0,0,0,-4164,0,-3527,0,0,0,0,0,0,3987,0,0,0,0,4402,-4007,0,0,0,0,3525,-3898,0,0,4253,0
84095981,Team1,0,0,0,0,3723,-3541,0,0,-4392,3799,0,-3771,0,3424,3487,0,0,0,0,0,-3221,0,0,0,0,0,0,3684,0,0,0,0,0,0,-3557,0,0,-4556,3289
84096007,Team0,0,0,-4691,0,0,0,0,0,0,0,0,4694,0,0,0,0,0,0,0,0,0,0,0,0,0,0,0,0,0,0,0,3287,0,0,0,-4290,0,0,0
84065268,Team0,0,-3799,0,0,-3863,3774,0,0,3589,0,0,0,0,0,0,0,0,-3627,0,0,0,-4686,0,0,0,0,0,4612,0,4120,0,0,-3699,0,4142,0,-3471,4382,0
84065271,Team1,0,0,0,3443,0,3149,0,4035,0,0,0,0,4432,0,0,0,0,0,0,4416,3547,-3442,-4512,0,0,0,0,0,-4186,-4079,-3847,0,0,0,-3306,0,0,0,0
84065354,Team0,0,0,4286,-4334,0,4146,0,-3827,0,0,0,0,0,4140,0,0,0,-4121,0,0,0,0,0,-6098,4063,4516,0,-5313,0,0,0,0,0,0,-3710,0,4104,0,0
84065409,Team0,0,-3788,-4588,0,0,0,0,0,3985,0,0,3293,0,0,0,0,0,0,0,0,3229,0,0,5031,4012,0,0,0,0,0,-3874,3653,0,-3651,-3953,0,-4685,0,0
84065410,Team1,0,0,3734,3846,0,0,0,0,0,0,0,3856,0,0,0,0,3013,-4010,3662,0,0,-4070,0,0,0,0,0,-4093,-3936,0,-4285,-4031,0,3391,0,0,0,0,0
84065443,Team1,0,0,0,0,4187,0,-3603,-3802,0,0,0,-4512,0,0,3673,-3355,-4433,-4081,0,0,0,0,0,0,0,0,0,3266,0,0,0,3678,0,0,0,0,0,3664,3995
84065509,Team0,0,-4629,0,0,0,-3978,3968,0,0,0,0,0,0,0,-3852,-4131,0,4775,0,0,0,0,0,0,0,0,0,-4576,-4084,0,4801,3308,4874,0,0,0,0,0,4129
84065529,Team1,0,-3146,0,0,-4683,4044,4493,0,0,0,0,-3576,0,0,0,0,-5019,0,-3934,0,4236,4271,0,0,0,3879,-3665,0,0,0,0,0,0,0,0,0,4229,0,0
84065533,Team1,0,0,0,0,-4829,0,0,0,0,-3686,0,4182,0,-4517,-4124,0,3840,3564,0,0,0,-5511,0,0,0,0,0,4707,-4232,3402,0,0,0,0,0,0,4362,0,0
84971720,Team0,0,-3388,4258,0,0,0,4152,0,-3740,0,0,0,0,-3919,0,0,3954,0,0,0,4223,0,0,0,3989,0,0,0,0,-4154,-3794,0,0,0,-3625,0,3734,0,0
84971722,Team0,0,0,0,3921,0,0,0,0,0,-4428,0,-3469,-3228,0,0,3494,3415,-3595,-4558,0,0,3359,0,3782,0,0,0,0,0,0,4005,0,0,0,0,0,0,0,-3600
84971752,Team1,0,0,4016,0,0,0,0,-3541,0,0,0,4033,0,0,3329,-4755,0,3683,0,0,0,0,0,0,0,0,0,0,0,-3386,0,3378,3626,-4420,-4381,0,0,-3919,0
84971790,Team1,0,0,0,0,0,4890,0,-3834,0,0,0,0,0,4010,0,3604,0,0,-3917,3534,0,-3295,0,0,0,4110,0,0,0,-4347,-3476,0,0,0,-4523,0,4485,0,0
84971830,Team1,0,0,-3849,0,0,3759,3241,-4484,0,0,0,0,0,0,0,-3631,-4262,0,3896,0,3339,0,3432,0,0,-4078,0,0,0,0,0,0,0,0,3824,0,0,-4132,0
84971832,Team1,0,0,-4448,0,0,0,4080,0,-3577,0,3490,0,0,3599,0,0,0,3045,0,0,-3740,0,0,0,-4088,0,4037,0,0,3409,-3675,-4651,0,0,0,0,0,0,0
84971849,Team0,0,0,0,0,0,0,3816,4132,0,0,0,-4086,4005,3688,0,0,-3871,4051,0,0,-4259,0,0,0,0,4458,0,0,0,0,0,0,0,0,-4244,0,-3652,-4202,0
84971870,Team1,0,0,4154,3706,0,0,3674,0,0,0,0,0,-4130,0,0,0,0,-3926,0,0,3299,0,4648,0,0,0,0,-4403,0,-4061,0,0,0,-3826,0,0,-4106,4013,0
84971892,Team1,0,0,0,4597,4231,-4305,-3710,0,4273,0,0,-5031,0,0,0,0,3629,0,-4143,0,-4790,-4292,0,0,4341,0,0,0,0,0,0,0,0,0,0,0,4421,0,0
84971895,Team0,0,0,4433,0,0,0,0,0,5079,-3704,0,-5090,0,0,0,3634,0,3643,0,0,-3266,0,0,-4174,0,0,0,0,0,0,-4446,0,0,0,-3535,0,0,4373,3745
84938167,Team0,0,0,-3734,-3578,3872,0,0,-3702,0,0,0,0,0,4635,0,4374,0,3671,0,0,0,0,0,0,0,0,0,0,0,0,4591,-3230,0,4528,0,0,-3310,0,-3614
84938208,Team0,0,-4375,0,-4364,0,0,3833,3313,0,0,0,0,-3623,0,4479,0,-3942,-5018,3926,0,3716,0,0,0,0,0,0,-3808,0,0,0,0,0,0,0,0,0,3496,0
84938492,Team0,0,0,-3865,0,0,0,5335,-5850,0,0,0,0,0,3460,0,0,-5267,0,0,-3872,3238,4597,3799,0,0,0,0,0,-3783,3690,0,0,0,0,-3889,0,0,0,0
84938780,Team0,0,0,3934,0,4014,3521,0,0,0,0,0,-4160,0,3624,0,0,-3583,0,-3592,0,-4322,0,0,3646,0,0,0,0,-3853,0,0,0,0,0,-4414,0,3277,0,0
84625313,Team0,0,4721,0,0,0,0,0,0,0,0,0,3913,-3857,0,0,3548,3734,0,4306,0,3869,-4660,0,-3360,0,0,0,0,-4121,0,-3723,0,0,0,0,0,0,-5375,0
84625423,Team0,0,0,0,0,0,0,0,0,0,3137,0,0,0,-4589,5113,0,0,0,0,0,-3433,-4457,-4003,0,0,-4408,0,3822,0,5013,0,0,5192,3931,0,0,0,0,-3679
84625452,Team0,0,0,-4183,0,0,-3625,-3785,-3795,0,-4484,0,4132,0,0,0,0,0,0,0,0,-3299,0,0,0,0,0,3723,0,0,0,3584,3463,0,3485,0,0,3658,0,0
84625599,Team0,0,0,0,0,0,-3663,4228,4518,0,0,0,0,0,0,0,0,0,0,0,0,3662,-4841,0,0,0,0,0,0,-3675,-3675,0,-3265,0,5269,0,-4245,3680,0,4539
84625710,Team0,0,0,0,0,-3733,4824,3730,0,0,4737,-3075,0,3652,0,0,0,0,0,0,0,4332,-3767,-3522,0,0,0,0,-3610,0,0,0,0,0,0,0,0,3819,0,-2909
84625724,Team0,0,0,0,0,0,-5598,0,3815,3806,-4430,0,-3548,0,-3658,0,4286,0,3905,0,4036,0,4381,0,0,0,0,0,-4223,0,-3642,0,0,0,0,0,0,0,0,0
84625727,Team0,0,-3392,4740,0,0,3688,0,0,-3858,0,0,0,0,-4181,0,0,-4323,0,0,0,0,4210,0,0,4315,0,0,-3998,-3936,4430,0,0,0,0,0,0,4556,0,0
84625790,Team1,0,0,0,0,0,0,0,0,0,0,-4776,3629,0,3688,0,0,0,3201,3790,0,-4112,0,0,0,0,0,0,0,0,-4507,0,0,-5125,3275,-5176,0,3685,-4371,0
84625820,Team1,0,4671,-3752,3717,0,3619,3373,0,-4954,0,0,0,0,3026,0,-3755,-4158,0,3745,0,0,0,0,0,-4785,0,0,0,0,0,0,0,0,0,0,0,0,-4237,0
84625828,Team0,0,4546,0,3425,0,4477,0,0,0,0,0,4515,4435,0,0,0,3792,0,0,0,-2801,0,-3604,0,0,-4100,-3843,0,-3163,0,-3130,0,0,0,0,0,0,0,0
84625863,Team1,0,3529,-4225,0,0,3232,0,-3392,0,0,0,-4383,0,3669,0,3491,0,-4149,0,0,0,-4099,0,0,0,0,0,0,0,3336,0,0,0,-5491,0,0,3496,0,0
84688960,Team1,0,0,-3676,0,3688,0,-3916,0,-4084,0,0,0,0,4603,0,0,0,0,0,4646,0,-3421,3721,3978,0,0,0,3154,-3550,0,0,0,0,0,0,0,-3654,0,0
84688974,Team1,0,0,0,0,0,0,0,-3554,0,0,0,0,0,-4453,0,0,4279,0,0,-3549,-5096,-4077,0,4807,4025,4162,0,0,0,0,0,0,3904,0,-3403,4049,0,0,0
84689043,Team0,0,-4414,0,0,0,3954,0,-3714,-3586,0,0,3632,0,-3693,0,0,0,-3417,0,0,0,0,3798,0,0,0,0,4354,3784,0,0,0,0,3300,-3594,0,0,0,0
84689045,Team1,0,0,5238,0,0,4008,-6562,0,0,0,0,5653,0,0,0,0,0,0,0,0,-4154,0,-4807,0,-4618,4013,0,0,0,-3334,0,4659,0,4232,-3414,0,0,0,0
84689048,Team0,0,0,5387,0,-3393,4335,0,0,0,3636,0,0,0,0,0,4651,0,3843,0,0,-3779,-3099,-3766,-3958,0,0,0,0,0,0,0,0,3894,0,-3569,0,0,0,0
84689107,Team1,0,3930,0,0,0,0,0,-3676,0,3634,0,4598,0,0,3937,-4664,0,-3230,0,0,0,0,0,0,0,0,0,-3986,0,0,3275,0,4511,-3177,-3677,0,0,0,0
84689120,Team1,0,-4142,0,0,-4586,0,0,0,-4644,0,0,0,5058,4810,0,0,0,-4782,0,0,0,0,0,0,0,3670,-3768,0,2978,3556,0,0,0,3776,-5059,0,0,0,0
84689159,Team0,0,4635,0,-2972,0,4138,4192,3456,0,0,0,0,0,0,0,0,0,-4209,0,0,-3321,0,-4208,0,0,0,0,0,-4534,0,0,0,0,0,-4120,0,4067,0,3793
84689216,Team1,0,-4253,0,0,0,0,3585,0,0,0,0,0,0,0,0,-3795,3553,4598,4241,0,-3673,0,-4620,0,0,0,0,4437,0,-4455,0,0,0,0,4117,0,0,0,-4172
84689217,Team0,0,0,-4206,0,-3491,0,0,0,0,-3759,3433,5835,-4143,-3304,0,0,0,0,0,0,0,3658,0,0,0,3396,0,0,0,0,0,0,0,4085,0,-3969,0,0,3249
84398528,Team0,0,-3264,3436,0,0,0,0,0,0,0,0,0,4319,0,0,0,0,3492,0,0,-3114,-3377,-3780,0,3527,-4261,4331,0,-3831,0,4199,0,0,0,0,0,0,0,0
84398650,Team0,0,0,3211,0,0,-3885,0,0,-3803,0,0,3492,0,0,0,-3921,3850,3600,0,0,0,-3404,0,0,0,0,0,0,3670,-4309,0,0,0,0,0,0,3005,-3835,0
84398674,Team0,0,0,-4004,0,0,-3665,0,0,0,0,-3445,4107,3747,0,0,-3620,0,0,0,4101,-3993,0,0,0,3593,-3824,0,0,0,0,0,0,0,3472,3619,0,0,0,0
84399228,Team1,0,0,-5182,0,0,0,0,0,3395,0,0,0,0,0,-5053,0,0,4019,0,-3588,0,0,0,0,0,4280,0,0,3643,0,0,0,0,0,4198,4472,-4365,-4587,-4577
84399381,Team1,0,0,0,0,0,0,-4804,3738,0,0,0,0,0,-3696,0,4170,0,-3451,0,3524,3335,3103,-5190,0,0,-5093,0,0,0,0,0,0,0,0,-3521,0,0,0,4862
84817694,Team0,0,0,-5087,0,0,4214,0,0,0,-3374,0,-4155,0,-4711,-5408,0,0,0,0,3647,0,0,3843,0,4114,0,0,5063,0,0,0,0,0,-3054,3909,0,0,0,0
84431946,Team0,0,0,-3975,0,4031,0,0,-3744,4259,0,0,0,0,0,0,0,0,0,0,3296,-4552,0,3715,2895,0,-4483,-3552,0,4234,0,-4745,0,0,0,0,0,0,0,0
84431993,Team0,0,3937,-3665,0,0,0,0,0,0,0,0,0,4721,0,0,0,0,-3553,0,0,-3685,0,0,0,0,3687,4522,0,0,0,3900,-3252,0,0,-3704,-3717,0,3635,0
84432122,Team0,0,-4225,-3670,0,0,0,0,0,3442,0,0,3801,0,-3128,0,0,0,-2880,0,0,-4437,0,4359,0,0,0,0,0,3939,4284,0,-3547,0,4223,0,0,0,0,0
84756716,Team1,0,0,0,0,0,-4415,0,0,0,3396,0,-4626,0,4410,0,0,0,0,0,0,0,0,0,0,0,0,0,0,0,0,3913,0,3110,0,0,0,0,0,0
84756722,Team0,0,0,3237,0,0,3402,3821,0,0,0,0,-3546,0,3405,0,0,0,0,3327,-4037,0,0,-4583,-4282,3917,0,0,0,0,0,0,0,0,-4688,-4586,0,0,0,0
84756731,Team0,0,0,0,-4561,3239,4087,0,0,-4481,0,0,0,0,-4775,0,5183,0,0,0,0,0,-4781,0,-3804,0,0,0,4008,0,-3669,0,5169,0,0,0,0,0,3617,0
84756785,Team1,0,0,-7746,-8159,0,-7431,0,0,-7988,0,0,0,0,0,0,0,0,-8231,2509,0,1820,3320,0,2715,0,0,0,0,4320,0,0,0,0,2770,-7694,0,0,0,0
84756813,Team1,0,0,-5024,0,0,0,0,0,-4052,0,-3738,0,0,0,-4243,0,0,0,0,0,-4881,0,0,3859,0,0,0,3455,3106,0,0,0,4056,0,3871,0,0,3680,-4398
84756897,Team0,0,3757,0,0,0,0,0,0,0,0,0,4121,0,0,0,0,0,0,0,0,3925,3721,-3450,0,0,0,4202,0,-3353,-3548,0,4842,0,0,-4403,0,0,-4627,-4362
84756934,Team1,0,-4546,3597,0,0,0,0,0,0,0,0,-4000,0,0,0,0,4129,3769,-3964,0,-3629,-3812,0,0,3667,0,0,0,0,0,0,0,0,-3856,3333,0,3501,0,0
84756962,Team1,0,0,-3701,4469,0,0,3930,0,3917,0,0,5102,0,0,0,0,3861,0,0,0,-3409,0,0,0,0,0,0,-4099,0,0,-3714,0,0,0,5395,0,-3730,-4492,0
84724222,Team1,0,0,0,0,0,3873,-3985,-4410,0,0,0,4662,0,-3880,0,0,0,-4760,0,0,0,3928,0,-3501,0,0,4663,0,4471,0,3566,0,0,0,0,0,0,0,-4173
84724223,Team1,0,4194,0,0,0,0,2739,0,0,0,0,5097,4547,0,0,0,3859,-3890,0,0,0,0,0,0,0,0,-4126,-4158,0,-4260,0,0,0,-4534,4309,0,-4448,0,0
84724260,Team0,0,4743,-4315,0,0,0,5025,0,0,0,-3884,0,0,0,3682,-3979,4520,0,0,-4790,-3400,-5085,0,0,0,0,0,0,4532,0,0,0,0,0,3485,0,0,0,0
84724293,Team1,0,0,0,0,0,4095,4424,-4690,0,0,0,-4792,3695,0,0,0,0,0,3291,-4756,3351,0,0,-4316,0,4006,-4872,0,0,0,0,0,0,0,-5028,0,0,0,0
84724347,Team1,0,4125,0,0,0,4584,0,4363,-4308,0,0,4184,0,0,0,0,0,0,0,0,-4654,0,0,5233,0,0,0,-4005,0,0,-4924,0,0,0,0,4865,-4390,-3098,0
84724351,Team0,0,0,0,0,0,0,0,0,0,0,0,0,0,0,0,0,0,0,0,0,0,0,0,0,3646,0,0,0,0,0,0,0,0,0,5215,-3802,0,0,0
84656822,Team1,0,4350,0,0,0,-4111,3398,0,0,0,0,-3818,0,0,-3468,0,0,0,0,0,-3749,-3648,0,0,3609,0,3771,0,0,0,3486,0,0,0,0,0,-4131,0,3040
84656850,Team1,0,0,-3243,-4055,0,0,3857,-4059,-3954,0,0,-3375,0,0,3538,0,0,0,0,3338,4566,0,0,0,0,0,0,0,0,0,0,0,0,0,0,-4290,3898,4553,0
84656902,Team1,0,0,3908,0,3558,0,-3825,-3817,0,0,3637,3504,4173,-5040,0,-4015,4701,0,0,0,0,0,0,0,0,0,0,0,0,-3678,0,0,0,0,-3692,0,0,0,0
84656924,Team0,0,0,0,0,0,-3283,-4062,0,-3372,0,3902,4033,0,3703,0,0,0,0,0,0,-3505,0,0,0,0,0,0,0,-3697,3408,3451,4022,0,0,-3310,0,0,0,0
84656956,Team0,0,4319,0,0,0,-4344,0,0,0,3523,0,3695,0,0,0,0,0,3732,0,0,0,3872,0,-3812,0,0,0,-3579,0,-3818,0,0,0,0,3989,0,-3937,-3588,0
84656961,Team0,0,0,3669,0,0,0,0,0,-3317,4577,0,0,0,0,0,5056,3238,0,0,0,-4539,0,0,0,-3630,0,0,0,4156,0,-4478,-4277,0,0,-3639,0,0,0,3104
84279453,Team0,0,0,0,3516,-3617,3779,-3552,0,0,0,0,0,0,-3910,0,-3693,0,0,4088,0,0,0,0,0,3908,0,0,0,0,0,0,0,4523,-3295,0,0,-4246,3705,0
84464883,Team0,0,0,0,0,-4759,0,0,3979,0,0,-4252,0,0,0,0,0,0,0,0,0,-3604,-2817,4675,0,0,0,-5227,4397,-4150,0,4088,0,0,4490,0,0,3720,0,0
84465087,Team1,0,0,0,0,0,0,0,3415,4940,0,0,4258,0,-5135,0,-3669,0,3398,0,-4363,5623,-4405,0,-6245,0,0,0,0,0,0,-4188,0,0,0,4002,0,0,0,0
84465188,Team0,0,0,4898,-3728,0,0,0,3522,5374,0,0,0,0,0,0,0,4242,0,0,0,0,-3625,0,5673,0,0,0,0,0,0,2949,0,0,-4594,0,0,-3548,-3789,-4010
84465291,Team0,0,0,-3741,0,4703,0,4885,0,0,4991,0,0,0,-4075,0,0,0,0,-4797,-2933,4346,4283,0,0,0,0,0,0,-3580,0,0,0,0,0,4479,0,0,0,-3400
84465478,Team0,0,-3973,0,0,4756,0,4308,0,-3757,0,0,-3710,3956,4347,0,-3966,0,0,0,0,5569,0,3808,0,0,0,0,0,0,0,0,0,0,-5195,0,0,0,-4148,0
84500314,Team1,0,-4176,4126,0,0,-4772,0,0,-4407,5613,0,-4500,0,3492,0,4636,0,3993,-4657,0,-4821,4224,0,0,0,0,0,0,0,0,0,0,0,0,0,0,0,0,0
84249482,Team0,0,0,0,0,0,0,0,0,0,0,0,4664,0,3832,0,-4343,0,0,3593,0,-3999,0,0,3643,0,-4689,0,0,0,-5355,0,0,0,-4306,4921,0,-4768,0,5621
84249505,Team0,0,0,0,4103,0,0,-4318,0,-3439,0,3589,0,0,0,0,0,0,-4894,0,0,3871,3498,-3511,0,0,0,0,0,0,-3643,3770,0,0,0,4015,0,0,0,-3413
84249564,Team0,0,0,0,0,0,0,4198,0,0,0,0,0,4019,0,-3616,-3658,-3489,0,0,0,4845,3698,0,0,0,-3661,0,0,0,4081,0,0,0,0,-3717,0,0,4455,-3831
84249576,Team0,0,0,0,0,-3284,0,-4558,-3437,0,0,0,0,-4362,3570,0,0,0,0,4219,-3377,3989,0,-3345,0,0,0,0,0,0,3489,0,0,0,0,0,0,3774,0,4678
84249578,Team1,0,0,-3855,0,0,0,-3477,0,0,0,-3108,0,0,4733,0,0,0,0,0,0,0,0,0,-4726,4569,0,0,0,0,4247,4722,0,0,-3862,4159,0,4673,-3329,0
84249605,Team0,0,-3371,4134,-3650,0,-3315,0,0,0,0,0,-3171,0,-4125,3280,0,0,0,0,0,0,4088,0,0,4650,0,0,0,3580,0,0,0,0,4223,0,0,0,0,-3871
84249635,Team1,0,0,0,0,0,0,-3660,3515,0,0,-4020,3727,0,4674,-3873,0,0,0,0,0,-4164,3458,0,0,-3953,0,0,0,4306,0,0,0,0,3761,-3637,0,0,0,0
84249660,Team0,0,3906,0,4499,-5458,-3658,0,0,0,0,0,4734,0,0,0,0,4079,0,-4098,0,0,3795,0,0,0,0,0,-3329,-3703,0,0,0,0,0,-4195,4128,0,0,0
84309829,Team1,0,0,0,0,0,0,-4797,0,-3772,0,3073,3595,0,3605,0,0,0,0,0,0,-4178,0,0,0,0,0,0,5894,0,3708,0,0,3786,0,-3765,-4078,0,-3894,0
84309909,Team1,0,3387,3165,3766,-3803,0,0,0,4004,0,0,-3676,0,0,0,0,0,-4133,0,0,-3715,0,0,0,0,3940,0,0,0,0,0,-5086,-3368,0,3666,0,0,0,0
84309974,Team1,0,4423,0,0,0,0,0,0,0,-4281,0,-3806,0,3335,0,-3658,-3588,0,0,-4576,3993,3744,0,0,0,4105,0,0,0,0,0,4559,0,0,-3886,0,0,0,0
84309976,Team1,0,0,-4347,4228,0,0,0,-3414,-3065,4240,0,0,0,3998,3954,0,4522,0,-3582,0,-3088,0,0,0,0,0,0,4452,0,0,0,0,0,-3517,0,0,0,0,0
84310251,Team0,0,0,0,0,4138,3042,0,3287,0,0,0,0,0,3512,0,0,0,0,0,0,-4657,0,0,0,-4166,0,0,4344,0,-4725,0,-3158,-5170,0,0,0,3411,-3616,0
84310592,Team1,0,3286,0,0,0,0,-4009,0,0,0,0,0,0,0,0,-3642,-4172,-3533,0,0,0,-3773,0,0,0,0,0,0,3946,0,0,4351,0,3502,-3882,0,3174,3127,0
84034689,Team1,0,0,0,0,0,0,0,0,0,-4918,0,-5233,0,4058,0,3237,0,0,0,4257,0,0,0,0,-5315,0,0,0,4734,0,-4095,5003,-4032,4982,0,-4715,0,0,0
84034719,Team0,0,0,0,0,3658,-3817,0,0,0,0,3464,0,-3310,0,0,0,0,0,-4106,0,-4059,3791,0,4214,0,-3571,0,3772,0,-4626,0,0,0,3331,0,0,0,0,0
84034745,Team0,0,-3882,0,0,0,0,0,0,4498,0,0,3308,-4292,-3951,0,0,0,3627,0,5099,0,0,0,0,-4444,0,0,0,0,-4127,0,0,0,0,0,3377,4696,-4091,0
84034764,Team0,0,3284,3376,0,0,0,0,0,3475,0,0,0,0,-3482,0,3363,0,0,3256,-4479,0,0,0,0,-3685,0,0,3856,-4292,0,0,0,-4861,0,0,-3869,0,0,0
84034779,Team0,0,0,-5069,0,0,0,0,0,0,0,0,0,0,0,0,0,0,-3839,0,0,-3922,3608,3885,0,0,0,-3875,0,3652,0,0,-4035,0,0,4469,-3459,0,4093,4310
84034814,Team0,0,0,0,0,0,-3358,-4582,0,0,0,4318,0,0,-3802,0,2966,4765,0,3760,0,0,0,0,0,-3363,0,0,0,0,4709,0,0,0,0,0,4060,-3986,-4059,0
84034842,Team0,0,0,0,4953,0,0,0,0,4635,0,0,0,0,3263,0,-4577,0,0,3866,0,0,0,0,0,0,0,0,4340,-4447,3212,-3406,0,-4384,0,0,-3855,0,-4545,0
84034850,Team1,0,0,-4850,0,0,0,0,0,0,0,4280,5568,0,0,0,0,0,0,0,0,0,4132,-4608,-4266,0,0,-5219,0,-5344,0,4764,0,3737,-3790,0,0,0,3817,0
84034911,Team1,0,-4784,3480,0,3244,0,0,-3918,3745,0,0,-5275,0,0,0,0,-4178,3484,0,0,0,-4857,0,0,0,0,0,0,0,0,0,3591,0,0,0,3867,0,-4986,0
84034914,Team0,0,3859,-3654,0,0,0,0,0,4051,-4227,0,0,0,-4702,3538,-3639,0,0,0,2716,0,3911,0,0,0,0,0,-4832,3260,0,0,0,0,0,0,-4422,0,0,0
84788065,Team1,0,0,-5055,0,0,0,0,0,0,0,0,0,-3803,0,-4920,0,0,0,5668,0,4137,0,0,0,0,0,0,3414,4412,-3338,0,0,0,3451,3903,-4017,0,-3890,0
84788105,Team0,0,-3852,0,4409,0,0,-4206,0,0,3532,0,0,-4293,3237,3982,0,0,4150,-3771,0,-3827,0,0,0,0,0,0,0,0,0,0,0,0,-3277,3688,0,0,0,0
84788236,Team0,0,0,0,4417,0,0,0,3796,0,4059,0,0,0,-4046,0,0,0,-4532,0,0,-3737,3733,0,0,0,-3296,0,-3399,0,0,0,-3603,0,4614,0,0,0,0,4228
84788246,Team1,0,0,0,0,0,0,0,5868,-3416,0,0,0,0,3510,0,0,0,0,-3719,3890,3800,0,0,0,5080,0,0,0,-2671,0,0,4835,0,-4001,-4884,0,0,0,-3679
84788278,Team1,0,0,-4078,0,3414,3871,0,0,0,0,0,-3455,0,0,3700,4088,0,0,-3428,0,0,0,0,0,0,0,0,0,0,3908,0,4590,0,-3652,-3357,0,-3383,0,0
84001531,Team1,0,0,0,0,0,0,0,0,0,0,0,0,0,0,0,0,0,0,0,0,0,-3521,0,0,0,0,0,0,0,0,0,0,0,0,0,0,0,0,0
84001610,Team1,0,3794,0,0,0,-4535,0,0,0,-3844,0,-4047,-3595,0,0,3927,0,0,3722,0,0,0,0,0,0,3837,0,3475,-4304,0,3868,0,0,0,0,0,0,0,-4592
84001625,Team0,0,0,0,3461,0,0,0,3549,-3732,0,0,0,0,0,0,0,0,-3439,-4242,5584,4777,0,0,0,0,-5328,3720,0,0,0,3619,0,-4042,0,0,0,0,-3789,0
84001628,Team1,0,0,-4815,0,0,-4593,0,-3269,0,-4598,0,0,3488,0,0,0,0,0,3314,0,-5435,0,0,4338,0,0,0,-4189,3500,0,4330,0,0,0,0,0,0,5148,0
84001657,Team0,0,0,0,0,-3292,3957,0,0,-3736,0,4022,3809,0,3669,0,0,0,0,0,0,0,0,0,-4060,0,0,0,4372,5353,-4673,-3544,0,-3221,0,0,0,0,0,0
84001687,Team0,0,-5570,4787,0,5802,0,0,3320,0,0,0,0,0,-4045,0,0,0,3514,0,0,0,3714,-3934,0,0,0,0,-2578,-4823,0,0,0,0,0,6220,0,0,-4697,0
84001710,Team1,0,4001,0,0,0,0,0,-3793,0,3724,0,4778,2887,3485,0,0,-4144,4256,0,0,0,0,0,0,0,-4540,-3841,-4714,0,0,-3603,0,0,0,0,0,0,0,0
84001727,Team0,0,-3188,-3905,0,0,-3820,3859,-3372,0,0,0,0,0,3686,0,4353,0,0,4402,2832,-4650,0,0,0,0,0,-3754,0,0,0,3966,0,0,0,0,0,0,0,0
84001754,Team1,0,0,-4621,0,3614,0,0,0,0,0,3362,3279,0,0,0,-4456,3883,0,0,0,0,0,0,0,0,-3656,0,4306,0,0,-4443,0,-4660,-3670,0,0,0,0,3955
84001755,Team0,0,-3524,0,0,3868,0,-3576,0,0,0,-3614,0,0,-3722,2535,0,0,0,4524,0,-3142,0,0,0,0,0,0,0,-4990,4282,0,0,5166,0,0,5030,0,0,0
84001859,Team0,0,0,-3953,0,0,0,3841,0,-3344,0,-3865,0,0,3718,0,0,0,0,0,0,4381,0,0,0,-4315,0,0,0,4444,0,4151,3963,0,0,0,0,0,-3570,-3215
84905563,Team1,0,0,-3675,0,0,0,0,0,-3081,3474,0,4117,0,0,0,0,0,4086,0,0,3663,0,0,3657,0,0,0,0,0,0,-3839,0,3390,0,-3559,0,0,-3931,-4260
84905600,Team1,0,0,-4550,0,0,-4929,4609,0,0,0,0,0,0,5488,0,-5001,-3958,0,0,0,4731,0,0,0,2972,0,0,0,0,0,0,0,0,4902,-4497,0,4642,0,-4606
84905609,Team0,0,4501,0,0,0,3751,5806,-5230,-3034,0,0,0,5428,0,0,0,0,0,0,-3154,-4655,-4297,0,0,0,0,0,0,-4421,0,0,0,0,0,3873,0,0,4985,0
84905611,Team1,0,0,0,0,0,-3331,3648,0,0,0,0,0,0,0,0,-3759,0,0,0,0,3797,3589,3844,0,3709,0,0,0,0,-3877,-4439,0,0,0,-4555,0,-4856,0,5297
84905624,Team0,0,3825,-3290,-3975,0,-4381,0,-4918,0,5157,0,3856,0,0,0,0,0,4969,0,0,-2911,4884,0,0,0,0,0,0,0,0,0,0,3705,0,-4221,0,0,0,0
84905698,Team1,0,0,0,0,0,0,3395,0,4685,0,0,-3940,0,0,4236,0,0,4140,-3529,3822,0,0,0,-4149,0,-4492,0,0,0,0,-3746,0,-4746,0,0,0,3253,0,0
84905700,Team1,0,0,-3961,-4479,0,0,0,-3525,-5827,0,0,3381,0,0,0,0,0,3436,0,0,5666,3396,0,0,0,0,-4191,0,0,0,-3386,3940,0,0,0,0,0,0,3761
84905715,Team0,0,0,0,0,0,0,0,0,3453,0,0,0,0,-3764,3882,0,0,0,3446,0,-3731,3444,0,0,-4196,4236,0,0,0,0,0,0,0,4228,-3444,0,-4133,-3726,0
84905723,Team0,0,-3154,0,0,0,4813,0,0,0,0,0,4620,0,0,-3167,-4851,0,0,-4531,0,0,0,0,0,0,4999,0,0,0,0,-3865,4193,0,0,-4635,0,0,5528,4706
84905753,Team0,0,-3788,4618,0,0,5434,0,0,-4294,0,0,0,0,4323,0,3808,0,4010,0,0,-4362,0,0,0,0,-4177,0,0,0,0,-3270,0,-3506,0,0,0,3494,0,0
84905759,Team0,0,0,0,0,0,-3351,-5174,0,3668,0,0,0,0,0,-5312,4504,0,6465,0,0,0,3809,-5585,4321,0,-4293,0,-3396,0,0,0,0,0,3465,0,0,0,0,0
84846610,Team1,0,0,3591,0,-4313,0,-4476,0,0,3869,3435,4234,0,-4493,4057,0,0,0,-4873,0,3849,0,0,0,0,0,0,0,0,0,0,0,0,-3873,0,0,-4167,0,0
84846673,Team0,0,-3555,-3760,0,0,0,0,0,0,0,0,4117,0,0,0,0,-4536,3739,0,0,-3386,0,0,-3888,0,0,3532,0,0,3741,4135,4332,0,0,0,0,-4322,0,0
84846676,Team0,0,0,0,0,-3554,0,0,3999,-3573,-4006,0,-3457,4591,0,3613,0,0,4508,5129,0,0,0,0,0,0,0,0,0,-3653,3926,0,0,0,-3369,0,0,0,0,0
84216643,Team1,0,6057,0,0,0,-4357,0,0,0,0,0,-3958,0,0,4561,0,0,0,0,-3709,0,3768,4750,0,0,3995,0,0,0,4412,0,0,0,0,-4080,-3884,-3630,0,0
84216646,Team1,0,4482,0,0,0,4904,-4241,0,-3262,0,0,3552,-4035,0,4191,0,0,-4601,0,0,0,0,3257,0,0,0,0,3588,0,0,0,0,0,0,0,0,0,-3935,-3338
84216688,Team0,0,-5306,0,0,0,5157,4102,0,0,0,-4269,3381,-4176,0,0,4173,0,0,0,0,-4068,0,0,-3504,0,0,0,0,3871,-4123,0,0,0,5829,0,0,0,0,0
84216710,Team1,0,-4172,0,0,-4058,0,3559,0,0,4799,-3825,-4717,0,0,3808,0,0,3849,0,0,-4318,0,0,6800,0,0,0,0,0,0,0,0,-4405,0,2876,0,0,0,0
84216713,Team1,0,0,0,0,0,-3804,0,0,3868,0,-4426,0,-4234,0,3178,4927,0,3178,3868,4496,-4285,0,0,0,0,-4293,0,-5018,0,0,0,0,0,0,0,0,0,0,0
84216715,Team1,0,0,3498,0,0,0,4233,0,-3660,0,-3578,0,0,0,0,0,0,3543,0,0,-4682,0,0,0,0,0,0,-4410,0,-4618,0,0,0,3067,3443,-4094,3429,0,0
84216736,Team0,0,-3894,-4056,0,0,-3304,0,0,0,0,0,0,0,0,-4122,0,0,0,0,0,4180,4451,0,0,-4087,0,0,3627,0,0,4178,3990,0,0,0,0,-3245,4893,0
84216772,Team0,0,0,0,0,3707,0,0,0,0,0,0,0,0,-5038,-4903,0,0,-5049,0,0,3392,4136,-4136,4283,0,-4007,0,-4423,0,0,0,0,0,0,3610,0,0,0,5586
84216773,Team0,0,0,0,3716,3415,-3731,0,0,0,0,3867,0,0,0,0,-3603,3726,-3489,0,0,0,4149,0,4275,0,-3648,0,0,0,0,0,0,-4582,0,-4669,0,0,0,0
84216778,Team0,0,0,4251,0,0,0,0,-3502,0,-3547,0,0,0,0,0,4996,0,0,4453,0,-3178,-2842,0,-3274,5190,0,0,-4158,0,0,5060,0,0,0,0,0,3861,0,0
84216782,Team1,0,0,3905,0,0,5071,0,3380,0,-4191,0,0,0,4476,0,-4000,0,0,0,0,5013,0,0,3837,0,0,0,-4254,0,0,0,0,0,-4531,-3798,0,0,-3829,0
84216873,Team1,0,-4343,0,0,0,0,0,0,0,0,0,0,3778,0,-3999,0,0,0,-3434,0,0,-4588,0,3814,-4772,3645,0,0,-5163,2935,0,0,0,0,0,0,3691,0,3596
84216893,Team0,0,0,-4473,0,3801,0,3693,0,0,-3776,0,0,0,0,-3682,0,0,3867,4092,0,-3652,-3861,-3399,3265,0,0,0,0,0,0,0,0,0,0,4155,0,0,0,0
84216902,Team0,0,0,4855,3895,-3946,-4214,-4125,0,0,3798,0,0,0,-4710,0,0,5537,0,0,0,5375,0,0,0,0,0,0,4411,0,0,0,0,0,0,-4612,0,-3656,0,0
84339355,Team0,0,0,0,4068,0,0,0,0,0,-4237,0,0,3825,-4030,0,0,0,-3488,0,4159,0,0,0,0,0,-4579,0,-3335,0,0,0,0,4971,4405,-3742,0,0,4259,0
84339385,Team1,0,0,4001,0,0,-4316,0,0,0,0,0,-3755,0,0,0,3280,0,2811,0,0,-3585,3939,0,0,0,0,0,0,0,0,0,-4847,0,3501,-3931,0,3755,-4041,0
84339388,Team0,0,3140,0,0,0,-3124,0,0,0,0,-3731,-3502,0,4381,0,0,0,0,-3708,0,-4386,0,3431,0,0,0,0,-3728,0,3538,0,0,0,0,3632,0,0,4445,0
84339390,Team0,0,0,0,3335,0,-3217,-3667,0,-4014,0,0,0,0,0,0,0,3919,-4046,0,0,0,0,0,0,0,5145,4361,0,0,0,0,0,0,0,-4133,0,-3392,4622,3007
84339405,Team1,0,0,-5065,0,0,0,0,0,-4421,0,0,0,0,4188,0,0,0,-4283,0,0,-3957,-4814,0,0,3639,0,0,0,0,0,0,-4017,0,4494,5858,0,3520,0,3756
84564491,Team0,0,5805,-2909,0,0,0,0,-3662,0,0,0,0,0,0,0,0,3349,0,0,0,-3544,0,0,3905,0,0,0,0,0,-3569,4331,0,-4349,-3770,5378,0,3629,0,0
84564495,Team0,0,0,0,-4837,0,-4190,0,-3592,-4532,0,0,0,0,0,0,3785,0,0,4006,5162,0,5699,0,0,0,0,0,0,3498,0,4351,0,0,0,0,0,0,-4633,-3366
84564587,Team1,0,3538,0,0,-2972,0,0,-4493,3287,0,0,-4475,0,-4379,0,0,0,3907,-5741,-3681,0,0,0,0,4830,3530,0,0,0,0,0,0,4603,0,0,0,0,0,0
84564611,Team0,0,-3725,0,0,0,-4491,-4535,-4558,0,3762,0,4581,0,0,0,0,0,0,0,0,-4846,0,0,0,0,0,0,0,0,0,0,5323,-4764,4446,0,0,0,4635,4347
84564640,Team0,0,0,0,0,3591,-3615,0,0,-4309,0,0,0,0,0,0,0,0,0,-3579,4770,4842,3228,0,0,0,-5207,4800,0,0,-3667,0,0,0,0,0,0,4549,0,-3419
84564679,Team0,0,0,-3959,0,4078,-3814,-3893,0,4669,0,0,0,0,0,0,0,0,4352,0,0,-3676,3674,0,0,0,0,0,0,0,3701,0,-3631,0,0,0,0,3736,-4601,0
84564704,Team1,0,0,-4745,0,-3919,4897,3990,0,3513,0,0,-4287,0,0,0,0,-4344,0,0,0,4186,-3402,-3362,0,0,0,0,0,0,3517,0,0,0,0,4623,0,0,0,0
84564764,Team1,0,0,0,0,0,0,3917,4194,4257,0,0,-4847,0,3639,0,0,-4814,3703,0,0,3892,0,0,-3991,0,0,0,0,-4303,0,0,0,0,-3813,-5745,0,0,0,0
84564850,Team0,0,0,3626,0,0,0,4442,0,0,0,0,0,0,0,-4361,0,0,0,0,0,-3127,-3501,4201,4154,0,0,0,0,-4519,0,0,0,0,0,3995,0,-4721,-4257,4161
84564885,Team0,0,0,0,0,0,4025,0,0,4235,0,0,4658,0,0,-5093,-4205,0,-3660,0,0,3198,0,0,0,0,0,0,0,0,0,-4210,-3660,0,0,-2913,4344,3957,0,0
84564889,Team0,0,0,0,0,0,0,0,0,0,0,0,-3363,0,-3253,3904,0,-4403,0,0,4946,0,0,-3708,3749,0,0,0,-3138,0,0,0,0,0,3773,3599,-3550,5076,0,0
84181589,Team1,0,0,0,0,-3962,4836,0,-5348,1735,0,3517,0,-5025,-3165,-4390,0,0,0,0,-4586,0,0,0,3924,0,5227,0,5851,0,0,0,0,0,0,0,0,0,0,0
84182705,Team0,0,4745,0,0,0,0,-3398,0,0,0,0,0,0,0,-3953,0,-3220,0,-3876,0,4903,3868,0,0,0,-4828,0,0,-3385,0,3309,0,3497,0,0,0,4276,0,0
84532584,Team1,0,0,-4726,3794,0,4285,0,-3600,0,0,0,0,0,0,0,0,0,3656,-3704,0,-4072,0,0,4166,-3757,0,0,0,0,0,0,0,4327,0,3336,0,0,0,-4312
84532651,Team1,0,-3140,0,0,0,0,3658,-3073,0,0,0,0,0,0,0,-3248,0,0,0,0,0,-4627,0,4159,4378,0,4783,0,3444,-3312,-3313,0,4496,0,0,0,0,0,0
84532677,Team1,0,0,-4423,0,0,3851,0,-3751,-5116,0,0,4187,0,-4366,0,0,0,4208,0,0,-3564,0,0,0,0,0,0,4284,0,0,0,0,0,-3300,0,0,3360,0,2800
84532713,Team1,0,0,0,0,3580,0,-3834,0,0,0,-3633,0,-3848,4861,0,0,0,-4748,0,0,0,3405,0,0,0,0,4521,0,-3374,0,-5383,0,0,3731,0,0,4795,0,0
84532727,Team0,0,0,0,0,0,3456,0,-3027,-4010,0,0,0,0,0,0,3759,0,0,-4096,0,0,3746,0,0,-3405,0,0,0,0,3554,0,0,0,-3324,0,0,4423,3666,-4108
84532936,Team0,0,3555,-3603,0,0,0,3432,0,0,0,0,3321,4102,3777,0,0,-4702,0,0,0,-4054,0,3467,0,0,0,-3749,0,-3254,0,0,0,0,0,0,-3653,0,0,0
84876441,Team1,0,-4425,-3782,0,0,0,-4334,0,0,0,0,0,0,0,0,3764,-3535,0,0,0,-3654,0,0,0,0,0,0,0,0,3492,0,3720,0,3866,0,0,-4017,3313,3710
84876510,Team1,0,-3403,0,0,0,0,-3346,0,0,0,0,3688,0,-3691,0,3777,0,-3491,-3421,0,4176,0,3210,0,0,0,0,0,0,3888,0,0,0,3666,-3768,0,0,0,0
84876533,Team1,0,0,3877,0,0,3560,0,0,0,0,0,3518,0,-4887,0,0,0,0,0,0,0,0,0,-3943,0,-3600,3195,0,0,0,4557,0,0,-3834,0,-3926,-4643,3677,0
84876629,Team0,0,4259,0,0,0,0,0,0,0,0,0,0,0,0,0,4528,3504,0,-3597,-3966,-3897,-4962,0,4805,0,0,0,0,4424,4712,0,0,0,0,0,0,-3520,0,-2563
84876694,Team0,0,0,0,0,0,-3845,0,-4562,0,4011,0,0,3522,-3954,0,-3338,0,0,0,0,3235,0,0,0,0,-3442,0,0,0,3572,0,0,0,0,3516,-3207,0,3841,0
84876695,Team0,0,0,4161,0,0,0,0,0,0,-3035,0,3878,0,4662,-4085,0,0,0,0,0,3441,-3642,0,0,0,0,0,0,-3531,-3766,4736,4590,0,0,0,0,0,0,-4166
84152316,Team0,0,0,0,0,0,0,0,0,0,0,0,0,0,0,0,0,-3304,0,0,0,0,-3609,0,0,-4857,0,-3549,3955,-4939,-4914,3614,0,3556,3719,0,0,4232,4376,0
84152660,Team0,0,0,0,0,0,0,4235,0,-3727,0,0,0,0,3824,0,0,0,3775,0,-3459,-3716,0,0,4665,-3622,0,0,0,0,0,0,5983,0,4795,-4122,-3749,0,0,0
84153151,Team0,0,-3456,0,0,0,-3934,0,0,0,3603,0,4458,0,3771,0,-3967,0,4553,0,0,0,4422,0,0,0,0,0,4027,-3790,0,0,0,0,-4327,0,0,-4899,0,0
84124596,Team0,0,0,0,0,0,0,0,0,0,0,0,4925,0,0,0,0,0,0,4075,-4344,-4398,-4853,0,4417,3638,0,0,-3544,0,0,0,0,4039,-4380,3967,0,-3874,0,0
84124599,Team1,0,0,-3684,4715,-3652,-4990,0,-3323,0,0,0,0,0,3631,0,4499,0,0,3528,0,0,-4957,0,0,0,0,0,0,0,0,3829,-3658,0,4581,0,0,0,0,0
84124675,Team0,0,0,0,0,0,0,0,0,3248,0,0,-3911,0,0,3910,0,0,0,3276,0,3551,0,0,0,3518,4137,0,-4246,0,0,-4006,0,0,-4575,0,0,-3501,0,-4117
84124678,Team1,0,0,0,-4591,0,4737,0,0,-4230,0,0,3539,0,0,0,0,-3929,-4475,0,3988,0,0,0,-4897,0,0,0,0,-5055,0,0,0,4039,0,0,0,4325,3912,0
84124734,Team0,0,0,0,0,0,-3959,0,0,-3483,4508,0,-4033,0,0,5245,0,0,0,0,0,0,4232,0,0,4988,0,0,0,3598,-4510,-3629,0,0,0,0,0,-3843,0,3049
84124735,Team0,0,0,4392,-3659,0,2812,0,0,3831,0,0,0,0,0,0,-3500,-5768,3429,0,0,0,0,0,4098,0,-5031,0,0,0,0,0,0,0,0,3356,0,0,-4567,-4834
84124772,Team0,0,3547,-3529,0,0,0,0,-4313,0,0,0,0,0,0,0,0,0,-3488,-3475,3892,-3718,0,3747,0,0,0,-3896,3097,0,0,0,0,0,3958,3818,0,0,0,0
84124811,Team0,0,3439,0,0,0,3818,0,0,4456,0,0,0,0,0,0,0,0,-2929,0,0,0,4815,0,5173,0,0,0,-4949,4369,0,-4148,0,0,0,-4855,0,-4120,0,-4177
84124875,Team1,-1,-5317,-5812,0,0,0,0,-3455,0,-3264,-5079,0,0,4253,0,0,-4639,5351,0,0,0,0,0,4669,0,0,0,0,0,4580,0,0,3818,0,0,0,0,0,3520
84368485,Team1,0,3774,0,0,0,0,0,0,4367,0,0,-3548,0,0,3560,0,-4024,0,-4228,0,3866,0,0,-3975,0,0,0,-3704,0,3733,0,0,0,-3321,3976,0,0,0,0
84368602,Team0,0,0,0,0,0,-4333,0,0,-3709,0,0,-5345,0,0,0,0,0,0,0,0,4675,0,0,0,-3912,3834,0,0,0,5574,-3514,0,-4090,4279,4509,0,5412,0,0
84368680,Team0,0,-4251,3741,0,-4142,0,0,-4239,0,0,0,0,0,-3784,3906,0,0,0,0,0,0,-4701,-3781,0,0,0,0,0,0,0,0,3509,0,4202,4682,0,0,4518,0
84368729,Team0,0,-3407,3860,-4477,0,0,0,0,-3590,0,0,-3734,0,0,0,-4153,0,0,0,0,0,0,0,4050,0,0,0,0,0,0,-4087,0,0,3193,4122,0,0,4296,3684
84593233,Team0,0,0,-4771,-3307,0,-3757,0,0,0,-3392,0,0,0,4049,0,-3420,0,0,0,0,-3849,0,0,0,3701,0,4902,0,0,0,3692,0,0,0,0,3703,3397,0,0
84593488,Team1,0,0,3377,0,0,0,0,0,-5018,-4157,0,0,0,5372,0,-4082,0,3750,0,0,0,0,0,0,0,-3275,0,0,0,0,0,0,4848,-3230,3267,0,0,3584,-3272
84594063,Team1,0,0,-4276,0,0,0,0,0,0,0,0,0,0,-4097,0,0,0,0,-3977,3879,-4036,3352,0,4790,0,0,0,0,3833,0,0,0,0,3960,-3510,0,4130,-4236,0
84594266,Team0,0,-4149,0,0,0,-4186,0,0,0,0,0,0,-4589,0,0,0,0,3693,0,0,-4850,3588,0,4229,0,-3380,3658,0,0,0,4413,0,0,0,3862,0,-4120,0,0
84594412,Team0,0,-4189,0,-3484,4042,0,3703,0,0,3301,0,0,0,0,0,3855,-3667,-4431,0,0,0,0,0,0,0,-3007,-3686,0,0,0,3277,0,3958,0,0,0,0,0,0
84096007,Team0,0,0,0,0,0,0,0,0,-4708,0,0,0,3454,-3592,0,4257,0,0,0,5507,0,0,0,0,0,0,0,0,0,-3994,0,0,0,0,0,0,0,-4144,4227
84096098,Team0,0,4460,0,0,0,-4440,-3975,0,0,0,0,0,3650,2960,0,0,0,0,0,3430,0,-4749,3928,0,-4125,0,0,0,3196,0,0,0,0,0,0,0,-4020,-3181,0
84096100,Team1,0,0,-4585,0,0,0,0,0,0,0,3338,0,4185,-3861,0,0,0,0,0,0,0,3145,-4533,0,0,0,0,3727,0,-4264,4234,0,0,0,-4561,3219,0,-3898,0
84096116,Team1,0,3577,0,0,0,3990,3401,0,0,0,-4166,0,0,0,0,0,0,0,0,0,3624,0,0,4075,0,-3339,0,-3785,-3773,0,0,0,0,-3370,-3514,0,3908,0,0
84096145,Team1,0,0,600,0,0,-3712,0,0,0,-1150,0,-8703,0,0,0,-1150,0,0,0,0,-1150,600,0,-1213,0,0,0,600,0,0,0,0,0,600,0,0,600,600,0
84096157,Team0,0,-3069,0,0,0,-3917,4431,3614,3358,0,0,0,0,0,3401,0,0,0,0,3907,4035,-4601,0,0,-4465,0,0,0,0,-4265,0,0,0,0,0,0,-4388,0,0
84096188,Team0,0,0,0,0,0,4348,-5839,0,0,0,0,4409,0,-4648,0,0,0,0,3679,3531,0,3731,0,0,0,0,0,0,3717,-4548,0,0,0,-4474,0,0,-3595,-3976,0
84096233,Team1,0,4799,-4042,0,0,0,4108,0,0,0,0,0,3497,0,-3792,3177,-3499,0,0,0,0,0,0,0,0,0,0,-4128,0,0,0,3605,0,-4098,0,0,-4174,0,4751
84971360,Team0,0,0,3964,0,0,-4220,-4435,4853,0,0,0,-3572,0,0,0,-3801,-3898,0,4256,0,3687,0,0,0,0,0,0,4736,0,0,0,0,0,4251,0,0,-3204,0,0
84971750,Team0,0,0,4113,0,0,0,-4065,3703,0,0,4207,0,0,3630,3891,0,-3930,0,0,0,3823,-3565,0,-3659,0,0,0,0,0,0,0,0,0,0,-3579,0,0,-4286,0
84971871,Team0,0,0,0,0,0,4367,4269,0,0,0,0,3205,0,0,-3888,-4009,0,0,0,0,-3754,-4440,0,3879,0,0,0,0,0,0,4366,-3545,0,-3899,0,0,3778,0,0
84062918,Team0,0,0,0,0,0,3683,3851,0,-4712,0,0,-3603,0,0,0,0,0,4432,0,-4727,0,3288,0,-4154,0,0,0,4328,0,0,0,4397,0,-3205,0,-3820,0,0,0
84064265,Team1,0,0,-4054,3739,0,4620,3982,-3630,0,0,0,0,0,3846,0,0,0,5850,0,0,0,0,0,0,-4666,0,5045,0,-3535,0,-3315,0,0,0,-3105,0,0,0,0
84625725,Team1,0,0,3594,0,0,0,-4255,-3713,3700,0,0,0,0,3924,0,-4410,-3285,0,0,0,3953,0,5043,0,0,0,0,0,-4923,3744,0,0,0,0,0,0,0,0,-3686
84625752,Team0,0,0,0,0,3377,0,0,0,0,0,4039,0,0,3595,0,-3721,0,0,0,-3131,-3383,0,-4364,3093,-4266,0,0,0,4057,4462,0,0,0,0,-3775,0,0,0,0
84625882,Team0,0,0,3606,0,0,0,-3912,0,-4566,0,0,0,0,3717,4511,0,0,0,0,0,-4248,0,0,-4085,0,0,0,-3540,0,0,0,0,-3574,4652,5033,4698,0,0,0
84625889,Team1,0,0,4352,0,0,0,0,0,3486,0,0,-4147,0,3672,0,0,0,-3441,4285,-4499,0,0,0,0,3642,0,0,0,0,0,4713,0,0,-3262,-4589,0,-3476,0,0
84625937,Team1,0,0,-5199,0,3165,0,0,0,-5157,5670,0,-4546,0,0,0,3686,3235,0,0,0,-4434,0,0,0,0,0,0,0,-3881,0,0,0,0,0,-3494,4782,4621,0,0
84626020,Team0,0,-3540,0,0,0,0,0,4480,3321,0,0,0,0,0,0,-3362,-5034,3263,0,0,-5727,3664,0,4706,0,0,0,0,-3463,0,0,0,0,0,-3800,0,0,4320,0
84817919,Team1,0,3808,0,-3742,0,0,-2973,-3554,0,4457,0,3392,0,4262,0,0,0,3620,0,0,-5207,4200,0,0,-4071,0,0,0,0,0,0,0,0,-3174,0,0,0,0,0
84817936,Team0,0,0,-3786,0,0,0,0,0,3966,0,0,0,0,0,0,-3277,0,3926,0,0,-3567,3250,-3912,3637,0,0,0,0,0,-3786,3464,0,0,0,0,0,3388,-3858,0
84817973,Team0,0,0,3851,0,0,3909,0,0,-5524,0,0,0,0,0,3671,0,0,-3789,0,0,-3970,0,0,3337,0,0,0,0,0,-5067,0,3595,0,3977,-4448,0,-3324,0,0
84818004,Team0,0,0,0,0,0,4491,0,0,-4701,0,0,4517,0,0,0,0,-3838,0,0,0,0,0,0,0,-4181,0,0,3882,-3664,0,0,0,0,3965,-4074,-3255,4864,0,3379
84818006,Team0,0,0,4476,0,-3713,0,0,0,-3138,0,3537,0,0,-3453,-3671,0,0,3880,0,0,3814,0,0,0,0,0,3870,0,0,0,-3375,-3798,0,0,4649,0,0,0,0
84818116,Team1,0,3472,0,3590,-3469,0,-3480,0,0,0,-3657,0,0,0,0,4319,0,0,0,0,0,0,-4029,0,0,0,0,-4621,0,4584,0,0,5282,0,-3526,0,0,0,3584
84399562,Team1,0,0,0,0,0,0,-3795,0,-4092,0,-3775,0,4518,3863,0,0,0,0,-4051,0,-4010,0,0,0,3313,0,0,0,3334,3313,0,0,0,0,0,0,0,3391,-3873
84399629,Team1,0,4238,-3979,0,-3689,0,0,0,0,0,-3557,-3921,0,0,0,0,-3088,0,0,0,3475,0,0,3693,0,0,0,0,0,0,0,4598,0,3962,3639,0,-4059,0,0
84399661,Team0,0,3889,0,0,-3299,0,-3072,3955,0,0,0,0,0,0,0,0,-3522,0,0,0,3390,0,0,-4136,0,0,3720,5255,0,-3740,4509,0,0,0,0,0,-4386,0,0
84399707,Team0,0,0,3915,0,0,0,-4306,0,3767,0,-3937,0,0,0,3643,-3635,-3898,0,0,0,-3478,0,0,0,0,0,0,-4923,0,0,4179,3511,0,0,0,0,0,0,3235
84399726,Team1,0,-4712,0,0,-4009,0,0,0,-3274,3803,0,3749,0,0,3699,0,4031,0,0,0,0,0,0,3320,0,0,0,0,0,3913,0,0,0,-5725,-3855,0,-3491,0,0
84399738,Team1,0,0,-3255,0,0,0,0,0,-4213,0,0,4631,0,0,-3143,0,4975,-4107,0,0,0,0,0,0,4647,4321,0,0,0,0,-4772,0,0,0,4341,4063,-3700,0,0
84399750,Team1,0,0,-5370,0,0,-3494,3998,0,0,0,4457,-3799,0,0,0,0,0,4123,-4205,0,3513,-4616,0,3511,0,0,0,0,0,0,0,0,0,0,3546,0,0,-4790,0
84399899,Team0,0,0,5598,0,0,0,0,4953,0,0,-3439,-3675,0,-5031,0,0,0,0,0,0,3735,0,0,0,0,0,0,0,0,0,0,0,0,0,0,0,0,0,0
84431286,Team1,0,4805,0,0,3603,0,0,0,0,-3176,0,-3824,0,0,0,0,-3193,0,0,0,4787,0,0,-3706,0,-4582,0,0,0,4205,0,4153,0,0,4178,0,0,0,-3540
84431421,Team0,0,0,0,0,0,0,0,0,3918,0,-4119,-4474,0,0,0,0,0,-3783,4656,0,0,-4378,0,0,0,4266,-3841,0,0,0,5144,0,0,0,4508,-3535,0,0,3976
84431484,Team1,0,0,0,0,0,-3366,0,0,3783,0,0,-3379,0,-3398,3833,0,0,-3464,0,0,0,0,0,0,3485,0,0,0,0,0,4021,4494,0,0,-4830,-4240,0,0,3910
84431773,Team1,0,0,3337,0,0,0,0,0,0,3524,-3979,4805,4150,0,0,-3666,0,0,0,0,0,-4466,0,0,-3010,0,0,3709,0,-3503,0,0,0,-4041,3475,0,0,0,0
84431941,Team1,0,0,-4637,3831,0,0,0,-3681,0,0,0,-3861,0,0,0,0,-3169,4607,-4380,0,-4376,3981,0,4228,0,0,0,0,0,0,0,0,0,3744,0,0,4427,0,0
84432097,Team1,0,0,-3775,0,0,0,5117,-3303,0,0,0,-3782,0,3541,0,0,-4070,0,0,0,3758,3830,0,0,0,0,0,0,0,-3468,3839,0,0,0,0,-3973,4056,0,0
84724351,Team0,0,0,-4077,0,3817,0,0,0,0,0,0,0,0,0,-4054,-3407,0,0,0,4228,0,-3468,0,0,0,0,0,0,0,0,-4605,4594,0,0,0,0,0,0,4252
84724367,Team0,0,0,0,0,0,0,-6794,0,0,5267,0,3927,0,-3761,0,0,0,3634,0,0,-4814,4680,0,0,3970,0,0,0,0,-3483,0,0,0,0,5404,0,-6000,-4169,0
84724401,Team1,0,0,0,3813,-3077,0,-3276,-3596,0,0,0,0,0,0,0,3668,0,0,0,0,5024,0,0,0,0,0,0,4779,-3468,4930,0,3908,0,-3926,-3523,0,0,0,0
84724416,Team1,0,4176,-3556,0,0,0,4641,-3864,0,0,0,0,-3403,0,0,0,0,-4288,0,0,4125,0,0,3827,-4182,0,0,0,0,-3943,0,0,0,4038,0,0,4037,0,0
84724451,Team1,0,0,-4778,3351,0,0,3632,0,0,0,0,3902,0,-5161,0,0,3891,0,3517,0,0,0,-3416,0,-4107,0,0,0,0,0,0,0,0,3182,-4684,0,0,-4300,0
84724460,Team0,0,0,4727,3715,0,3570,0,0,0,-4014,0,-3956,0,0,0,0,0,-4115,3067,0,-4105,3761,0,0,-3692,0,0,0,0,0,4012,0,-4466,0,0,0,0,0,0
84724482,Team0,0,0,0,0,0,0,4571,-4048,0,0,0,4538,-4662,4628,0,-4511,0,-3929,0,-4083,4535,0,0,0,0,0,0,0,0,-4753,0,4549,0,3759,0,0,0,0,0
84724531,Team1,0,0,3777,0,0,-4483,-4676,0,3780,0,0,4880,0,0,-3934,0,0,0,0,0,4073,0,-4155,0,0,-4501,0,0,-4487,3957,0,0,0,0,0,0,4150,0,0
84724534,Team1,0,0,-4071,0,0,0,0,0,-3872,4378,0,3664,4310,3551,0,0,0,3558,0,0,-5125,-4554,0,0,0,0,0,0,0,0,0,0,0,0,0,-3669,-3873,0,3876
84724589,Team1,0,0,0,3404,0,0,0,0,-4631,0,0,0,0,-3709,0,-3232,0,0,0,0,4037,0,0,-3758,0,0,0,3780,0,0,-3959,0,0,3421,4526,3331,0,-5351,0
84724656,Team0,0,0,0,3674,0,0,0,-3561,0,0,0,0,0,4750,-4045,4058,0,0,-3574,-3951,-4024,0,0,0,0,0,0,0,0,0,4817,0,-3304,3947,3670,0,0,0,0
84656959,Team0,0,0,-4144,3903,0,0,-4676,-4152,0,0,3742,0,0,4605,0,0,0,0,0,4635,4216,0,0,0,0,0,3295,0,0,0,0,0,0,-3777,-3842,0,0,-4280,0
84756021,Team0,0,0,0,-3915,3973,0,0,0,-4858,0,0,0,0,4264,0,-3986,-3838,0,0,0,3485,0,0,3766,0,0,0,-4018,-3926,0,0,0,0,0,0,0,3880,0,3225
84756210,Team1,0,-5459,0,0,0,0,-5963,0,-4022,0,0,-4822,0,-4717,0,0,0,5676,-5197,0,0,4701,0,3372,0,0,0,0,2476,0,0,3923,0,4781,0,0,0,0,0
84756532,Team0,0,0,-3960,0,0,0,-3314,0,0,0,0,4446,0,0,0,0,-3351,4079,-3900,0,-4015,0,0,4258,0,0,0,0,-4119,0,4027,3487,0,0,3538,0,0,0,0
84756629,Team0,0,-4505,4354,-4258,0,-3889,0,0,-3329,0,0,0,0,0,3771,0,0,0,-3112,0,-4954,4086,0,0,0,0,0,4265,0,0,0,0,0,0,5676,0,4950,0,0
84279782,Team1,0,0,0,0,-4227,-3680,0,-3686,-2904,0,0,0,0,0,0,0,0,0,0,0,0,4271,4057,4669,-3137,0,3938,3757,0,0,0,0,0,0,-4593,0,0,4742,0
84279833,Team0,0,0,4291,0,0,0,0,-4361,-5728,0,0,0,0,0,0,0,3650,-3679,0,0,5963,-3477,0,-2986,0,0,0,0,0,-3493,0,0,0,0,3514,0,3813,0,3727
84279905,Team0,0,0,3609,0,0,0,-5735,-5414,3543,0,0,4121,0,-3372,0,0,0,4333,0,0,-4513,-3771,0,0,0,0,0,0,-3390,0,0,0,0,4582,0,0,3678,0,0
84279969,Team1,0,0,3684,-3752,0,0,0,0,0,-3533,0,0,0,3840,4227,0,0,0,0,0,-4733,-3758,3514,0,0,5310,0,0,0,4175,0,0,0,0,-3758,0,0,-4147,0
84279994,Team1,0,0,0,0,3171,-5185,-5238,-5423,0,0,0,0,0,0,0,0,3170,0,0,0,-4373,-4662,0,0,0,0,0,3979,3806,0,0,0,0,0,-6537,0,4170,0,3957
84280017,Team1,0,4757,5298,0,0,3042,-5007,0,0,0,-5514,-4010,0,0,0,0,-4714,0,0,0,-3632,0,0,4726,0,0,5273,0,0,0,0,0,0,0,-5004,0,0,4393,0
84465371,Team1,0,0,0,0,0,0,0,0,0,0,0,0,0,0,3591,-3964,0,0,0,-5563,0,3219,0,0,0,0,0,0,4271,0,0,0,0,-5609,0,0,0,0,0
84465412,Team0,0,0,-3637,0,0,4033,0,0,-3693,3597,0,3876,0,3674,-3586,0,0,0,0,0,0,-3860,-3499,0,0,3580,0,0,0,0,-3940,0,0,0,4286,0,0,0,0
84465438,Team0,0,4091,0,0,-4353,0,-3746,-3908,-5017,0,0,4305,0,-3945,0,0,4448,0,0,-4020,4237,0,0,0,4193,0,0,0,0,0,0,3950,0,0,0,0,0,0,0
84465477,Team0,0,0,0,3621,0,0,-3581,0,-3906,0,0,3946,0,0,0,0,-4055,0,3712,0,-3528,0,0,-3784,0,-4178,0,0,0,0,4603,0,0,0,0,4146,3969,0,0
84465581,Team1,0,0,-4043,0,0,3480,0,0,0,0,0,0,0,0,0,0,0,0,0,-4159,-3719,0,4218,4539,0,0,0,4561,0,4049,0,0,0,-3603,-4332,0,-4033,0,4973
84465667,Team0,0,0,-3730,3480,0,3516,0,3786,0,0,-3528,-4498,0,0,0,-3201,-4431,0,3987,-4657,0,3760,0,0,0,0,0,0,0,0,0,0,0,0,0,4748,0,0,0
84465672,Team1,0,0,4934,0,0,4073,0,0,0,0,-4227,0,0,4574,-3684,-4124,0,0,0,-3203,5382,-3405,0,4420,0,0,0,0,0,0,0,3368,0,0,0,0,0,0,-3967
84465793,Team1,0,4076,0,0,-3641,0,0,0,3413,0,0,0,0,3192,0,0,0,0,0,0,4163,-3533,-5830,-4874,0,0,0,0,3326,3459,0,0,0,0,-3784,0,0,-4076,0
84465845,Team0,0,0,4542,0,-3969,0,4309,4660,0,0,-3501,0,0,0,-3592,0,0,0,0,0,4097,-3790,4413,0,0,0,0,0,0,-3723,0,0,0,3807,-4065,0,0,0,0
84465846,Team1,0,0,3775,0,0,0,0,0,0,0,-3976,-3742,0,-4987,0,0,3752,0,0,-4681,-3824,0,0,5011,0,0,0,3646,0,0,0,0,0,0,-4422,0,4452,3983,0
84465847,Team1,0,-3909,0,-3224,0,0,4033,0,3865,0,0,0,0,0,0,0,0,0,0,4109,3623,0,-4668,0,-4730,0,0,0,0,0,5694,0,0,-4360,-3699,0,3252,0,0
84465865,Team0,0,0,-3502,0,0,-4022,0,0,0,0,0,4367,0,0,0,0,3952,-3937,0,0,4600,0,0,0,0,0,0,5214,0,0,0,4783,0,0,-3942,0,-3692,3906,-3502
84465870,Team0,0,0,-4108,0,0,0,0,-3360,0,0,-2996,3860,0,0,0,0,0,-3573,0,0,0,3429,0,0,0,0,3989,0,0,0,3711,0,0,0,0,3865,-3444,4988,-3486
84465871,Team0,0,0,0,0,0,-4007,-3674,0,-5633,0,0,0,0,0,0,-3474,0,-852,5105,0,3993,4861,0,3331,-4460,0,0,0,0,0,0,0,0,4118,4811,0,0,0,0
84465935,Team0,0,0,0,0,3614,0,0,0,0,3078,0,0,0,0,0,0,0,0,0,0,0,0,0,0,0,0,0,0,0,0,0,0,0,0,4068,0,0,0,0
84500252,Team1,0,0,-3943,0,0,0,4356,0,0,-3641,0,-3837,4263,-3594,0,0,0,-3674,-3664,0,0,0,0,0,0,0,0,0,0,3670,3613,0,0,0,0,0,3734,3683,0
84500408,Team0,0,0,0,0,0,4014,3870,0,-3756,0,0,-3130,0,-3760,0,4192,0,-3635,-3455,-2973,0,3392,0,0,0,0,0,0,0,0,0,0,0,0,3966,0,0,3244,0
84500623,Team0,0,0,0,0,0,0,3878,0,4704,3458,0,0,0,0,-4092,5296,-4631,0,-4137,-3293,3152,0,0,-3786,0,0,0,-4832,0,0,0,0,0,3812,0,0,0,0,0
84500680,Team1,0,-4159,0,0,0,-4985,0,0,-4618,0,-4663,-4500,0,-3652,0,0,0,3375,0,0,0,4422,0,0,0,0,0,0,4058,0,0,0,0,4924,3268,0,4871,0,0
84500681,Team0,0,0,0,4242,0,-3538,-3598,0,0,3580,-3937,-3847,0,0,0,0,0,0,0,0,-4667,0,0,0,4394,0,0,0,0,3522,0,0,-4116,3795,3561,0,0,0,0
84310612,Team1,0,0,0,-3346,0,0,-4099,-4175,0,0,0,0,0,0,0,0,-4625,3962,0,0,3375,0,0,0,-4155,0,0,0,3611,3424,0,5869,4859,0,0,0,0,-5764,0
84310633,Team0,0,4247,0,0,0,0,4339,3904,0,0,-3429,0,-4327,4065,0,0,0,5953,-4019,0,0,0,0,0,0,-4559,0,0,-3489,0,-4425,0,0,0,4013,0,0,0,0
84310666,Team1,0,0,3691,0,0,3818,-5029,0,3991,0,0,4499,0,-3804,0,0,0,3633,0,0,0,0,0,-4316,0,0,0,0,0,0,0,0,0,-4272,3262,0,-4750,-4894,0
84310668,Team0,0,0,0,0,0,3562,0,0,0,3755,0,3798,0,0,0,-3683,-3427,0,-3637,0,-4315,-3842,0,0,0,0,0,4063,0,3873,0,0,0,0,0,0,-3407,0,4050
84310682,Team0,0,0,0,0,0,0,3671,0,0,0,0,-4343,0,0,4003,4132,-3288,-4712,0,0,0,0,0,0,0,0,0,0,-4957,-4650,4568,3636,-4071,3363,0,0,0,0,0
84310698,Team0,0,-3849,4035,0,0,-3494,0,0,4126,0,0,0,0,0,0,4657,0,0,4463,0,3383,-3615,0,-3546,0,0,0,3750,0,0,0,0,0,0,-4775,0,0,-4038,0
84310798,Team0,0,0,3910,-4123,0,0,0,0,0,4043,0,-4824,0,3610,0,-4077,0,0,4115,0,4207,0,0,-4473,0,0,0,-3350,4039,0,0,-4542,0,0,0,0,0,0,0
84310803,Team1,0,0,0,0,0,-3623,0,3742,0,0,0,0,-3544,4310,3523,0,0,0,0,3532,0,-3366,0,-3916,0,0,0,0,-4143,0,0,0,0,0,3909,0,0,-3581,5140
84310876,Team1,0,0,3920,0,2824,0,0,0,0,0,0,0,0,0,0,0,0,0,0,0,0,0,0,0,0,0,0,0,0,0,0,0,0,0,0,0,0,0,0
84001885,Team0,0,0,0,0,0,0,-4144,3276,3566,0,-4762,0,0,0,0,0,0,-4571,0,0,3536,0,0,0,3905,3951,0,-5595,0,0,-4358,0,-3507,0,0,3586,0,0,0
84001927,Team0,0,-4973,0,4484,0,0,0,0,0,0,0,3821,0,0,0,0,5067,0,0,0,2958,-4102,-4201,0,0,0,0,-3674,-3811,0,0,0,0,-3578,3681,3196,0,0,0
84001955,Team0,0,0,-3880,0,0,0,0,4736,0,-3595,0,0,3797,0,0,0,0,5824,0,3616,-4711,-4420,0,0,0,0,0,4109,-4953,0,0,0,0,0,0,-4952,0,4427,0
84002009,Team1,0,3599,0,0,0,-3691,0,0,-3705,0,0,-3584,0,0,0,3811,4162,0,0,0,0,0,4488,0,-3946,0,0,0,3400,3674,0,0,0,0,-4299,0,0,-3849,0
84002029,Team1,0,3847,-3550,0,4016,0,0,5072,0,-3509,0,-3726,0,-5104,0,0,0,4230,0,0,0,-4827,0,0,0,0,4233,0,0,0,-3810,0,0,0,4410,0,0,0,0
84002074,Team1,0,0,0,0,-5284,-4706,0,0,0,0,0,-5004,0,0,0,0,-3770,4140,0,0,0,4071,0,2776,3505,4027,0,-4256,0,0,0,-4571,3986,0,0,0,0,0,0
84002081,Team0,0,-3268,0,0,0,0,0,0,-3751,0,0,3663,0,0,3503,0,0,3928,0,0,0,-3843,0,0,0,0,0,4093,-3529,0,0,3791,4025,0,0,-3678,0,-4040,0
84002115,Team0,0,-4259,0,0,3584,0,0,0,0,0,0,0,3623,0,-4433,0,0,3600,0,0,0,-5188,0,-3633,0,4120,0,0,0,5251,0,0,3493,0,0,-4742,0,-3519,0
84002117,Team1,0,0,0,0,0,0,0,0,0,0,0,0,-5109,0,0,3298,0,0,0,0,0,0,0,0,0,0,0,0,-4866,0,0,0,0,0,0,0,0,0,0
84787227,Team0,0,0,0,0,0,0,4299,4133,3969,0,0,0,0,0,0,0,-3903,-4132,0,0,0,0,0,-3813,3281,-3283,0,-3835,0,0,4176,-3434,0,0,0,0,0,0,3462
84787682,Team0,0,0,3674,0,0,0,0,0,0,0,0,3089,0,0,0,4247,3715,0,0,0,-3770,-4016,0,-3696,0,0,0,0,0,-3879,4412,3900,-4323,-3385,0,0,0,0,0
84788534,Team1,0,0,0,-3634,0,0,-4752,0,3195,0,0,4572,0,4138,0,0,3921,0,0,0,0,-5002,0,0,3490,0,0,0,0,0,-3849,0,0,-4147,0,0,-3236,0,3762
84034919,Team1,0,3463,0,0,0,0,4374,-3380,0,0,0,0,0,0,0,-3668,4455,-3383,0,-3430,0,-3995,0,0,0,0,0,3476,3831,-3436,0,0,0,0,0,0,0,3862,0
84034937,Team1,0,0,0,0,0,4638,0,0,-4785,0,-3551,4045,0,0,0,0,0,3959,3771,-4462,-4703,0,0,0,0,0,4309,-4146,-2868,0,0,0,0,0,0,0,0,0,3550
84035093,Team1,0,0,0,0,0,0,0,-3658,0,0,3781,0,-3841,0,0,0,4764,0,0,-3690,-3857,3606,0,4080,4362,0,0,0,3526,0,-3475,-2718,0,0,0,0,0,0,0
84035116,Team1,0,0,-3634,0,4108,0,0,-4886,0,0,0,0,0,0,-3298,0,0,0,0,3450,0,0,0,0,-4341,0,4137,0,3956,0,0,0,3992,0,0,-3391,0,4095,-3590
84846705,Team0,0,4340,4822,0,0,0,0,0,4216,0,0,-3567,0,0,0,0,-3317,3561,0,0,0,0,0,-3538,0,0,0,0,0,-4188,0,0,4106,-4348,0,0,-3631,4113,0
84846762,Team1,0,0,-3725,0,0,0,-3965,0,3692,3488,-3512,3784,0,-3172,0,0,0,-3811,0,3449,4029,3205,0,0,0,0,0,0,0,0,0,0,0,0,-4347,0,0,0,0
84846815,Team0,0,0,3502,0,0,0,0,0,0,0,0,-4620,0,0,0,0,3590,-3459,-3869,0,-4190,0,0,0,3998,0,0,0,4321,0,0,0,-3226,0,4972,-3543,0,4479,0
84846913,Team0,0,5006,0,0,0,0,0,0,0,0,0,4857,0,5265,0,0,5039,0,0,0,0,-3311,0,5385,0,0,0,-3723,0,4631,-3416,0,0,-3541,0,0,-3180,0,-3884
84846926,Team0,0,0,0,0,-4216,0,0,-4339,3626,0,0,3933,0,-4148,-4293,0,0,0,0,0,0,-4336,3505,0,0,-4257,0,4445,0,0,4435,0,0,3432,0,0,0,0,0
84846951,Team0,0,0,3349,0,3884,0,0,0,-3777,0,0,-3645,0,0,0,0,-3360,0,0,-4023,3893,0,-3163,0,0,0,0,0,-3892,0,0,4604,3598,4439,0,0,0,0,0
84846973,Team0,0,0,-4239,0,4462,-3735,3219,0,3519,3275,0,-3459,0,0,0,0,0,-4879,0,0,4017,-3519,0,0,0,0,0,0,0,0,0,0,0,0,3663,0,-5283,0,0
84846997,Team0,0,4656,-4216,3695,0,-3172,0,-4117,0,0,0,0,0,0,5139,0,4300,0,3633,0,0,-3634,0,0,0,0,0,-4122,0,0,0,0,0,0,7333,0,0,-4057,0
84847057,Team1,0,0,-3670,0,-3878,3376,-4274,0,3406,4253,0,4883,0,0,0,-4387,-3505,0,0,0,0,0,-4121,0,3329,0,0,0,0,2999,0,0,0,0,0,0,0,0,0
84847085,Team0,0,0,0,0,0,-3323,-3287,-3817,0,0,0,0,0,-3609,0,0,4028,0,3338,0,0,4236,0,0,0,0,0,4218,3974,0,0,0,0,0,-3389,0,0,3741,-3891
84904704,Team1,0,0,4302,0,0,0,0,3750,-4886,0,0,0,0,0,0,0,0,0,-3769,-4672,3882,4639,0,-4443,0,0,0,0,-5546,0,-3890,0,0,3097,4055,0,0,0,0
84248230,Team0,0,0,0,0,3682,0,0,0,0,0,3752,-3834,0,4231,0,0,-3296,-3288,0,0,0,3449,0,0,0,0,0,0,3810,-3604,0,-3250,0,0,3797,0,-3127,0,0
84248850,Team1,0,4628,-3724,0,0,0,0,-4964,-4286,0,0,3030,0,3778,0,0,0,0,0,0,3410,-2841,3836,0,0,0,0,0,0,4019,-3400,0,0,0,0,-3068,0,0,0
84249606,Team0,0,-3167,5361,0,0,0,-3833,0,0,4161,-4399,0,-3869,0,0,0,0,-3628,0,0,3620,0,4529,0,-3633,0,0,0,0,0,0,0,0,0,3925,0,0,0,4072
84339499,Team0,0,0,0,0,0,0,0,0,-4343,0,3861,0,0,-4198,0,3831,0,-3929,0,-4526,0,0,0,-4171,0,0,0,0,4946,0,0,0,0,3014,4103,0,-3940,0,3356
84339524,Team0,0,-3928,3297,2765,0,3512,0,0,0,0,0,0,0,0,0,-4472,0,0,0,0,0,3967,0,0,0,0,-4189,0,0,0,3950,0,0,-5160,-4297,0,3393,-3989,0
84339576,Team0,0,0,0,0,3538,0,0,0,0,-4875,0,0,0,-4592,0,-4996,0,0,0,-3963,-4050,4207,0,0,0,0,0,-3969,3838,0,3127,0,0,0,3758,0,3895,0,0
84339601,Team0,0,0,0,0,-3815,0,4420,0,0,-4165,0,0,-4822,4509,0,3803,0,0,0,0,-4065,0,0,-3709,0,-3927,0,0,3892,4840,0,0,0,4885,0,0,0,0,0
84339603,Team1,0,4668,-4346,0,0,0,0,0,0,-3758,0,3253,-3390,-3767,0,0,4805,-4241,0,0,-3168,3337,0,4949,0,0,0,0,0,0,0,0,0,0,0,0,0,3643,0
84339660,Team0,0,-4041,0,-3347,0,0,3445,0,0,0,0,3378,0,0,0,0,3595,0,0,0,-4442,-5635,0,0,0,0,0,0,4054,0,0,0,0,-5226,3497,0,-3953,4238,0
84339698,Team0,0,3840,0,0,0,0,0,0,0,0,0,0,0,0,-3970,0,-3484,3610,4149,-3423,0,4042,0,0,0,0,3382,-3593,0,3753,0,0,0,0,0,0,-3540,0,-3886
84339705,Team1,0,0,0,0,0,-3331,-3024,-4669,0,-3265,0,4682,-3867,0,0,0,4176,3729,0,0,-4367,0,0,5040,0,0,0,0,0,0,0,0,0,0,3785,0,3540,0,0
84216959,Team0,0,0,0,0,0,0,-3887,0,0,4883,0,-3943,0,-3663,0,3573,-3648,-3927,0,0,0,3708,0,0,0,0,0,0,0,0,3725,0,-3934,0,0,0,3519,0,4219
84216960,Team0,0,0,4034,0,0,0,-3717,0,-3597,0,0,0,0,0,0,0,0,0,0,4539,0,0,3465,3822,-3964,0,-3709,0,3822,0,-4848,0,0,4472,0,0,0,-4275,0
84217007,Team0,0,0,0,0,0,0,-3822,0,0,0,0,0,0,0,4559,0,0,-3929,0,0,0,-3711,0,5216,0,4194,0,0,-3887,0,0,0,-4438,4152,5078,5752,0,-3922,0
84217010,Team1,0,3421,0,0,3309,0,0,0,-3868,0,0,0,4085,0,0,0,0,0,0,3527,-4683,0,3931,0,0,0,0,0,3093,-4276,-4496,0,0,0,-3973,0,-4575,0,0
84217020,Team0,0,-4832,0,0,0,-3170,0,0,0,0,4507,0,0,0,0,0,0,3703,0,0,-4350,-4122,0,4221,0,0,0,5349,-3574,0,0,0,0,0,5281,0,-4434,3989,0
84217078,Team0,0,0,4724,0,0,-3530,0,3921,0,0,0,-3394,0,0,3670,0,4126,0,-3979,-3939,0,0,-3914,0,0,0,0,-4410,0,5275,0,0,0,0,4254,0,0,0,0
84217079,Team1,0,0,0,0,0,0,0,0,0,0,0,3064,0,4127,-4046,0,-3899,5314,0,0,0,3605,0,0,0,0,4435,0,0,-3980,0,0,0,0,-4251,0,-4592,3515,-2880
84217080,Team1,0,-5329,0,-4558,0,0,4357,0,0,0,0,0,0,0,0,0,-4851,4146,0,0,4520,3445,0,0,0,0,0,0,-4592,-3678,0,4787,0,0,-3866,3121,0,0,0
84217146,Team0,0,0,0,0,0,4023,0,0,4687,0,0,0,0,-3994,0,3724,0,-4713,0,0,-4086,-4177,3873,0,0,0,0,4558,-4141,0,0,-3517,0,0,0,0,0,4202,0
84217212,Team1,0,3043,0,0,0,4242,-3927,0,0,0,3654,0,3770,0,0,0,-4173,0,0,0,-4501,3225,0,0,-3910,0,0,0,4626,0,0,0,0,0,-4781,0,-4398,0,0
84564680,Team1,0,0,0,0,0,4204,3955,0,3330,0,0,0,0,0,0,0,0,3858,0,0,0,-4538,0,-4783,0,-4384,0,0,0,0,-3735,-3779,0,0,3978,0,3444,0,-4730
84564763,Team0,0,0,0,3386,0,3703,-4592,0,-3858,0,0,4309,0,0,0,0,0,-3687,0,0,0,0,-3628,0,-4403,-3695,0,0,0,0,0,0,0,0,3485,0,4107,0,3424
84564842,Team1,0,0,0,0,-4127,-3350,0,0,0,0,0,4108,0,0,0,-5195,0,0,0,0,0,-3100,0,-4783,0,0,0,0,0,3923,0,4270,0,4404,0,0,-4013,4339,4237
84565007,Team0,0,0,3452,-3853,0,0,4393,-3976,0,0,0,0,0,0,0,0,0,0,0,-4427,3663,-2908,3815,4563,0,0,0,0,0,-3549,4295,0,0,0,0,0,0,-4296,0
84565036,Team1,0,0,0,0,0,-3730,0,-4845,4278,4990,0,0,0,4132,0,0,0,-4287,0,0,0,0,4640,0,0,0,0,0,-4450,0,0,4580,0,4432,-3793,-3591,0,0,0
84183626,Team0,0,0,4524,0,0,4272,0,4158,0,0,0,0,0,0,0,0,-4108,0,0,0,3289,0,0,0,0,0,0,-4331,-5010,4260,0,0,3978,0,-4066,0,0,-3788,-5064
84183640,Team1,0,0,0,0,0,0,0,-4081,-4569,0,0,0,0,4102,4701,0,0,-3853,0,0,0,-3417,3919,0,0,4837,0,3466,-2872,0,0,0,0,0,0,0,0,4482,-4245
84183660,Team0,0,0,4069,0,0,0,0,0,4821,0,-3736,0,0,0,0,0,0,0,0,0,3739,0,0,0,0,0,0,-3878,-4470,0,-4166,0,0,5524,-4558,0,3620,4574,-3786
84183730,Team0,0,0,0,0,0,0,0,0,0,0,0,0,0,0,0,0,0,0,0,0,3477,4586,0,0,4578,4324,0,-3927,-4397,0,-4516,0,-5282,0,0,3736,3346,-5131,-3870
84183734,Team0,0,3070,0,0,-4140,0,3776,0,0,0,0,-3702,0,3966,0,0,-4166,3689,0,0,0,0,-3708,0,-4834,0,0,-3954,0,0,0,3748,0,0,0,0,0,0,3427
84183752,Team1,0,0,0,0,0,0,0,0,-3897,0,0,0,4523,0,0,-3707,0,3955,0,0,3685,3516,0,0,0,0,0,0,-3774,4428,-3886,0,0,-4127,-3702,0,3724,0,0
84183753,Team1,0,0,0,0,-3777,0,0,-3919,-3441,0,0,0,0,0,0,5405,0,3708,3970,0,3628,-4845,0,0,0,4763,3269,0,0,-5127,0,0,0,0,0,0,0,-4103,0
84183819,Team0,0,0,3576,0,-4135,0,-4659,0,3905,3399,0,0,0,-3860,0,-3598,0,3838,0,0,0,0,0,3404,0,0,0,0,0,-3657,0,0,0,0,0,0,-4574,0,3313
84183854,Team1,0,0,0,0,3912,0,0,0,4022,0,0,-3885,0,3760,0,0,-3304,0,4617,0,0,-2981,0,0,0,-4394,0,0,0,4616,-4332,0,0,0,0,0,-4116,0,4581
84532765,Team1,0,0,0,4705,0,0,-3845,4100,0,0,0,0,0,4066,0,0,0,0,0,0,-4112,0,0,-3316,0,0,4664,0,-3335,0,4159,0,0,-3496,-3922,0,0,4426,0
84532819,Team1,0,0,4194,0,0,0,0,0,0,-4069,0,0,-4209,-4427,0,0,0,2958,0,0,3815,0,0,0,0,0,4003,0,-4239,-6599,0,0,0,3703,0,0,3368,-4378,0
84532838,Team1,0,0,0,0,3997,0,-3914,-3089,0,0,0,3881,0,-3322,-4710,0,4369,0,0,0,0,3966,0,0,0,0,0,0,0,0,0,3913,0,-3357,-4400,0,0,0,4414
84532891,Team0,0,-4069,0,0,0,4484,-4545,0,0,0,0,-4198,0,3885,0,0,-4122,0,0,0,0,-4121,-3817,0,0,0,3168,0,4516,0,0,0,0,0,3732,0,0,3764,0
84532930,Team0,0,-4119,3994,0,0,-4199,3352,0,-3690,0,4066,-4226,0,0,0,0,0,3593,-4319,0,3745,0,0,0,0,0,0,0,0,-3465,0,0,3767,0,0,0,0,0,0
84532934,Team0,0,0,4227,0,0,4083,0,0,4190,0,0,0,0,-5361,0,0,0,0,0,-3522,4193,0,0,0,0,0,0,-3273,-3821,0,-3322,-4631,0,0,0,4129,3858,0,0
84532935,Team1,0,0,3839,0,0,4175,4111,0,0,-3459,0,-3870,0,-3908,0,-3213,0,0,0,0,0,0,0,0,0,0,0,0,0,-3682,3141,0,0,-4710,3480,0,3573,0,0
84532966,Team0,0,0,0,0,0,0,0,4274,-3175,-3677,0,0,0,4371,0,0,0,5796,0,6134,-3861,0,0,0,-3702,0,0,4462,-5021,-4122,0,3979,0,0,0,0,0,0,0
84533026,Team0,0,0,0,0,0,3602,-3457,0,3940,0,0,5647,0,-4343,0,-3390,0,-3882,3545,0,4799,0,0,0,0,0,0,0,3333,0,-4214,0,0,0,-4563,0,0,0,0
84533027,Team1,0,0,0,0,-3898,0,0,0,-3785,0,2788,4765,3599,-4811,0,0,0,3447,-4103,0,-4614,0,0,0,0,-4168,0,0,0,5081,0,0,0,0,0,0,0,0,4206
84533063,Team1,0,0,0,0,0,0,4814,-4485,0,0,0,0,0,0,3759,-4083,0,-4320,0,-4401,0,-3661,4089,-3539,4618,0,0,2837,0,0,0,0,0,3408,0,0,0,0,0
84533086,Team1,0,0,0,3855,0,0,-3433,0,3953,0,-3768,0,0,4836,0,-3491,-3791,4406,0,0,-2944,0,0,0,0,0,0,0,0,4136,0,0,0,0,-4228,0,0,0,3460
84533089,Team0,0,0,-3760,0,0,-4447,0,0,4081,0,0,0,0,4439,0,-4496,0,0,0,4071,3364,-3879,0,0,0,4053,0,0,0,0,-4700,0,0,0,3947,0,-3494,0,0
84533101,Team1,0,-5112,0,0,0,-4294,0,0,0,0,0,3524,0,0,0,-3596,0,0,0,0,3758,4131,0,0,0,0,0,0,0,3723,-3533,0,-3654,3830,-4373,0,4066,0,0
84533170,Team0,0,0,0,0,0,-4580,0,0,-3383,4334,0,0,0,3256,0,-4250,0,-3927,0,0,0,3919,0,0,0,0,0,3949,3719,-4433,0,-4822,0,3914,0,0,0,0,0
84876748,Team1,0,0,-3807,0,0,0,0,0,3835,0,0,0,0,0,0,0,4370,3348,0,0,0,0,-4850,-3426,0,0,-3390,0,4481,4203,-3559,0,0,-3410,4962,0,0,0,0
84876768,Team1,0,-3698,-3814,0,5472,0,0,0,3614,0,0,0,0,0,0,0,0,0,0,0,0,-4109,-4221,0,0,0,3784,0,0,5223,0,0,0,3301,3319,0,0,-3902,-3306
84876780,Team0,0,0,0,0,0,0,0,0,3903,0,0,0,0,0,-3383,0,-3376,0,0,4861,4352,3199,3719,0,0,-4042,0,-3711,0,0,0,0,3616,0,0,0,-3533,-3066,0
84876796,Team0,0,0,-3211,0,0,-3927,0,0,0,0,-4603,0,-4105,4817,0,0,0,0,0,3643,-3594,-4321,0,0,0,0,0,3946,0,4005,4090,0,0,0,0,0,3726,0,0
84876882,Team0,0,0,0,0,0,-5302,3775,3343,0,0,0,0,0,0,0,-3864,0,3339,0,3080,-4391,4300,0,-4062,0,0,4028,0,0,-4039,0,0,0,0,0,0,-3487,0,0
84124910,Team1,0,0,0,0,4200,-3864,3602,0,-3184,0,0,0,0,0,0,4224,0,0,0,0,4068,-3487,0,4173,0,-4068,0,0,-4288,0,0,3965,0,0,0,0,0,0,-3783
84124957,Team0,0,0,-4619,0,0,0,0,-3583,0,0,-2806,0,0,0,0,0,-3876,0,3223,-3038,4458,3690,0,4117,0,0,0,0,0,-3653,3791,0,3764,0,0,0,0,0,0
84125030,Team0,0,0,-3661,0,0,-3852,0,0,0,3913,0,0,3670,-4155,-3713,0,0,0,0,0,0,0,0,0,-5371,0,0,4140,0,0,4367,0,0,0,3737,0,-4242,3589,0
84125043,Team1,0,-3540,-3882,0,0,3559,3528,0,0,-3519,0,4034,0,0,-4611,0,0,0,0,0,-4472,0,0,0,0,0,0,0,4000,0,0,0,0,3341,-3644,0,4471,0,0
84125054,Team1,0,-3474,0,0,0,4059,0,4753,3890,0,0,-4623,0,0,0,0,-3624,0,0,0,-3766,-5031,0,0,0,4162,0,0,3479,0,0,0,0,0,0,0,-3630,0,3852
84125146,Team0,0,0,0,0,0,0,0,3736,0,0,0,3587,0,0,0,0,0,3771,0,0,-3801,0,-3638,0,0,-3493,3978,-3776,0,4726,-3569,0,0,0,-3732,0,0,3684,0
84125175,Team0,0,-4216,4333,0,-3540,4104,0,0,0,0,0,0,3470,0,0,0,0,0,3419,0,3296,-4248,-4361,0,4613,0,0,0,0,0,0,0,0,0,-4292,0,0,-4494,0
84125178,Team1,0,4308,-4713,0,0,3560,0,0,0,0,0,3073,0,0,-4863,0,-3918,-4706,3461,0,3007,3680,0,0,0,0,0,0,0,0,0,-4294,0,0,-4140,0,0,0,0
84154561,Team0,0,0,-4178,-4540,0,0,-4147,-3916,0,4294,0,4027,-4737,0,0,0,3319,0,0,0,0,5001,0,0,0,0,0,0,4042,4226,0,0,0,0,-4089,0,0,0,0
84154598,Team1,0,0,0,0,0,0,0,0,0,0,0,4859,0,-4531,0,-4157,0,3954,-4461,0,-3473,4738,0,0,0,0,0,0,-4852,3628,-5399,0,0,3910,0,0,3910,0,0
84154602,Team0,0,0,4143,0,0,-3943,0,0,0,-3966,0,-3967,0,0,0,-4972,0,0,0,4998,3996,3762,0,0,0,0,0,0,0,0,0,0,0,-4660,-3891,4730,3610,0,0
84154615,Team0,0,0,0,0,0,0,0,0,3858,3442,0,0,0,-3887,0,4047,0,0,-4799,0,0,0,0,-4205,3725,0,0,-3965,-3836,0,0,0,0,0,-4095,4025,0,4287,0
84154651,Team0,0,0,0,0,3486,0,0,0,0,0,0,4489,0,5113,0,0,0,-3895,0,-4353,0,0,0,3825,-3347,0,-3846,0,0,-3610,4891,3806,0,0,-4145,0,0,0,0
84154695,Team1,0,0,0,0,-4115,3937,4927,0,0,3620,0,0,-3223,0,4043,4897,-4536,0,0,0,0,0,0,0,0,0,0,-4687,4067,0,-5087,0,0,0,0,0,-4850,0,0
84154712,Team0,0,0,-4979,0,0,4788,0,0,0,0,0,0,0,3829,0,0,0,-3756,0,0,5369,-3495,0,0,0,4645,-4167,4245,-5135,0,-3272,0,0,0,0,0,3226,0,0
84154770,Team1,0,-4481,0,0,0,0,-4247,0,0,0,0,-4625,0,0,0,0,0,0,0,0,3852,0,-3719,0,0,0,0,3404,0,0,5617,3347,3488,-3779,0,0,0,4163,-3799
84368803,Team0,0,0,3879,0,0,-5411,0,0,0,0,0,0,0,-3506,3993,-3529,0,0,0,0,0,0,-3481,0,0,0,0,0,-4696,-3850,0,3541,0,4423,3486,0,0,3456,0
84368843,Team0,0,0,4074,3753,0,4107,0,0,0,0,0,0,0,0,0,3842,0,4073,0,0,-5008,-3618,0,0,0,0,0,-3773,0,-3328,0,-4960,0,-4242,4693,0,0,0,0
84368869,Team1,0,0,0,0,0,0,0,0,0,-4449,0,0,0,0,0,-4080,0,-3888,0,0,3275,0,0,0,0,-4666,3040,3891,0,0,0,0,0,4961,-4445,0,3584,3333,-4467
84368871,Team0,0,0,0,0,-3763,0,4597,4838,-4106,0,0,0,0,-3593,0,0,0,0,0,0,0,3759,3707,-3891,0,0,0,0,0,0,-3628,0,0,0,0,0,-3848,3930,3642
84368890,Team1,0,0,-4035,3710,0,0,-3065,0,0,3680,0,0,0,3928,4115,-4124,0,0,0,0,0,-3838,0,0,0,0,-4577,0,0,3943,0,0,0,0,0,3830,0,-3817,0
84368914,Team0,0,3905,0,0,0,0,3469,0,-3726,0,0,3428,0,0,0,0,0,0,0,0,4260,-3926,0,0,-3992,0,0,0,0,-4318,0,0,0,4027,3635,0,0,-4341,-3330
84368915,Team0,0,3832,-4628,0,0,-4398,-3637,0,0,0,3540,3836,0,0,0,0,0,0,0,0,0,4116,0,0,0,0,0,0,0,0,0,5464,3462,0,0,0,-3740,-3610,-3599
84368983,Team1,0,0,0,0,0,0,0,0,4002,3984,0,0,0,-3672,0,3373,0,0,-3604,0,3405,0,0,0,-4087,0,0,0,-3386,0,4164,0,0,0,3425,-3741,0,-3579,0
84096257,Team1,0,0,-3401,0,0,-4094,4290,-3646,0,0,0,-5900,0,5051,0,0,0,0,0,0,4828,0,0,0,0,0,0,0,0,0,0,0,0,-3223,-3795,0,3986,3395,3606
84096263,Team0,0,0,0,-3392,0,0,0,0,-4098,-4311,0,3492,0,0,-4543,0,0,-3214,4651,0,0,3549,0,0,0,0,0,3766,0,0,3568,0,0,4891,-3866,0,0,0,0
84096296,Team0,0,0,0,0,0,0,0,0,3193,0,0,4376,0,-3383,0,0,0,3648,-3570,-2744,0,5178,0,0,0,0,0,-3383,0,4361,0,0,-3783,-3902,0,3820,0,0,0
84096324,Team1,0,0,0,4103,0,0,0,0,0,3732,0,0,0,-3878,0,0,0,-4005,0,0,0,4432,0,-3991,0,0,0,0,0,0,-4757,-3365,0,0,-4223,3874,0,4122,4118
84096370,Team1,0,0,-4562,0,0,-3406,0,0,0,3273,0,-4841,4819,3946,0,0,0,0,0,0,0,0,0,0,0,-3843,0,0,3434,4136,0,-4087,0,-4161,0,4258,0,0,0
84096372,Team0,0,0,0,0,0,0,0,-3891,0,0,3794,-4041,4318,0,-3809,0,0,-3960,0,-2927,0,-3670,0,0,3720,3906,0,0,0,0,0,0,0,0,0,0,0,3847,3607
84096405,Team0,0,0,0,3866,0,4791,0,0,0,0,0,5568,0,-4698,0,0,0,0,-3451,0,0,0,-3384,-4237,0,0,0,4518,3877,0,0,3743,0,0,0,0,0,-3769,-3361
84096406,Team0,0,0,-5920,-4572,0,4881,0,-3583,-3509,0,3956,3912,-3486,0,0,0,0,0,0,0,4146,0,0,4610,0,-3212,0,0,0,0,0,0,0,0,3461,0,0,0,0
84096421,Team1,0,4377,0,0,0,-3669,0,3646,0,0,0,0,0,0,0,0,3864,-4659,3788,0,0,4006,0,0,0,0,0,-3329,0,-2998,0,3402,0,0,-3749,0,-3928,0,0
84096439,Team1,0,0,0,0,0,0,0,0,3649,0,0,-3478,0,-4526,0,0,0,0,-3720,0,-4448,0,0,0,0,0,0,-4144,0,3541,4210,3409,0,-3345,0,3881,0,0,4153
84096445,Team0,0,-5410,0,0,0,0,0,0,-4063,4494,0,-4457,0,0,4534,5196,0,-3636,-3915,0,0,0,0,0,0,0,0,0,0,3526,4457,0,0,0,3478,-3691,0,0,0
84096458,Team1,0,0,0,0,4212,-4239,-4275,0,3889,0,0,3726,0,3860,0,0,0,0,3283,0,0,0,0,0,-4257,0,0,0,0,0,3458,0,0,-3725,-3629,0,-3353,0,0
84096463,Team0,0,-4266,3482,0,-4149,3574,0,0,-4220,0,3327,3601,0,4004,0,0,0,0,0,0,-4026,0,0,0,0,0,-3395,0,3877,-3860,0,0,0,0,0,0,0,0,0
84096497,Team1,0,0,0,0,0,4124,0,4069,0,0,0,0,0,0,0,0,0,0,-3857,0,0,-3673,0,0,-3535,0,0,0,0,0,0,0,4244,-3831,-3824,4799,0,0,0
84594401,Team0,0,0,4541,0,0,4275,0,3273,3708,0,0,0,0,0,0,0,0,-3410,0,0,-3623,0,0,-4098,0,-4022,0,4104,0,0,0,-3340,0,0,-4346,0,0,4073,0
84594427,Team1,0,0,4105,0,0,0,0,0,-4411,0,-3173,-3856,0,4198,0,0,0,3501,0,-3957,-3617,-5267,0,3851,0,0,4592,0,0,0,3702,0,0,0,0,0,0,0,0
84594438,Team0,0,4429,0,0,0,-3665,0,0,-3427,4239,0,0,0,-3396,0,4099,0,-3458,0,0,0,3649,0,0,3939,0,0,0,-4395,0,0,0,0,0,0,4030,-3084,0,0
84594518,Team1,0,-4456,0,4204,-3547,-3917,0,0,0,0,0,3089,0,0,0,0,5043,3742,0,0,0,0,0,0,0,0,0,0,0,3693,0,-3521,0,0,-3707,0,3730,0,-4702
84594587,Team1,0,0,-5319,0,3443,3194,0,0,0,-3986,0,4043,0,0,0,0,0,-3705,0,0,-4079,-3736,0,0,3416,4414,0,0,3257,0,0,0,-3974,0,0,0,0,0,0
84594685,Team1,0,-3641,3179,0,0,0,0,0,4813,0,0,3674,0,-4332,0,-3288,0,0,0,-3667,0,4533,0,0,0,3483,0,0,0,-3397,0,0,0,0,-3807,0,3526,0,0
84938778,Team1,0,0,-2973,0,0,-10448,0,0,-2973,0,0,852,726,0,0,0,0,0,0,726,-2898,0,0,0,0,0,0,0,-2898,0,0,852,0,852,-11156,0,0,852,0
84938916,Team0,0,0,3475,0,-3882,3721,-3877,4074,4046,0,0,0,0,-4120,0,0,0,-4366,0,0,0,0,0,-3704,3587,0,0,0,0,3224,0,-4117,0,0,0,0,0,0,0
84939008,Team1,0,3935,-3923,0,0,4572,0,0,0,0,0,0,4161,0,-4464,0,0,0,0,0,-3887,0,4198,0,0,0,0,0,0,4008,0,-3419,0,-3518,-4099,0,3496,0,0
84939035,Team0,0,-3732,0,0,-4432,0,0,0,-3812,0,0,0,0,0,0,0,3546,0,-3710,0,-5750,0,0,0,0,0,0,4423,0,4772,0,0,0,0,-3451,0,3605,3848,4958
84939048,Team1,0,0,-4897,0,0,0,3663,0,-4364,0,3512,-4903,3101,0,3631,-3475,0,0,0,0,0,-3868,0,0,0,0,3882,0,0,0,0,0,0,0,3744,0,-4431,0,0
84689325,Team1,0,0,3460,0,0,4047,-3623,0,4687,0,0,4892,0,0,0,-4241,0,4333,-4228,0,0,-3475,0,0,0,0,0,0,-4352,0,0,0,0,-3243,4565,0,0,0,0
84689362,Team0,0,0,-4061,-4725,0,0,-5036,0,0,0,4313,0,0,-4195,0,0,5050,0,0,0,3339,0,0,0,0,0,0,0,4117,4057,0,3960,0,-3756,0,-4213,0,0,0
84689435,Team1,0,3744,0,0,0,-3933,0,0,0,0,0,-3655,0,3832,0,0,0,3781,0,0,0,0,0,0,0,0,0,-4085,0,3379,0,0,0,-3571,-4047,-4351,3425,0,4091
84689438,Team0,0,-3689,3412,0,0,0,-5031,0,0,0,0,0,4665,0,-4717,0,-3853,4018,0,0,0,0,3722,0,0,0,0,0,0,0,0,0,0,0,5173,0,-3641,3376,-3375
84689511,Team0,0,0,0,-3605,0,0,-5539,0,-4300,4146,4577,0,0,0,0,4171,0,0,0,0,4090,2873,0,-3670,0,0,0,0,4389,0,0,0,0,0,0,-4216,-4040,0,0
84971950,Team1,0,3728,-3885,0,0,-3667,0,-4271,4038,0,0,0,0,0,0,-3381,0,3279,0,0,-5530,4587,0,0,0,-4074,0,0,4690,0,0,0,0,0,0,0,0,0,4135
84971952,Team1,0,0,0,-4463,0,-5583,0,0,0,0,0,5209,-4134,0,0,4027,0,0,-3845,0,-4667,4042,0,0,0,0,0,4095,0,0,0,0,0,0,3361,0,3663,0,-4791
84971954,Team1,0,0,4127,0,0,4052,0,0,0,0,0,2620,-4535,0,0,0,3480,-3521,-4766,-3693,0,0,0,0,0,-3713,0,0,4424,0,0,0,0,0,-4048,0,4052,0,0
84971958,Team0,0,-4194,0,0,0,3983,3143,-5636,4801,0,0,3832,0,-4282,-5057,0,0,0,0,0,3409,-3617,5135,0,0,0,0,0,0,-4890,0,0,0,0,0,0,0,0,0
84971960,Team0,0,-3405,-4345,3380,0,5432,0,0,0,4222,-4693,0,4607,0,-3708,0,0,0,0,0,-3579,3492,0,0,0,0,0,0,0,0,0,0,-3895,0,0,0,0,0,4431
84971977,Team1,0,3511,3447,0,0,0,0,0,0,0,0,-3651,0,0,0,3599,3624,0,0,0,3499,-3706,3483,0,-3703,0,0,0,0,0,0,0,0,-4083,-3595,0,0,-4245,0
84972081,Team1,0,0,-3664,0,0,3668,0,0,4144,5040,-3183,0,0,0,-4223,4484,0,0,-4101,0,0,4375,0,0,0,0,0,0,0,0,4406,0,0,-4084,-4516,0,0,0,0
84972083,Team1,0,0,3685,0,0,-4710,5204,0,0,0,-4763,0,0,0,0,-3924,3976,3394,0,0,0,0,0,3291,0,0,4101,-3549,-4739,0,0,0,0,0,0,0,0,-4159,0
84972119,Team1,0,3544,0,0,-3464,0,-3979,0,0,0,0,0,0,0,0,-3636,3608,0,0,0,3385,-3816,0,0,0,3367,0,4065,0,0,0,3714,0,0,-4122,0,-4065,0,0
84972122,Team0,0,0,3547,-4989,0,0,-3773,0,0,3247,0,0,0,4091,4709,0,0,-3889,0,0,0,0,0,0,0,0,0,0,-4721,0,3725,0,-3962,-4315,4563,0,0,0,0
84972143,Team0,0,0,-3713,0,0,0,3885,0,3724,0,0,-3832,0,0,3635,0,0,3781,4287,3815,0,0,0,0,0,0,0,0,0,0,-3268,0,0,-3717,0,-3993,-3257,0,0
84972209,Team1,0,0,0,0,0,0,0,-4177,-4093,0,0,0,0,4529,0,0,0,-4977,0,4640,3965,-4102,0,4681,0,-5636,0,0,3900,0,0,0,0,0,3875,0,0,-4063,0
84972214,Team0,0,0,0,0,-4761,0,0,0,-3499,-3574,0,0,0,0,-4555,0,0,4208,0,0,5228,-3568,0,3891,0,0,0,-3663,0,3374,0,3295,0,0,4191,0,0,0,0
84972247,Team1,0,0,-3578,0,0,0,4799,0,0,-3108,0,0,4365,0,0,0,0,-3618,0,3587,0,0,0,0,0,0,3638,0,0,-4560,4204,0,0,0,-4045,3942,0,0,-3587
84625928,Team0,0,-3827,0,-4070,0,-3582,0,-4205,0,0,0,0,0,0,0,3184,3839,0,0,0,3385,0,0,0,-3649,0,0,0,3443,3608,0,3818,0,0,-3441,0,0,0,0
84626006,Team0,0,-3365,-4687,0,0,3157,0,-4596,-3149,4036,0,0,0,0,0,4553,-4148,0,0,0,0,0,0,0,0,0,0,5233,0,0,3944,0,0,0,0,0,4138,-5143,0
84626033,Team1,0,0,-5122,0,0,3666,0,0,4306,0,0,0,-3750,0,0,0,0,-3694,-3838,0,-4806,-3619,0,0,4257,0,0,0,2773,0,0,0,0,0,4986,3988,0,0,0
84626045,Team1,0,-5098,0,0,0,3563,0,3635,-3941,0,0,-3984,0,-3810,0,3436,0,3811,0,0,0,0,0,0,0,0,0,0,3617,0,0,0,0,-5237,4130,0,0,-5956,0
84626061,Team1,0,0,0,0,0,0,3620,3979,3667,0,-3751,-3653,0,-3628,0,0,0,3997,0,0,0,-3742,0,0,0,0,0,0,0,-3824,0,0,0,3283,0,0,3549,-4403,0
84626156,Team1,0,0,0,3666,0,0,0,0,0,-4335,0,-3611,0,0,0,-3299,3767,0,0,-4013,-3492,4479,0,0,0,4484,0,0,3784,-3411,0,0,0,0,0,3310,0,0,0
84626185,Team0,0,0,-4909,0,0,-4067,0,0,0,3912,3317,0,0,0,0,3785,0,-3956,0,0,-3543,0,0,0,0,0,0,-3907,4542,0,3455,0,0,0,4205,0,-3854,0,0
84626256,Team0,0,0,-3468,0,0,0,0,0,0,0,-3585,-3785,0,0,-3822,4248,-3607,3361,0,0,0,4354,0,0,0,-3026,0,0,0,4523,0,0,0,0,3677,0,0,4356,0
84065603,Team1,0,-3717,0,0,0,-3616,0,0,0,-3839,0,3276,0,0,0,0,3883,0,0,0,-4411,-4581,0,0,-3368,0,0,3499,0,4393,0,0,0,0,3498,0,0,0,3500
84065640,Team0,0,4975,0,0,0,0,0,0,0,0,0,2980,0,4242,0,-3745,0,0,4127,0,4988,0,0,-4933,0,0,-4551,-4505,0,-3609,0,-4440,0,0,0,0,0,0,4657
84065708,Team0,0,0,0,-4510,-3787,3166,3267,0,3891,0,0,0,-2861,3280,0,0,0,-4548,0,-4904,0,-3165,0,0,0,0,0,0,0,0,0,0,0,0,3325,0,0,4161,0
84065761,Team0,0,0,0,3603,0,4367,0,0,0,3646,0,4017,0,4889,-3365,0,0,0,0,-3650,0,0,0,0,0,0,-3326,-3813,-3593,3722,0,0,0,0,0,0,-4674,0,0
84065809,Team1,0,-4643,4405,0,3394,0,0,-4093,0,0,4310,0,3183,4145,0,0,0,-4308,0,0,3690,-3228,0,0,0,0,0,0,-3433,0,0,0,0,0,-3615,0,0,0,0
84065837,Team0,0,0,3372,0,-4123,0,0,0,0,0,0,0,0,-3571,0,-4682,3427,0,3980,0,4379,0,0,4164,0,0,0,-3613,0,0,0,-3508,-3650,0,4771,0,0,0,0
84065870,Team1,0,0,0,0,-4771,0,0,3404,3688,0,0,0,0,-3811,0,0,0,0,-4497,0,3378,-4172,-4263,-3402,0,0,0,4585,3771,0,0,0,0,3798,0,0,0,0,0
84398466,Team0,0,0,0,0,0,-3479,-4221,0,-4399,0,0,-3456,0,0,0,3791,0,0,0,4393,3592,0,0,0,0,0,3452,0,0,3364,0,0,0,0,0,-4834,4055,-4001,0
84398647,Team1,0,-4273,0,3854,-3182,0,3605,0,0,0,0,0,-4216,0,0,0,0,3559,0,0,3920,0,0,0,0,0,-4777,0,-4247,0,0,4385,0,-5589,0,0,0,0,4220
84280055,Team1,1,0,0,0,0,-5534,0,-3571,0,0,0,3457,0,3203,0,-4220,0,0,0,-5184,3926,0,0,-3498,3582,0,3785,0,0,0,0,0,0,3092,-3693,0,0,0,0
84280073,Team0,0,0,4789,3543,0,3717,-3337,0,0,0,0,3781,3190,-4048,0,0,-4977,0,0,0,0,0,0,-3538,0,0,0,0,-3643,-4067,0,0,0,0,3403,0,0,0,0
84280185,Team1,0,3733,-3874,-2780,0,0,0,4649,3526,0,0,0,3692,0,0,0,0,0,0,-5356,0,-3167,0,0,0,0,0,0,0,4463,4303,0,-4948,0,0,0,0,0,-3274
84280191,Team0,0,0,0,0,3965,0,0,0,0,4255,0,3525,0,0,0,-4446,4409,-3713,6066,0,0,-4772,0,0,0,0,0,5020,0,0,-3229,0,0,0,-3804,0,-3735,0,0
84500331,Team1,0,0,3567,0,-4142,-4370,0,0,0,0,0,-3470,-3298,0,0,0,0,0,0,0,4820,3404,3579,0,0,0,0,0,4220,0,0,-4124,0,0,0,4933,0,-3912,0
84500823,Team1,0,4381,0,0,0,3575,-5047,0,5078,0,0,3967,0,3747,0,0,0,0,0,0,0,0,-3905,-3985,-3850,0,0,0,0,3235,0,0,0,-4084,-3468,0,0,0,0
84656971,Team1,0,0,-3772,0,0,0,0,0,-3469,-4540,0,0,0,3564,0,0,0,-3887,0,3554,-3330,0,0,0,0,0,4021,0,4034,3317,0,0,0,0,-3416,0,0,0,3813
84656985,Team1,0,0,0,0,-3687,4228,4065,0,-3934,0,0,0,0,4376,0,0,0,0,0,-4123,-3299,-3994,3934,0,0,0,0,4140,3924,0,0,0,0,0,0,0,-4387,0,0
84657015,Team1,0,0,-4355,3876,4348,0,0,0,0,0,0,-5320,0,-5181,0,0,-3930,0,-3666,0,0,3384,0,3240,0,0,3486,0,0,0,0,0,0,0,3584,0,0,0,-3644
84657070,Team0,0,0,3837,0,3940,-3229,0,0,0,0,-3839,0,0,0,0,5371,3533,0,0,0,0,3728,3927,0,0,0,0,0,-3734,-3754,0,0,-3551,0,0,0,0,0,-3613
84657129,Team1,0,0,0,0,0,-4487,3944,0,0,0,-3483,0,0,0,0,3909,0,4210,0,0,-3562,0,0,0,0,-4214,0,-5088,0,0,0,0,0,4489,-3800,0,2987,4603,0
84657221,Team1,0,5418,0,3328,0,0,0,0,0,0,0,0,0,0,0,0,0,0,0,0,0,0,0,0,0,0,0,0,0,4227,0,0,0,4223,0,0,4343,0,0
84002117,Team1,0,2842,0,0,0,0,0,3335,0,-4287,0,0,0,5029,0,0,0,-3524,0,3753,4755,0,0,0,0,0,0,-4413,0,0,0,0,0,0,0,0,0,-4786,0
84002167,Team0,0,0,0,0,-3414,0,-4736,0,3830,0,-4693,3808,0,-3516,0,4309,0,3292,0,0,0,4663,-4098,0,0,0,0,-3701,0,4864,0,0,0,0,0,0,0,0,0
84002168,Team0,0,-5058,0,4313,0,0,0,0,0,0,4165,0,4705,0,0,0,-3524,0,0,4108,0,0,0,0,0,0,0,0,0,0,4077,-3631,-3326,0,-3588,0,0,-4322,4181
84002239,Team0,0,4732,0,0,0,-4444,-5231,0,0,-3848,0,-3224,0,3532,-2980,3923,0,0,4080,0,0,-5034,0,0,0,0,0,0,0,0,0,0,0,0,0,4286,0,4268,0
84002249,Team0,0,0,0,0,0,0,-4902,0,0,-3940,4736,3971,0,0,0,0,0,-3688,0,4157,0,3894,0,3948,0,0,0,-3657,-3720,0,0,0,0,0,0,-4296,0,4094,0
84002287,Team1,0,0,0,-4280,0,-4561,0,0,-3499,0,0,-5519,0,0,0,0,0,-3957,0,0,0,0,-4790,3921,0,0,0,3530,0,0,4070,3175,0,0,0,3352,0,3850,0
84002290,Team0,0,0,0,0,0,0,-4270,0,-3354,0,-5286,0,0,-3451,0,0,0,0,0,0,-5161,3159,0,0,0,0,0,0,3905,4186,0,3229,0,4498,0,0,0,-3938,4831
84002292,Team1,0,0,-3831,0,0,4691,0,4929,4056,0,0,0,0,0,-4798,0,0,-3637,-4459,0,0,0,0,0,0,3375,0,4234,0,0,0,0,-3820,4098,0,0,0,0,-3487
84002314,Team0,0,-4164,0,0,0,0,0,0,0,5449,0,3838,4026,4639,0,0,-4496,0,3817,0,0,-3944,0,-5354,0,-4682,0,4304,-4606,0,0,0,0,0,0,0,0,0,0
84002323,Team1,0,4054,0,0,0,3309,0,0,-4148,-3740,0,-5763,0,3297,0,0,0,-4576,0,0,0,0,0,0,0,0,3768,4327,-4423,4367,0,0,0,0,0,0,0,0,-3646
84002337,Team1,0,0,0,0,0,0,0,0,0,0,0,0,0,0,0,0,0,0,0,-4021,0,0,0,0,0,0,0,0,0,0,0,0,0,0,0,0,0,0,0
84818139,Team1,0,-4280,-3564,0,0,4410,0,0,0,3617,-3829,0,0,0,0,0,0,0,0,0,-3761,-4345,0,0,0,3575,0,3432,0,0,0,0,0,0,-3895,0,3342,4031,0
84818161,Team1,0,0,-4256,4685,0,0,-3384,0,0,0,0,0,3784,-3926,0,0,-3215,-3282,4105,0,0,0,0,0,0,0,0,0,0,4227,3741,0,0,3861,-3572,0,0,0,0
84818181,Team1,0,0,3371,0,-3510,0,0,0,3191,4624,0,0,0,0,0,-3439,-4245,3514,0,0,0,0,0,4933,0,0,-5221,0,-4862,0,0,0,0,0,0,3357,0,0,-2956
84818233,Team1,0,3331,0,0,0,0,-4762,0,0,-4573,3392,3733,0,0,0,0,0,3680,0,0,-4343,0,0,0,0,0,-3428,-3703,0,0,0,0,3819,-4351,0,3786,0,0,0
84818255,Team0,0,3365,0,3986,0,0,0,0,0,-3553,0,0,0,-4283,0,-4122,0,-3721,0,0,0,0,0,0,0,0,3998,-3483,0,3423,0,0,0,0,4087,0,3267,-3333,0
84818261,Team1,0,0,0,-3822,5970,0,0,0,0,-4003,0,-3999,0,0,0,0,0,0,0,0,-3115,0,0,0,0,0,4799,4221,0,0,0,0,3338,-5543,-3979,0,617,4685,0
84818299,Team0,0,0,0,-3410,0,3924,5225,3311,0,0,-5372,0,0,3951,0,0,0,-3732,0,0,0,-3673,0,0,0,0,0,3698,0,0,0,0,-4790,0,0,3815,0,-3483,0
84818300,Team1,0,3593,3530,-4737,0,0,0,0,3640,0,0,0,0,0,3444,0,0,-3253,0,-4713,0,-4981,0,0,0,0,0,0,0,0,0,-3610,0,3726,0,4437,0,0,-3754
84818305,Team1,0,4411,0,0,0,-2633,0,0,4163,0,0,-3628,0,4016,0,0,0,0,4157,0,0,0,0,0,3984,0,0,0,0,-4169,0,0,0,-2778,-3036,0,-4449,4012,0
84818355,Team1,0,3337,0,-2945,0,-4794,0,0,0,-6105,0,4643,0,0,0,-2975,4226,0,0,0,0,-4099,4096,0,-4329,0,0,0,0,5051,0,0,0,0,3755,0,0,0,0
84818357,Team0,0,0,0,0,3608,0,0,0,-3702,0,3696,0,0,0,0,0,-3843,0,-4193,4426,-4113,0,0,-3615,0,-3556,4160,0,4581,0,0,0,0,0,4191,0,0,0,0
84818359,Team1,0,3415,-5119,0,0,0,4572,0,0,0,0,0,0,-4283,0,-3555,-3604,0,3573,0,4674,0,0,0,0,0,3671,0,0,0,0,0,0,3596,-4683,0,0,-3789,0
84846400,Team1,0,4188,0,0,0,3961,0,0,0,0,0,0,0,3362,0,0,0,0,-5338,0,0,0,0,0,3875,3542,0,-6002,0,0,-3468,4440,0,-3265,-2979,0,-3386,0,0
84035132,Team1,0,0,-3754,0,3594,0,0,0,0,0,0,3951,0,5066,0,0,-3757,-3920,0,0,0,0,0,0,0,0,0,-3859,5981,0,0,3579,0,3659,0,0,-3833,-3916,0
84035169,Team0,0,0,0,4548,-4537,0,3487,0,0,0,0,3325,0,-4287,0,0,0,0,0,0,-4486,0,0,-3600,0,0,0,0,0,-2675,0,0,3631,0,0,4014,-3882,0,3723
84035182,Team1,0,0,3989,0,0,0,0,0,0,-4327,0,-3381,-4197,0,0,0,0,-3475,-3631,0,-5088,3535,3779,3435,0,0,0,0,4089,0,4246,0,0,0,0,0,0,0,0
84035274,Team0,0,0,0,0,-3297,0,0,-3144,0,0,0,3506,0,0,-4719,0,0,0,3091,-4490,0,4185,0,6192,0,-4313,0,0,0,0,3448,-3941,0,0,0,0,0,3842,0
84035284,Team1,0,0,4238,3736,0,0,-3496,0,-4887,0,0,0,0,0,0,3996,0,-5072,-4930,0,-4119,0,3595,-5022,0,0,0,4384,0,0,0,0,0,0,0,0,0,0,3277
84035334,Team0,0,-4398,0,0,-4162,0,0,0,0,0,0,4520,0,3221,3999,5368,0,0,3218,4089,0,-3747,0,0,0,0,-5010,0,-4394,0,0,0,0,-4784,0,0,0,0,0
84035344,Team0,0,0,0,0,0,0,0,3581,0,0,-3448,-3584,-4249,-3568,0,0,0,0,0,-3303,0,0,0,0,4845,0,0,4033,0,0,3625,0,0,-3238,0,0,4311,4155,0
84035368,Team1,0,0,3130,0,3681,0,0,0,0,0,0,0,0,-3362,0,-3794,0,-3821,0,0,0,4014,-3838,0,3177,-3491,0,0,0,-4345,0,4003,0,0,3910,0,0,0,0
84035412,Team0,0,0,-4750,3386,0,0,5433,0,0,0,0,-4646,3549,-4485,0,0,0,0,3427,-5400,-2914,0,-4568,0,0,0,0,0,0,0,3220,0,0,0,0,0,0,0,3954
84310943,Team1,0,0,0,0,-4384,0,0,0,3099,-4489,3881,-4184,0,-4857,-4794,0,0,0,-3616,0,0,0,0,0,0,0,0,3459,0,3322,0,0,0,0,0,0,0,4025,4813
84310945,Team1,0,-3414,0,-4185,0,4280,0,-3612,0,0,0,3558,0,0,0,0,0,4145,0,0,-3501,-3893,3629,0,0,0,0,4198,0,0,0,0,0,0,0,0,3852,-3522,0
84310971,Team0,0,-3566,0,0,0,-3466,0,-3311,0,0,0,0,-5109,3069,0,0,0,0,0,0,0,-4190,0,0,-4111,0,0,4474,0,0,0,4352,0,3435,0,4710,0,4604,0
84310973,Team0,0,0,-4321,0,0,0,4227,0,0,0,0,0,0,0,0,4787,0,4030,0,0,-3606,0,4725,0,3539,0,-3570,0,0,-3834,0,0,0,0,-3578,0,-4152,5066,0
84311015,Team1,0,0,-5172,3203,0,0,0,0,4255,0,0,0,0,-4544,0,0,3837,3531,3487,0,0,0,0,0,-3512,-3960,0,3494,0,0,0,0,0,-3383,-3889,0,0,0,0
84755706,Team0,0,0,0,0,3041,0,-3484,0,0,0,-3887,0,0,3362,3960,-3135,0,3582,0,0,-3498,0,0,-3891,0,0,0,0,0,0,0,0,0,-3992,0,3812,3836,0,0
84755886,Team0,0,0,0,0,-3432,0,0,3284,-4847,3394,0,5799,-4581,0,0,0,0,4409,3845,-4632,-4208,0,0,0,0,0,0,0,0,0,0,0,0,0,-5970,4380,0,0,0
84757176,Team0,0,0,-3297,0,0,0,3904,0,4039,0,0,0,0,0,0,0,0,0,-4060,0,-3738,0,0,0,4560,0,-4264,0,-3846,0,-3498,0,0,5037,3807,0,0,5462,0
84465935,Team0,0,0,-3857,0,0,0,0,0,0,0,0,0,-3828,0,0,0,-4134,3410,0,-3353,3630,0,0,0,0,0,0,0,-3602,0,0,0,0,0,0,-3902,3906,0,0
84465966,Team0,0,0,0,4414,0,-3914,0,0,3840,-4146,3992,-4731,0,0,0,0,0,-3545,0,3647,3847,3727,0,0,0,0,0,0,0,0,0,-3648,0,0,-4180,0,0,0,0
84466029,Team1,0,0,-4257,0,0,-4628,0,0,0,-3509,4432,-4002,0,-4278,0,0,0,3220,4278,0,0,0,0,3800,0,3981,0,0,-3831,0,0,0,0,0,0,0,2668,0,0
84466030,Team0,0,0,-5124,0,0,0,3492,0,0,0,0,3991,0,0,0,-4143,2662,3863,-3738,0,-3821,0,0,0,-5867,0,0,0,3538,0,-3792,0,0,0,3812,0,0,0,0
84466068,Team1,0,-5144,5375,0,0,0,0,5518,0,0,3537,-4425,-4641,0,0,0,-3513,0,-3611,0,3756,3417,0,0,0,0,0,0,0,0,-3004,0,0,0,0,0,0,0,3638
84466084,Team0,0,-4252,0,0,0,0,0,0,0,0,0,3501,0,-4248,0,-4025,0,0,4103,0,-4209,0,0,-4808,0,0,0,0,0,0,0,0,0,3499,5441,3875,0,-3905,4726
84466107,Team1,0,-3045,0,0,0,0,4489,0,0,0,0,0,0,0,-3527,0,3645,0,0,-5382,0,4680,0,0,0,0,0,-4587,4574,4258,0,-3645,0,-3224,0,4188,0,0,0
84466160,Team1,0,0,0,0,0,0,-3509,0,-3676,0,0,0,0,0,3862,4009,0,-3590,3419,0,-3231,3263,0,0,0,0,0,0,-3815,4097,4124,0,-3781,0,0,0,0,0,0
84466239,Team0,0,0,3891,0,0,4658,4012,0,0,0,0,0,0,0,-5502,0,0,0,0,0,3879,0,0,-3646,0,0,0,0,0,-4511,0,4329,0,-4291,0,4550,-2715,0,-3930
84466241,Team0,0,0,0,0,0,3579,0,0,0,-3746,0,3655,0,0,0,0,0,0,0,0,-4038,-4355,-3910,0,0,3600,0,-3662,0,-4303,0,0,0,4662,4850,0,3430,0,0
84905873,Team1,0,0,3877,0,-3398,0,0,0,0,-4026,0,0,0,0,0,-4004,4420,-3430,0,0,0,0,0,0,4117,0,-4152,0,3761,0,0,3522,0,0,-4349,0,0,0,3224
84905897,Team1,0,0,-4190,0,0,0,0,0,0,-3993,0,0,0,0,-4466,0,0,-4342,3438,0,4372,-3956,0,3708,0,0,0,0,0,4353,0,0,3851,3803,-4311,0,0,0,0
84905923,Team1,0,0,0,0,0,-4087,0,0,0,-3520,0,-3969,0,-3980,0,-3194,0,4718,0,0,0,0,0,4295,0,-4067,0,0,4085,0,3893,0,4007,0,0,0,4082,0,0
84905954,Team1,0,0,-4179,0,0,0,3724,-4456,3446,0,-4011,-4938,0,0,0,0,0,0,-4118,0,3923,0,0,0,3968,0,0,0,0,0,3136,0,0,-3485,0,0,3647,0,0
84906054,Team1,0,0,0,0,0,0,-4443,0,3931,-4219,4003,3771,0,-4828,-3385,0,0,0,0,0,0,0,0,0,4040,0,0,0,0,3943,0,0,0,3473,-4590,0,0,-3955,0
84906136,Team0,0,-5099,0,0,0,0,4433,-3683,0,4355,0,0,-3702,0,0,0,0,-4290,0,-3463,0,3614,0,0,0,0,0,3969,4906,0,0,0,0,3892,-5110,0,0,0,0
84906154,Team1,0,0,0,0,0,0,0,-4120,0,0,3767,3828,0,-3595,0,4202,0,0,0,0,4988,4576,0,0,0,-3509,0,-5396,0,0,0,0,0,-4528,4340,0,0,0,-4252
84906263,Team0,0,-4459,4396,4270,0,0,0,0,0,0,0,5173,0,0,0,-3829,4875,0,0,0,3751,-5127,0,0,0,0,0,0,0,-4244,-4337,0,-3931,0,0,0,0,4061,0
84906281,Team1,0,0,0,-3627,0,0,0,-5444,3074,3404,0,0,0,0,0,4608,0,0,0,-4510,4491,3500,0,0,0,0,0,0,0,0,4863,0,0,-3548,-3852,0,0,0,-3671
84906290,Team1,0,0,0,0,0,0,-3791,0,-3774,0,0,4192,0,4331,0,0,0,0,0,3545,-4474,0,0,0,0,0,0,0,-3603,3392,-3811,-3626,3862,0,0,0,0,4023,0
84906307,Team1,0,0,4223,0,3524,0,0,3946,0,0,0,0,0,4327,0,-3482,0,0,0,0,4000,0,0,0,0,0,0,-4439,0,-3521,-4777,-3618,0,-3026,3751,0,0,0,0
84906308,Team1,0,0,0,0,0,0,-4326,0,0,0,0,4381,0,0,-4079,0,0,3060,0,0,-3993,0,4098,0,0,0,0,3160,0,-3762,0,0,0,3507,4644,0,-3738,-4145,0
84906340,Team0,0,0,4492,0,0,0,0,0,-3454,0,0,0,0,0,-3460,0,0,0,0,0,0,0,3852,-3993,0,0,0,0,0,0,0,0,0,0,3385,-3542,0,-3954,3565
84724791,Team1,0,4836,0,0,0,-4282,-4200,0,0,0,0,0,0,3761,0,3943,0,-3053,0,0,0,0,0,0,0,0,0,4365,-4213,0,0,-3430,0,3583,-4374,0,0,4725,0
84724823,Team1,0,-4427,0,0,0,0,4157,0,4971,0,-3581,-3517,0,-5229,0,-4346,0,0,0,0,0,0,0,3398,4601,0,0,0,4091,0,0,0,0,-4085,4077,0,0,0,0
84724829,Team1,0,-3601,-3716,0,3853,0,0,0,0,0,0,0,0,0,-3672,0,0,0,4218,0,0,4084,-3610,4488,-4103,0,0,4563,0,0,0,0,0,3235,0,0,0,0,-3352
84724842,Team1,0,0,0,3616,0,3566,0,3577,0,0,0,-4591,0,-4527,0,0,0,3451,0,0,-4627,0,0,4181,0,-4112,4568,0,0,0,-4033,-4210,0,0,0,0,0,0,0
84724884,Team0,0,0,0,0,0,0,0,3776,0,0,0,0,0,0,0,-3552,4009,0,0,0,-3977,3833,0,3799,0,0,0,-3407,4480,4094,-4030,-3326,0,-4857,0,0,0,0,0
84724905,Team1,0,0,0,0,0,0,-3923,0,4448,-3740,3515,0,0,0,0,0,0,-3886,0,0,-3322,0,0,0,4288,0,0,0,4074,4716,0,0,-4851,0,-3747,0,0,0,3617
84217307,Team1,0,-4045,-3025,0,0,4620,4759,0,0,0,0,0,0,-4011,4768,0,0,0,0,0,-4221,0,4086,3355,0,0,0,0,0,3443,0,0,0,0,-3610,-4248,0,0,0
84217310,Team0,0,0,0,0,0,4629,0,-3978,-4999,0,0,-3258,0,0,0,3584,0,-3672,0,0,0,4664,0,0,0,0,0,0,0,4015,0,0,0,0,4720,-3774,0,4513,-3699
84217312,Team1,0,0,0,0,0,0,0,0,0,0,0,-3388,0,0,0,3573,0,0,3835,0,5151,0,-3754,0,-3591,0,0,0,3867,4147,0,0,3706,-3256,-3870,0,0,0,-3582
84217328,Team0,0,-4002,0,0,0,0,0,0,0,0,0,-2729,-3358,3958,0,0,0,0,-3631,0,0,-4026,0,4411,3391,0,0,-4308,4656,0,0,0,0,3601,0,0,4467,0,0
84217461,Team0,0,3647,0,0,-4161,0,3639,0,0,0,0,-3366,0,-3915,0,4080,0,0,0,0,3546,4523,0,0,0,0,0,0,4174,0,-4098,0,0,0,-5529,0,-3555,0,0
84217471,Team0,0,0,0,0,0,-3851,0,0,5299,0,0,0,0,0,0,-3611,0,4023,0,4304,-4762,3883,-3354,0,0,4521,0,0,0,-4801,0,0,0,0,-3480,0,3864,0,0
84217494,Team0,0,3542,3549,0,-4469,0,-3760,0,4441,3508,0,0,0,-3694,4209,0,0,-3732,0,0,3784,0,0,-4546,0,0,0,0,0,0,0,0,0,0,0,0,-3972,0,0
84249731,Team0,0,-3785,0,0,0,0,-3933,0,3858,4109,0,0,4472,-4424,0,0,0,0,0,3830,3711,0,-4900,0,0,0,0,0,0,0,0,0,0,0,-3615,3793,0,-3440,0
84249738,Team1,0,0,-3256,0,0,-4737,0,3732,0,0,0,0,0,0,0,3790,0,0,3755,3752,3897,0,0,0,0,0,0,-4129,0,3382,0,-3593,0,0,0,0,0,-4294,-3870
84249757,Team1,0,0,3947,0,0,0,0,0,0,-4403,3596,0,0,-3422,0,0,0,0,0,0,-3595,-4833,0,3574,0,0,0,0,-4400,0,0,0,0,3576,-4078,3773,3909,0,0
84249850,Team0,0,0,0,-4832,3782,0,-3529,0,0,3361,0,0,0,0,0,-4499,-4367,0,0,0,3080,0,0,0,0,0,0,4138,0,-4290,0,3515,0,-4033,0,0,0,0,3576
84249851,Team1,0,0,4105,0,3516,4094,0,0,0,0,0,-3970,4846,0,-3929,0,0,0,0,0,4268,0,-3689,0,0,0,0,0,0,-4356,0,4350,0,-4092,-4040,0,0,0,0
84249873,Team0,0,3859,0,0,0,0,3398,-3060,-3519,0,0,0,0,0,0,4208,0,0,0,-3361,0,-4553,3975,0,0,0,0,0,-4163,3713,-3954,0,0,4514,0,0,0,0,0
84249889,Team1,0,0,3563,0,0,0,3222,0,-4266,0,0,0,4811,0,0,-4312,0,-3955,3528,0,3709,-3998,0,0,-4504,0,0,0,0,-4113,0,0,0,0,0,0,3699,0,0
84249903,Team1,0,0,0,0,0,0,-4708,0,-3778,0,4290,4014,0,0,0,2970,0,0,0,4141,0,4366,0,-3370,-3833,0,0,0,0,0,4369,0,0,0,0,0,-3587,0,-3614
84249951,Team0,0,0,0,4480,-3585,0,-4701,0,0,0,0,0,0,0,0,4801,0,0,0,0,0,0,0,0,0,0,0,0,0,0,0,0,0,0,0,0,0,0,0
84564943,Team0,0,0,-4168,0,3490,0,0,5469,0,4488,0,0,4521,0,0,0,0,-4166,0,0,0,0,0,0,0,0,0,3908,0,0,0,-3345,0,4108,-3569,-4118,0,0,-3750
84564970,Team0,0,0,-4432,0,0,3583,0,0,0,0,0,-3840,0,4000,0,4817,0,-3665,0,0,0,-3366,0,0,0,0,0,0,3360,4123,0,-3880,0,-4321,3727,0,0,0,0
84565005,Team1,0,0,-3999,0,-3546,0,0,0,0,0,0,0,0,0,3230,0,0,0,3127,3821,4789,-3615,0,0,0,4829,3723,0,0,0,0,0,0,-3745,0,0,-3756,0,-3584
84565030,Team1,0,0,3728,0,4272,0,0,5127,0,-3696,0,-3199,0,0,0,0,0,0,0,0,-3218,0,-3423,0,0,0,0,-4917,3524,0,-3318,0,0,3641,0,0,3640,0,0
84565056,Team1,0,0,0,-3499,0,0,0,0,-3739,-4177,3288,0,0,0,4993,0,0,-3502,0,0,3509,3881,0,0,0,0,0,-3372,0,3533,0,0,0,-3481,3711,0,0,0,0
84565108,Team1,0,0,4985,0,0,4137,0,0,0,0,-3822,0,0,0,3505,0,0,0,4197,0,-5467,-4076,4750,4121,-3937,0,0,0,-5017,0,0,0,0,0,-4336,0,0,0,0
84565130,Team1,0,0,-4221,0,0,-3719,0,0,0,3791,0,0,4197,4184,0,0,0,3378,0,3963,-4354,-4154,0,0,0,0,0,4466,0,-3927,0,0,0,0,0,0,-4213,0,0
84565180,Team1,0,0,-3424,0,0,0,0,0,0,0,3381,0,0,-5057,-4034,3770,0,0,0,0,0,0,0,-4886,0,0,0,3504,0,0,3333,0,0,3540,3675,0,-4652,-3267,0
84565212,Team1,0,4354,-3649,0,0,3506,4001,0,3492,0,0,0,0,0,0,0,0,0,0,-5055,-3526,-3912,4507,0,0,0,0,0,2986,0,0,0,0,0,0,0,-4339,-4634,0
84565266,Team0,0,6383,-2659,0,-2877,0,0,0,-3841,0,5426,4318,0,4634,0,4103,0,4292,0,0,0,-3796,0,0,0,0,0,0,-3525,0,0,0,0,-3145,0,0,0,0,0
84565283,Team1,0,0,0,0,0,0,0,4737,0,0,-4869,0,0,-3671,0,0,0,0,0,0,0,0,0,0,0,0,0,0,-3954,0,0,0,0,0,0,0,0,0,0
84183893,Team0,0,4613,0,0,-4138,0,-4816,0,-3586,0,0,3826,0,0,0,0,4823,0,0,0,-4282,-3732,-3579,0,0,0,0,0,3239,0,0,0,0,0,3569,4146,0,0,0
84183976,Team0,0,-4668,0,0,0,0,0,0,-4698,4591,0,0,4062,0,5503,0,-3284,0,0,4518,-3721,0,0,0,0,0,0,0,-4997,4190,0,0,0,0,-4155,0,0,0,4630
84183986,Team1,0,0,0,3568,0,-4350,-3613,0,3733,0,0,-4169,0,3838,0,0,0,0,0,-4989,0,3581,-4234,0,0,0,0,0,0,4043,4616,0,0,0,-4019,0,0,0,0
84184057,Team0,0,-3205,0,0,0,-3222,0,0,0,0,4389,3770,0,-3847,0,4245,4108,0,0,0,4982,0,0,-4268,0,0,0,0,-3368,0,0,0,0,0,-4275,0,0,0,3640
84184058,Team1,0,4383,0,0,-4582,3694,0,0,0,0,0,0,0,0,0,0,0,0,0,0,-5081,0,0,3878,0,0,0,-4561,3543,0,0,0,-4627,-3757,4095,3512,-3554,0,0
84184098,Team1,0,0,0,0,0,4371,-4429,0,0,0,0,4078,0,-4488,0,0,0,0,-3650,0,3816,0,0,0,0,3464,0,0,0,5095,-3395,0,0,0,-4137,0,3557,0,-4291
84184171,Team1,0,0,-4556,0,0,-4608,0,-4173,3731,3817,0,0,0,0,0,4815,0,3841,0,0,0,0,0,0,0,0,0,3665,-3505,0,5576,0,0,0,-4377,0,0,-4986,0
84184190,Team1,0,0,0,0,0,0,-4039,0,0,0,0,0,3704,0,0,0,-3924,3997,0,3280,-4750,0,0,0,0,3201,0,0,2856,0,0,0,5672,0,-3802,0,-5070,0,-3872
84184194,Team1,0,0,0,0,0,0,0,0,0,0,0,-4052,0,0,0,0,0,0,0,0,0,0,0,3820,0,0,0,0,0,0,0,0,0,0,0,0,0,0,0
84533199,Team0,0,-3125,-3869,0,0,3661,0,0,-2981,-3571,0,0,0,4867,0,0,-3086,0,0,5057,0,-4226,0,0,4302,0,0,4466,0,0,0,0,0,0,0,0,3854,0,0
84533288,Team0,0,0,4584,0,3947,-3705,0,-4476,-4131,0,4156,-4137,0,0,0,0,4747,0,0,0,-3673,0,0,5521,0,0,0,4045,-4515,0,0,0,0,0,0,0,0,0,0
84533334,Team0,0,0,-4113,3795,0,0,0,0,-3721,0,0,0,-3855,0,0,-3315,0,-3607,0,3786,3980,3509,0,0,0,0,0,0,0,0,0,0,0,0,-3552,0,4188,4233,0
84533366,Team1,0,3654,0,0,0,0,-5607,3034,-3367,-4179,0,0,0,-4336,0,0,-4564,0,0,0,3665,0,0,3539,0,0,0,4580,0,-3193,0,0,0,0,3541,0,0,0,0
84533367,Team1,0,5825,0,0,0,4098,0,0,4488,0,0,3945,-3828,0,0,0,0,-3881,-4228,0,0,3650,0,0,0,0,0,-4523,0,0,-4616,0,0,0,-4826,0,0,4344,0
84533370,Team0,0,0,4142,0,0,0,0,0,0,0,4043,4902,0,-4890,0,0,0,3463,-3585,-3309,3399,-4514,0,0,0,-4588,0,0,-4214,0,0,0,3687,0,0,0,0,0,0
84533478,Team0,0,-4065,0,0,0,0,0,0,0,0,0,0,0,-4180,0,0,0,0,3374,3670,-4812,4014,0,0,0,3381,-4312,-3804,0,0,0,0,0,3431,3731,0,0,-3423,0
84533532,Team0,0,0,3520,0,-3802,5514,0,0,-3981,0,0,0,0,0,0,3745,0,0,0,4793,-4269,-3586,3973,0,0,0,0,0,0,0,0,0,0,-3853,3613,0,-4339,0,0
84787096,Team0,0,0,0,0,0,0,-4457,-4095,0,0,0,0,0,-3768,0,4639,0,0,0,0,3900,4210,0,0,0,4127,0,0,-4431,-5028,4880,0,0,-4959,4417,0,0,0,0
84787150,Team1,0,3706,0,0,0,3969,0,-3894,3661,0,0,3943,0,3055,0,0,-3601,0,0,0,0,0,-3878,0,-3622,0,0,-3592,0,-4731,0,0,0,0,0,3181,0,0,0
84787891,Team1,0,0,0,3542,0,0,-3835,0,0,-5036,0,3889,0,-3548,0,0,0,0,3711,0,-3565,-3146,0,4094,0,0,4258,4108,-5050,0,0,0,0,0,0,0,0,0,0
84788509,Team0,0,-3706,4171,0,-5149,0,0,0,0,0,0,0,0,-3818,0,0,0,0,0,0,-4324,0,0,0,0,0,0,0,4669,0,0,0,3349,4387,-3917,0,-4634,4099,4005
84875873,Team0,0,0,-3709,0,0,0,0,-3587,0,0,3558,4487,4148,0,0,0,0,0,0,3498,-2967,0,0,0,-3586,0,0,0,3564,0,4959,0,0,0,-3520,0,0,-3513,0
84876361,Team1,0,4335,-3728,0,0,-4459,0,0,0,0,0,4232,0,0,0,0,4595,0,0,0,0,0,0,3631,0,0,0,-4752,-4148,0,0,-3775,0,-3596,4926,0,0,3980,0
84876505,Team0,0,-4060,0,0,0,0,-3824,0,0,0,-4228,0,-3482,0,0,0,0,-3389,0,0,4384,-3549,0,0,0,0,0,4113,0,0,3886,3664,0,0,4060,0,0,4317,0
84876787,Team1,0,0,4832,0,0,0,0,0,0,0,0,-3280,4746,0,0,-3627,4654,0,-3904,0,-3699,0,-4204,0,0,3753,0,0,0,0,3861,0,0,-3877,0,0,4078,0,0
84876956,Team0,0,0,3870,0,0,0,0,0,-3864,0,0,-3586,0,0,0,0,-3971,3826,4724,0,0,0,-4015,0,0,0,0,5095,0,-3787,0,0,0,3998,3864,0,0,0,-3600
84338241,Team1,0,0,4092,0,0,4128,-4205,0,0,0,0,-4484,0,0,0,0,0,-3400,0,0,0,-3529,0,0,0,0,0,0,3329,0,3395,0,3654,-3887,3472,0,-4062,0,0
84339423,Team1,0,0,0,-4247,0,0,0,0,-3183,4218,-3623,4367,0,-4256,0,0,0,-3191,0,0,5003,-3328,0,0,0,0,0,0,0,0,0,0,4835,4594,0,0,0,0,2768
84339575,Team1,0,-6135,4388,0,0,3889,0,0,0,0,0,-5117,0,0,0,0,0,3648,0,0,-3455,0,-5612,0,0,0,0,3594,5169,0,0,3607,0,0,-4587,0,0,-3924,0
84096497,Team1,0,0,0,0,0,0,0,0,0,0,0,0,0,0,0,0,0,0,0,0,0,0,0,0,0,4812,0,0,-4286,3775,0,0,0,0,0,0,0,0,0
84096503,Team1,0,0,0,0,0,0,0,-4213,0,0,4490,-4387,0,4704,0,0,-3728,3470,0,0,-3796,3947,0,0,0,3858,0,3788,0,0,0,-4250,0,0,0,0,0,0,-2825
84096524,Team1,0,0,4684,0,0,0,0,0,-3867,3866,-3989,3576,0,3798,0,0,0,-4223,0,-4256,0,0,0,-4305,4253,0,3604,0,0,0,0,0,0,0,-3387,0,0,0,0
84096615,Team0,0,0,-4253,0,3926,-3488,0,0,0,0,0,0,0,0,0,4362,0,0,0,5446,2421,4802,-3438,0,0,0,5073,-3996,-4366,0,0,0,0,0,0,-4308,0,0,0
84096616,Team0,0,0,0,0,0,-3319,0,0,0,0,-3660,-3452,4711,0,5097,0,-4662,0,0,0,0,0,5011,0,4049,0,0,-3552,0,4734,0,0,0,0,-3343,4089,0,0,0
84096651,Team1,0,3645,-4750,0,0,-3921,0,3655,0,0,0,0,0,0,0,0,0,0,0,0,4045,0,-3626,3756,0,0,0,0,-4267,0,4768,0,0,0,3436,0,-3762,-5181,0
84369151,Team0,0,-3087,-3696,0,0,0,0,0,-3728,0,3987,-3987,0,3740,0,0,-3734,0,0,4185,4290,0,0,0,0,0,0,3614,0,0,0,0,0,0,3946,-3742,0,0,0
84369165,Team1,0,0,-5205,0,3574,0,0,3500,0,0,-5338,4693,0,0,0,0,0,-3694,0,0,0,-3375,0,-3846,3857,0,3751,0,-3626,0,2596,0,0,0,0,0,0,0,0
84369312,Team0,0,4407,0,0,0,0,0,0,-4252,4024,0,4091,0,4840,0,-4171,-5194,0,0,0,4071,4112,0,-3587,0,0,0,0,0,-3681,0,0,0,0,0,0,0,-5056,0
84369318,Team1,0,-4370,0,0,0,4516,0,0,-6286,3731,0,0,0,-3585,4114,4129,0,0,0,0,-5448,0,0,0,-4112,0,0,0,-4595,3238,0,0,0,0,5095,0,0,0,0
84154850,Team1,0,0,0,0,0,3377,4554,2975,0,0,0,0,0,0,0,0,-3933,4221,0,0,-4387,-4116,0,3542,0,0,0,-5052,0,-4396,0,0,4787,0,0,0,-4144,0,0
84154870,Team0,0,3482,0,0,0,3770,0,0,0,-2950,0,3733,0,3487,0,0,-3231,4648,-4070,0,0,0,0,0,0,0,0,-3317,-3232,-3709,0,0,0,0,4661,0,0,0,0
84154902,Team1,0,0,0,-4769,0,0,0,0,0,0,0,-4275,0,0,0,0,-3586,0,0,5644,0,0,0,0,0,0,0,3778,0,0,-3220,-4686,0,3803,3347,0,5523,3691,-3622
84154941,Team0,0,0,0,4479,0,4609,0,-3870,-4938,0,0,0,0,-4485,0,0,0,-3201,0,0,3570,4449,3831,0,0,-3619,0,4329,-4346,0,0,0,0,0,0,0,0,0,0
84154965,Team0,0,0,4381,0,0,-4759,0,0,0,0,0,0,0,0,0,-3316,0,4929,0,-3410,4800,-3794,0,0,-3643,0,0,0,0,0,0,3939,0,0,4261,3975,-3897,0,0
84155076,Team1,0,-4728,3492,0,0,3579,0,0,4227,0,-4417,0,0,-3505,0,0,0,0,0,0,3757,0,3342,0,-4147,0,0,3406,0,-3393,0,0,0,0,0,0,-3766,0,0
84155079,Team0,0,0,-4798,0,-3472,0,0,0,-4227,3226,-5032,3635,0,-4191,0,0,0,4045,0,0,3570,0,0,0,0,0,0,0,0,-3524,0,0,3484,0,4154,0,0,0,0
84155080,Team1,0,0,-4127,0,0,0,0,0,0,3855,0,3930,-3977,4037,0,0,0,-3395,0,-3290,0,-3239,-4078,0,0,0,0,0,4334,0,0,0,0,4229,3905,0,0,0,0
84594561,Team0,0,0,-4116,0,0,0,0,0,3867,-3939,0,0,4958,-3266,-4090,0,0,3129,0,0,0,0,0,3459,-4064,0,0,0,0,3429,4588,0,0,0,0,0,0,-4115,0
84594613,Team0,0,0,4318,0,0,0,-3509,0,0,0,0,0,0,0,3624,0,4541,0,-4298,0,-3095,-3382,0,4360,0,0,0,0,0,0,-3732,0,0,3465,-3810,0,3745,0,0
84594648,Team0,0,0,3725,0,-4026,4289,-3040,0,0,0,0,4250,0,-4144,0,0,0,0,4709,0,0,0,0,0,0,0,0,0,3395,0,-3338,-3902,0,4838,-4064,0,0,0,0
84594772,Team1,0,0,-3374,0,4100,0,0,0,3776,0,4148,0,0,0,0,4435,-3808,0,0,0,-3545,3777,0,0,0,0,0,0,-3961,-3750,0,0,0,0,-2775,0,0,4087,0
84594815,Team1,0,0,0,-3065,0,0,3349,0,4154,0,0,4194,0,0,3665,0,0,0,-3379,0,-3855,0,0,0,4099,0,0,0,-3992,0,0,3766,0,-3812,-3446,0,0,0,0
84594855,Team1,0,0,3825,0,0,0,-4001,0,0,0,0,0,0,0,4802,0,0,0,-3893,0,-3829,0,-3900,-4097,3909,0,0,0,0,0,3523,0,0,0,4504,0,3426,0,-4327
84594888,Team1,0,-3990,-3319,0,0,0,0,0,0,0,0,0,3667,-3780,0,0,3538,0,0,0,0,0,4042,0,3817,0,0,4360,0,3347,-4063,0,-4517,0,0,0,0,0,-3773
84594973,Team1,0,-3844,3912,0,3720,4049,0,0,-5080,0,0,-3589,-5929,0,0,0,0,0,0,0,0,-3531,0,0,-4294,0,0,0,0,0,0,0,3586,0,0,3748,2858,0,0
84595050,Team1,0,0,-3794,0,0,2896,0,0,0,0,-4859,-3793,0,-4435,0,0,0,0,4609,0,0,4479,0,0,3189,4035,0,3045,0,0,0,0,0,-3515,-3319,0,0,0,0
84595056,Team1,0,-3697,0,0,0,3637,4726,0,0,0,0,0,-4828,3889,-4094,0,-4938,0,0,0,5539,0,0,3580,0,-4368,0,0,0,0,0,4062,0,0,-3485,0,0,0,0
84972249,Team0,0,0,0,0,0,0,0,4590,0,0,0,0,0,0,0,0,0,-4647,0,4362,0,0,0,0,0,0,0,0,0,0,0,0,0,0,0,0,0,0,0
84972252,Team0,0,0,4394,0,0,0,0,0,0,0,-3710,4218,3208,4165,0,0,0,-3848,0,0,3713,-3771,0,0,0,-3447,0,0,0,0,0,0,-4553,0,0,0,3745,0,-4734
84972296,Team0,0,0,0,0,0,0,0,0,0,0,-3363,-3597,0,4124,0,0,0,0,4240,0,3965,0,-3490,0,0,0,0,0,-3841,0,0,0,4856,-4149,4877,3602,-4401,0,0
84972358,Team1,0,0,-4296,0,0,0,0,3301,0,0,0,0,0,3117,0,0,-4007,-3801,4248,4190,3248,0,0,0,0,0,0,0,-4611,0,0,-5364,0,0,3130,0,0,0,-4007
84972404,Team1,0,-4025,0,3721,0,0,-3694,3506,-3734,0,-3940,0,0,0,-3581,0,0,0,0,0,-4723,3535,0,3304,0,0,0,0,0,4012,0,0,0,0,3766,0,0,0,0
84972454,Team0,0,0,0,0,0,3740,0,0,-4296,0,0,-5671,0,-5181,0,0,0,0,-3482,4830,3220,0,0,0,0,0,4840,0,3287,-2946,0,0,0,-3408,0,0,4535,0,0
84972487,Team0,0,-4572,0,4014,0,0,0,0,4056,0,0,0,-3788,0,-3812,0,-3951,0,3385,0,0,0,0,0,0,-4057,0,4614,-4487,0,3704,0,0,4166,0,0,0,0,0
84972530,Team0,0,0,3661,-3842,-4330,3724,0,0,0,3634,-4301,0,0,-4591,0,3889,0,0,0,-4109,0,0,0,0,0,0,0,0,0,5326,0,0,0,0,-4529,0,0,0,4272
84972577,Team0,0,0,0,0,0,-5003,4371,0,-3674,3718,0,3794,4020,0,0,0,0,4025,0,0,-3243,0,0,0,0,0,0,0,-3881,-3716,0,3384,0,0,0,0,-3798,0,0
84972583,Team1,0,0,-3731,0,0,-4208,0,0,0,0,0,-4222,0,-3540,0,0,0,0,0,3382,4289,0,0,0,4357,0,-3586,0,-4640,0,0,0,0,0,3698,0,5371,0,4208
84432220,Team1,0,0,0,4286,-3695,3518,0,0,0,0,0,0,0,0,-3511,0,3789,0,-3677,-4042,0,-3834,0,0,0,0,0,3980,0,0,0,0,0,0,-3386,0,5949,0,4102
84432261,Team0,0,0,4119,0,0,0,3706,0,0,0,-3391,3803,0,-3698,0,0,3484,0,0,0,4313,-4041,3710,0,0,0,0,-4199,-5163,0,0,0,0,-3510,0,0,0,0,0
84432283,Team1,0,0,4312,0,0,-4092,0,4165,0,0,0,0,0,0,0,0,0,0,0,0,4009,0,0,3862,0,0,-4863,-4172,-5429,-4457,0,0,0,3857,4265,0,0,-5074,0
84432355,Team0,0,-5446,-3752,3866,0,-4742,0,4130,0,0,0,0,0,-3938,0,0,0,0,0,0,5203,3781,-3651,0,0,4325,0,-3428,0,0,5281,0,0,0,0,0,0,0,0
84432401,Team0,0,0,-4010,-4837,0,0,0,-4053,-3175,0,0,0,0,4865,0,0,0,0,3736,-3793,0,4026,0,0,0,4960,0,0,0,3990,0,0,0,0,-3170,0,0,4649,0
84432518,Team0,0,0,5192,0,0,-3731,0,0,4015,0,0,-3916,0,0,0,-3586,0,-4785,3715,0,4478,3924,0,0,0,0,0,0,0,0,3902,0,0,0,0,-3669,-3524,0,0
84432551,Team1,0,4791,-3908,0,0,0,0,-4676,0,3520,0,5159,4104,0,0,0,0,0,0,0,0,4025,0,-4155,0,0,0,5350,0,0,-5295,0,0,0,-3969,0,0,-4639,0
84432586,Team1,0,0,-4330,0,0,0,-5175,-3775,0,0,0,3819,0,3349,0,0,3418,0,0,0,-5003,0,0,0,0,0,0,4001,3906,0,0,0,0,-3768,-4380,0,0,3537,0
84432600,Team1,0,0,-3624,0,0,0,0,0,-4007,0,3901,-3696,0,0,4167,0,-3938,-3967,4581,0,4031,3754,0,0,0,0,0,0,0,3446,0,0,0,0,-3781,0,0,0,0
84065886,Team1,0,0,-4501,0,-3469,4307,0,0,-3405,0,0,3232,0,0,0,3282,0,0,0,0,3975,-4182,0,-3855,0,0,0,0,4041,0,-3970,0,0,0,0,0,0,3963,0
84065888,Team0,0,-4471,-3570,4271,0,3568,0,0,0,-3671,0,3462,0,-3615,0,0,0,0,0,0,-3752,0,0,0,0,0,4372,0,0,0,3347,0,0,0,-4391,0,0,0,3943
84066087,Team1,0,4204,-3789,0,3913,-4235,0,0,0,4738,-3841,0,0,3925,0,-3257,0,0,0,0,-3931,3744,0,4010,0,-3462,0,0,0,0,0,0,0,0,0,0,0,0,0
84066126,Team0,0,-4103,0,0,3233,0,3884,0,0,0,0,0,0,-3516,4108,0,0,4190,0,0,0,-3644,0,0,-4339,0,0,0,0,0,0,3982,0,0,3901,0,-4201,-4111,0
84066158,Team1,0,-5315,0,0,0,-4715,0,0,3451,-4453,0,0,-3241,4618,0,-5096,0,0,0,0,0,0,0,0,0,3967,0,0,-3727,0,0,0,0,4726,0,3629,4148,0,0
84066270,Team0,0,0,0,0,-3364,4810,0,0,0,0,0,0,0,0,0,-3560,-3882,0,0,0,0,0,0,0,0,0,0,-4110,0,0,0,-4113,0,0,0,0,3438,0,0
84399899,Team0,0,0,0,0,0,-3317,0,0,0,0,0,0,0,0,0,0,0,3631,-4605,0,0,0,0,0,0,4495,0,0,0,0,0,0,4588,0,0,0,0,0,-3186
84399905,Team1,0,3960,-3824,0,0,0,4341,0,0,0,3691,0,0,-3672,0,3741,0,0,0,0,0,-3236,0,3380,0,0,0,0,0,-4079,-3719,0,0,3724,0,0,-3582,0,0
84399917,Team0,0,-4030,3636,0,-3915,-3430,0,0,-3622,0,3830,0,0,0,3909,0,0,3615,0,0,0,0,0,0,4123,0,0,0,0,0,0,-3389,0,0,0,0,3796,0,-4061
84399998,Team0,0,0,0,0,0,0,2250,0,-694,2250,0,2250,0,0,0,0,2250,0,0,0,10498,-783,0,-3554,-705,-852,0,0,0,0,0,0,0,-791,8023,0,0,0,0
84400038,Team1,0,0,-3963,0,0,0,0,0,0,-3554,0,-3845,-3836,0,0,0,0,0,4449,3796,4168,0,0,0,0,0,0,0,3910,4521,0,0,0,-3143,0,0,5118,-3311,0
84400047,Team0,0,0,4222,0,3122,-3563,-4544,0,-4196,-4158,0,-3438,0,4462,0,0,0,4849,0,0,-4359,0,0,0,0,0,0,0,0,0,0,0,0,0,4365,0,3111,0,0
84400076,Team1,0,0,0,3833,0,2731,0,0,0,0,0,-3689,0,0,0,0,0,0,3890,0,3963,-5049,0,0,0,0,0,0,0,-3915,0,0,0,-3633,-3523,4768,4281,-4093,0
84280221,Team1,0,0,0,0,0,-3984,0,-4492,4739,0,0,0,4702,0,0,0,0,3116,3954,0,3486,0,0,0,0,3460,-3764,-4594,0,0,-4395,0,0,0,-5364,0,0,0,0
84280325,Team0,0,-4944,3816,0,0,3996,0,0,-3430,0,0,0,0,0,0,3940,0,-3616,0,0,0,-4487,0,0,0,3403,0,0,-3981,0,0,0,0,3964,0,0,4134,0,-4391
84280349,Team0,0,0,3580,0,0,0,0,0,0,-4287,0,4176,0,-4484,0,-4194,0,0,3226,0,-3172,0,0,0,0,0,4062,0,3881,0,0,0,3860,0,-4871,0,0,-3556,0
84280351,Team0,0,0,0,0,0,0,-3073,0,0,0,0,4027,0,0,-3720,-2969,0,-3646,3702,0,4335,-4063,0,0,0,4717,0,0,0,0,0,0,0,4590,3649,-4155,0,0,0
84280353,Team1,0,0,-3838,0,0,-3746,-4022,0,-4782,3651,0,3763,0,0,0,0,3943,0,4074,0,3353,0,0,0,0,0,0,4193,0,0,0,0,0,-3476,0,0,-4462,0,0
84280355,Team0,0,0,0,4770,3647,4181,0,0,0,0,-3606,0,-3800,2958,0,3398,0,0,0,-5250,-3770,0,0,0,0,0,0,0,-4463,4218,0,0,0,0,-4124,0,0,0,0
84280382,Team1,0,-4389,3541,0,-3745,0,0,0,-3627,0,0,4655,0,-3902,0,3802,0,0,0,0,0,0,-3420,0,0,0,0,3648,0,0,0,4035,4505,0,-4405,0,0,0,0
84280424,Team0,0,0,0,0,0,0,0,0,0,0,3584,-3269,4300,0,0,0,-4292,0,4123,0,3234,0,-4067,0,-3800,0,0,-3706,0,3906,0,0,0,0,0,0,0,-3953,3238
84280441,Team0,0,5144,-3688,0,0,3667,0,0,3360,0,-3534,4003,0,-3313,0,0,0,-3746,0,5247,0,-3551,0,0,0,0,0,-3926,0,0,0,0,0,0,3804,0,0,0,0
84280460,Team1,0,0,0,0,0,0,-3823,-3614,-3906,0,0,0,0,-4894,0,0,4034,0,0,-4647,-3350,0,0,0,4000,3909,3654,0,0,0,0,0,0,0,3888,3347,0,0,0
84280461,Team0,0,0,0,0,-3898,0,4593,3511,0,0,-4397,4224,0,0,0,0,0,4041,0,0,-4366,0,0,0,0,0,-4450,0,0,0,0,0,3465,4914,-3159,-3824,0,0,0
84500752,Team0,0,0,-600,0,0,-600,0,-600,9386,1550,0,-600,0,-600,0,0,0,1550,0,0,0,0,0,0,0,0,0,1550,0,-600,1550,0,0,0,1550,0,0,0,0
84500754,Team0,0,0,3288,0,0,0,-4910,0,-4036,0,0,0,0,-4475,-4429,0,4537,-3644,0,0,0,3420,0,3928,0,0,0,0,4676,3713,0,0,0,0,-5042,0,0,0,0
84500764,Team0,0,-4143,0,0,3591,3341,0,3714,-3536,0,0,0,0,0,-3607,0,-3959,0,3660,0,0,0,0,0,3410,-4082,0,0,0,0,0,0,3630,0,-3201,0,0,0,0
84500918,Team1,0,0,-4112,0,0,4232,0,0,3406,0,-3405,3656,0,-4473,-3883,0,0,0,3947,0,-3518,0,0,4237,0,0,0,0,0,0,4321,0,0,0,-4258,0,0,0,0
84500935,Team1,0,0,0,0,3763,0,3460,0,0,0,0,0,0,0,0,3343,3813,0,0,0,0,0,0,-4101,0,0,0,-4314,0,-4378,0,-3376,0,-3836,0,3210,3181,-3370,0
84500956,Team1,0,-4336,0,0,0,4488,-4876,0,0,0,0,0,0,-4161,0,0,0,3523,0,0,0,0,0,3533,0,0,0,0,-4507,0,4000,0,3629,-4559,0,0,2910,0,-4258
84501016,Team0,0,0,0,0,0,0,4315,3924,-3723,0,-3601,-3620,0,-5197,3611,0,0,0,0,0,0,4022,0,0,0,-3790,0,0,0,0,0,0,0,3728,4213,0,0,0,-4800
84501019,Team0,0,0,0,0,0,0,4801,0,0,-3988,3188,0,0,-4534,0,0,0,0,0,0,-4362,0,0,-4329,-4002,-3630,3833,0,4025,0,0,0,0,4175,0,0,0,0,4022
84501132,Team0,0,0,0,0,0,-3830,3612,0,4319,3562,-4603,0,0,0,0,-3280,0,0,0,0,3216,4507,0,0,-4159,0,0,0,0,-3203,0,0,-3921,0,0,0,0,0,3918
84501161,Team1,0,-4150,0,0,0,-4456,0,3511,0,0,0,3568,0,0,0,-3830,3209,0,0,-6669,4175,4406,0,0,0,0,0,0,0,0,0,0,0,0,4357,0,-3558,0,-3836
84501181,Team0,0,0,0,0,0,0,0,-2776,4140,0,0,0,0,3950,-3958,0,0,4068,0,-4180,0,0,0,0,-3640,0,0,0,0,0,0,0,0,0,-4438,0,3757,0,0
84123320,Team1,0,3788,0,0,0,0,0,0,-3806,0,3679,-5213,0,0,0,3431,0,-3767,-3923,0,3340,3506,0,0,0,0,0,0,0,3704,-4618,0,0,0,-4318,0,0,0,0
84124140,Team0,0,0,0,0,-4344,0,0,-4053,0,3346,0,0,0,0,0,0,0,0,-4074,0,3948,-3660,0,4124,0,0,0,4730,4793,-3558,0,0,0,3862,0,0,0,0,-4350
84125158,Team1,0,0,-4298,0,0,0,4552,0,0,0,-3820,0,0,-3989,-3951,3380,0,0,0,0,0,0,0,0,0,3195,4161,0,0,0,0,0,0,3754,-4365,0,4195,-4101,0
84656575,Team0,0,0,0,2675,0,3752,5160,3977,-4340,0,0,0,0,0,0,0,0,0,0,-3468,0,-5090,0,0,0,0,0,0,3462,0,4752,0,0,0,-5197,0,0,-4043,-3109
84656647,Team1,0,0,-3370,0,-3874,0,3719,-4131,-4036,0,0,0,0,0,0,4700,0,0,4140,0,0,0,0,-4675,0,0,4008,0,0,0,3671,0,0,-3882,4118,0,0,0,0
84656742,Team0,0,4061,-3680,0,0,3597,0,-3520,3731,0,0,4205,0,-3786,0,0,0,-3963,-4229,0,3860,-3612,0,0,0,0,0,0,0,0,0,0,0,0,3707,0,0,0,0
84656750,Team1,0,0,0,0,0,0,3520,0,4002,0,0,0,-5318,3945,-5093,0,0,4486,0,0,0,5071,0,-3823,0,2648,0,0,0,0,-4210,0,0,0,-4459,0,0,-5161,0
84656761,Team0,0,0,-4123,0,0,0,0,4004,0,0,0,-4352,-5077,0,0,4303,0,0,0,5071,4351,4186,0,-3501,0,0,0,-6039,3837,0,0,0,0,0,-4149,0,0,0,0
84656837,Team0,0,0,0,0,3740,0,0,0,0,3801,0,0,0,0,3407,0,0,-3812,0,0,3469,-3480,0,-4184,0,0,0,0,-4608,0,0,0,3664,-4076,3666,0,-3925,0,0
84657041,Team1,0,3555,-3607,0,5955,0,-3352,0,3606,-3707,0,0,0,0,3502,0,0,0,0,4465,0,0,0,0,0,0,-3695,0,0,-3498,0,3891,0,0,-3780,0,0,0,0
84657057,Team1,0,0,4222,0,-4017,4064,0,0,0,0,0,4369,0,-3693,-3718,0,0,3509,-4154,0,0,0,0,-3490,-4090,0,4446,0,3717,0,0,0,0,0,0,0,0,0,0
84657233,Team1,0,0,-5740,0,0,-3568,3718,-3844,0,0,0,0,0,0,0,0,0,0,0,3791,0,-4016,0,4840,-3245,0,0,0,-4286,0,0,0,0,4169,0,0,3672,0,3583
84657241,Team0,0,-3839,-3867,3515,0,3680,0,0,0,4173,-2631,5251,3548,-4178,0,0,0,0,0,0,-5676,0,0,-3866,0,0,0,0,0,0,4584,0,0,0,0,0,0,0,0
84657414,Team0,0,0,-4736,0,0,-4575,0,4226,0,0,0,-3251,0,0,0,0,-4496,0,0,0,0,4716,3450,0,0,0,0,3449,0,-3976,0,0,-3289,3920,0,0,0,0,4867
84657437,Team0,0,0,-3656,0,3497,0,0,0,0,3965,0,0,0,0,0,-4536,0,0,0,0,0,-3752,-3629,0,3640,0,3682,0,0,-3872,0,0,3712,-3268,0,0,0,5165,0
84818391,Team1,0,0,-4778,0,0,4065,4061,0,3101,4076,0,0,0,-4078,-4348,3552,-4390,0,0,0,3918,0,0,0,0,-4669,0,0,0,0,0,0,0,0,-4412,0,0,0,0
84818416,Team0,0,0,-3364,0,0,-3821,0,0,4063,0,0,-3962,0,0,0,0,0,0,4023,3862,4968,-3373,0,0,0,0,0,0,0,4452,0,0,0,-3724,4109,0,-3652,0,0
84818504,Team0,0,0,-3882,0,0,-3114,0,0,0,0,0,0,-4813,0,0,3089,3739,0,4033,0,0,0,-4162,0,-3572,3538,0,4269,0,0,0,0,0,4133,0,0,0,0,-3527
84818516,Team0,0,0,0,0,-4576,-3431,0,0,-3701,0,0,4778,0,3421,0,3940,0,0,0,4267,0,0,0,-3275,3793,0,0,0,0,-3962,0,-3673,0,0,3768,0,0,0,0
84818525,Team0,0,0,0,0,0,3368,-3707,0,0,0,0,-3209,0,0,0,3960,-4252,-4401,0,0,0,0,0,0,0,0,0,4698,0,4253,0,0,0,3457,-4140,0,3466,0,-4291
84818616,Team0,0,0,0,0,0,0,0,0,0,0,0,0,-5401,0,4659,0,3728,0,0,3016,-5955,0,0,4599,0,3836,0,-3804,0,0,0,-3285,0,-5458,2751,0,0,-4655,0
84818673,Team1,0,0,0,0,0,0,-3813,-4667,4394,0,3973,5338,0,0,0,0,4873,0,0,0,0,0,0,-4329,0,0,0,0,3231,4043,0,0,0,-4599,-4783,0,0,-4756,0
84002337,Team1,0,0,0,0,0,0,4316,0,0,-3701,0,3877,-4051,0,0,0,3397,3702,4611,0,0,0,0,0,-3837,0,0,0,4746,0,0,0,0,0,0,0,0,-3855,-3862
84002360,Team0,0,3659,0,0,0,0,-5010,0,0,0,0,-4082,0,0,0,4783,5057,0,0,0,-4785,0,0,4112,0,0,0,0,4312,0,0,0,0,-4561,0,-4017,-4415,0,3656
84002409,Team0,0,0,3479,0,0,0,4342,-4208,0,0,0,0,0,4437,0,0,0,0,0,-4345,0,0,-4183,0,0,0,0,-3925,0,0,4499,0,0,0,0,-3791,3894,3378,-3811
84002457,Team1,0,0,3564,0,-3357,0,5970,0,4342,0,-2989,-3984,0,0,0,0,0,0,0,0,-4278,0,0,0,0,0,0,0,0,-5159,3796,0,-4697,0,0,6001,0,3614,0
84002461,Team0,0,-3823,0,0,4444,0,0,0,0,0,0,4461,0,0,0,0,0,3374,0,0,0,3756,0,-3649,-3320,-3121,-3935,0,0,0,0,3704,0,-3607,0,3868,0,0,0
84002464,Team0,0,0,4261,0,0,0,-5701,4453,0,-3386,4099,-4111,0,0,0,0,0,3541,3745,0,-3368,0,0,0,0,4301,-3857,0,0,0,-3570,0,0,0,0,0,0,0,0
84002525,Team1,0,0,0,0,3276,-3334,-5166,0,0,0,0,0,0,4222,0,0,0,0,0,4059,0,0,0,3830,2930,-3368,0,0,0,0,0,0,-3521,0,0,-4308,3221,-3609,0
84002540,Team0,0,-4056,0,0,-4497,0,5493,0,0,0,0,0,3042,3619,0,-3493,0,4119,0,0,-3198,0,0,0,0,0,0,0,4193,3669,0,0,-3629,0,0,0,0,-4278,0
84002545,Team0,0,0,0,0,-3273,0,0,0,0,-3268,4227,0,0,4620,0,4510,0,0,0,4056,4682,0,0,0,0,-4121,0,0,4176,0,0,0,-3892,0,0,-3891,0,0,-4353
84035107,Team0,0,0,0,0,0,-3691,0,0,3667,0,0,0,-3741,4074,0,0,0,-3470,0,0,0,0,0,0,5123,3766,0,-3446,3613,-4950,0,-3493,0,0,5310,0,0,0,0
84311089,Team1,0,0,-4518,0,4022,-4174,-4480,0,0,0,0,0,4226,0,-5059,0,0,0,0,4824,4646,-4877,-4425,0,0,4327,0,0,0,0,0,0,0,0,0,0,5088,0,0
84311146,Team0,0,-3395,0,0,0,-4226,4311,0,0,-4031,0,-3664,0,3322,0,3933,0,0,3083,0,0,0,0,0,0,0,0,0,0,-4693,3135,0,0,0,0,0,-3933,3482,0
84311186,Team0,0,0,0,0,0,0,0,0,0,3707,0,4430,0,0,0,0,0,-3207,3805,-4129,-3811,0,4715,0,0,3680,0,-3148,0,0,0,0,0,3822,-4328,0,-3595,0,0
84311248,Team0,0,0,4221,0,0,4862,0,3713,0,0,0,-3801,0,0,0,0,-5090,0,0,0,-3638,0,0,0,0,0,0,4217,-4044,0,0,0,0,4934,-3683,-4369,3116,0,0
84311252,Team0,0,0,0,-2822,0,3625,0,-4409,0,0,0,4077,0,0,0,0,0,0,0,3897,0,0,0,0,-3232,0,4111,0,0,4873,0,0,0,-3804,-3592,0,4224,-3353,0
84847197,Team0,0,0,0,0,0,-5254,4786,-4446,0,0,0,-4489,0,0,0,0,0,4674,0,0,5993,-4350,0,4040,0,0,0,0,0,-4313,0,0,5036,0,0,0,0,4837,-4570
84847199,Team0,0,0,0,-3835,0,0,0,5094,3562,0,0,-3765,0,0,-3529,0,-3577,4204,0,0,0,0,0,4437,0,-3498,0,0,0,0,3643,0,0,-3910,4440,0,0,0,0
84847242,Team0,0,-3835,0,0,0,0,0,3762,0,0,0,-3695,0,4852,0,0,-3814,-3579,0,4109,3951,3611,0,-3726,0,0,0,0,0,0,0,0,-3325,0,4125,0,0,0,0
84847311,Team1,0,0,-4047,0,0,3271,0,0,3497,0,-3890,3616,0,0,0,0,0,3937,4551,0,0,3873,0,-4246,-4229,0,0,0,0,0,0,0,0,-5077,-3936,0,0,0,0
84847312,Team1,0,-4177,0,-3710,0,0,0,0,0,0,-3926,0,0,0,0,0,0,-3153,0,0,0,-3597,0,0,4165,3945,0,0,-3713,3460,0,0,0,5150,3931,0,3916,0,0
84847334,Team1,0,-3752,0,0,0,0,5350,0,3807,0,0,-3973,0,0,0,0,-4102,0,3281,0,0,0,0,0,3502,0,-4585,0,3183,-4740,0,0,0,3588,0,0,0,-3845,0
84847385,Team0,0,0,0,4280,0,-3581,0,0,0,-3942,0,0,0,0,0,-3265,4419,0,0,0,0,-3093,0,0,0,4166,3872,0,-4180,-3628,0,0,0,0,0,0,0,3328,3436
84847390,Team1,0,0,4004,0,0,0,0,0,0,0,0,4646,0,-4361,0,0,4125,0,0,0,0,3827,5315,0,3711,0,0,-3623,-3962,-4442,0,0,0,-4232,-3797,0,0,0,0
84757071,Team1,0,0,0,-4573,0,0,4426,4263,4955,0,0,0,0,-3606,0,0,0,-4643,0,0,0,-3613,0,0,-4630,0,0,3832,0,0,3800,0,0,3756,-3416,0,0,0,0
84757081,Team1,0,-3613,0,0,0,0,0,0,-4047,0,0,0,0,-4540,0,-3631,0,0,4452,0,0,3782,0,4624,-3769,0,0,4285,0,4884,0,0,0,-3962,0,0,3359,0,0
84757095,Team0,0,6178,0,0,0,0,0,-3812,0,0,4376,-5356,0,4785,4608,0,0,0,0,0,0,-4083,0,4785,0,0,0,0,0,3744,-4310,0,0,0,-3551,0,0,-4585,0
84757191,Team1,0,0,4669,0,0,-4511,0,0,0,-3784,0,-3458,0,0,0,3870,3929,0,0,0,0,0,0,0,0,3981,0,3303,0,-3931,3790,0,0,0,-3634,0,0,0,-3555
84757235,Team1,0,0,4098,-3430,0,3493,0,0,0,2781,0,0,0,4311,0,0,0,-4162,3255,0,-4370,0,0,0,-4106,0,0,4227,-3227,0,0,0,0,0,0,0,-4181,0,0
84757344,Team1,0,-2875,0,0,0,0,0,0,3225,0,0,-3777,0,0,0,0,0,4799,0,3887,0,4835,3206,0,0,0,0,4273,0,0,-4646,0,-4833,-3372,0,0,-4261,0,0
84904977,Team1,0,0,5326,0,0,0,0,-5374,0,0,0,0,3910,-3901,0,0,0,0,0,3844,4858,-6974,0,0,-3798,0,0,0,0,0,0,0,0,4221,0,0,3699,-4193,-4787
84905813,Team1,0,0,0,0,0,0,0,0,0,0,0,4669,0,4374,3648,0,4400,-3693,0,0,0,-3710,0,-3839,0,4138,0,-3718,4094,0,-3742,0,0,0,0,0,-3810,0,0
84905902,Team0,0,-3940,4676,-4506,0,-3338,0,0,-4050,0,0,0,0,0,3795,4612,0,0,0,0,-4380,-3947,0,0,0,0,0,0,0,0,0,0,0,5079,3622,0,0,3731,0
84465690,Team0,0,3644,4517,0,0,0,0,0,0,0,0,0,4235,0,0,-2622,0,-3732,0,-4730,4562,-4249,0,4302,0,0,0,0,-4341,0,0,0,0,0,-4316,0,4695,0,0
84465774,Team0,0,0,0,3648,0,3363,0,-4689,0,0,0,5126,0,0,-4097,0,-3766,0,0,5203,3954,0,0,0,0,0,0,-5405,-3430,0,0,5648,0,0,-5078,0,0,0,0
84465812,Team1,0,0,3649,0,0,0,0,4999,0,0,4382,0,-4055,-5941,0,0,0,-4112,0,-5095,0,0,0,-4283,0,0,0,3847,-4162,0,0,0,0,3614,0,0,0,0,3822
84466277,Team1,0,4049,0,0,0,0,0,0,4292,0,0,0,-4041,0,0,0,0,0,0,0,0,0,0,3625,0,0,4439,3441,0,-5437,-3553,0,0,-4485,-3570,0,-3753,4044,0
84466300,Team1,0,-3611,5472,3918,-4099,0,0,0,-3513,0,0,-3788,0,0,0,0,0,4122,0,0,4108,4620,4250,0,0,0,-3453,0,0,0,-3299,0,0,0,0,0,0,0,0
84466406,Team1,0,0,0,0,0,0,0,0,0,0,0,0,0,3694,0,0,0,0,4888,-3703,0,0,0,0,0,0,0,0,0,0,0,0,0,0,-3488,0,-5491,0,-3175
84215189,Team0,0,0,-2972,3793,0,0,0,0,0,0,3285,3166,0,0,0,0,0,0,5148,0,0,-2990,0,3068,0,-4984,0,-5024,0,4768,0,0,0,0,-4055,0,-4294,0,0
84215416,Team0,0,0,0,-3461,0,-3557,0,-3830,0,4473,0,4870,0,0,0,3649,0,0,0,-4370,4589,0,0,0,0,0,0,0,-4383,3776,0,0,0,4295,-5452,0,0,0,0
84216069,Team1,0,4199,0,-3398,0,4322,-4159,0,0,0,0,0,0,-4371,0,3555,-4110,0,0,0,-3816,3096,0,-4222,3251,0,0,0,3823,0,0,0,0,0,0,0,0,0,0
84216082,Team1,0,0,0,3724,0,0,3276,0,-3388,0,0,0,0,0,0,0,0,-5132,3666,0,4242,-3803,0,4185,-4037,-4892,0,0,0,0,0,0,0,3755,-4123,0,0,0,0
84216673,Team1,0,0,-4358,0,0,-4085,0,-3932,-4209,0,0,0,0,0,5124,0,0,3190,0,0,-3324,0,3442,0,0,4044,3647,0,0,0,0,0,0,0,-4594,0,0,0,3260
84216818,Team1,0,0,-4573,3678,3290,-4716,0,0,-4832,0,0,0,0,0,0,0,4162,0,0,0,-3309,0,5237,-5092,0,0,0,3561,3565,0,0,0,0,0,0,0,-4405,0,0
84217606,Team0,0,4147,2668,0,0,0,0,0,0,-4808,0,0,-3853,-4780,3749,0,4682,-3950,0,0,0,0,0,-5806,0,0,0,0,4204,-4317,0,0,0,0,0,0,3572,0,0
84724982,Team0,0,-3541,-3516,0,0,0,4942,0,0,0,4569,0,0,0,0,-4609,-4086,3272,0,0,4208,0,0,-3719,0,0,0,4266,0,0,0,0,4286,0,0,0,0,-3553,0
84724983,Team1,0,0,3312,-5343,0,0,-4181,0,0,0,0,0,0,-4976,0,-5763,-5252,-4442,0,0,3454,0,0,0,0,3136,0,0,0,0,0,0,0,3379,0,4926,5110,0,0
84724999,Team1,0,0,-4637,0,0,0,4345,0,0,0,3638,0,0,-4180,0,3661,3596,0,0,0,3812,0,0,0,0,0,0,4180,0,-3791,0,0,0,-4123,0,0,-3915,0,-4471
84725020,Team0,0,0,0,0,4097,0,-4500,0,-5332,0,0,-3956,0,5046,0,0,-4104,0,0,0,0,4385,0,0,0,0,0,3936,0,0,3768,0,0,0,0,0,3899,-3609,-5075
84725023,Team0,0,0,0,0,0,3916,0,0,4202,0,0,-4483,0,0,4808,3709,0,0,0,3934,0,0,0,-4793,-3726,0,-3236,-4678,5264,0,0,0,0,0,-4308,0,0,0,0
84725048,Team0,0,4657,0,0,0,5103,0,0,-3759,-3266,0,4708,0,0,0,-3241,0,-4123,0,0,4404,5162,0,0,0,0,0,-3536,0,0,-3875,0,0,0,0,0,3541,0,0
84725128,Team0,0,0,0,0,4114,0,0,4837,-4234,0,0,4343,0,0,0,0,4312,0,4458,0,-5447,0,0,0,-4298,0,-3555,0,0,4876,0,0,0,-3798,-4448,0,0,0,0
84725194,Team1,0,0,-4335,0,-3283,0,0,3755,0,0,0,3680,0,-4525,0,0,0,0,0,4042,0,0,-4070,-4623,4497,0,0,0,0,0,0,0,0,3838,3491,0,0,-4472,0
84725218,Team0,0,0,-4488,0,0,0,0,0,4466,0,0,0,0,-3890,0,0,0,-4087,0,3329,-3068,0,4302,0,0,0,0,4272,0,0,4548,0,0,0,-3296,0,-3851,0,3405
84725222,Team1,0,0,-4062,0,0,0,4896,0,0,0,0,0,-3620,0,0,3523,4293,4037,-5119,0,0,0,0,3691,0,-4104,0,0,0,0,0,3714,0,-3441,0,0,0,-3039,0
84725272,Team0,0,0,3319,0,-4187,0,0,0,0,0,0,3326,-3952,0,0,0,3634,4442,0,0,0,-3958,0,3827,0,0,0,0,0,-3637,0,0,0,0,-4120,0,3877,-4197,0
84565283,Team1,0,0,5191,0,0,0,0,0,0,0,0,3609,0,0,0,0,0,0,3380,0,3738,0,0,-4135,-5974,0,0,0,0,0,0,0,0,3981,0,-4388,0,0,0
84565378,Team0,0,0,0,0,0,3458,-4236,0,0,0,0,4094,0,-4696,0,0,0,4568,0,0,-3666,0,3650,5410,0,0,0,0,-3834,0,0,0,3329,0,-3924,-4937,0,0,0
84565410,Team0,0,0,3514,0,0,3328,3614,0,-3741,0,0,0,0,0,0,-3528,0,-4121,0,0,0,-4238,0,0,0,0,0,0,0,-3782,4962,0,0,0,4222,-3360,4174,0,0
84565482,Team1,0,-3840,3420,0,0,3965,4146,0,0,0,0,-3736,0,0,0,0,-3963,3233,-4500,0,0,0,0,0,0,0,0,0,0,0,0,0,-3884,0,3919,0,3427,-3941,0
84565524,Team1,0,0,0,0,4146,3525,-3405,-3713,3723,0,0,4454,0,4568,0,0,-3602,0,3975,0,-4075,0,0,0,0,-4563,0,0,0,0,0,0,0,0,-4581,0,0,0,0
84565538,Team1,0,0,0,4034,4064,0,0,-3560,0,0,0,0,0,-4599,0,0,0,0,0,4495,4351,4764,0,0,-3852,0,0,0,-3406,-3012,0,3808,0,0,0,0,0,0,-4484
84565629,Team1,0,0,0,0,3716,0,0,0,-3546,3518,0,3896,0,0,0,-4516,0,0,0,-4366,0,0,0,0,0,0,0,0,-3599,-3560,0,0,3465,3438,0,0,0,0,0
84249951,Team0,0,0,0,0,0,0,0,0,0,0,0,0,0,-4160,0,0,0,0,-4399,4225,5602,0,0,4799,0,0,0,0,0,0,0,0,0,2986,-2833,0,0,-4279,0
84249977,Team0,0,0,3787,0,0,-3545,-5108,0,0,0,0,-3974,-3552,0,0,0,0,3824,0,0,4449,4097,3745,4086,0,0,0,0,0,0,0,0,0,0,0,-4335,0,-3911,0
84249995,Team1,0,0,5483,0,0,0,-3838,0,0,3180,-3516,3478,0,-4303,0,0,0,3681,0,0,3378,-3941,0,0,0,0,0,0,-4643,0,0,0,0,0,0,0,3532,-3719,0
84250010,Team1,0,-4874,5185,0,0,0,0,0,0,4146,0,0,0,0,0,0,0,0,0,4395,4962,-3978,-3048,0,0,0,4743,0,3543,0,0,0,0,0,-4139,0,0,-4549,-4142
84250101,Team1,0,0,0,0,3552,0,-4220,-4161,5097,0,0,0,3680,0,0,-3697,0,0,3643,0,5653,-4622,0,0,0,0,0,0,0,3876,0,0,0,0,-4259,0,0,0,-3298
84250105,Team1,0,-4821,0,3691,0,0,4158,0,0,0,0,3561,0,-4534,0,3422,0,0,0,0,-3858,-4005,0,0,0,0,3703,0,0,-3096,0,0,0,0,3610,0,-3519,0,0
84250146,Team1,0,0,3864,0,0,-4357,4675,4076,0,-4441,0,-4123,0,4888,0,0,0,0,0,0,-5409,-4418,2998,0,0,0,0,0,0,0,0,0,0,5021,-3307,0,0,0,0
84250147,Team0,0,0,-4040,0,0,0,4830,0,0,-3824,0,-4141,0,0,0,0,2942,0,0,0,-3538,0,0,4360,0,0,0,0,4356,0,-3628,0,-3455,0,4152,0,0,4091,0
84250152,Team0,0,3631,0,-3163,0,4456,-4438,0,0,0,-4023,0,0,0,0,0,0,0,5310,0,-3971,4666,0,4012,0,0,0,0,4153,0,0,0,0,-4154,-4026,0,0,0,0
84250153,Team0,0,0,0,4203,0,0,-4589,0,0,0,0,4490,0,-4373,0,0,2700,-5024,0,4030,0,-3867,4510,4277,0,0,0,0,0,-3254,0,0,0,0,0,0,-3901,0,0
84250159,Team1,0,4388,0,0,0,3505,-4173,0,0,0,0,3589,0,0,0,-3546,3930,-4486,-4873,0,0,-3554,0,0,0,0,0,4296,0,0,0,0,0,0,0,0,3638,-3273,0
84250190,Team1,0,0,0,0,-4211,0,-3977,0,0,0,-4870,0,0,0,0,0,0,0,0,0,0,-4227,0,0,0,3797,0,4885,-3777,0,3559,3709,-4339,3937,3312,0,0,0,0
84532617,Team1,0,3667,-4119,0,0,-3615,0,0,-3658,0,3839,3214,3413,0,3992,0,0,-3429,0,0,0,0,0,0,0,0,-3579,0,0,0,0,0,0,4266,-3737,0,0,0,0
84532937,Team1,0,3694,-4465,0,0,0,0,0,0,-4524,0,3633,0,-3034,0,4408,0,0,0,0,-3863,0,4412,0,0,0,0,0,0,0,0,0,0,5097,-3986,0,0,5025,-3415
84533344,Team1,0,0,4295,0,0,-3357,0,0,0,0,3679,-3635,0,0,0,0,0,-4408,0,0,0,0,3970,0,4200,0,0,4406,-3498,0,0,0,-3838,3545,-4102,0,0,0,0
84533412,Team1,0,0,5107,5037,-3935,-5680,-3818,0,0,0,0,0,0,0,-4488,0,3430,3547,0,0,0,0,0,0,0,0,0,4427,0,-4264,0,0,0,0,3932,0,-4030,0,0
84876926,Team0,0,0,0,0,-4271,0,-3419,0,0,0,0,3792,0,0,0,0,0,0,0,0,0,-3641,3944,0,0,0,0,3774,0,0,3696,0,-3686,4037,3480,-5271,0,-3649,0
84876939,Team0,0,0,-3564,0,0,0,0,0,-4260,0,0,0,0,0,0,0,0,0,-4322,3572,-3967,4513,0,0,0,0,0,0,3930,-4428,3168,0,0,0,4327,0,4170,-3654,0
84876950,Team1,0,0,-3719,0,3865,-3879,0,-3617,0,0,0,0,0,0,0,0,0,0,0,0,4527,3959,0,0,0,3316,3661,-3728,0,0,0,0,0,-3987,0,0,-4413,3809,0
84876995,Team1,0,0,-4257,3765,3536,0,0,0,0,0,0,0,0,-4108,0,-4012,4148,-4220,0,-3694,3440,4890,-2513,0,0,0,0,0,0,0,0,0,0,0,0,0,3588,0,0
84877097,Team1,0,4989,0,0,0,0,0,0,0,-3455,3621,4155,0,-3575,0,3986,0,4360,0,0,-3980,5033,0,0,0,-4128,0,-4188,0,0,0,0,0,0,0,0,0,-4112,0
84877140,Team0,0,0,-4332,0,0,0,0,0,4128,0,0,4067,0,-3822,0,0,0,-3790,0,0,-4759,0,0,3597,-3458,0,0,0,0,0,3862,3317,0,3667,0,0,-3687,0,0
84877169,Team0,0,0,-3747,0,-5058,0,4177,0,-4206,-3536,0,3566,-3114,0,0,0,0,-3824,4209,0,0,3704,0,0,0,0,0,0,0,0,0,0,0,3607,0,0,0,3884,0
84877170,Team0,0,0,-3986,0,0,-4608,0,0,0,4195,0,3724,0,-3600,-3224,0,0,0,0,0,0,4066,0,-3418,3840,-3447,0,0,0,0,0,0,0,3746,0,0,0,0,4915
84877218,Team1,0,0,-3490,0,4597,0,0,-4960,0,0,0,-3780,0,0,0,0,-3755,-4090,0,0,0,4194,0,0,0,0,0,3854,0,0,0,0,0,4629,-4760,0,3528,0,4297
84877270,Team0,0,3726,0,0,0,0,0,0,0,-3762,0,0,0,3843,0,0,0,0,0,0,-3922,3314,3713,0,0,0,0,0,-5350,0,3538,0,0,0,-4496,0,-5068,0,0
84788386,Team0,0,0,0,0,4063,3512,0,0,3665,0,0,0,0,0,0,0,0,-3409,3636,-3946,0,4677,0,-3902,0,5768,0,0,0,0,0,0,0,0,-3515,0,-3928,0,-3473
84788479,Team1,0,-6848,4460,0,0,0,0,0,4228,0,0,0,0,0,-3217,0,0,-5415,-3866,0,5482,3681,0,0,0,0,-4480,0,-4037,0,0,2709,3432,0,0,0,0,0,0
84788507,Team0,0,0,0,4212,0,0,-4626,4939,0,0,0,-3653,0,0,0,0,-3563,-3973,0,4342,0,4312,0,0,0,0,0,0,0,-3995,3378,0,0,0,3458,0,-3531,0,0
84788528,Team1,0,-5108,0,4117,0,0,3645,0,0,0,0,-5337,0,0,0,0,0,0,0,0,4342,3331,0,0,0,0,0,0,3271,0,0,-3782,0,-4411,0,0,4453,-3935,-4550
84788551,Team0,0,0,0,3458,0,0,-3942,0,0,3882,0,0,0,0,0,0,-4026,-3733,0,0,3971,0,0,-3462,0,0,3535,0,0,4290,0,0,0,4228,-4021,0,-3821,0,0
84788713,Team0,0,5682,4317,0,0,0,0,0,-4696,-3804,4259,0,-4604,4888,0,0,0,0,0,0,5634,0,0,0,0,-4405,0,0,0,0,-3696,0,0,0,4498,0,0,0,-3800
84788740,Team1,0,0,0,0,0,0,-5645,4106,0,0,-3876,-3571,-4522,0,0,0,-4061,0,0,0,3950,0,3482,3192,0,0,0,0,0,3882,0,0,0,0,0,0,0,-3728,3456
84788758,Team0,0,-3984,0,0,0,4272,-4407,0,-3730,0,0,0,0,0,-4154,0,0,0,0,0,4899,6488,0,-4215,0,0,0,4131,0,4313,0,0,0,-3928,0,0,4356,0,0
84096723,Team0,0,4261,0,0,0,-4114,0,0,4202,-4163,3559,-3413,0,-4680,0,0,0,0,0,0,0,3349,0,-3579,0,0,0,3618,0,0,3644,0,0,0,-3366,0,0,0,0
84096735,Team1,0,0,4655,0,0,-3042,0,0,3723,-3887,0,-3313,0,4741,0,0,0,4348,0,0,0,-3746,0,0,0,0,0,0,-4472,-3384,0,0,0,0,0,0,3562,4102,0
84096740,Team0,0,0,0,0,0,4993,0,0,-4301,0,0,-3233,0,0,0,-4040,0,0,0,4749,-3963,0,0,-4923,0,0,3614,0,3609,0,0,0,0,0,4477,0,-4480,3889,0
84096744,Team1,0,0,3442,0,0,0,0,0,3661,0,-3837,0,-3207,-4142,0,0,0,4096,0,0,0,0,0,3872,0,0,0,-4795,-3308,0,-4696,2879,0,3161,0,0,0,0,0
84096773,Team1,0,-4241,3541,0,0,0,0,0,0,0,0,-3693,0,3292,3560,-4611,0,3021,0,0,0,0,-3866,0,-3891,0,0,0,3548,0,0,3527,0,-4404,0,0,0,0,0
84096843,Team1,0,0,-3226,0,0,5414,-3890,0,3706,0,0,0,0,0,0,0,0,0,0,-3982,-4185,0,0,0,0,0,4482,0,-4821,0,0,4981,0,0,4410,0,-3800,0,3704
84096844,Team0,0,0,0,0,0,0,0,0,-3563,0,0,-3533,3532,-3552,0,0,0,-4265,-3617,0,0,4044,3857,0,0,3692,0,0,0,4935,3387,0,0,0,0,0,0,0,-3351
84096870,Team0,0,0,0,4250,-3559,-3642,0,0,-4531,0,0,-3535,0,4031,0,0,3531,0,0,3697,4069,0,-3830,3884,0,0,-3391,0,0,0,0,0,0,0,0,0,0,0,0
84096899,Team0,0,0,0,0,-3493,0,0,0,-3773,0,0,3819,0,0,0,0,0,-4813,4287,0,0,3923,0,4356,0,0,0,0,0,-3504,0,-5199,0,3532,-4312,0,0,0,4067
84096903,Team1,0,0,0,-3448,0,-4145,0,0,0,0,3392,-3995,0,0,0,0,0,3634,0,0,-4914,0,0,3514,0,0,0,0,0,3841,0,-3256,3700,-4413,0,0,0,0,3196
84096949,Team1,0,0,0,0,0,4326,-4949,0,0,0,3608,4100,0,0,0,-3680,-4929,0,0,0,0,0,0,-4345,0,0,0,0,-4094,0,0,0,0,-3517,4557,0,0,0,0
84339779,Team0,0,0,3247,0,3717,-3890,0,0,0,0,3266,-3567,4643,0,0,0,0,-3459,0,0,3457,0,0,-3788,0,0,-3636,4049,0,-3783,0,0,0,0,0,0,0,0,0
84339795,Team1,0,0,4128,0,0,-3917,0,0,0,0,0,0,0,0,4088,0,0,3326,0,-4251,-2932,3154,0,0,0,0,0,-4090,3704,0,0,0,0,3788,-3371,0,-4779,0,0
84339798,Team0,0,0,0,0,-3997,0,0,0,-5468,0,3975,0,0,0,0,0,0,0,0,-5016,-5771,0,0,-4020,0,4527,-3798,3966,0,0,4686,0,3750,0,0,0,0,3594,0
84339811,Team0,0,0,0,5220,0,0,-3952,0,-4306,0,0,0,0,-3301,0,0,4259,-3593,3284,-3751,0,0,0,0,0,4371,0,0,0,0,4721,0,0,0,4888,0,-3851,0,0
84339860,Team0,0,-3944,3898,0,0,3781,0,0,0,0,0,0,-3361,0,0,4986,0,4172,0,0,-4558,0,-4256,0,0,0,0,0,0,4141,-3746,0,0,0,-5888,0,4468,0,0
84339864,Team0,0,-4149,0,3815,0,-4465,0,4068,0,0,0,-4096,0,-3353,0,0,3834,0,0,0,4556,0,0,0,0,0,0,0,4065,0,0,0,0,0,4722,0,-3454,0,-3305
84339894,Team1,0,3762,0,0,0,0,0,0,-4117,0,0,4460,0,0,0,0,3970,0,-4242,0,4002,0,0,0,0,3932,0,-3440,0,-5335,0,0,3381,-5377,0,-3624,0,0,0
84339900,Team0,0,0,0,0,0,0,-3411,0,0,0,0,-4080,0,4386,-3872,0,0,0,4583,0,3322,-3158,-3552,0,0,0,3314,4039,0,0,4148,0,0,-4485,0,0,0,0,0
84339926,Team0,0,0,3573,0,5131,0,0,0,0,0,0,-4255,0,0,0,0,-4720,0,-4768,0,-4161,-3851,0,0,0,0,0,0,-3662,0,0,0,0,4415,3927,0,4256,0,4202
84339948,Team0,0,4472,5589,-3999,-4846,0,0,0,-3947,0,0,0,0,-4672,0,0,0,0,0,0,4045,4027,0,0,-3844,0,4026,0,0,0,4820,0,0,0,0,0,0,-4245,0
84339951,Team1,0,0,3611,0,-3870,4473,0,0,0,-3701,0,0,0,0,-3865,0,0,0,0,-3056,0,4305,0,0,0,0,-3366,5432,0,0,4375,0,0,0,-4086,0,3798,0,0
84339966,Team1,0,3832,0,0,0,0,-4198,-3297,0,0,0,-3600,-3311,3505,0,0,0,0,-3731,0,3781,3596,0,0,0,0,0,0,0,0,0,3898,0,-4315,0,0,0,4541,0
84339967,Team0,0,0,0,3554,0,0,-4776,0,3689,3608,0,0,0,3614,0,0,0,4073,0,0,-3594,-4980,-3459,0,3912,0,0,0,0,0,-4194,0,-3352,0,0,0,0,0,0
84155087,Team1,0,0,3793,0,0,-5223,0,-3912,-4037,0,0,4439,0,0,0,0,4369,0,0,0,0,0,0,0,0,0,0,0,3903,-3164,0,3813,0,4045,-3195,0,0,0,-3390
84155112,Team0,0,-3848,-3983,0,5141,0,0,0,-3558,0,0,0,0,0,-3249,0,0,0,-4203,4807,4670,4595,0,0,0,0,0,0,0,0,0,4421,0,-4277,5112,0,0,0,0
84155134,Team1,0,-3820,0,-4102,0,0,0,0,0,0,0,0,4010,0,0,0,-4669,0,0,4866,0,0,0,-4501,0,0,0,4182,0,0,3609,4261,0,0,-4317,0,0,4581,-3983
84155213,Team1,0,0,3823,0,0,0,0,0,0,0,0,3807,-3628,3715,0,0,3645,0,3401,-3550,0,-4699,0,0,0,-4051,0,0,0,0,-3890,0,0,0,-5242,3659,0,0,0
84155260,Team0,0,0,0,-3687,4191,-3433,4714,0,0,4019,0,0,0,0,0,4747,0,3672,0,0,0,0,0,0,-3421,0,3994,0,0,0,0,0,0,0,0,-4117,-3506,0,-3055
84594856,Team0,0,0,3731,0,0,0,0,0,3605,0,0,3285,0,0,0,3134,0,-3637,0,-4406,0,-4061,0,0,0,0,0,-5229,3586,0,0,0,0,4052,0,0,-4341,-4169,0
84594907,Team0,0,0,0,0,0,4033,4531,0,0,0,-3632,0,0,0,0,0,0,0,0,0,-4046,4736,0,0,4447,0,0,0,0,-4262,0,0,-4822,0,0,-3796,4079,3545,-3359
84595081,Team1,0,0,-3054,0,0,-4250,0,-4070,4043,0,0,0,0,0,0,0,0,0,0,0,4546,-3359,0,3672,0,4427,0,3485,-4035,0,0,0,0,0,0,0,3813,0,-4279
84595111,Team0,0,3919,0,0,0,0,0,0,0,0,0,4267,0,0,0,0,0,3858,0,0,-5567,-3329,4858,0,0,0,0,0,4191,-3619,-4128,-3798,0,3782,0,0,0,0,-3468
84972392,Team0,0,0,0,0,0,0,4337,0,-4071,0,0,-4225,0,0,0,0,4497,3394,0,0,0,-2939,0,3101,0,0,-4237,-5119,0,0,0,0,0,0,4289,0,3581,-3575,0
84972405,Team0,0,0,-2912,0,0,0,-4151,0,-4114,0,0,0,4779,0,0,0,0,0,0,0,3824,0,-3851,-4094,0,0,0,5205,0,0,3339,3758,0,4399,0,0,0,0,-4075
84972520,Team1,0,0,0,0,0,-3560,-4505,0,3882,0,0,3260,-5209,0,0,-4070,0,4045,0,0,0,0,0,0,0,0,0,0,-4063,0,-4208,0,0,0,4239,0,0,4144,3562
84972761,Team1,0,3614,0,0,0,3911,-4541,3653,0,0,0,-4191,0,0,-3546,4391,0,0,0,0,0,-3700,0,4298,0,0,0,0,0,3683,0,-4388,0,0,-3175,0,0,0,0
84972774,Team0,0,0,0,-3654,0,-4177,4165,-3642,4124,3488,3141,-4550,0,0,0,0,0,0,0,0,4750,-3982,0,0,0,0,0,0,3898,0,-4260,0,0,0,0,0,0,0,0
84939124,Team0,0,0,3656,-4099,-3092,-3157,0,0,5036,0,0,0,0,-3828,0,0,0,3387,0,0,3691,0,0,-4234,0,0,0,0,0,3968,0,0,0,0,-4092,0,5276,0,0
84939150,Team1,0,0,-3987,4066,0,0,3746,0,0,0,0,0,0,0,0,-3980,-4689,-3864,3519,0,3233,0,0,0,-3966,0,0,0,0,0,0,0,0,4057,-4356,0,0,0,4070
84939162,Team0,0,0,3452,0,0,0,3713,-3846,-4112,0,0,0,0,0,0,0,0,3744,0,-4059,-3845,0,0,-3714,0,0,0,0,0,-3944,0,0,0,3762,3479,0,3838,0,0
84939255,Team0,0,-5229,-3869,0,0,0,5457,0,0,3564,0,3783,0,-3341,0,3597,0,-3857,0,0,5126,0,-3760,0,0,0,0,0,-3445,0,0,0,0,0,0,3001,0,0,0
84939256,Team0,0,0,0,0,4414,0,0,0,4366,0,-3916,-4775,0,-4472,0,0,0,0,0,3708,3389,-3954,-4608,0,0,0,0,0,0,0,0,4868,0,-4726,5596,0,0,0,0
84939323,Team0,0,-3932,0,0,0,0,4980,0,0,4471,0,0,0,0,-3887,-4146,0,0,0,0,0,-4087,0,4935,0,0,0,-3662,-2706,0,0,0,0,0,3571,4241,0,4051,0
84939328,Team1,0,0,0,3377,0,-5729,0,0,4091,3311,0,0,0,0,0,0,0,0,-4063,0,3634,-4424,0,-3117,0,0,0,4403,-4419,-3860,3389,0,0,0,0,0,0,0,0
84939407,Team1,0,4374,-4957,0,-5099,0,0,0,0,-3396,0,-3276,0,0,0,-3782,-3960,0,0,4564,0,3693,0,0,0,0,3940,0,3683,0,0,0,0,0,0,0,0,3713,0
84939434,Team0,0,-3843,0,2980,0,0,0,0,0,0,0,-3524,-3312,0,0,0,-4209,4162,0,0,-4092,5450,0,4596,0,-4062,0,0,0,0,0,0,0,5198,0,0,4819,0,0
84939439,Team1,0,4435,0,0,0,0,0,0,0,0,0,0,0,0,0,0,0,0,0,0,0,0,0,0,0,0,0,0,0,0,0,0,3759,0,0,0,0,0,0
84624864,Team0,0,0,3725,0,0,0,0,0,0,-3504,0,0,0,3817,0,0,-3825,0,3814,0,2896,-4400,0,0,0,-3349,0,4202,0,-3308,0,0,-4525,0,3986,0,0,0,0
84625676,Team0,0,-3256,3713,-3549,0,0,3603,3697,-3543,0,0,0,-3913,0,0,0,0,3892,0,0,-3398,0,0,0,-4081,0,3564,0,0,0,0,0,0,0,0,0,0,3506,0
84432646,Team0,0,0,0,5218,0,-4042,-4461,-5640,3135,0,0,0,0,0,0,-4282,0,4576,0,0,-5932,0,0,0,4246,0,0,0,0,-4248,0,4692,0,3492,0,0,0,0,0
84432647,Team0,0,0,4324,0,-4300,0,0,4403,4358,-3886,0,0,-3487,0,0,-4289,0,0,0,0,-4573,0,0,0,0,0,0,0,3910,-4705,0,0,0,3503,0,3011,0,0,0
84432716,Team0,0,0,4521,0,0,0,0,0,0,0,-3622,-3994,4185,-5538,0,3647,0,3452,0,0,0,0,3982,4951,-3582,0,0,0,0,0,0,0,0,0,0,0,0,-3441,-4417
84432735,Team1,0,-3761,-4059,0,0,0,0,0,0,0,-3730,-4727,0,0,0,0,-4305,3681,0,0,0,0,0,-4284,3463,0,0,0,0,3797,0,0,0,0,3783,0,3570,0,4077
84432789,Team1,0,0,0,3912,0,0,-3736,0,0,0,0,0,0,0,4370,4411,-3547,0,0,3566,-4260,3957,0,0,-4279,0,0,0,0,0,0,4254,0,0,-3779,0,-4045,0,0
84432825,Team0,0,0,-3895,0,0,4494,4561,0,0,0,-3297,0,0,5120,0,5097,0,3706,-3725,0,0,0,0,-5036,0,0,0,0,0,0,0,3754,0,0,-3502,0,-3814,0,0
84432854,Team1,0,0,0,0,0,0,-4020,0,0,4353,0,0,0,3888,0,3945,0,3890,0,0,-5078,-3287,0,0,0,0,0,0,0,4874,0,0,0,0,-3908,-4326,3587,-4036,0
84432877,Team0,0,-4250,0,0,0,3974,3714,0,0,0,0,3639,0,0,0,-4526,0,-4125,0,0,2008,0,5723,-5258,0,0,0,0,0,0,0,0,0,-4698,4552,0,-3621,0,0
84432885,Team0,0,4598,-3911,0,0,4876,0,0,0,0,0,5302,4963,0,-4804,4558,0,0,0,0,0,-3529,0,0,0,0,0,0,0,0,0,-3718,0,-4399,6443,0,0,0,-4403
84432952,Team1,0,0,0,0,0,0,3962,0,-3897,-4217,0,-4839,0,3721,0,0,0,3379,0,0,-4936,-4781,0,0,0,0,0,3742,0,0,0,0,0,3463,0,0,3902,-4528,0
84432962,Team0,0,0,0,0,0,0,0,0,0,0,0,0,0,0,0,0,0,0,0,0,0,0,0,0,0,0,0,0,0,0,0,0,0,0,0,0,0,-3592,0
84400287,Team1,0,3995,3232,0,-3993,0,0,0,0,0,-3816,3403,-3518,-3831,0,3762,0,0,0,0,0,-3735,0,0,0,0,3920,0,0,-4278,0,0,3652,0,0,0,0,0,0
84400327,Team1,0,4186,0,-3398,0,0,0,4115,-3750,0,0,-3963,0,3724,3930,0,-3719,0,0,-3987,-4414,4426,0,0,0,0,0,0,0,0,0,0,0,0,0,0,0,0,3822
84400408,Team1,0,4935,0,0,0,0,0,0,0,0,0,-4028,-4483,4265,0,0,0,-4173,0,3704,4573,0,0,0,-3757,0,3671,0,0,0,0,-5269,0,-3952,4774,0,0,0,0
84400444,Team1,0,0,0,0,0,0,4619,0,0,-3887,-3512,-4810,0,3480,-4486,0,0,5094,0,0,-4251,3284,0,0,0,0,0,0,0,4480,0,0,0,0,-4235,0,4390,0,0
84400450,Team0,0,0,0,0,0,3416,0,4053,0,0,0,4739,0,-4204,0,3648,0,-3521,0,0,0,-4290,-4019,4063,0,0,0,-3966,-3921,0,0,0,0,3569,0,0,0,0,0
84400452,Team1,0,0,0,0,-5061,0,0,0,-3525,0,-5041,0,0,4394,0,0,3659,-4482,0,0,4888,0,0,0,0,4143,0,3138,0,0,0,0,-4531,0,-4799,0,3566,0,0
84400456,Team0,0,0,0,0,0,4357,0,0,0,0,0,-4175,0,0,0,0,0,0,3630,-3555,4314,-4155,-5477,0,0,0,0,4352,0,3725,0,3759,0,0,-4014,0,0,-4546,0
84500645,Team0,0,0,0,0,0,3538,0,0,-4080,0,5284,3192,-4667,0,0,3956,3497,0,-3608,0,0,0,0,-5163,-4156,0,0,4158,0,0,0,0,0,0,0,0,0,-3814,0
84501095,Team0,0,0,0,-4111,0,0,4158,0,0,0,-3880,0,3462,-4355,0,0,0,0,0,-4467,0,3850,4193,0,3601,0,0,0,0,0,3520,0,0,0,-4443,-4885,0,0,0
84181933,Team0,0,4073,-3507,0,-3862,4185,0,3892,0,-3591,0,-4204,0,0,0,-3830,-3422,0,0,0,0,0,0,3574,0,0,0,0,0,3608,0,0,0,0,3927,0,0,0,0
84182009,Team0,0,3873,0,0,3371,-4879,0,0,0,0,0,-4297,0,-4475,3937,0,0,-4511,-3927,0,7602,0,0,0,0,0,0,-5020,0,0,0,5207,0,0,6242,0,0,0,0
84182187,Team1,0,0,0,-3864,4020,0,4058,0,0,-5016,0,0,0,4436,0,0,0,3303,0,0,-3204,0,0,-5151,0,0,0,-4945,0,0,0,3585,0,-3462,0,0,4556,0,0
84818729,Team0,0,0,0,0,0,-3682,0,0,0,0,0,0,0,0,0,0,4214,3699,0,-3533,-3390,0,0,3596,0,0,0,-3751,-3244,4656,0,-2901,0,0,4750,0,4336,0,0
84818792,Team0,0,0,0,0,0,0,0,0,0,0,0,-3763,0,0,0,0,-3459,4151,-3757,0,-4530,4891,3674,0,0,0,0,0,3629,4656,0,0,3741,0,-3789,-3464,0,0,0
84818803,Team1,0,3886,0,0,0,4117,0,0,-4382,0,0,3975,0,0,4769,0,0,0,0,0,-3620,0,0,-3362,0,0,0,0,-3688,3737,0,4198,0,-4410,-4244,0,0,0,0
84818830,Team1,0,0,-4536,0,-3207,0,0,0,0,0,3373,0,0,0,0,0,-3312,0,0,0,4606,3644,0,0,3606,0,3210,0,0,3578,0,0,0,0,-4351,0,-4384,0,-4476
84818867,Team1,0,3391,-3857,0,0,4160,0,0,0,0,3748,3317,3345,0,-3683,-5214,0,-4925,0,0,0,0,0,0,0,0,0,0,0,0,0,-4241,0,-4086,0,3533,0,0,0
84818890,Team1,0,3418,0,0,0,-4260,-4423,-3846,0,0,0,0,0,0,0,0,4980,0,0,0,-3458,-3857,0,0,0,0,0,0,4488,4270,0,3484,0,0,0,0,-3561,0,4574
84657221,Team1,0,0,0,0,0,0,-3906,-3260,0,0,0,0,0,0,0,0,0,-3427,-3614,0,-4108,4595,0,0,0,0,0,0,0,0,0,0,-4367,0,0,0,0,0,0
84657259,Team1,0,3930,0,0,0,0,0,-4402,-3925,-5058,0,-4451,0,4544,0,0,0,3386,0,0,0,3404,0,0,-4043,0,0,0,0,3598,-3812,0,0,0,0,0,3744,0,0
84657331,Team1,0,0,-3160,0,0,0,0,0,0,4621,0,0,4589,0,0,3388,-3726,0,0,0,-3515,3985,0,0,0,-4159,0,0,3785,4731,0,0,0,0,-3585,0,-3287,0,0
84657357,Team1,0,0,3568,-3742,0,0,-4560,0,0,0,-3823,0,0,3983,0,0,0,0,0,4074,0,0,0,5078,0,0,0,0,-3973,0,3518,0,0,-4687,0,0,3634,0,-3747
84657382,Team1,0,0,3254,0,0,0,0,0,0,3297,0,-3129,-4485,0,0,0,0,4913,-4023,-4386,0,3935,0,0,4296,0,0,0,0,-3758,0,0,0,-4103,3014,0,0,0,0
84657436,Team0,0,0,0,0,0,-4209,-3471,0,4104,3733,0,-3909,0,0,0,0,0,0,0,-3514,4869,4182,-3354,0,3956,0,0,0,3907,0,0,0,0,0,-3538,0,0,0,0
84657444,Team1,0,0,0,0,0,-3870,0,0,-3989,0,0,-4263,0,0,0,0,3435,0,-3673,0,3549,-3551,0,0,0,0,0,4136,4091,4398,0,0,0,0,0,0,3423,-4437,0
84657476,Team0,0,-2988,0,3477,0,5263,0,0,0,-3789,0,-5257,0,4232,-2902,0,0,0,0,0,-3726,-3619,0,0,0,0,3485,0,0,4144,0,0,0,0,0,3796,0,0,0
84657547,Team0,0,-4257,3824,0,0,-3566,0,0,0,0,0,0,4533,0,0,-3965,0,0,3715,0,0,0,0,0,3754,0,0,0,-3653,0,4658,0,-3663,-3788,0,0,0,0,3314
84657605,Team0,0,0,0,0,0,0,0,0,-3914,0,0,0,0,0,0,4009,0,0,0,0,-3691,0,0,0,0,-4794,-4598,3764,0,0,3864,0,0,4676,0,-3828,3259,-3696,4065
84657629,Team1,0,0,0,0,-3912,0,-3322,0,0,0,-3645,3533,0,-5029,0,0,4155,0,3893,0,-3658,0,0,0,0,0,0,5050,4041,0,4482,0,0,0,-4437,0,0,0,0
84657658,Team1,0,0,-3770,3984,-4072,0,4226,-4298,3282,-4888,0,3449,0,-4778,-3566,0,0,0,4257,0,0,0,0,4152,0,0,0,0,0,0,0,0,0,0,0,0,0,0,0
84002602,Team0,0,0,0,0,4226,4447,-2957,0,3407,0,3703,0,0,-3942,0,4053,0,0,0,0,0,0,0,4974,0,0,0,0,0,-4258,-3469,-4503,0,0,0,0,0,0,-3185
84002624,Team0,0,0,0,3729,-3627,0,0,4250,-4025,-3127,0,0,0,0,0,0,0,0,0,4653,0,0,-3775,0,0,0,0,-3871,3338,0,4100,0,0,0,4456,-4200,0,0,0
84002641,Team1,0,0,-2819,0,0,0,0,-4817,0,0,-3844,0,0,0,0,0,3358,-4480,0,0,0,-2517,0,0,4133,4909,0,4132,0,0,3340,3510,0,0,0,0,0,0,-5189
84002689,Team0,0,0,0,0,0,-3967,4855,0,0,-3672,0,-3759,0,3470,0,-4079,0,0,0,0,5284,-4225,4302,3334,0,0,0,0,0,0,0,0,0,0,0,4468,0,0,-3913
84002715,Team0,0,0,0,0,0,0,0,0,0,-3435,0,0,0,3876,0,-4070,0,3342,0,0,-5716,0,0,-3389,0,0,0,3611,0,3371,-4020,3836,-4973,0,0,4124,0,0,0
84689579,Team1,0,0,-5356,0,0,0,0,3751,0,0,0,0,0,-3939,2668,0,0,0,4004,4233,0,0,-4419,3806,-3955,0,0,-6122,0,0,-4081,0,0,0,0,4089,0,0,0
84689582,Team1,0,0,4814,0,0,3624,-4887,4245,-4113,0,0,0,0,4294,0,0,-4669,0,0,0,-4819,0,0,-5862,0,3231,0,0,-4523,3914,0,0,0,0,0,0,0,0,0
84689604,Team1,0,-3764,4051,0,0,0,5454,0,0,3576,0,3767,0,0,0,0,0,-4310,-3863,0,4439,-3734,0,0,0,0,0,0,0,-4006,0,0,4381,0,-3073,0,0,0,0
84689609,Team1,0,3845,-4366,0,0,0,0,0,3096,0,-4140,0,0,0,0,0,0,-4573,0,0,-5635,-3881,0,0,0,0,0,4507,4207,0,0,0,0,2914,-3654,0,0,3497,0
84689664,Team1,0,0,0,4545,4253,-3754,0,3723,0,-4126,0,-5239,0,0,0,0,0,3652,0,0,0,3753,0,3531,0,0,0,-3956,0,0,0,0,0,0,-3790,0,0,-4330,0
84689713,Team1,0,-3575,3766,-4093,0,-3720,0,3886,0,0,0,0,3398,0,0,0,0,4098,0,3413,-4464,0,0,-3978,0,0,0,0,3745,0,0,0,0,0,-4761,0,0,0,0
84689720,Team1,0,-4326,4326,0,0,3917,-4088,-3983,0,3301,0,0,-3563,3492,0,2927,0,0,0,0,0,0,0,0,0,0,0,0,3701,-4331,0,0,0,-4405,0,0,0,0,0
84689757,Team0,0,-3882,0,0,0,3683,-3684,0,0,-3596,0,0,0,0,0,0,0,0,0,0,-4580,4172,-4391,0,0,0,0,4018,3538,0,0,3396,0,3603,-5105,0,0,0,0
84689763,Team1,0,-6361,2974,3696,0,5083,4594,0,0,0,0,-4921,0,-4769,0,0,0,-3848,0,0,0,-4332,0,0,0,0,0,0,0,0,0,0,0,4637,-4968,0,3929,0,0
84689830,Team0,0,0,0,0,0,0,3451,3981,0,0,-4248,-3431,5026,0,0,0,-4344,0,0,0,4128,3711,0,0,0,0,0,0,0,-3669,0,4543,0,0,-5098,0,0,0,-4165
84125229,Team1,0,3363,0,0,0,-4421,0,3735,0,0,0,0,0,0,-4638,0,0,3687,0,0,0,0,0,0,0,-4428,0,0,4692,4169,0,0,4386,0,-4991,-3905,-4878,0,0
84125230,Team0,0,0,0,0,0,0,0,0,-3576,3488,0,3976,0,0,0,-3826,3540,-3975,0,-4214,4183,-3483,0,0,0,0,0,4241,-3870,0,0,0,0,0,4470,0,0,0,0
84125235,Team1,0,0,0,0,4464,-4420,0,0,-3860,0,4914,-4373,3791,0,0,0,3095,-4302,0,0,0,0,0,0,-3548,0,0,4183,0,0,0,0,0,0,-4009,0,0,0,4466
84125261,Team0,0,0,-3470,0,0,-3887,4083,0,-3828,0,0,0,0,0,0,0,4228,-3543,0,0,4109,0,0,0,0,0,-3989,0,-4497,0,0,0,0,0,4186,0,3718,0,3356
84125291,Team1,0,0,0,0,0,0,3274,0,0,3175,0,0,0,-3423,0,3540,0,3862,-3957,-3940,3616,0,-3579,-3984,0,0,0,0,0,0,0,3900,0,0,0,-3152,0,0,0
84125305,Team0,0,3902,0,0,0,0,-4031,0,4352,0,-3912,4095,0,4045,-3742,0,0,0,0,0,-4332,-3988,0,0,0,-4387,0,0,0,0,3537,0,0,0,0,0,0,0,4613
84125314,Team0,0,0,0,0,0,0,0,0,3875,0,4054,0,3973,0,-3919,0,-4186,4274,-4624,0,0,4434,0,0,0,0,0,-4797,0,4639,-2942,0,0,0,0,0,-3568,0,0
84125317,Team1,0,0,3842,0,0,0,0,0,-4259,0,3751,0,0,0,0,-3554,0,0,0,-4692,3630,-4488,0,0,0,0,0,0,-2802,0,0,0,0,-4553,3894,4376,0,0,3596
84125412,Team1,0,0,-3893,3834,4649,0,0,-3621,-3604,0,0,0,-4458,0,0,3553,0,-4234,0,0,4741,0,0,0,0,0,0,0,0,0,0,0,0,-3232,3350,0,0,3676,0
84035461,Team0,0,0,3927,0,-3685,0,0,0,0,0,-3727,0,3601,-2884,0,0,0,4190,4319,0,4221,-3309,4051,0,0,0,0,-4620,0,0,0,0,0,0,0,0,0,0,-3972
84035556,Team0,0,0,0,0,-3861,4480,0,0,-3388,0,0,-4396,3367,0,0,0,0,0,-3375,0,0,-3647,0,0,0,0,0,0,0,4997,-3303,4156,0,0,0,0,0,3562,3795
84035626,Team0,0,0,3834,0,0,0,0,0,0,0,-3415,-4347,0,0,4126,5088,3740,0,0,-3722,0,0,0,-3873,4109,4493,0,0,0,0,-4720,0,-3662,0,0,0,0,0,0
84035678,Team1,0,-3552,3542,0,0,0,0,0,0,0,0,0,0,0,0,0,0,0,0,0,0,0,0,0,0,0,0,0,0,0,0,-4429,0,5014,0,-4672,4364,-3619,0
84311273,Team0,0,0,0,0,0,0,0,0,-3060,0,3790,4260,0,4853,0,0,0,0,-4316,3875,4290,0,0,0,0,0,0,-4684,-3674,0,0,0,0,0,-3662,0,4964,-3563,0
84311326,Team1,1,0,5109,0,0,5093,0,0,4835,-4162,0,-3534,0,0,0,3469,0,0,-5300,0,0,0,-3670,5595,0,0,0,0,0,0,-3987,-3889,0,4307,0,0,0,0,0
84311447,Team1,0,0,-4837,0,0,-3171,4059,0,0,4547,0,0,0,-3530,0,0,0,0,0,0,4362,3299,0,0,0,-3988,4519,0,0,-3712,0,0,0,0,0,0,-4011,3707,0
84311502,Team1,0,-4484,0,0,3462,0,-4314,0,0,0,0,3555,-3566,0,0,0,3598,0,0,0,0,-3920,0,-3582,0,0,0,3613,0,0,0,0,0,0,-4326,0,4213,3697,0
84311539,Team1,0,0,0,3634,0,4349,0,0,0,0,0,-3742,0,-4409,0,3990,0,0,0,-3917,0,0,-4697,0,0,0,0,0,0,3634,0,4408,0,3697,-3704,0,0,-3693,0
84368728,Team0,0,0,0,0,0,4211,-4224,0,0,-4061,0,-4042,4393,-3767,0,0,0,0,0,4518,0,-3617,0,0,4798,0,0,0,0,0,-4429,0,0,0,0,3482,3834,0,0
84369266,Team0,0,2885,0,0,0,0,-3866,0,0,0,0,4010,0,-4583,0,4234,0,3991,0,0,-3774,0,0,0,-3801,0,0,0,0,-3928,0,3731,0,3678,0,0,-3484,0,0
84279253,Team0,0,0,3740,0,0,0,0,0,-4492,0,3450,3726,0,0,4367,0,0,0,0,-3503,0,4173,-3583,-4068,-3161,0,0,0,0,0,0,0,0,0,3532,-4030,0,0,0
84279749,Team0,0,0,-3614,0,0,-4374,0,0,0,0,0,0,3559,4864,0,0,0,0,0,0,-3759,-3256,0,0,4436,0,0,0,3397,-3533,3901,0,0,0,4151,0,-4772,0,0
84280596,Team0,0,0,3499,0,0,0,0,0,4831,0,3234,0,0,0,0,-4063,0,3527,0,0,3077,0,-5387,0,0,0,0,-5041,-4348,-5393,0,4786,0,0,0,0,0,0,-3482
84280622,Team1,0,0,0,0,0,-3350,-3813,3612,0,0,0,3430,3537,0,0,-4424,0,-3534,0,0,0,0,0,-5313,0,0,0,0,0,3294,0,0,0,4183,-3359,0,0,3638,0
84906340,Team0,0,0,0,0,0,0,0,0,0,0,0,0,0,0,0,0,0,0,4228,0,0,0,0,0,0,0,0,3732,0,-3671,0,0,0,0,0,0,0,0,0
84906503,Team1,0,0,0,0,0,0,-4501,0,0,0,0,-3997,0,0,0,0,0,3970,0,0,4270,0,-3886,0,0,0,3642,0,3450,3360,-4222,0,-4860,-3939,0,0,3009,0,0
84906510,Team0,0,0,-5491,0,0,-3857,0,0,0,0,0,0,0,4134,-4636,0,0,4546,4061,0,0,-4203,0,0,-5054,0,0,0,-4463,3494,0,0,3827,0,0,0,0,0,3827
84906529,Team0,0,0,0,0,0,0,0,-4035,4212,0,0,-4156,0,-4396,0,0,0,4606,0,-3746,-3790,-3871,0,0,0,4382,0,3872,0,0,0,0,0,3760,0,0,4910,0,0
84906530,Team0,0,0,-3249,0,0,-3999,0,0,0,0,4339,2805,0,4569,0,0,0,0,-4078,0,-4555,3111,-3737,0,0,3442,0,-4452,0,0,3723,0,0,0,0,0,0,0,0
84906538,Team0,0,-4160,0,0,0,3630,0,0,0,0,3694,0,0,-3354,0,0,0,0,0,0,-4277,0,0,-4115,0,0,0,4975,3703,3441,-3656,-4129,0,0,3985,0,0,0,0
84906563,Team1,0,0,4097,-3727,0,0,-5309,0,3958,-4341,0,3108,0,0,-3273,0,4460,3685,0,0,-3589,0,0,5482,0,0,0,0,0,0,0,0,0,0,0,-4119,0,0,0
84906599,Team1,0,4282,-4166,0,0,-3871,0,0,0,0,0,0,0,4463,0,0,0,0,3634,0,3619,3584,0,-4892,0,0,0,0,4320,0,-4579,0,0,0,-4766,0,-3865,0,0
84906608,Team0,0,0,-4170,-3898,0,-3386,4750,0,0,0,0,0,-4012,0,4773,4450,0,-4924,0,0,0,-4043,0,0,0,0,0,0,0,0,0,0,0,4611,4689,0,0,4036,0
84906644,Team1,0,0,0,0,0,-4445,3283,0,0,0,0,-4682,0,0,5425,0,0,0,-4072,0,-4268,-4431,0,0,-4795,0,0,3468,0,0,4323,0,0,3902,0,0,3896,0,0
84906666,Team1,0,0,0,0,0,0,0,0,3963,0,0,-3917,0,3043,0,3205,0,0,-3937,0,0,3722,0,3447,-3533,0,0,4197,0,-3519,0,0,0,-3703,0,0,-4379,0,0
84906676,Team0,0,0,-3805,0,4071,0,0,0,-3515,0,0,0,0,4104,0,-3366,-4494,-3963,3896,0,0,3687,0,3503,0,0,0,0,0,4851,0,0,0,0,-3747,0,0,0,0
84906695,Team1,0,0,-3888,0,0,-4729,0,3668,0,0,0,4007,0,0,0,0,0,0,0,0,-3736,3830,-3944,0,0,0,0,-3766,-3730,0,4525,0,3815,3831,0,0,0,0,0
84846000,Team1,0,-6356,3672,0,0,-4477,0,-5381,4435,0,0,0,0,0,0,0,0,4045,0,0,0,0,0,0,3934,0,0,0,-3395,-4253,4233,4984,-5080,0,0,0,0,0,0
84846179,Team1,0,0,0,0,0,0,0,0,0,0,-3841,-4815,0,-3247,0,0,-2998,3410,3930,0,0,0,0,0,0,0,3745,0,0,-3702,0,0,0,3097,-3573,0,4176,4147,0
84847261,Team0,0,0,0,-4438,4987,-3907,0,0,0,0,0,-3989,0,0,0,0,0,0,-3885,0,4914,0,0,-4249,3604,0,0,0,0,0,-3439,4141,0,0,4104,0,0,0,4394
84757425,Team1,0,0,0,0,0,0,-3861,3477,-4637,0,0,-4054,0,0,3900,0,-4861,0,0,0,-4239,3420,0,0,4218,0,0,0,-5783,3725,0,0,0,0,0,0,0,0,4241
84757521,Team1,0,4283,-3762,0,0,0,0,0,-5311,0,0,3622,0,0,0,0,4154,0,0,-4133,-3788,0,-3765,0,0,0,0,4794,0,0,3169,3627,0,0,-3690,0,0,0,0
84757587,Team0,0,-3601,4004,0,0,0,0,0,-3716,3914,0,0,0,0,0,0,0,3204,0,0,-4436,-4378,0,-3768,0,0,0,4854,0,0,0,0,0,4028,0,0,3226,-3421,0
84757588,Team0,0,0,4339,0,0,0,0,0,-3093,0,0,4201,0,0,-3709,0,3269,-3611,-3053,-3154,0,0,0,0,0,0,0,0,4107,0,0,5140,0,3487,0,0,-4412,0,0
84757618,Team1,0,0,0,0,0,0,0,0,0,-4263,0,3778,0,3265,-5494,0,0,4809,0,0,4119,-4541,0,-4650,0,0,0,-3730,0,0,0,3605,0,-4018,4236,0,0,0,0
84757700,Team1,0,0,-5311,0,0,0,0,0,-4752,0,0,0,0,0,0,4037,0,-4161,0,4144,-4002,3943,3288,0,0,0,-5171,0,0,-5399,4137,0,0,0,4592,0,0,0,0
84757701,Team0,0,-5077,0,0,0,0,0,0,4775,0,0,0,-3933,0,-4390,4628,0,-4373,0,-4310,0,0,0,0,0,3922,0,0,5024,0,0,-5331,0,3899,0,0,0,4962,0
84725419,Team1,0,0,0,0,0,0,0,0,-4337,0,0,0,0,3796,4280,0,0,4100,-3569,0,-4088,0,0,-3972,0,3882,4315,0,0,0,0,0,0,-4000,-3475,0,4206,0,0
84217520,Team0,0,3916,0,0,0,0,0,0,4424,-3668,0,-3413,0,-3435,-3983,0,0,0,0,0,0,0,0,3754,3840,0,0,0,3772,0,0,0,0,4284,0,-4266,0,0,-4286
84217555,Team0,0,0,0,0,0,-4370,-4647,0,0,0,0,0,0,3998,0,0,0,0,0,3793,4681,-4088,-4530,3811,0,0,0,-5157,0,3642,0,0,0,0,0,-3685,4129,0,0
84217582,Team0,0,0,0,0,0,0,5265,0,-5519,0,0,0,4192,0,0,0,0,-4101,0,0,0,-3388,0,0,0,0,-3768,0,0,-4561,4633,0,0,0,4779,-6317,0,4104,3778
84217601,Team0,0,-3879,0,-4137,0,0,5756,0,0,0,3285,3825,0,3268,0,0,-4483,4058,0,0,0,0,-4457,0,0,0,0,-4239,0,0,0,0,0,0,3644,-4625,0,0,0
84217604,Team0,0,0,-3371,0,3920,3689,5001,0,0,0,0,0,0,0,-4664,4086,0,0,0,0,-3852,0,4611,0,0,0,0,0,0,0,0,-3386,0,0,4637,0,0,-5451,-3047
84217633,Team0,0,0,3156,0,0,4037,0,4829,0,0,0,0,0,-4120,0,3917,0,-4293,0,0,0,-4395,0,0,0,-3486,0,0,0,-4202,0,0,0,4053,-3548,0,4454,0,0
84217679,Team0,0,0,-4019,0,5115,5246,0,0,0,0,3508,6797,0,0,0,0,0,0,0,-4642,-4690,0,0,-3941,0,0,4049,0,0,4415,0,0,0,-4642,0,0,-3579,0,0
84466396,Team0,0,0,0,0,0,0,4061,0,0,0,0,3509,0,4114,0,0,-4222,0,3496,0,-3822,3468,0,0,0,0,0,-4379,0,-4484,0,0,0,0,4051,0,-4475,0,-4219
84466422,Team0,0,0,4812,-3993,-4475,3777,0,0,-2480,0,0,0,0,0,-5338,0,4775,0,4102,0,4591,0,0,0,0,0,0,-4400,0,0,0,-3518,0,4039,0,0,0,0,0
84466448,Team0,0,0,3697,-3576,0,0,0,0,0,0,0,0,0,4390,0,0,-4445,0,0,4587,0,0,0,-4320,0,0,0,0,4329,-3554,0,0,0,4088,-4282,0,3631,-3430,0
84466675,Team1,0,3262,0,4199,0,4565,0,0,0,-4284,4993,-4474,0,0,0,0,-5407,0,0,0,0,4990,0,-4192,0,0,0,3945,0,0,0,0,0,0,-5096,0,0,0,-3866
84466686,Team1,0,0,-5732,0,0,0,0,0,0,-4429,0,-4377,0,0,0,0,0,0,0,0,-4275,3901,0,0,3872,0,0,0,3674,3748,4071,0,3928,-5428,-3911,0,0,0,0
84466691,Team1,0,-4495,0,-3903,0,-3786,0,-3908,0,4130,0,-4108,0,3800,0,3691,0,0,0,0,-3425,0,0,0,4261,0,0,3088,0,0,4411,0,0,0,0,0,0,0,0
84466804,Team0,0,0,4719,0,0,4133,0,-3828,0,4593,0,0,0,4032,0,0,0,0,0,-4258,-4562,0,0,0,0,0,-4092,3518,3552,0,0,0,0,0,-3498,0,0,0,-3161
84466823,Team0,0,0,4814,0,0,4659,0,0,0,0,-3923,-3976,0,0,0,0,0,0,0,0,5825,4624,0,0,0,0,0,0,0,-3636,-4600,0,-4445,0,4333,0,4025,-3167,0
84565376,Team1,0,4149,-3563,0,5250,-3685,0,0,0,4350,0,0,0,0,0,-4122,0,0,0,-5196,4286,-3511,0,0,0,0,0,0,-4775,0,0,0,3681,0,0,0,0,0,3571
84565403,Team1,0,5707,0,-3551,5010,1615,0,0,0,0,0,3343,0,0,0,0,0,0,-3671,-4492,-4973,4998,0,0,0,0,0,0,0,0,0,0,0,0,-3662,-4867,3484,0,0
84565518,Team1,0,3047,-4620,0,0,-3316,0,0,0,0,0,4292,0,-4307,4313,0,3153,0,3967,0,0,0,0,0,0,0,0,3588,-4511,0,0,0,0,0,0,0,-3720,0,-3892
84565540,Team1,0,0,0,0,0,0,-4039,0,4156,0,0,0,0,0,0,0,0,3375,0,0,-5180,-4082,5221,3581,0,3854,0,0,-4115,3926,0,0,0,-4818,0,0,-3961,0,0
84533167,Team1,0,-4395,0,0,0,0,0,0,3974,4345,0,0,0,0,0,0,0,0,0,5332,3864,0,0,0,0,3917,-4927,5002,0,-4222,0,0,0,-3890,-3683,0,0,-3839,0
84533434,Team0,0,0,0,-3416,0,0,5814,0,-5152,-2610,0,0,0,0,0,5128,-4077,-4488,0,0,6007,0,0,0,0,0,0,-2281,0,4887,0,5086,0,0,0,0,0,0,5844
84533554,Team0,0,3785,0,0,0,-3132,-4281,5135,4880,0,-3912,-4583,0,0,0,-5693,0,0,0,-3601,0,0,0,0,0,0,0,0,3933,3972,0,0,4086,0,0,0,0,0,0
84533628,Team0,0,0,6682,0,0,-3595,-4293,0,0,0,0,4778,0,0,0,-3065,5569,3966,0,0,0,3163,0,-5274,0,0,0,0,0,0,0,0,0,-3632,-3670,0,3795,0,0
84250212,Team0,0,0,4098,0,0,0,-3564,0,-3881,0,-3389,0,0,0,0,0,0,0,4045,0,3503,0,0,0,0,0,3189,0,0,0,4382,0,0,-4371,-4580,-3615,0,4029,0
84250230,Team0,0,0,0,0,0,-4010,0,0,0,0,0,0,0,0,-3876,4845,0,3781,4154,-3863,0,3441,0,-4791,0,0,0,0,-4411,0,0,-4027,0,3060,3661,0,0,0,0
84250289,Team1,0,0,0,0,0,0,-3773,0,0,0,0,0,0,-3572,4008,4477,0,-4697,-3656,3798,4119,-3375,0,-5054,0,0,0,0,0,0,3494,4077,0,0,0,0,0,0,0
84250298,Team1,0,0,0,0,0,0,3946,3628,3340,0,-4029,-3255,0,0,0,0,0,0,0,-3582,0,0,0,-3843,0,0,0,5161,4695,0,-3995,0,4533,0,-3726,0,0,0,0
84250351,Team0,0,0,0,0,-3637,0,0,4181,0,0,0,3588,0,-3777,0,0,3897,0,0,-5371,0,-4074,0,0,3627,-4003,0,0,3636,3510,0,0,0,0,0,0,-4130,0,0
84250396,Team1,0,0,0,3457,3328,0,0,0,0,-4038,0,-4189,0,0,0,-3952,0,4062,4257,0,0,-3948,0,0,0,0,3206,0,-3490,0,0,0,0,0,-3578,0,0,0,3939
84250439,Team0,0,0,-4047,0,0,5687,3604,-3786,0,0,3752,4205,0,0,0,-3880,0,0,0,0,3801,0,0,0,0,0,5232,-3948,0,0,0,0,0,0,-3890,0,0,0,-3382
84876115,Team1,0,0,0,0,5107,0,0,-3754,-3494,3600,0,0,0,0,0,0,0,0,0,0,3985,0,0,0,0,0,3261,-3389,4004,4223,0,0,0,-4864,0,0,0,-4164,-3479
84876730,Team0,0,-4732,0,0,-3547,4600,5773,-3824,0,0,0,-4536,0,0,0,0,0,-4008,0,0,0,0,0,0,0,0,0,0,0,3394,0,0,-4385,0,3060,0,3971,5358,0
84339993,Team1,0,0,0,0,3830,0,0,0,4158,4545,0,0,0,-3930,0,4512,0,-4155,0,5589,0,4666,0,0,0,0,0,0,0,-4771,0,0,0,0,-3874,0,-3972,0,-3774
84340017,Team0,0,0,-5050,0,0,-3453,3738,0,0,0,3818,5330,-6350,0,4284,0,0,0,0,0,-4943,4189,0,0,0,0,0,0,0,0,0,-3661,4691,0,0,0,0,0,-3819
84340020,Team1,0,4098,0,0,0,0,0,0,0,0,4405,0,0,4602,0,4380,-3197,0,-3467,0,-3948,-3438,0,-3782,0,0,0,0,-4548,4947,0,0,0,0,0,0,0,0,4013
84340024,Team0,0,0,4434,0,0,4087,-4206,0,0,0,0,0,0,-3925,0,0,0,-3713,0,0,3072,-3753,4092,0,0,4252,0,-3498,0,0,0,0,0,0,3801,0,-3947,0,0
84340065,Team1,0,3220,0,0,0,0,0,-4596,-3753,-3974,0,0,0,0,0,3878,0,0,0,-4210,0,0,0,0,0,0,3500,4280,0,0,3345,0,0,0,-4656,0,0,-4023,4770
84340073,Team1,0,4376,-4437,0,0,-4751,0,0,3506,0,0,3805,0,0,0,0,0,0,-4366,0,-4400,-3756,0,0,0,0,0,0,0,0,0,0,0,3579,4284,0,-4170,3936,0
84340145,Team1,0,0,0,0,0,0,0,0,-3174,0,4077,4540,0,0,0,0,4385,0,0,0,-3255,0,0,-3635,-3029,0,0,0,3838,4038,0,0,4200,-3232,-4123,0,0,0,0
84340146,Team0,0,0,4412,0,0,-3158,-4035,0,0,0,0,0,-4911,0,3343,-4679,0,4054,0,0,4818,0,0,0,0,0,0,0,-3922,0,0,0,3208,-4740,0,0,3373,0,0
84340204,Team1,0,0,-3516,0,0,0,0,4389,0,-4170,0,0,3627,-4717,0,0,0,3261,0,0,-3202,3268,0,0,0,4949,0,0,-4224,0,0,0,0,0,-4041,0,0,0,3634
84340219,Team1,0,4273,0,0,0,3775,0,0,0,-3305,0,-4102,0,4506,0,3566,0,-3378,0,0,0,0,0,0,0,0,0,-5281,0,4117,0,0,-3370,-3809,3455,0,0,0,0
84096949,Team1,0,0,0,0,0,0,0,0,0,0,0,0,0,0,0,0,0,0,0,0,3616,4400,0,0,0,0,0,0,0,0,0,0,0,0,0,0,0,0,0
84096951,Team0,0,0,3898,0,0,0,-3443,0,0,0,0,-3247,0,0,0,3647,-4094,0,0,0,4125,-4731,-3455,0,0,0,0,0,4966,0,0,0,4342,0,0,0,4448,-4610,0
84097012,Team1,0,4832,0,0,-3214,3534,0,0,-3757,0,0,0,0,-4077,0,0,0,-3543,0,0,0,4164,4095,0,0,0,0,3217,4058,-3103,0,0,0,0,0,0,-3919,0,0
84097031,Team1,0,4237,4028,0,0,0,0,0,3762,0,0,0,0,0,-2998,0,0,4598,0,0,4661,-3352,0,0,0,-3540,0,0,0,-4440,-4049,0,3515,0,0,0,-4374,0,0
84097033,Team0,0,0,4357,4625,0,4754,4386,0,0,0,0,0,0,0,0,-4479,-2975,0,0,0,0,0,0,0,0,0,0,-3519,-4743,0,-3410,0,0,5490,-4632,0,4089,0,0
84097052,Team0,0,0,4421,0,0,0,0,0,-4065,0,0,0,0,0,0,0,0,4279,0,0,-3659,3809,0,-3905,0,-4569,0,0,0,0,-3854,0,0,0,-3978,0,3671,3611,3636
84097057,Team1,0,0,3462,0,4062,-3721,0,0,0,-3410,0,-4764,0,0,3971,3385,0,0,3842,0,0,0,0,0,-3744,0,0,0,0,0,0,0,-3831,3898,0,0,0,-3716,0
84097076,Team0,0,0,0,0,-3293,0,0,0,0,0,0,3873,-4378,0,0,4212,0,0,4449,0,0,0,0,0,3250,0,3667,-3364,0,0,4330,0,0,0,-4203,-3797,-4564,0,0
84097098,Team0,0,-3859,0,3886,0,0,0,0,0,0,0,0,-3611,0,0,0,3587,-3955,0,0,3551,0,0,-4529,0,0,0,5243,0,0,0,-4334,0,-4134,4299,0,3913,0,0
84097140,Team0,0,0,0,0,-4856,0,4283,0,5285,0,0,0,0,0,0,0,0,3878,0,0,0,-4130,4576,0,4893,0,0,0,0,-4196,0,0,0,0,3793,-4890,-3361,0,-4513
84097143,Team0,0,0,0,0,-3540,0,0,0,-3551,3469,0,4162,0,0,0,0,0,0,0,0,3670,0,0,0,-4309,0,0,4385,0,0,0,-3257,0,3904,5124,-3351,0,0,-3521
84971747,Team1,0,-5056,0,0,0,4072,0,-4323,3877,0,0,3608,4591,-3684,-3898,0,0,0,3231,-3887,0,0,0,0,0,0,0,0,0,3824,0,0,0,0,-5502,0,0,0,0
84972165,Team1,0,0,3945,0,-3980,-3924,-3410,0,0,0,-3676,0,0,3642,0,3327,0,0,0,0,0,0,4865,0,0,0,-4287,0,0,0,0,0,0,3903,-3736,0,0,0,4935
84972253,Team0,0,0,5339,0,0,-3642,-5600,-6165,3803,-5549,0,0,0,0,-4756,4039,0,0,0,3684,0,0,0,0,4476,0,0,-3833,0,0,0,0,0,3655,0,0,0,0,0
84153898,Team1,0,0,5542,0,0,0,0,-3844,0,0,0,0,-3562,4745,0,0,0,4311,-3687,0,3316,-3282,0,0,-5308,0,0,0,0,-4034,0,0,0,0,3433,0,3259,0,0
84154528,Team1,0,4420,-3599,3866,0,-3805,0,-3416,0,0,0,0,-3161,0,0,0,0,0,3793,0,-3426,0,4007,0,0,0,0,0,0,0,0,0,4227,0,-3483,0,3552,0,0
84154934,Team0,0,3043,0,0,0,0,0,0,0,0,-3384,-4163,0,4629,0,-4762,0,0,0,3215,5205,0,0,4527,-4605,0,0,0,0,0,0,0,-3437,0,-3550,0,5464,0,0
84626155,Team0,0,0,4189,0,0,0,0,0,3578,0,0,0,0,-2866,4776,0,0,0,0,0,4779,-4209,0,2777,0,-3522,0,0,0,0,0,0,0,0,-4815,0,3695,-3784,-3628
84626236,Team0,0,0,0,0,0,-4461,3550,3479,0,4420,-3293,4002,0,0,0,0,0,0,0,0,3936,0,0,0,0,0,0,-3980,0,-5235,3280,0,0,0,-4824,0,0,0,-4109
84626320,Team0,0,-5076,0,-4486,0,4087,0,-3850,0,0,0,3614,0,0,-3353,0,0,0,0,0,0,0,4588,4748,0,0,0,0,0,-3292,4612,0,0,-3195,4710,0,0,0,0
84626364,Team0,0,0,0,0,0,-3768,0,0,3656,0,0,-3587,0,5220,0,0,0,3656,0,-2908,0,0,0,0,-3672,3617,0,0,-3696,3818,0,0,-4160,0,4788,0,0,0,0
84626379,Team1,0,0,3766,0,4246,0,0,0,0,3608,0,0,0,0,-4111,3704,0,4058,0,0,0,-3610,0,0,0,0,0,3197,-4359,-4341,0,0,0,0,-3785,0,0,-4134,0
84626572,Team0,0,0,-4186,0,0,0,0,0,0,4007,0,0,4448,-4268,0,0,0,0,0,-3630,-4496,0,0,0,0,0,0,3802,0,0,4128,0,0,4193,5127,0,-5183,-3674,0
84626626,Team1,0,0,-4612,0,0,5228,0,-3841,0,0,0,3686,0,-4487,0,0,0,0,0,4230,0,-3657,0,0,0,-3705,0,0,0,4546,-6164,0,0,0,0,0,3963,0,4688
84430304,Team0,0,0,0,4125,0,-3305,0,0,0,0,0,5634,0,0,0,0,4604,4236,0,0,3967,-3600,0,0,0,0,0,-3537,0,0,-3705,3972,0,0,-3550,0,-3554,0,0
84063333,Team0,0,-3835,4528,0,0,3314,0,0,0,0,-4055,0,0,-4282,0,-3115,0,3440,0,0,0,0,0,0,0,0,3161,-5099,4872,0,0,0,3229,-3649,0,0,0,0,0
84399762,Team0,0,0,0,0,-3513,4632,3606,3430,0,0,0,0,3395,0,0,0,0,-4185,-3869,0,4431,0,0,0,-4225,0,0,0,0,4834,0,0,-4349,0,-4729,0,0,0,0
84400431,Team1,0,3911,-3556,0,0,-3674,0,0,3821,0,0,0,0,3434,4011,0,0,0,0,0,5038,0,0,-3672,-3641,3751,0,0,0,0,0,0,0,-3826,0,0,-3394,0,0
84400487,Team1,0,0,0,4916,0,-4125,0,4043,4306,0,0,-4011,0,0,4669,0,0,-5067,0,0,0,-4146,0,0,0,0,0,0,0,-4820,3302,0,0,0,0,0,-3879,3760,0
84400497,Team0,0,0,-4266,0,-4629,0,3918,0,-3934,0,0,-4328,0,3372,4124,0,3454,0,0,-4318,-4131,0,0,0,0,0,0,0,0,3782,0,0,0,0,0,0,2392,0,0
84939439,Team1,0,0,0,0,0,0,0,0,3163,0,0,-3527,0,-3590,0,0,0,0,-4612,4528,5396,-2742,0,0,5152,0,0,0,0,-4699,-4813,0,0,0,0,0,0,0,0
84939513,Team0,0,0,0,0,0,-4225,-3616,3808,0,0,0,3723,0,0,-3785,-4521,3856,3744,-3849,0,-3714,3403,0,0,0,0,0,4122,0,0,0,0,0,0,0,0,0,0,0
84939623,Team0,0,-5011,0,0,0,4279,-3512,0,0,0,4392,-3642,0,4052,0,0,-3922,0,0,0,0,0,-3519,4090,0,3987,0,3947,0,0,0,0,0,0,0,0,0,-3953,0
84939740,Team0,0,0,3197,0,0,3847,4365,0,0,0,-4692,0,-3121,0,0,0,0,3503,0,0,0,0,0,-5510,0,0,0,0,-4644,-4747,0,0,0,-4621,4126,0,3416,0,0
84939742,Team0,0,0,0,0,0,0,0,0,3760,0,0,3638,0,-4220,0,-3073,0,0,0,-3495,4424,4775,0,-3522,0,0,0,0,3824,3355,0,0,0,0,0,0,0,-5175,-3445
84939774,Team1,0,0,0,0,0,0,0,0,-3851,0,0,-4120,0,-3970,0,3426,0,3233,-3409,0,0,4209,0,-3788,4010,0,3932,-5403,0,0,0,0,0,0,0,0,0,5400,0
84939777,Team0,0,3756,-3368,0,0,0,0,0,-3694,0,0,4846,0,-4353,0,0,0,0,0,0,-4245,0,4001,0,0,0,0,0,0,-3697,3179,0,0,0,3218,0,0,-5226,3612
84184295,Team1,0,3335,0,0,0,0,-4158,0,0,0,0,4363,0,0,-3716,0,3534,-3897,0,0,0,0,3299,0,0,0,0,0,0,0,-3599,0,-4094,0,4072,0,-3705,3815,0
84184325,Team0,0,7799,-2445,7707,0,0,0,0,0,-2606,0,0,0,8120,9220,0,0,0,7666,0,-1874,0,0,0,0,-2678,-2803,0,0,0,0,0,0,-2140,0,0,0,8606,0
84184351,Team1,0,0,0,0,0,-4132,4366,-3636,0,0,3778,-5061,0,0,0,3932,4041,0,0,0,-5531,-4122,0,0,0,0,0,4014,0,0,0,0,0,0,0,0,-3917,4458,0
84595082,Team1,0,4240,0,0,0,0,0,0,0,0,0,4453,0,3621,-4012,0,0,3342,0,0,0,0,0,0,-3532,0,0,0,0,-3840,0,0,0,-3289,0,0,0,0,0
84595147,Team0,0,0,0,0,0,0,0,0,0,0,0,4148,0,-4035,0,0,0,0,-3385,0,5154,0,3934,-3705,-4400,0,0,-4316,3799,5501,0,0,0,-3731,0,0,0,0,3882
84595228,Team1,0,0,0,0,0,0,0,-3591,3985,0,0,4610,0,0,-3491,-4074,-3825,0,0,0,0,0,0,0,0,-3664,0,0,3811,-3291,4345,0,0,3336,0,0,3638,0,0
84595229,Team0,0,0,-4541,0,0,-4023,0,-3038,-4739,0,3704,0,0,0,0,0,0,0,0,0,-3500,-4194,0,0,0,0,2979,3447,0,0,4622,0,0,0,5592,0,0,3445,0
84595422,Team0,0,0,0,-3864,0,0,3939,0,0,-3544,0,0,0,0,-3570,0,3771,0,3477,0,3773,-3522,0,0,0,0,0,0,-3337,0,0,0,0,-3677,4139,0,0,0,3913
84595459,Team0,0,0,0,0,0,-3916,-3953,-3416,0,0,0,3596,0,0,0,0,3802,0,-3886,0,0,0,4541,-4123,0,0,0,0,3762,4238,0,0,0,0,3954,0,0,0,-3003
84595460,Team0,0,0,3262,0,0,-4980,-4262,3872,-3891,0,0,3144,0,0,0,-3481,0,0,0,0,4459,4073,0,0,0,0,0,0,0,0,-4179,0,0,3639,-4517,0,0,0,0
84595466,Team1,0,0,0,-4154,-3421,0,0,0,0,0,0,0,0,0,0,0,0,0,0,3543,3605,5324,-3359,-4755,0,0,4414,0,0,0,0,0,0,-4169,-3542,0,3544,4138,0
84595530,Team1,0,0,0,0,0,-3466,-4029,0,-4128,0,0,0,0,0,0,0,0,3717,0,0,4852,0,0,0,0,0,0,0,0,4248,0,4098,0,-4540,-3281,0,3667,0,5136
84501000,Team0,0,0,0,0,0,-3680,-4981,3624,0,0,0,3515,0,0,0,-3910,0,-3809,0,0,4810,0,0,0,-3638,0,5262,0,0,3994,0,0,0,4606,0,0,-3571,0,0
84501053,Team1,0,0,-3510,0,0,0,0,0,0,-4183,0,0,0,0,-4217,-2926,0,4027,0,0,3522,4886,0,0,0,0,0,0,-4460,3592,0,0,0,-4009,3392,0,3887,0,0
84501056,Team1,0,-3872,0,-5001,0,0,3788,0,0,0,3586,0,0,0,-3923,0,0,3383,-3968,0,0,-3983,0,0,0,0,0,0,3585,4816,-4410,0,3775,0,0,0,0,0,0
84501117,Team0,0,-3099,0,0,0,0,4772,0,3490,0,0,0,0,0,0,-4546,-3811,3575,3618,0,4029,-4291,0,0,-4039,0,0,0,3706,-3420,0,0,0,0,0,0,0,0,0
84501210,Team1,0,4146,0,0,0,4474,3923,0,-3913,0,0,0,0,0,0,0,0,-3623,-3281,0,4058,0,0,3695,0,0,0,0,-4471,-3379,0,0,0,0,0,0,4014,0,-3552
84689839,Team0,0,0,0,3929,0,3150,-4161,0,0,4714,0,-5119,-2989,0,0,0,0,-4210,0,0,0,0,0,0,0,0,0,4111,6024,-4412,0,0,0,0,0,0,-3050,0,3769
84689842,Team1,0,3740,-3893,0,0,-4265,0,-4011,0,0,0,3328,0,0,0,0,0,3138,3477,4376,-4700,0,0,0,0,0,0,0,0,0,0,0,3792,0,-3265,0,0,0,-4203
84689849,Team0,0,-3942,3509,0,0,3409,0,0,0,0,3987,3752,0,0,0,-3664,0,-4868,-3802,-3668,2774,3612,0,0,0,0,0,0,0,0,0,0,-4473,0,0,0,0,0,0
84689850,Team1,0,0,3608,0,4979,-3644,0,0,-4003,3821,0,0,0,4318,0,0,0,0,0,-3730,-3756,4098,0,0,0,4041,0,-3505,0,0,0,0,0,0,0,0,-4082,0,0
84689901,Team0,0,0,-3866,0,0,0,0,-4589,0,0,0,4451,0,0,0,-3283,-3390,-4520,3944,0,0,3952,0,-4798,4027,0,0,0,0,0,0,0,0,4285,0,0,0,0,3483
84689902,Team0,0,0,0,0,-3850,-5335,0,-4673,0,0,0,5067,-3760,0,-4271,0,0,0,0,0,4081,-4032,0,3874,0,0,0,0,4374,0,0,0,0,3619,0,0,0,0,3596
84689914,Team0,0,0,3283,3249,0,-3723,-3634,0,0,0,-4057,0,0,0,0,0,4391,0,3497,0,4640,0,3418,0,0,0,0,0,-4330,-3805,0,0,0,0,-3907,0,0,0,0
84689927,Team0,0,0,4145,0,-3618,3913,0,0,0,0,3187,3602,0,0,0,0,0,-3617,0,0,4086,-3976,0,0,0,0,0,-3729,0,-4072,0,-4581,0,0,0,0,3481,0,0
84689937,Team1,0,0,-3537,0,0,-4285,0,0,-3789,0,0,0,3504,0,0,-4109,0,0,3206,0,4716,4274,0,4091,0,0,0,0,-4560,0,3426,0,0,-3761,0,0,0,0,0
84689969,Team0,0,5028,4174,0,3660,0,-3743,0,-4567,-3650,0,0,0,0,0,0,0,-4080,0,0,-3703,4046,0,-3817,0,0,0,0,0,0,3593,0,4304,0,0,0,0,0,0
84689986,Team0,0,-3907,-4549,0,0,0,-4849,0,-4885,-4982,3712,0,0,0,0,0,-3896,0,0,0,0,0,0,0,4482,3886,0,0,0,0,4064,0,3744,0,4503,0,0,0,0
84689994,Team0,0,-3740,0,0,0,0,3700,0,0,0,-3699,-3559,0,0,0,0,0,0,0,-3435,-4139,0,0,0,0,0,0,0,0,4296,3782,0,-4118,3765,4625,0,3446,0,0
84690057,Team1,0,0,4166,3856,0,-4150,-4734,0,0,0,0,0,0,3602,0,3569,0,0,0,0,0,-4634,4657,0,-4770,0,0,3519,-3904,0,0,0,0,0,-4008,0,0,0,0
84690078,Team1,0,4412,0,4550,0,-3993,-4323,0,0,0,0,0,0,0,0,0,0,0,0,0,-3436,4254,4956,0,0,5003,0,0,0,0,0,0,0,4221,-3284,0,-3491,0,-3250
84690094,Team0,0,0,0,0,-3968,0,-3697,0,-3636,0,0,3892,0,0,0,4465,4232,3163,0,0,-4943,-3531,0,0,0,0,0,3320,0,0,0,0,0,0,4043,0,0,-4917,0
84690095,Team1,0,0,0,0,4848,-3968,0,0,3741,0,3622,4039,0,-3940,0,-3941,0,5497,0,0,0,0,0,0,0,-4796,0,0,-3279,-4739,0,0,3556,0,0,0,0,0,0
84690098,Team0,0,0,0,0,0,0,0,4208,0,0,0,0,0,-3749,0,3222,0,0,0,0,0,0,0,0,0,0,0,0,0,0,0,0,0,0,0,0,0,0,0
84125462,Team1,0,0,-3958,0,0,0,0,0,0,0,0,4009,0,-4101,0,0,0,-3554,3756,0,-3771,0,0,3892,4796,-3714,4038,0,0,0,0,3469,0,0,0,0,-3830,0,0
84125525,Team0,0,0,-3509,0,0,0,0,0,4362,0,0,4298,0,0,0,0,0,0,-3122,4411,-4852,0,-4953,0,4350,0,0,0,0,-4931,0,0,0,4421,4687,0,0,0,-3260
84125546,Team1,0,0,4482,-3075,4202,-4405,-3519,0,0,0,0,3905,0,-3034,0,0,4231,-7129,0,0,0,0,0,0,0,-3934,0,0,0,0,0,0,0,0,3136,3495,0,0,0
84125562,Team0,0,0,0,0,0,3535,0,0,-3858,0,0,4308,3401,0,0,0,0,4167,-4110,0,-4164,0,0,0,0,0,0,0,-4041,3633,0,0,0,-4267,-4290,0,4283,0,0
84125572,Team0,0,0,0,-3747,3727,0,0,0,-3874,0,0,0,4345,0,0,0,0,-3791,0,4237,-3434,-4632,0,0,0,0,0,0,3998,0,0,0,0,0,3599,0,0,4204,-4611
84125642,Team1,0,0,0,3722,0,0,0,3837,0,0,-4680,-4813,-4318,3554,0,0,0,-3248,0,0,4600,-4170,0,5132,0,0,0,0,0,0,0,0,0,3425,0,-3833,0,0,0
84280507,Team0,0,-3172,3931,0,0,0,-3678,-4047,0,0,0,3786,0,0,4675,0,0,3900,0,0,-4153,0,0,0,0,0,0,0,0,0,-3680,0,-3538,3913,0,0,3951,0,0
84280525,Team0,0,0,0,0,0,0,0,0,0,0,0,3993,0,3523,-4258,0,4064,4070,0,-3683,0,0,0,-3285,-3867,0,0,4692,0,0,0,3878,0,0,0,-3242,-3689,0,0
84280549,Team1,0,0,0,0,-3825,0,0,0,0,0,0,-3707,0,4003,0,0,0,0,0,-4342,0,4486,0,0,0,4861,-3805,0,0,3299,0,-4583,0,-3493,3466,0,0,3667,0
84280638,Team0,0,0,0,0,0,4375,0,4353,-3338,0,0,4360,0,0,0,3934,0,0,0,0,-3211,-3339,-4112,0,0,0,0,0,-3375,-3841,0,0,0,3752,4294,0,0,0,0
84280640,Team0,0,4769,0,3782,0,0,0,0,3670,0,0,0,0,0,0,0,0,0,0,0,-4430,0,0,3778,-4561,5311,0,0,0,-3384,0,0,3827,0,-4143,-3384,-3860,0,0
84280703,Team0,0,0,0,3534,3860,0,0,0,0,0,-3586,0,-4330,0,0,0,6320,-3166,0,0,3892,0,0,0,0,4213,0,0,0,-4064,0,0,0,0,-3614,0,4231,0,-3632
84280706,Team0,0,0,4500,0,0,3492,4381,0,-4556,0,0,3457,0,0,0,-3789,0,0,-4562,-4084,0,0,0,-3860,0,0,0,-3495,0,0,0,0,0,3762,0,0,3436,0,0
84280707,Team0,0,0,0,0,-3794,-3692,0,0,-5567,-3292,0,-3183,0,0,0,3796,0,0,0,3656,0,0,0,4630,0,0,0,-4037,0,4077,0,0,0,3899,4316,0,0,0,0
84280739,Team1,0,0,4090,0,0,3631,0,0,0,-3523,3484,0,0,0,0,-3884,0,-3489,0,0,2711,0,0,-3397,4040,0,0,0,0,-4222,0,3909,0,0,-4632,0,0,0,0
84280753,Team1,0,0,0,0,0,0,0,0,0,3898,0,0,0,0,0,0,0,4081,4248,0,0,0,0,0,0,0,0,0,0,-3909,0,0,0,0,4682,0,0,0,0
84817680,Team0,0,-4310,-3506,0,0,0,0,-4046,3355,0,3474,3732,0,0,0,0,0,0,0,0,3648,0,0,0,-4904,0,0,3405,0,0,4009,0,0,-3751,-4061,0,0,0,0
84818539,Team1,0,0,3289,0,0,0,-3798,4198,-4443,0,0,3903,0,3513,0,0,0,-5014,0,0,-4164,0,-4001,3241,0,0,0,0,-4191,3878,0,0,0,0,0,0,0,0,0
84818544,Team1,0,-3617,0,3295,0,0,3566,0,0,4180,0,0,0,4538,0,0,0,3474,0,0,0,4001,0,0,0,0,-3406,0,0,-4404,0,0,0,-4362,0,0,-2604,0,-3850
84818668,Team1,0,3951,3888,3605,0,-3771,-3833,0,4260,-3184,0,0,0,3728,0,0,0,0,0,0,-4095,0,0,0,0,0,0,-3309,0,0,0,0,0,0,-4363,0,0,3860,0
84818973,Team0,0,3770,-3993,0,0,0,0,3994,-4942,0,0,0,0,0,0,0,0,-4436,0,-3185,3749,0,-3201,0,0,0,0,4441,-3374,0,0,0,0,3518,4445,0,0,0,0
84309285,Team0,0,-3837,3856,0,0,4672,0,0,-3668,0,0,0,0,0,0,3259,0,-5646,0,4398,4350,0,0,0,0,0,-4005,0,0,-3759,0,3548,0,0,0,0,0,0,-3541
84309768,Team1,0,0,3569,-3542,0,0,3780,3877,0,0,0,-4254,0,3729,0,0,-3434,-3359,0,0,0,-4207,0,0,0,0,0,0,0,0,3772,0,0,0,-3145,0,0,0,4760
84310531,Team0,0,0,0,0,-3826,0,-4404,-4344,0,-3464,0,0,0,0,3498,0,0,3790,0,0,-4104,0,0,0,4309,0,0,0,0,4215,0,-4079,0,0,3860,0,3287,0,0
84788937,Team0,0,-4168,0,0,0,0,0,0,0,0,0,0,0,0,-4405,0,0,0,0,0,0,-3583,3735,-3621,0,0,0,0,3718,3543,3264,4193,0,-4621,3636,0,-3640,0,0
84788965,Team0,0,0,-3928,-3446,0,-3165,0,-4332,-3519,0,3682,4071,0,0,0,0,0,-4385,0,0,3830,4009,0,0,0,0,0,0,0,0,4608,0,0,0,3124,0,0,0,0
84788992,Team1,0,4425,0,0,-3468,-4059,-4119,-3946,0,0,0,-3938,0,3460,0,0,0,0,3748,3647,0,0,0,3382,0,0,0,0,3789,0,0,0,0,0,-4105,0,0,0,0
84789021,Team0,0,-4005,4848,0,0,0,0,3771,0,0,0,-4245,0,0,3973,0,-3086,0,-3818,0,0,0,0,-3729,0,0,0,4838,0,0,0,0,3604,0,3675,-3750,0,0,0
84789115,Team1,0,0,0,0,0,-3784,0,0,0,0,0,-3718,0,0,0,4787,0,0,4370,0,3172,3603,0,0,0,0,0,0,-4475,-3945,3621,-3674,0,-4939,3497,0,0,0,0
84789121,Team0,0,-3712,0,0,0,4052,3639,3588,0,-3622,0,4204,0,0,0,-2936,0,0,4188,0,0,0,0,0,-3956,0,-3417,0,0,0,-3993,0,0,4650,0,0,0,0,0
84905936,Team0,0,0,-3795,0,0,3314,0,0,3718,0,-4046,0,0,0,0,3699,0,0,0,0,-4707,-3851,0,0,0,0,0,0,0,3578,3318,0,0,0,-5285,0,3437,-3617,0
84906319,Team1,0,0,0,0,0,0,-4783,0,0,0,0,-4236,0,-3964,0,0,-4636,3537,0,0,0,0,0,0,-3862,0,0,3714,0,5052,0,0,0,3689,3700,0,3766,-4192,0
84906819,Team1,0,0,3511,0,0,-4031,-5005,0,-5180,0,0,0,0,0,4219,0,0,0,0,0,0,-3934,4995,4124,0,0,0,0,4231,0,0,0,0,4881,-4143,0,-4857,0,0
84906832,Team0,0,-4133,3297,0,0,3888,4334,-3706,-3305,0,0,0,0,0,-3580,0,0,4732,0,-3852,0,0,0,0,-4029,0,0,0,0,0,0,0,0,0,5232,0,3620,0,0
84847408,Team0,0,0,-4615,0,0,4585,0,-3221,-3816,0,3024,4106,-4051,3747,0,0,0,-3460,0,-3903,0,0,0,3844,0,0,0,0,4228,0,0,0,0,0,0,0,0,0,0
84847425,Team0,0,0,3835,0,0,3763,-4070,0,0,0,4310,0,0,0,0,5639,0,-3757,0,0,4290,-4315,-3527,0,0,4367,0,0,-4102,0,0,0,0,0,0,0,0,0,-4001
84847479,Team0,0,0,0,0,0,0,0,0,0,-3507,0,-3742,0,0,0,4381,0,-3691,0,0,4387,0,0,0,-3576,3499,-3277,0,0,3307,0,0,0,4702,0,0,4652,0,-3261
84847508,Team1,0,0,3453,0,0,0,0,0,0,0,3630,0,-3612,0,0,0,0,0,-6229,0,0,0,0,-3667,0,-3870,0,3994,0,0,-3569,0,0,4138,4024,4563,0,-3699,0
84847509,Team0,0,-3895,-3635,0,0,4311,0,0,0,4171,0,3873,0,-3304,0,0,0,0,0,0,4226,0,-4009,0,-3302,0,3724,0,0,4081,0,0,0,0,0,0,0,-3457,0
84847560,Team0,0,0,-3415,0,0,-3553,0,-3782,-3032,0,0,0,0,0,-3325,0,3612,0,4249,0,3786,-3391,0,0,0,0,0,5235,0,4700,0,0,0,0,3752,0,0,0,0
84847590,Team0,0,0,0,0,-3372,0,0,0,-3751,3482,0,4637,0,3599,0,0,-4056,3514,0,0,0,0,0,0,0,0,0,-4615,3655,0,0,0,4614,0,0,0,-3591,-3741,0
84847600,Team0,0,4596,0,0,3627,0,-3709,0,3885,0,4352,-3833,0,3634,0,0,-3743,0,-3844,0,0,0,0,0,-3897,0,0,0,0,0,0,0,0,0,4560,0,0,0,-3572
84035678,Team1,0,0,0,0,0,0,0,0,0,0,0,0,0,0,0,0,3481,0,0,-4505,0,-3735,0,0,0,0,3572,3378,0,0,0,0,0,0,0,0,0,0,0
84035718,Team1,0,0,0,-3638,0,3596,5649,0,0,-4252,0,-4008,4652,0,0,4711,0,3583,0,0,-3836,-3779,0,0,0,0,0,0,0,0,-4715,0,0,0,0,0,0,3660,0
84035744,Team0,0,0,0,0,-4393,-3918,4860,0,0,0,3566,0,-4497,3816,0,0,0,0,0,0,0,0,0,-3825,0,-3566,0,4412,4060,0,4454,0,0,0,0,-3652,0,0,0
84035749,Team0,0,0,0,0,0,0,0,0,0,0,-3806,-4108,0,0,4462,0,-3940,3417,0,4385,0,0,0,0,0,0,3848,-3591,3446,0,0,0,3426,0,-4239,0,0,-3654,0
84035762,Team0,0,0,0,0,-4143,0,0,0,-4099,-5301,0,0,0,0,-3687,0,0,0,0,5583,5507,4261,0,0,0,0,0,-5751,4788,4889,0,0,3729,0,0,-4829,0,0,0
84035786,Team1,0,-3419,0,0,2967,0,3031,0,0,0,0,-4349,0,0,0,0,-4941,3609,0,0,0,-3924,0,0,0,0,0,0,0,0,0,3705,4552,0,0,3354,-4765,0,-3888
84035798,Team0,0,4391,0,0,0,0,-4281,0,-3364,0,0,3598,0,0,0,0,-4303,3644,0,3027,0,4425,0,-3707,0,0,0,0,0,-4308,0,0,3218,0,0,-5094,0,0,0
84035827,Team1,0,0,0,0,0,3612,-4324,-4149,-4121,0,0,0,0,0,0,0,0,0,0,-4106,-4315,3610,-3826,0,0,0,0,0,4684,3669,0,4375,0,0,0,0,0,0,3853
84035847,Team1,0,3341,-4000,0,3521,0,0,0,0,-3641,0,0,0,0,0,-3437,0,0,3292,0,0,0,0,0,0,0,0,-3824,0,0,3734,4119,0,-4432,0,0,4227,-4056,0
84035912,Team0,0,0,-4488,0,0,-3617,5174,0,0,0,4711,3733,0,3074,0,0,0,-3550,0,0,0,0,0,0,3867,0,0,0,0,0,4740,-5065,0,0,-2891,0,0,0,-3450
84035925,Team1,0,0,0,-4143,0,0,0,-4399,3555,3481,0,-3534,4270,0,3929,0,-3641,-3551,0,0,0,0,0,0,0,0,0,-3692,0,3510,0,0,0,0,0,0,0,3330,0
84757743,Team0,0,3924,-4238,0,0,-3702,3998,-4152,0,0,0,0,0,0,0,0,0,0,-4706,0,5777,-3900,3921,0,0,0,0,0,-3783,0,0,0,0,0,4474,0,0,0,3916
84757844,Team0,0,0,3666,-3957,0,0,0,0,0,0,0,0,0,0,-4201,4328,-4096,0,3446,-3361,0,3799,0,0,0,0,0,0,-4142,0,3521,0,-3603,3742,0,0,0,0,0
84757877,Team0,0,0,0,0,0,2657,4096,0,2970,0,0,0,0,0,0,-3572,0,3810,0,0,0,0,-3387,-4465,0,0,0,-4992,0,0,-4587,0,-4146,0,4286,0,2959,0,0
84757932,Team1,0,0,0,0,0,0,-4494,2579,0,0,0,0,0,0,0,0,0,0,3352,-4047,-4429,3519,-4468,0,4139,0,0,0,0,4992,0,0,-4196,0,0,0,0,3756,-3816
84757937,Team1,0,-4302,-4782,0,0,0,0,0,-3395,0,0,0,0,0,0,-4593,0,0,0,0,-5201,0,3834,4126,4128,0,0,0,0,0,4504,0,0,-3418,3397,0,0,0,3753
84757964,Team1,0,0,0,0,0,0,0,0,0,0,0,0,-4446,4107,0,3756,3798,0,0,0,-3737,0,-5091,0,0,-3996,0,-3118,3458,3272,-4693,0,0,0,3787,0,0,0,0
84758002,Team1,0,0,3520,0,0,0,0,0,0,-5319,0,0,0,-5772,-3906,4256,2840,4355,0,0,-3696,-4151,0,0,0,0,0,0,-4533,0,0,0,0,0,0,0,4267,0,3632
84369563,Team0,0,0,0,3684,0,0,3759,-3514,-3293,3842,0,0,0,0,0,0,3379,-3412,0,-3736,4497,0,0,4438,0,-4052,-3291,0,0,0,0,0,0,0,0,0,0,0,0
84369578,Team0,0,0,4447,0,0,0,0,-4937,0,0,0,0,0,-5028,0,0,0,-4101,-4417,0,0,4021,0,3803,3416,0,0,-4091,0,-4528,0,0,0,0,0,0,3667,0,3093
84369643,Team1,0,3531,0,0,0,-3839,0,-4403,-3759,0,0,-3067,0,4195,0,0,0,0,3625,-3683,3557,-3644,0,0,0,0,4380,0,0,3817,0,0,0,0,0,0,0,0,0
84217782,Team1,0,0,4242,0,0,3428,3918,0,0,0,0,-3842,0,0,4898,4348,-4040,0,-4029,0,0,-4456,0,0,0,0,0,0,-4000,-4049,0,0,0,0,0,0,0,5050,0
84217822,Team1,0,-4339,-4134,0,0,-4543,0,4332,0,0,0,3422,0,-4474,0,0,3500,0,0,0,0,0,0,0,-4012,0,0,0,0,0,0,0,0,0,3531,4763,-3312,0,3616
84217844,Team0,0,-3501,0,0,0,0,4240,0,-4049,-3811,0,0,0,3638,-2927,0,0,4092,3437,0,-3809,0,0,4231,0,0,0,0,0,-3782,0,0,0,0,0,0,0,0,3505
84217902,Team1,0,-3937,0,4056,0,0,0,0,-4466,4471,0,0,0,-3599,5278,0,4375,-5228,0,0,4719,-5153,0,-3699,0,0,0,4777,0,0,0,0,0,0,0,0,0,0,0
84217904,Team0,0,0,-3773,0,0,0,-3585,0,0,-3510,0,3816,0,0,0,-4513,0,-4479,0,0,3515,0,-3704,0,0,0,0,0,0,4904,4242,3929,0,0,4134,0,0,0,0
84217948,Team0,0,0,0,0,0,4218,4853,-4015,0,5030,0,0,5348,-3889,0,4932,0,0,0,0,4989,0,-4324,0,-3982,0,0,-3787,0,0,0,0,0,-4137,0,0,0,0,0
84217974,Team1,0,0,4705,0,-4053,3657,0,0,0,0,0,0,0,0,0,0,0,0,4606,0,3538,0,-3417,0,0,0,0,-5004,0,0,0,0,-4020,-3927,-4653,0,4058,0,3903
84217991,Team0,0,5215,0,0,3761,0,0,0,-3903,0,0,3664,0,-3864,4051,0,4980,0,0,0,-4443,0,0,0,0,0,0,0,0,-3893,0,4124,0,-3366,0,0,-3469,0,0
84002994,Team1,0,0,0,0,-3828,0,3857,0,0,0,-3664,-3004,0,4445,0,0,0,4037,3883,-3920,0,0,0,0,-3512,0,3624,0,0,4436,0,0,-3482,0,0,0,0,0,0
84003005,Team1,0,0,-4230,0,0,0,0,4699,3203,4322,0,3692,0,-4655,0,0,0,-4972,0,0,0,-4180,0,-4670,0,0,0,0,-4326,0,3790,0,0,0,0,0,0,0,3481
84003095,Team0,0,0,0,0,0,0,5189,4876,0,0,0,0,-4309,0,0,0,0,-4046,0,3687,0,-3121,0,-4641,-5012,0,0,0,4206,0,0,0,0,4538,4104,0,0,-4383,0
84465795,Team0,0,0,3621,0,0,0,0,0,0,0,0,0,0,0,-3668,3332,0,0,0,-4307,2862,0,-3823,0,0,-3646,0,0,-3722,0,0,4300,0,5231,-4543,3200,0,0,0
84725332,Team0,0,0,0,0,0,3502,0,0,0,0,0,0,0,3780,0,3826,0,4235,0,0,-4164,0,0,0,0,3782,0,-4167,0,0,0,-3830,0,-4989,-3917,0,3520,-4113,0
84725540,Team0,0,0,-4064,0,0,5403,3975,4256,0,0,0,0,0,-2992,0,3638,0,0,0,0,4252,0,0,4418,0,0,-4344,0,0,0,0,0,0,0,0,-6303,0,-3952,-3698
84725570,Team0,0,0,-4132,0,0,-4099,0,0,0,3472,0,0,-4392,0,0,-3926,0,-4267,0,4082,3537,3380,0,4096,0,0,0,4192,0,-3989,0,0,0,0,0,0,0,0,0
84725585,Team0,0,0,4649,4136,0,0,-5056,0,0,4579,0,0,5008,0,0,-4663,0,4503,0,0,4684,-5000,0,0,0,0,0,0,-3303,0,0,0,-3900,0,-5349,0,0,0,0
84725653,Team1,0,0,-3547,-3869,0,0,0,0,-3951,4028,0,0,3432,0,3823,0,-3320,-3560,0,0,0,0,0,3872,0,0,0,0,0,3616,0,0,0,3760,-3556,0,0,0,0
84725654,Team0,0,-3792,-4771,0,0,-2812,0,-3499,-3705,0,0,0,0,0,5334,0,0,0,0,0,0,0,0,0,-4386,0,0,0,0,5067,0,5465,0,5620,4043,0,0,0,2711
84877270,Team0,0,0,0,0,0,0,0,-4112,0,0,0,0,0,0,0,3167,0,0,0,0,0,0,0,0,0,0,0,0,0,0,0,0,0,0,0,0,0,0,0
84877292,Team0,0,0,0,4213,0,0,0,0,0,-3741,0,-3582,0,0,0,0,4816,0,0,0,3959,-3495,0,-4431,3926,3866,0,0,0,0,0,0,0,-3667,0,0,4083,0,-3345
84877312,Team1,0,0,3736,0,3231,0,0,0,-4257,0,0,-4437,0,3140,0,0,0,-3742,-3267,-4623,0,-4018,3965,0,0,0,0,0,0,0,0,0,0,0,4177,0,0,0,3174
84877332,Team1,0,3727,0,4563,0,4152,0,-4200,-5016,0,0,0,0,0,0,-3509,0,3684,0,0,0,0,0,0,0,-3968,0,0,3513,0,-4155,0,3800,-4385,0,0,0,0,0
84877427,Team0,0,0,-3839,0,0,-4832,4236,-3487,4311,0,3886,0,0,0,0,5053,0,4393,0,0,4716,0,0,0,0,0,0,-3863,0,0,0,0,0,-3591,0,0,-3386,0,0
84877462,Team0,0,0,3991,0,0,3752,-3555,0,-3746,0,0,0,0,0,0,0,0,3829,3716,0,-3485,0,0,4140,0,0,0,0,0,-4509,0,0,0,-3452,4068,0,-3639,0,0
84877526,Team0,0,5481,0,0,3654,0,0,0,-4368,0,0,-4497,4001,0,0,0,4701,-3407,0,0,0,-3704,0,3562,0,0,0,0,0,0,0,0,0,0,5211,0,0,-3454,-3758
84248942,Team1,0,0,-5705,0,0,0,0,-4076,0,4077,0,4160,0,-3906,3705,0,0,0,0,0,0,3766,0,-4346,0,0,0,0,-5209,0,-3972,0,0,3217,4042,0,0,0,0
84533627,Team0,0,0,3555,0,-3726,0,-3100,0,0,4390,0,0,3552,-4242,0,0,0,0,0,3281,4688,0,0,-4687,0,0,0,0,0,0,0,0,0,-3860,0,0,-3170,4695,0
84533725,Team1,0,0,-3942,0,0,-3916,0,-4079,4068,3825,0,0,0,-3566,3930,0,0,0,0,0,4327,0,0,0,0,0,3760,0,0,4629,0,0,0,0,-4243,0,0,0,-4230
84533876,Team0,0,0,0,0,0,0,0,0,-4341,0,0,-2991,4750,-3531,0,0,0,3397,0,-4309,0,4352,0,-3254,4397,0,0,0,0,3809,0,0,0,-4425,3715,0,0,0,0
84533897,Team0,0,0,-4144,0,0,4551,0,0,3683,0,5125,0,0,-4325,0,4800,0,-3754,-4133,0,0,0,-3509,0,4032,4028,0,0,0,0,0,0,0,0,-3352,0,0,0,0
84533988,Team0,0,0,0,4107,0,-4016,0,3837,3798,0,0,0,0,0,0,4782,0,-3396,0,0,0,-3201,-3899,0,0,0,0,4077,0,0,0,0,0,-4095,0,0,-3255,0,3946
84534000,Team1,0,0,3933,0,0,0,0,0,-3881,5062,0,3440,0,-3629,0,0,0,3666,0,0,3166,0,0,-4738,0,-5446,3445,0,0,0,0,0,0,0,-4405,0,0,-6100,0
84534061,Team1,0,0,-4977,0,3940,0,0,0,3141,0,0,-3838,0,0,0,0,-4724,0,0,0,2870,-3422,0,0,0,0,3959,0,0,0,3519,0,0,0,3585,-3398,0,-3671,0
84534077,Team1,0,-3557,0,0,0,0,-4119,0,0,-3725,3782,0,-3823,0,0,4147,0,3756,0,3415,0,0,0,0,0,0,0,3485,-3792,0,0,0,0,-3484,4116,0,0,0,0
84564564,Team1,0,0,4382,0,4149,0,0,0,0,0,0,0,0,0,0,3840,3544,-3473,0,-3596,-3809,0,3898,0,0,0,0,-4085,0,0,0,-3891,0,0,3182,0,-5350,0,0
84564914,Team0,0,-3972,4979,0,0,0,0,0,0,0,3971,0,0,0,0,0,-4410,4224,0,0,4139,0,0,-4370,0,-4626,3658,2701,0,0,0,0,0,0,-4660,0,0,-3786,0
84340224,Team1,0,0,4010,0,0,-3684,0,0,-3575,0,0,0,0,0,4353,0,4327,0,0,0,3127,0,0,0,0,-4014,0,-5048,0,0,0,3453,0,-4452,4409,0,-3368,0,0
84340244,Team0,0,0,-3212,0,0,4205,0,0,0,0,0,5301,0,0,-4825,0,0,-3253,-3675,3519,0,0,0,0,0,0,0,0,3492,0,0,0,3489,0,-3597,3844,0,-3699,0
84340263,Team0,0,4780,4255,0,0,4977,0,0,0,0,0,-3481,0,0,0,0,0,0,0,0,3622,-3522,0,0,0,-5004,0,0,3258,0,0,0,3925,-4090,-3422,0,0,-4524,0
84340347,Team0,0,0,0,0,0,0,0,0,-3400,0,0,0,0,0,0,0,4562,-3673,0,0,4048,0,0,-3638,-3723,0,-3864,4961,3766,3651,0,0,0,0,0,0,3440,-3300,0
84340351,Team1,0,0,-3720,0,0,0,0,0,3430,0,0,0,0,-3923,0,-3479,0,-3610,0,0,0,0,-4098,0,0,-3718,0,0,3552,0,0,0,0,3790,0,3536,3692,0,3666
84340389,Team1,0,0,0,-3878,0,0,0,0,-4066,0,0,0,3650,0,0,4740,0,4145,0,0,0,4147,0,0,0,0,0,0,-4495,5234,-3336,0,0,0,-3243,-4123,0,3709,0
84340391,Team1,0,-4675,0,0,0,0,0,0,4163,0,0,3521,0,4587,0,-3349,4163,0,0,0,-3473,0,0,-4380,0,0,0,0,4516,3504,0,0,0,-3644,-3767,0,0,0,0
84340419,Team1,0,-4034,0,0,0,5311,0,0,0,0,0,0,0,3978,0,0,0,0,0,-4771,-3277,-5216,0,0,0,0,-4126,3840,-4343,4369,0,0,0,0,0,0,2881,3930,0
84971512,Team0,0,0,0,0,0,-3862,3910,0,0,-3828,0,-4231,0,0,0,0,0,-4383,3491,0,3045,0,0,-3379,0,0,-3477,0,3718,0,4345,0,0,0,4048,0,0,0,0
84972323,Team0,0,0,0,0,3159,0,0,0,3928,0,0,-5042,0,0,0,0,-3242,0,0,-4928,0,-3586,0,-4821,0,-5002,0,0,0,0,4342,3798,0,0,4816,0,0,0,3721
84095118,Team0,0,0,3865,0,0,3329,-4648,0,4749,0,0,0,0,0,0,-4631,0,0,0,0,0,-4295,0,0,0,0,0,0,3086,0,-3980,0,0,-3326,4292,0,-4215,3359,0
84432433,Team0,0,0,4962,-3637,0,4471,0,0,-3442,0,0,0,0,0,0,3594,0,0,0,3886,3420,-4199,0,0,0,0,0,0,0,-3959,-4152,0,0,0,0,-3968,4983,0,0
84432645,Team1,0,-5287,0,0,0,3665,0,0,-3908,0,0,0,0,-4218,0,-3673,0,0,0,0,3293,3764,0,0,-3338,0,0,0,0,3655,0,0,0,-4057,4101,0,4050,0,0
84432676,Team0,0,0,0,0,0,0,4311,0,0,-4067,4516,-3873,0,-2939,4026,0,0,0,0,0,-3663,3486,4056,0,0,0,0,0,0,0,0,0,0,0,-5183,0,0,-4703,4552
84432818,Team1,0,3808,0,0,0,3730,0,0,0,0,0,-3352,0,-4679,0,3529,0,-4881,-3913,0,0,-3770,0,0,0,0,0,0,3696,0,0,0,0,0,5021,0,0,4290,-3674
84432835,Team1,0,0,-3561,0,0,0,3484,0,0,0,0,0,0,0,0,-5031,0,0,3899,6109,4865,0,4036,0,0,0,0,0,0,-4717,-6410,-5209,0,-4123,3148,0,0,0,0
84432899,Team0,0,-3690,3668,0,0,0,0,0,3554,0,0,3979,0,0,0,0,0,3622,0,-4466,0,0,-3593,-4288,0,0,-3422,0,0,3318,0,0,0,0,3658,0,0,-3632,0
84433114,Team1,0,0,3908,0,0,-3372,0,4099,0,0,0,-4021,0,0,0,-3912,0,0,0,0,-3951,3387,0,0,3547,0,0,0,3154,0,-4162,0,0,4805,0,0,-3788,0,0
84066270,Team0,0,0,0,0,0,0,0,0,0,0,0,3650,0,4190,0,0,0,0,0,4269,0,0,0,0,0,0,0,0,0,0,0,0,0,-4448,3926,0,0,0,0
84066308,Team1,0,0,-5836,0,0,0,3661,0,-3880,0,0,0,0,0,4167,0,0,-3454,4116,0,3403,-3173,0,3942,0,0,0,0,0,0,-4452,0,0,0,-5167,0,0,0,4212
84066315,Team1,0,0,0,0,0,0,3872,0,0,0,0,3725,0,-2725,0,0,0,0,-4086,0,-3865,3039,0,0,0,0,0,0,0,-4280,0,0,3889,0,-4000,4400,3093,0,-3461
84066367,Team1,0,-3635,-3483,0,0,3763,0,0,0,0,0,0,0,0,-4968,0,0,0,0,3376,0,-3370,0,3884,0,0,4243,3576,0,0,0,0,0,-4494,0,4596,-4633,0,0
84066385,Team0,0,0,0,0,0,0,4921,0,0,0,0,0,0,0,0,4060,-3572,0,4708,0,4171,-4240,0,0,-3978,-4567,0,4977,-3821,0,0,0,3750,0,-3614,0,0,0,0
84066388,Team1,0,0,0,0,0,4481,3645,0,-3567,0,0,0,3880,-4611,0,0,0,2910,0,-3895,0,0,0,-4096,0,0,0,0,3021,0,-4491,3871,0,0,-3875,0,0,0,0
84066434,Team1,0,-4245,-3421,0,0,0,4073,0,0,0,-4520,0,0,-3991,-3995,0,0,0,0,4364,0,-4119,3968,0,0,0,0,3767,0,0,0,3502,0,3867,0,0,0,0,0
84066437,Team1,0,0,-7891,0,-5848,0,0,-8883,0,0,0,9847,0,3022,0,0,0,0,0,0,0,-6661,-5623,0,0,0,0,0,0,0,3213,0,0,2760,2627,0,2859,0,-7082
84066534,Team1,0,-3502,0,0,0,0,0,0,0,3607,0,4182,0,3588,0,0,0,0,0,0,-4069,-3794,-4649,0,0,0,0,0,-3523,3975,3870,0,0,0,-4198,0,3724,0,0
84066548,Team1,0,0,0,0,-4178,3987,0,-4027,0,3457,0,4234,4051,-4378,0,0,-3344,0,0,0,0,0,0,0,0,-4445,-4181,4300,4034,0,0,0,0,0,0,0,0,0,0
84066611,Team0,0,0,0,0,0,4539,-3937,0,0,0,0,0,0,3408,0,-3920,0,-3468,0,0,-3106,0,-3358,0,0,0,0,5130,0,0,0,0,0,4663,0,0,3197,0,0
84155409,Team0,0,0,4582,0,0,3326,0,-4345,0,-2875,0,-5002,0,-3527,0,0,0,3441,0,0,0,0,0,3812,-4956,0,0,0,0,0,0,0,0,0,3983,0,3850,-3694,0
84155434,Team0,0,4275,0,0,-5331,3497,0,0,4135,0,0,4212,0,-3879,5199,0,0,0,-4484,0,-4478,-5150,0,-4404,3241,0,0,0,0,0,0,0,0,0,0,0,0,0,0
84155435,Team1,0,0,-4195,0,3897,0,0,0,-4166,0,0,-3684,0,-3674,3836,0,-4377,0,0,0,0,4019,0,4863,0,0,0,0,0,0,0,0,0,3353,0,0,3285,-5020,0
84155460,Team0,0,0,0,-3632,3900,0,4241,0,0,3602,0,0,0,3437,-4054,0,-3795,0,-4186,-3825,0,0,0,0,0,-3477,0,0,0,0,0,0,0,0,4125,0,0,0,3799
84155558,Team0,0,0,0,3695,0,0,0,0,0,0,0,0,0,0,0,0,0,3824,0,0,0,4394,4181,-3747,-3951,0,0,-4273,0,0,0,-5128,0,-4807,3323,0,0,-3280,3253
84155618,Team0,0,-3278,0,0,0,0,0,-3428,0,0,0,-3498,0,0,0,0,4117,0,0,0,0,-3671,4014,3225,0,4684,0,4388,4182,0,-3481,0,0,0,0,0,0,0,-4326
84155619,Team1,0,3376,0,0,0,3444,0,0,0,0,-4367,4309,-4311,4248,0,0,0,-4701,0,0,3424,-3863,0,0,0,0,0,0,0,-4332,0,0,0,0,-3366,0,3927,0,0
84184537,Team0,0,0,0,0,0,0,3000,0,0,0,-4075,0,0,-3588,3902,-3721,0,-4057,4249,0,5038,0,0,5082,0,-3449,0,-4699,0,0,0,0,0,0,0,0,0,4538,0
84184554,Team1,0,0,0,0,0,3741,-4091,0,0,4467,0,4265,4897,-2421,-5600,0,0,-4285,0,0,4677,-3690,0,0,0,0,0,0,4583,0,0,0,0,0,0,0,-3237,0,0
84184556,Team1,0,0,4336,0,0,0,-4318,3730,0,0,0,-4438,0,4163,0,0,-3370,4697,3551,0,0,3383,0,0,0,0,0,0,-4307,0,-3287,0,0,0,0,0,-4304,0,0
84184585,Team1,0,0,0,0,0,0,0,0,-4713,4788,0,-4265,0,4256,4004,0,0,0,-4100,0,-3111,3836,0,3484,4056,0,0,0,0,0,0,0,0,-5541,-5309,0,0,0,0
84184689,Team1,0,-4215,0,0,0,0,0,-4941,0,0,0,0,0,0,0,3901,0,4461,0,0,-4749,0,0,3612,0,0,0,0,-3654,4292,0,0,4257,0,-3627,-3346,0,4393,0
84184691,Team1,0,0,-4855,0,0,0,0,0,0,0,0,0,-3918,0,0,0,0,-3671,0,0,3810,3763,-3979,0,0,3720,0,-4983,0,0,-4407,0,0,0,0,0,3009,3167,4146
84184718,Team0,0,4021,4600,0,-4752,-3636,0,0,4328,0,0,0,0,0,0,0,0,0,-5150,0,3859,5283,0,0,0,0,0,-4771,0,0,0,0,0,3686,0,0,-4168,-3670,0
84184745,Team1,0,0,4062,0,0,0,-5376,4663,0,0,0,0,3735,0,0,0,-5765,-4042,0,0,3725,0,3401,-3571,0,0,0,0,0,0,2704,0,0,0,-5439,0,-5329,0,0
84184752,Team1,0,4312,0,-3677,0,-3361,4586,0,-4857,0,0,-4389,3211,0,0,0,0,-2965,0,0,0,0,0,0,3803,0,0,3608,-4425,0,0,0,0,0,0,0,4061,0,0
84184754,Team0,0,3921,0,0,0,0,-3967,0,0,0,0,0,5604,0,-3763,0,0,-4263,0,0,0,-3547,-3585,0,0,0,0,-5254,4574,4047,0,0,0,3605,3138,0,0,0,0
84184782,Team0,0,0,0,0,0,-4890,0,0,-3626,0,3476,-3506,0,3355,0,4386,0,0,0,3556,3580,3042,0,0,0,0,0,0,0,-4897,0,0,0,0,-3992,0,0,-4746,0
84184800,Team0,0,0,4377,0,0,3468,-4739,-3971,0,0,0,0,0,0,0,0,-3229,-3703,0,0,4399,-4001,0,0,4090,0,0,-4251,0,0,0,4159,0,0,3507,0,0,0,0
84595530,Team1,0,0,0,0,0,0,0,0,0,0,0,-3838,0,0,0,0,0,0,0,0,0,0,0,0,0,0,0,0,0,0,0,0,0,0,0,0,0,0,0
84595568,Team1,0,0,0,0,0,3162,0,-3759,-4420,0,0,0,0,0,4562,-3886,0,0,0,0,0,0,0,0,0,0,0,0,4777,4217,0,0,0,-4095,3435,0,4435,-5054,-3870
84595623,Team0,0,0,3861,0,0,0,0,3677,4354,0,0,-4274,0,0,0,0,-5017,0,0,-3197,0,3856,-4013,-3210,0,-3551,0,0,0,0,3375,0,0,0,0,0,0,0,3883
84595641,Team0,0,0,-3477,0,0,-3975,0,0,0,0,-4260,0,0,0,0,3972,0,0,0,4132,0,3780,3312,3768,0,0,0,-4037,0,0,0,0,0,3417,-4401,0,0,-3586,0
84595648,Team0,0,4033,-3634,0,0,4251,4648,4381,0,0,0,0,0,0,0,0,-4205,0,-3472,0,3989,-3342,0,0,0,0,0,0,-4305,-3496,0,0,3107,0,0,0,0,0,0
84595674,Team0,0,-4157,0,0,-3398,0,0,-4065,3233,0,0,0,0,-4554,4007,0,0,0,3294,0,0,-5638,0,0,0,0,0,0,3694,4035,3773,0,0,0,-3738,0,0,0,0
84595704,Team0,0,0,-3368,0,-3325,-3657,3672,0,0,0,3774,3704,0,3971,0,0,0,3650,0,0,-3443,5350,0,0,0,0,-3315,0,0,0,0,0,0,0,0,0,-3480,0,0
84595749,Team0,0,-3749,3656,0,0,4628,0,0,-3804,0,0,3085,0,-3566,0,0,0,3715,0,0,0,3409,0,-4372,0,0,0,0,-3820,0,-4941,0,0,0,0,0,3615,0,0
84595758,Team1,0,-4839,3302,0,0,0,0,-4755,4028,0,0,0,0,0,0,-4684,0,3856,0,0,-3853,-4799,3861,0,0,0,0,0,0,4057,-4213,0,0,0,4371,0,0,0,0
84626338,Team1,0,0,0,0,-4630,0,0,0,0,0,0,-4639,0,3839,0,0,-3605,0,-3979,4814,4247,0,0,5223,3724,0,3676,0,-4123,0,0,0,0,0,-3911,0,0,0,0
84626339,Team1,0,0,0,0,0,0,-3606,0,4064,0,-3112,3841,0,-4544,0,3701,-3903,0,0,0,0,3968,0,0,3782,0,0,-4171,-3808,3979,0,0,0,0,0,0,0,0,0
84626600,Team1,0,0,0,3965,0,0,0,0,-3730,0,0,0,0,-3463,0,-4236,3789,4478,0,0,0,2991,0,4157,0,-4611,0,0,0,0,0,0,0,-4358,4157,-4081,0,0,0
84626607,Team1,0,0,0,0,3725,-4153,0,0,0,3235,0,4118,0,0,0,0,0,0,0,0,4323,3560,0,0,0,0,0,-4704,-4081,0,0,-4407,0,0,4199,0,0,-4065,-3444
84626608,Team0,0,0,4997,0,0,0,3678,-3319,0,0,4374,-3715,0,4093,0,0,0,0,0,-3741,3993,0,-3912,0,0,0,0,-4252,3386,0,0,0,0,-3793,0,0,0,0,0
84818988,Team0,0,0,0,0,4177,3906,0,0,-4075,0,0,0,0,0,0,3760,0,0,0,4312,-4288,0,0,0,0,0,0,0,3862,-5116,0,3565,0,0,-3839,0,0,-3985,-4502
84818989,Team0,0,0,-3240,-4920,0,-5197,3998,0,0,-3334,0,3767,0,0,0,-3213,3212,4757,0,0,0,0,0,0,0,0,0,0,3484,0,-3544,0,0,0,0,0,4193,0,0
84819008,Team0,0,0,0,0,0,0,-3530,3925,0,0,-3812,0,0,0,-4718,0,0,4182,0,0,-4410,4671,0,0,0,0,0,3916,4015,-4952,0,0,0,0,-3413,0,0,5119,0
84819010,Team1,0,-5149,-4157,3191,0,-3834,0,0,0,4829,0,0,0,0,0,2985,0,0,-4415,0,0,0,0,3535,0,0,-5448,0,-2528,0,4299,0,0,0,0,0,0,3679,0
84819040,Team1,0,0,-3716,0,0,3235,0,0,-4188,0,3508,-3196,0,3805,0,0,0,0,0,0,0,0,-3529,0,0,0,0,2957,0,4077,0,0,0,-3985,0,0,3551,-4166,0
84819077,Team1,0,0,-4051,0,0,0,0,0,3163,-4012,0,0,3879,0,0,4011,0,0,0,0,0,-3687,0,0,2826,0,0,0,0,0,4094,0,0,-4323,0,0,-4209,4109,-3254
84819126,Team1,0,0,0,0,0,0,0,0,3849,0,0,3406,0,0,0,0,0,-3964,-3921,0,0,3530,0,0,-3418,0,-4039,3331,-3476,-3879,0,0,0,0,3896,0,0,3501,0
84819165,Team0,0,0,0,0,0,0,-3812,0,0,0,3743,3382,-4070,0,0,0,-4197,0,-3867,0,-3687,0,0,0,0,-3484,0,3674,0,0,0,3173,0,0,0,0,3773,0,3348
84819192,Team1,0,0,3882,0,4028,0,-3077,-4743,0,0,0,0,4704,0,-3882,0,0,0,0,0,0,0,0,-3869,3606,0,0,0,0,0,-4218,3688,0,3854,-4371,0,0,0,0
84819196,Team1,0,3678,3443,0,0,0,0,0,-4335,-4005,0,-3710,0,3527,0,0,0,4156,0,0,-3551,3726,3634,-4289,0,0,0,0,0,0,0,0,0,-4413,0,0,0,0,0
84819255,Team1,0,0,0,0,3925,0,4658,0,0,0,0,-5257,0,0,0,0,0,0,-4249,-5949,5562,0,4375,4649,0,0,-2910,0,0,0,-4094,0,0,0,5579,0,0,0,-3968
84400504,Team0,0,-3812,0,0,3309,0,0,0,0,0,0,0,0,0,0,3364,0,0,0,0,3499,0,0,-3618,-4222,0,-4673,0,-4016,0,5436,0,4551,-3128,0,0,3209,0,0
84400536,Team1,0,0,-3433,0,-3783,-3604,0,0,0,3529,0,0,4092,-3587,3956,-4392,0,0,3742,0,4031,0,0,0,0,0,0,0,0,4701,0,0,0,0,0,0,-3916,0,0
84400590,Team1,0,0,-4483,0,-3990,0,0,0,0,-4739,0,4007,0,-4401,0,0,0,0,0,3747,0,-3633,0,0,0,0,0,3232,-3894,0,0,4676,0,4447,0,4026,0,0,0
84400658,Team1,0,4518,0,0,0,0,0,0,0,0,3420,-5152,0,4209,0,0,-3878,0,0,-3920,0,4725,0,0,0,0,0,0,4478,3764,0,0,0,0,-3280,0,-3675,-3961,0
84400662,Team0,0,0,0,0,0,-3883,3988,0,0,0,0,-3703,0,0,4982,0,3932,0,-3392,0,-3810,-3629,4873,0,0,0,0,4017,0,0,0,0,0,0,-3889,0,0,3825,0
84400667,Team1,0,4835,-3631,0,3833,0,0,0,0,0,-4295,-3715,0,4300,5142,0,0,0,0,0,0,0,0,0,-3321,0,0,0,-3430,4822,0,4891,0,-4259,0,0,0,0,0
84938960,Team0,0,0,3330,0,0,0,0,0,0,0,0,-3316,0,-3642,3836,-4242,-4963,3575,0,-5216,0,0,0,0,0,0,0,0,-4553,0,0,3363,4110,3866,0,0,0,0,0
84939303,Team1,0,3662,0,0,0,0,-4278,-3945,0,4634,0,3806,0,0,0,4519,0,0,0,0,0,0,3742,0,0,0,-3727,0,-4484,-4258,0,0,0,4124,-3943,0,0,0,0
84939735,Team1,0,4094,3892,0,0,4603,0,3810,4679,0,-4990,-5736,-4635,0,0,0,0,-4790,3446,0,0,-5180,0,-5329,0,0,0,0,0,0,0,0,0,0,0,0,0,0,0
84501181,Team0,0,0,4158,0,0,0,0,0,0,0,0,0,0,0,0,0,0,0,0,0,3419,0,-4096,0,0,0,0,0,0,0,0,0,0,0,0,0,0,0,0
84501227,Team0,0,0,0,0,-4277,-4666,0,4924,0,0,0,0,0,0,0,0,0,4131,4139,0,0,0,0,0,-4425,0,-4477,5208,-3179,3437,0,-4463,0,0,0,0,4203,0,0
84501228,Team1,0,0,-3872,0,0,-3854,0,-3892,0,0,0,0,0,0,0,0,4464,0,0,0,-3550,-3233,0,0,3982,0,3994,-3996,3880,4432,0,0,0,0,0,0,0,4565,0
84501258,Team1,0,0,4065,0,0,3916,0,3925,-3857,0,0,0,0,0,0,4704,4021,0,-3918,0,-4013,0,0,3402,0,0,0,0,0,-3464,0,0,0,-3451,-4181,0,0,0,0
84501302,Team1,0,0,3745,-3741,3241,0,0,0,0,-3878,0,0,0,3822,-4349,0,0,3259,0,0,0,0,0,0,-4418,0,0,0,0,0,-4281,0,-3995,0,3974,0,3400,0,0
84501315,Team1,0,-3826,0,0,4326,0,0,0,-4715,0,0,0,0,3597,-3937,0,0,4544,0,0,0,4476,0,0,0,0,0,5682,-4172,0,-4165,0,0,0,-4001,0,3657,0,0
84501392,Team1,0,0,0,0,0,-3923,-4220,0,0,0,-3703,4597,0,0,0,0,3107,3520,0,0,3751,4696,0,0,0,0,-3223,0,-4436,-3429,0,3776,0,0,0,0,0,0,0
84501450,Team1,0,0,0,-3502,0,0,0,-3201,0,0,0,0,0,0,-3625,-3445,0,3550,0,-4185,4201,0,0,0,0,0,0,0,4731,4031,0,4135,0,-4270,0,0,4979,0,0
84501493,Team1,0,0,-4534,4552,0,0,4130,4024,0,-4228,0,0,0,4284,-4302,0,3679,0,0,0,-4019,0,0,0,4349,0,0,-3661,0,0,0,-3695,0,0,0,0,0,0,0
84501517,Team0,0,0,4319,0,0,3803,-3925,4040,0,0,0,4135,3457,-4000,0,0,0,-4009,0,0,0,-4541,0,-3755,0,0,0,0,-3636,0,0,0,0,4389,0,0,0,0,0
84501525,Team1,0,0,-3271,0,0,0,3868,0,0,-4824,0,4569,0,0,-4196,0,4274,0,0,0,0,-3655,0,5394,-4930,0,0,0,0,0,0,0,0,5585,4205,0,0,0,-4094
84501622,Team0,0,0,0,3610,0,-5636,-4574,0,4153,0,0,0,0,-3141,0,0,0,0,0,3930,0,-3799,0,5549,0,-4653,0,0,-3875,0,0,0,0,5084,0,0,0,0,3406
84501638,Team0,0,0,0,0,0,4908,-4082,0,0,4004,0,5369,3280,0,0,-3544,0,0,0,0,-4100,4943,0,0,0,0,0,0,0,0,0,0,0,0,-3742,-4742,-4298,4149,0
84657785,Team0,0,0,-3388,0,0,4352,0,0,0,0,0,-3927,3173,-4150,-2773,0,0,0,3998,0,0,0,-3835,0,0,0,0,4886,0,4989,-3314,0,0,0,0,0,0,4320,0
84657871,Team1,0,4796,6598,0,0,0,-3249,0,0,0,0,-4439,0,0,0,0,-3603,-3465,0,0,3982,-4268,0,0,4749,0,0,0,0,0,0,0,-3401,4360,0,0,3857,0,0
84657889,Team1,0,4076,0,0,0,0,3786,0,0,-4202,0,-4146,0,0,0,0,-3195,0,0,0,0,4298,-4227,0,4224,0,0,-5409,0,0,0,3651,0,3664,0,0,0,0,-3654
84657890,Team0,0,0,-3859,0,0,0,0,0,0,0,4337,4459,0,3885,0,-4305,-3328,-3661,0,5186,0,3399,0,0,3840,0,0,0,0,-3511,0,0,0,0,0,0,-3679,0,0
84658078,Team0,0,-4468,0,0,0,0,-4361,0,-4233,3753,0,0,0,0,0,0,0,-4158,0,0,-4383,0,0,2906,4063,0,0,4163,0,0,0,-3367,0,3537,4449,0,0,0,0
84688393,Team0,0,0,0,0,0,-3359,-3512,0,3521,0,0,0,0,4107,-4756,0,0,0,0,-3537,5338,0,0,4134,0,3602,0,0,0,0,0,0,0,0,0,0,-3763,4229,-4826
84688784,Team1,0,0,3876,0,0,3754,0,0,-4862,0,0,3114,0,0,-5372,0,0,0,0,0,0,0,3742,0,0,0,0,3505,0,-4542,-3788,0,0,3863,-6028,-3506,0,0,0
84688928,Team1,0,-3946,-5005,-4513,0,0,0,0,3423,0,0,3491,0,4334,-5103,0,0,3873,0,4438,-4471,0,0,0,0,0,0,0,0,0,0,0,-4963,0,3950,0,0,0,0
84689957,Team0,0,5902,0,0,0,0,0,0,0,-4694,0,4022,0,-4299,0,0,6121,0,0,0,-4587,0,0,0,0,0,0,5352,-5053,-4563,0,0,-4981,3363,0,0,3919,0,0
84280806,Team0,0,-3868,4867,0,0,-4104,0,0,0,0,0,0,0,0,0,0,0,0,3701,4751,3254,-3408,0,-3959,0,0,4159,0,-4505,0,0,0,0,0,-3879,2983,0,0,0
84280810,Team0,0,0,3602,0,0,0,0,0,3287,0,0,0,0,0,0,3267,0,3696,0,-3592,-3295,-4443,-3234,0,0,0,-3644,0,-3430,0,0,0,0,4045,3599,0,0,0,0
84280895,Team1,0,0,0,0,0,-4859,0,0,0,4814,0,-4098,0,4857,0,0,-5481,0,0,0,3345,0,0,0,0,4179,4625,-3446,4131,0,0,0,0,0,0,0,-3206,0,-3495
84280952,Team0,0,0,0,-4555,0,0,0,0,0,0,3431,3736,0,-4532,0,3078,3908,0,-3666,0,4041,-4685,0,3493,-3521,0,0,0,0,0,0,0,0,-4020,0,0,0,0,0
84280953,Team1,0,0,-3817,-4615,0,0,0,0,-4455,3639,0,0,0,0,0,0,0,-5289,3848,0,0,0,0,3215,3832,3135,0,0,0,0,0,0,0,-4247,-3786,0,0,3656,0
84280985,Team1,0,0,-4099,0,0,-3632,0,0,0,-3615,0,-3625,0,0,0,0,4782,0,0,0,-4629,5149,0,0,3683,0,0,3886,0,0,0,0,0,0,-3427,0,3692,4347,0
84281009,Team0,0,0,0,0,0,-3981,3757,0,0,-3393,0,-3474,0,0,0,-3663,-3709,4590,0,0,0,0,0,0,0,0,5167,-4169,0,3644,0,0,0,3414,3657,0,0,0,0
84281051,Team0,0,0,4150,0,0,0,0,0,3867,-3586,0,0,0,0,-4969,-3558,4114,0,3686,0,3203,-4413,0,0,-4388,0,0,0,4034,0,-3450,0,0,0,0,0,0,0,0
84281065,Team0,0,0,4228,4805,0,0,3930,-4174,-3840,0,0,0,3439,-3836,0,0,0,0,0,0,-4062,0,0,5026,-4094,0,0,0,0,-4530,0,0,3612,0,0,0,0,0,0
84311573,Team0,0,0,0,3644,0,0,-4111,0,3172,0,-3621,0,0,0,0,0,0,4625,0,0,-3309,0,0,-4163,0,0,0,0,0,3858,-3868,0,0,0,4799,0,-4128,4119,0
84311652,Team0,0,0,3574,0,0,3478,-3264,0,-3270,0,0,0,0,0,0,0,0,0,0,0,-4046,4252,0,0,0,0,3534,0,4715,-4964,-4978,0,0,0,0,0,-3879,4176,0
84311653,Team0,0,0,-4389,0,4536,4463,0,-5913,-5115,4451,0,4725,0,0,0,0,0,0,0,0,-4719,-4275,0,0,0,0,0,0,0,0,0,0,3536,-4723,0,0,0,0,3309
84311669,Team0,0,0,0,0,0,0,-3845,0,0,0,0,0,0,3675,-5000,0,0,-4481,-3872,0,0,0,-5049,0,0,0,0,3633,3388,0,0,0,0,2956,-4341,0,3693,0,3837
84311719,Team1,0,0,-3843,0,0,0,0,0,0,-4537,0,0,0,0,-4939,3876,0,0,4491,0,4114,4391,0,-3890,0,0,0,0,0,4816,-4062,0,0,0,-4130,0,0,4719,0
84311734,Team1,0,4089,0,0,-3497,0,0,5232,-4608,0,-4026,0,0,3944,-4001,0,0,0,0,0,0,3560,0,0,0,0,0,3199,0,0,0,0,0,4466,-4348,0,0,0,-4299
84311770,Team0,0,-4530,0,0,0,0,0,0,4690,0,0,-3500,-4177,-3355,0,0,0,4010,0,0,0,3044,0,0,0,0,0,0,3295,-4347,0,-3123,3417,0,0,0,0,3937,0
84311771,Team1,0,0,0,0,0,-3547,-3714,0,4476,0,0,0,0,4494,-3377,0,0,0,0,3711,4616,-4297,-3398,-3898,0,0,0,0,0,0,0,4606,0,0,0,0,0,5566,0
84311772,Team0,0,0,0,0,0,-3855,-3517,0,0,3082,0,3863,0,0,0,3617,3517,0,-3348,0,-3443,0,0,0,0,0,0,0,0,3970,0,0,0,0,-4345,0,-3783,0,3779
84311807,Team1,0,0,0,0,0,0,0,0,3647,0,0,-5906,0,-4374,0,0,0,0,0,0,5084,5180,5215,4554,-3808,0,-4773,-5801,0,0,0,0,0,-3705,0,0,0,4050,0
84311812,Team1,0,-3601,0,0,0,0,0,0,0,4059,0,0,0,3761,0,0,0,0,0,0,3482,-4079,0,0,-5061,0,0,4344,4549,0,0,0,0,-4557,-4783,0,-4596,0,3231
84845663,Team0,0,3357,0,-4153,0,3924,0,4449,-3656,0,0,0,0,0,0,0,-4460,0,0,0,-4796,0,0,-3524,0,0,0,4552,0,0,4255,0,4188,0,0,0,0,0,-3503
84846665,Team0,0,0,3631,0,0,4607,0,0,-4023,0,0,0,0,-3822,0,0,0,0,0,0,3579,0,0,4696,0,0,0,-4197,0,0,-3398,0,3915,-3442,-2744,4181,0,0,0
84847092,Team1,0,-4797,0,0,0,0,0,0,0,0,0,0,0,0,0,-3589,0,0,0,0,-4058,-3761,3882,0,0,0,0,3432,0,3206,-4868,0,0,4299,0,0,3152,-4381,3610
84847546,Team0,0,0,0,0,0,0,0,4676,3332,0,-3681,3714,0,3280,0,0,0,3874,0,3923,-3027,-3722,0,-4417,0,0,0,0,-3571,-4021,0,0,0,0,0,0,0,0,0
84847656,Team0,0,-2748,-3633,0,0,-3759,0,0,0,0,0,0,0,4470,-3328,0,0,0,0,0,5048,-3883,0,0,0,0,0,3872,0,0,3957,0,0,0,0,0,0,0,0
84032060,Team1,0,4906,-4031,0,0,-3862,0,3419,0,0,0,0,0,3710,0,0,0,0,0,0,0,0,0,0,0,-4586,0,0,4071,4086,0,0,-4622,0,0,3680,0,-3998,-4189
84032357,Team1,0,0,0,3974,0,0,-4054,0,-3144,0,-3787,3966,0,-4328,-4437,0,0,0,3679,0,-3375,0,0,0,0,0,0,3155,0,0,0,0,3329,0,4382,0,0,0,0
84034955,Team1,0,0,0,0,0,3809,4291,-3611,0,0,-3280,-4129,0,-3983,0,0,0,3732,0,0,0,0,0,4420,0,0,0,-3183,0,0,0,3798,0,-3786,3431,0,0,0,0
84035941,Team0,0,0,0,0,0,0,3862,0,0,0,3184,-3711,0,3285,0,0,0,-3948,0,0,0,-3800,0,4340,-3957,0,0,0,0,0,3522,-4275,0,0,4986,0,0,-3680,0
84906741,Team1,0,4246,-4280,0,0,4379,4260,0,-3716,-4084,0,3343,0,0,0,0,0,0,0,0,-4220,-5021,0,0,0,0,0,0,0,-4032,0,0,0,4394,0,0,4120,0,0
84906853,Team1,0,-4325,0,0,0,0,0,0,-4264,3651,0,-4249,0,-3847,0,0,0,0,0,-4554,4135,4664,0,0,0,0,0,0,3836,3920,0,0,0,0,3395,0,0,-3773,0
84906854,Team0,0,0,0,0,0,4322,4721,0,3627,0,0,-4385,0,0,0,-3915,-4428,-3340,3698,0,3538,0,0,3589,0,0,0,0,0,-3656,0,0,0,0,0,0,-4006,0,0
84906874,Team0,0,0,3940,0,0,3164,0,4065,0,0,0,3803,3708,-4200,-4753,0,0,0,0,-3704,0,0,0,0,-4868,0,0,0,0,-3607,0,0,0,3701,0,0,-4132,0,0
84906917,Team1,0,3961,0,0,-3468,0,0,0,0,0,-3627,3449,0,3804,-3721,-3320,-3554,0,3806,0,0,0,0,0,0,0,0,-3800,0,0,0,0,0,3596,3733,0,0,0,0
84906996,Team0,0,0,0,3866,0,0,0,0,0,0,-4093,0,4384,-3737,0,-4180,0,-3671,3823,0,0,0,0,6158,0,0,-4365,0,3866,-3675,0,0,0,0,3661,0,0,0,0
84907007,Team0,0,0,-4065,0,0,4096,4175,0,0,0,0,0,-3876,0,0,0,0,0,0,-4031,-3390,0,0,0,0,0,0,-3700,4335,3609,0,4453,0,0,0,5660,-4325,0,0
84907040,Team1,0,-3366,5090,0,0,-3568,0,-3591,0,0,3630,0,0,3751,0,0,0,0,0,3295,4657,0,-4440,-3486,0,0,0,5353,0,-3239,0,0,0,0,0,0,0,0,0
84907064,Team0,0,0,0,3564,0,0,0,0,0,0,0,0,4265,4718,0,0,0,0,4373,0,-4002,-4562,0,0,0,0,0,3457,-5063,-4525,0,0,0,0,3457,0,-3510,-3505,0
84758047,Team1,0,-3503,0,-4324,0,0,3703,0,3831,0,0,0,0,3957,-4924,0,-3540,0,-3509,0,3705,-3777,0,0,0,0,0,0,0,0,0,0,0,3448,0,0,4529,0,0
84758049,Team0,0,0,0,0,0,-3346,0,0,0,0,-3735,-3669,3613,0,0,0,0,0,0,0,-4122,-4112,0,0,0,0,0,3499,3758,0,4161,0,-3769,0,3550,0,3862,0,0
84758056,Team0,0,0,0,0,0,4339,0,0,0,0,0,4875,0,0,0,0,0,0,-3767,0,-3945,-3637,5104,-3585,0,0,0,0,0,3460,0,0,5342,-3175,-4677,0,0,0,3595
84758082,Team1,0,0,0,0,0,0,4961,-4194,0,0,0,5875,0,-4750,0,0,4076,3283,0,-3957,-3889,4012,0,-3948,0,0,0,0,0,0,0,3350,0,0,-3893,0,0,0,0
84758085,Team1,0,5119,0,4750,0,4010,0,-4931,4776,0,0,4426,0,-4452,0,0,0,-5307,0,0,0,0,0,0,-3874,-4601,0,0,0,0,0,0,-5064,3181,0,0,0,0,0
84758090,Team1,0,0,0,0,0,3161,-3741,0,-3983,0,-4241,0,3911,0,0,-3306,0,3007,0,0,-4324,0,0,0,0,0,3631,0,0,4053,0,0,0,-3725,4661,0,0,0,0
84758094,Team0,0,0,4235,4644,0,4138,0,0,0,0,0,0,0,3822,0,0,0,0,3660,0,3490,-3533,0,-4708,0,0,0,-4033,0,0,-4683,0,0,0,-3812,0,-3420,0,0
84758173,Team1,0,0,0,0,0,0,-3625,0,-3438,0,0,-4974,4430,0,0,0,0,0,0,0,0,-4542,0,0,3647,0,0,-3417,4723,3457,0,0,0,3363,3612,0,-3412,0,0
84758282,Team1,0,3764,0,0,0,0,0,0,-5277,0,0,0,0,0,-4654,0,0,0,0,0,3580,4183,0,3490,0,-4786,0,0,0,-3539,0,0,0,-3775,4100,0,-3035,4119,0
84758331,Team0,0,0,0,0,0,0,0,0,-4488,0,0,0,0,0,0,0,0,0,0,0,0,-3202,0,0,0,0,0,0,0,0,0,0,0,0,0,0,0,0,0
84125657,Team1,0,0,0,0,0,0,3961,-4867,0,0,0,-3502,0,4284,0,4023,3605,0,0,0,-3436,0,0,0,0,0,0,-4126,0,0,0,0,0,0,-3510,3469,-3964,3177,0
84125689,Team0,0,0,-4233,-3395,0,3960,0,0,3845,0,0,0,0,0,0,0,0,-3481,4106,0,0,-3312,0,0,0,0,0,0,3941,0,-4495,-3633,0,0,5331,0,0,4986,0
84125724,Team0,0,0,0,0,3912,0,0,0,-4270,0,0,0,-3545,0,0,0,-3336,-3892,0,0,0,0,0,3481,0,-4351,0,-4525,0,0,0,3360,0,5399,3736,0,0,0,3149
84125754,Team0,0,0,4026,0,-3488,-4514,0,0,3447,0,0,0,0,0,0,0,5246,0,0,0,0,0,0,4011,-4584,-3354,-3682,0,4232,0,3781,0,-4122,0,0,0,0,0,0
84125775,Team0,0,0,4288,0,0,4741,-4512,0,0,0,0,0,0,0,0,0,-3888,0,0,0,-3360,3920,3599,0,-3854,3993,0,0,0,0,0,0,0,0,-3615,0,-4350,0,4545
84125779,Team0,0,0,0,0,0,-3703,-3602,0,0,0,3646,3586,0,0,0,0,0,-3438,0,0,0,0,0,-3780,3718,0,-3866,0,-3782,3318,3548,0,3305,0,0,0,0,0,0
84125805,Team1,0,0,0,0,0,0,4133,0,0,0,0,3901,0,0,0,0,0,0,0,-4632,-4652,-3731,4265,-4176,0,0,0,0,4094,0,0,-3835,0,3040,4162,-3531,0,0,0
84789123,Team0,0,0,0,0,0,0,-5009,0,3193,-4075,3698,3710,0,-4590,-5011,0,0,0,-3547,0,0,3558,0,0,0,2903,0,0,0,0,0,0,0,2892,0,0,0,0,-3317
84789151,Team1,0,-4500,4062,0,0,3998,0,0,-4046,0,0,0,0,0,0,3258,0,0,0,0,0,0,0,-3270,4765,0,0,3647,0,0,0,0,0,-4103,-3677,-6114,3299,0,0
84789157,Team1,0,0,0,0,0,-3651,0,0,0,0,0,3850,0,4635,0,0,0,0,0,-3862,3665,4559,0,0,-3929,3775,0,-4146,0,0,0,0,0,0,-3928,0,-4208,4573,0
84003118,Team1,0,0,0,0,0,0,-4434,0,-4017,0,0,-4013,0,3591,0,0,4771,0,0,0,-4040,3609,-3992,0,0,0,0,3797,4368,0,-3887,0,0,0,0,0,0,4356,0
84003121,Team1,0,0,-5289,-3792,0,0,0,3383,0,0,0,0,0,-3388,0,0,0,4219,0,4661,0,0,-3557,0,0,0,0,0,4561,4026,-5013,0,4301,0,0,0,0,-4267,0
84003148,Team0,0,0,0,0,0,0,-4286,0,0,0,3709,3890,-3840,0,0,3116,3601,-4271,0,-3609,0,2923,-3828,0,0,0,0,-3956,0,3940,0,0,0,0,0,0,0,0,0
84003154,Team1,0,0,0,0,0,0,4365,0,0,0,3983,0,0,4417,0,0,0,4707,0,-4100,0,-4058,0,4349,4535,0,0,0,-3986,0,0,0,0,0,-4066,0,0,-4769,-3097
84003186,Team1,0,0,-3772,3756,0,0,3716,0,-5077,0,0,-3230,0,0,0,0,3046,0,-3772,0,0,0,3531,-3713,0,5144,0,0,0,0,0,0,0,0,-3447,3908,0,0,0
84003195,Team0,0,-4334,3909,0,3972,0,0,0,0,4161,0,-3864,0,0,0,3206,-3801,3956,0,0,0,0,0,-3992,0,0,3932,0,-3722,0,0,0,0,0,0,0,0,0,-4123
84003231,Team0,0,-5176,4706,0,0,-4683,0,0,0,3469,0,0,4568,0,0,0,0,0,0,0,0,0,0,-4016,4502,4841,0,0,0,-3875,3438,0,0,0,0,0,-3626,0,-4234
84003236,Team1,0,0,0,3854,0,0,-4108,0,0,0,-3420,3567,0,0,0,0,3849,3827,0,0,-4079,0,0,0,0,3075,0,0,0,0,0,0,-3406,0,3785,-3848,0,-3992,0
84003254,Team1,0,0,0,-3761,0,0,0,0,0,-3699,0,0,0,0,0,0,0,-4976,3913,0,0,3564,0,4005,0,0,4451,0,0,-3583,4727,0,-4233,0,0,-4699,0,3110,0
84003300,Team1,0,0,0,4579,-3460,0,0,4111,0,0,0,-3747,0,0,0,0,0,0,-3812,0,-3441,4179,0,0,0,0,0,4109,4260,0,-3813,-3619,0,0,0,0,4630,0,0
84466406,Team1,0,0,0,0,4429,0,3772,5128,0,0,0,0,0,0,0,0,0,-4156,0,0,3308,0,0,0,0,0,0,-5914,0,0,0,0,0,0,0,0,0,0,0
84466419,Team1,0,-4615,0,3895,0,3978,0,-3676,-3367,0,0,0,0,0,-4758,0,0,0,0,0,0,0,0,3953,-3659,4004,3339,0,0,0,0,0,0,3367,0,0,0,-4917,0
84466451,Team1,0,0,3298,3963,0,4576,-4004,0,-3307,0,0,3618,0,0,0,0,3361,0,3194,0,-3722,0,-4295,0,0,-4128,0,0,0,0,0,0,0,0,0,0,0,-3292,0
84466563,Team1,0,-3676,0,4005,0,0,0,4574,0,0,0,0,0,0,0,0,3915,-2841,0,0,3387,-3720,0,-4280,3973,0,0,4183,0,-4297,0,0,-3813,0,0,0,0,0,0
84466756,Team0,0,0,4187,4054,0,-4366,0,-3814,0,0,0,-4136,0,0,0,0,0,0,-3869,0,4409,-3828,0,0,0,0,0,3555,0,0,0,4366,0,0,4351,-3607,0,0,0
84467129,Team1,0,-4556,0,4273,0,3714,4703,-3203,0,0,0,0,0,-3587,0,0,0,3543,0,0,0,4544,0,0,0,0,0,0,0,-3585,0,0,0,0,-3553,0,3540,-4914,0
84467130,Team0,0,0,0,0,0,0,0,0,0,0,0,-6875,0,0,0,0,0,0,0,0,0,4858,0,0,0,0,-3732,4040,0,3819,0,0,0,0,0,0,3056,0,0
84725802,Team1,0,0,0,3070,0,3641,4672,0,0,0,0,-3188,0,0,0,0,0,-3800,0,0,-4771,3777,-3525,4374,0,0,0,0,4193,0,0,0,0,0,-4356,0,-3762,0,0
84368360,Team1,0,0,-2936,4343,0,7404,0,0,-3635,0,0,0,0,0,0,3999,0,-4189,0,0,3860,-5721,0,4974,0,0,0,0,-3850,0,0,0,0,0,0,3238,0,0,-3584
84876076,Team0,0,0,0,0,3724,4180,-3832,0,0,0,-4188,-3701,0,0,0,-4161,0,0,0,0,3800,-3439,0,0,4157,0,0,-3340,4464,0,0,0,0,0,4403,0,0,0,0
84877025,Team0,0,0,4085,5195,0,4196,0,0,0,0,0,0,0,-4264,3877,0,0,4179,0,0,-3370,0,0,0,0,0,0,-4299,0,0,0,3982,0,-4573,0,0,-3755,-3959,0
84877451,Team1,0,0,0,0,4272,-3937,0,0,4115,-4067,0,-4367,3091,-3951,0,0,0,0,0,0,0,0,0,0,0,-4251,0,-4649,0,3291,4455,0,0,0,3490,0,0,0,0
84877498,Team1,0,0,4944,0,0,0,0,0,4123,0,0,0,0,4680,0,0,0,0,-3877,0,-3899,-4192,0,0,0,0,0,-4325,0,4441,-4546,0,0,0,-3936,0,0,5800,4105
84214938,Team1,0,3195,0,0,0,0,-3621,0,0,0,0,4969,4243,0,0,4267,0,0,0,0,-4355,-4327,-3795,0,0,0,0,0,0,3812,0,0,0,-4227,0,0,3710,-4405,0
84215794,Team0,0,0,0,0,0,-4010,0,4396,0,0,-4243,5644,0,0,0,-4528,4372,0,0,0,0,0,0,0,0,-3881,0,0,4614,4212,-4842,0,-3408,0,4591,0,0,0,0
84215939,Team0,0,0,-3744,0,0,3954,0,0,3793,-3319,0,0,0,0,-3446,0,0,0,0,0,-3205,0,0,0,-4355,0,0,0,4708,4254,0,0,0,0,-4261,3663,5173,0,0
84217259,Team1,0,0,-4792,-3711,0,0,0,0,-4381,0,0,0,3372,0,0,0,-3726,0,4170,3448,3997,0,0,5281,0,0,0,-5585,0,0,-3744,0,0,0,0,4634,0,0,0
84217294,Team1,0,-4487,4223,0,0,0,0,-4173,-4510,0,0,0,0,4739,4913,0,0,0,4189,0,3313,4187,0,0,0,0,0,0,0,0,0,0,0,-5235,-4630,0,0,0,-4956
84217952,Team1,0,0,3976,3419,0,-4281,0,3754,0,0,0,0,0,0,0,0,3713,3494,0,-5007,0,0,0,-4014,0,0,0,-3764,0,0,0,0,0,0,3543,-3877,-3441,0,0
84250452,Team0,0,-4484,0,0,4753,3811,0,0,-5037,0,0,3778,-4558,0,0,0,0,-3256,4314,0,0,4645,0,0,3470,0,0,0,-3809,-4928,0,0,0,0,0,0,0,0,0
84250483,Team1,0,0,0,0,4100,0,0,-4355,0,5146,0,0,0,0,3440,3668,5296,0,0,0,-4063,-3624,0,4646,0,0,0,0,0,-3574,0,0,0,-4988,0,0,-4143,0,0
84250516,Team1,0,0,4668,0,0,3418,0,0,0,-4410,0,-3994,0,-3864,0,3768,0,0,0,0,4833,-5330,0,0,0,0,3875,-4262,0,0,0,0,0,0,0,0,0,4446,-3097
84250517,Team1,0,0,-4034,4485,0,-4441,0,0,-3778,0,0,-5122,0,0,0,4654,0,0,0,0,4247,0,0,0,4554,0,0,0,0,0,-3769,3844,4456,0,-3955,0,0,0,0
84250555,Team0,0,-4708,0,0,0,0,0,0,0,0,0,4844,-4833,-4358,0,-3667,0,0,3380,0,0,4261,0,0,-4179,0,0,0,3555,3073,-3636,0,0,3194,0,0,0,0,0
84250663,Team1,0,4737,0,0,0,-3181,-3716,0,0,0,-3601,-3181,0,4651,0,0,0,0,0,0,0,0,3902,0,0,3848,0,0,4759,0,0,0,0,-3425,-3843,0,0,0,3495
84250708,Team0,0,0,0,0,0,0,-3947,3412,0,0,0,0,0,0,0,0,0,0,0,0,-3748,3861,0,4043,-3531,0,-3866,0,4610,0,3896,-3824,0,-4376,0,0,0,0,4046
84250710,Team0,0,0,0,0,0,-3732,0,0,0,0,0,0,0,0,-4441,3092,0,3566,-4683,4370,3523,3319,0,0,0,-3883,0,0,-4310,0,0,0,0,0,-3860,0,3890,0,0
84563924,Team0,0,0,0,-4303,0,-4333,0,3470,-3948,0,0,0,0,3540,0,4307,0,0,0,-4272,0,3549,0,0,-4458,3610,0,0,0,0,0,0,0,3653,-3662,0,0,0,0
84564567,Team0,0,-4651,0,0,0,3635,4235,0,0,0,0,-3597,0,0,0,0,0,0,0,0,4237,0,0,4300,5096,0,0,0,-3522,0,-4799,0,-2960,-4239,0,0,4910,0,0
84533800,Team1,0,0,0,-3650,0,-3787,0,0,0,0,0,3445,0,0,0,-3869,4535,0,0,3535,0,0,0,-3001,-3789,0,0,3706,0,0,-5813,0,0,0,0,0,3431,4525,0
84533935,Team0,0,0,0,4277,0,0,-4317,0,0,-4177,0,3920,0,-3792,3603,-3495,3747,0,3122,0,0,0,0,0,-3584,0,0,0,-3541,0,0,0,0,0,0,0,0,4276,0
84533960,Team1,0,0,-3258,0,0,0,0,0,-3665,0,0,0,0,0,0,3762,0,0,0,0,3469,3809,-3634,0,0,0,0,0,0,4741,-4655,0,0,4208,-4268,-3674,3997,0,0
84534047,Team1,0,0,4689,3399,0,0,0,0,0,0,0,0,0,3479,0,0,3617,-3561,-3860,-3734,0,0,3726,0,0,-4502,-4122,0,4126,0,0,0,0,0,-3957,0,0,0,0
84534125,Team0,0,3573,0,3969,0,0,0,0,-4720,0,0,0,0,0,0,0,3324,-4171,0,0,3701,4795,0,0,0,-4696,0,0,-4351,0,0,0,0,0,-3697,0,4106,-4351,0
84340469,Team0,0,3763,0,0,0,-3554,0,-3679,-3950,0,0,0,0,0,3656,0,3319,0,4716,0,0,0,0,-3599,0,0,0,-4401,3686,0,0,0,0,-3783,4474,0,0,0,0
84340476,Team1,0,0,0,0,0,-4558,-4344,0,0,3283,0,0,0,-4921,0,3473,0,3418,0,0,0,4735,0,3123,0,0,0,0,-4172,3825,0,0,0,0,-4124,-4959,0,0,0
84340477,Team1,0,0,3965,0,0,0,0,0,-4054,0,-3733,-4174,0,3690,0,0,0,0,0,0,0,0,0,0,0,-5320,0,0,4050,0,4671,0,0,-4283,3634,5161,0,0,-4641
84340491,Team0,0,0,-4551,0,3708,0,-4643,0,-3372,0,3545,0,0,0,0,0,0,-3606,0,0,3710,3749,0,0,0,0,0,4612,0,0,0,0,0,-4061,3758,0,-4201,0,0
84340536,Team1,0,4616,-4243,0,0,-4460,0,4714,0,0,0,3436,0,0,3849,-4822,0,0,0,0,0,5061,0,0,0,0,0,0,0,-4260,-6016,0,0,4658,0,0,-4671,0,0
84340609,Team1,0,0,0,3757,0,-4809,0,0,0,0,0,3772,0,0,3699,0,4910,0,0,0,-4757,-5197,3529,-4630,0,2966,0,0,0,-5488,0,0,0,0,0,0,-3718,0,0
84340635,Team0,0,-4291,0,0,0,0,0,0,0,0,0,3510,0,2930,-4925,0,0,0,0,3344,0,4035,0,4007,0,0,0,-3966,0,0,-4360,0,-4618,0,0,0,3549,-3648,0
84972639,Team1,0,-4255,0,0,0,0,4947,0,-3767,0,0,-3585,0,0,0,3587,-3730,4039,0,0,-3824,0,3604,0,0,0,0,4057,0,0,0,0,0,3933,-3274,0,0,0,0
84972677,Team0,0,0,0,-2258,0,3902,0,-5018,0,0,5936,0,0,0,0,0,0,0,0,-3093,-4150,0,0,-4610,5484,0,0,5040,0,6004,0,0,0,0,5000,0,0,-3110,0
84972902,Team1,0,0,4174,-4123,3587,0,0,0,0,0,0,-3768,0,-4012,3666,0,0,4076,0,0,-3970,0,0,0,0,0,0,0,-3760,0,0,0,-4041,0,3719,0,3488,0,0
84972946,Team0,0,3943,-4364,0,0,4517,0,0,4304,0,0,0,0,3119,-3714,3969,-4022,0,0,0,-4734,-3542,0,0,0,0,0,0,0,3772,0,0,0,0,0,0,-3872,0,0
84972985,Team0,0,3976,0,4365,0,0,0,-3368,0,0,0,-3779,0,0,0,0,0,0,4185,0,4193,3696,0,-3670,0,0,-3787,0,0,-3613,0,0,0,0,0,-3417,0,3800,0
84097189,Team1,0,3479,0,0,0,3552,0,0,0,0,0,-3596,0,0,0,0,-4338,-4393,-3779,0,0,3585,0,0,0,0,3452,0,-3789,0,0,0,0,3106,-4500,0,3457,0,0
84097243,Team1,0,0,0,-4916,3986,-5030,0,0,3696,0,0,3416,0,-5162,0,0,4874,0,0,0,-3232,0,0,0,0,0,0,0,0,-3429,0,-3647,0,0,4443,0,0,4486,0
84097305,Team1,0,0,-3478,0,0,0,3599,-4266,0,0,0,5030,0,0,-3704,0,3984,0,0,0,4753,0,0,0,0,0,0,0,0,0,0,0,0,-4369,-3526,-3972,3373,0,4512
84097306,Team1,0,-3572,0,0,0,3839,0,0,0,4320,0,3872,0,3786,0,0,0,0,0,0,-3864,-4661,0,0,0,0,0,5096,-3660,0,0,0,0,0,-3815,-3589,0,3936,0
84432962,Team0,0,0,-4190,-3472,0,0,0,0,0,0,0,3852,0,-2873,0,0,-3264,0,3849,0,0,3888,0,0,0,4325,3137,0,0,0,0,0,0,0,3615,0,0,0,-3691
84432981,Team0,0,4311,0,0,-3936,0,-3630,0,0,0,-3836,0,3780,4268,0,-4466,-4103,0,0,0,0,0,0,0,0,5374,0,-3716,0,0,0,0,0,0,0,0,0,3372,3882
84433040,Team1,0,0,0,0,4157,0,0,-3793,-5112,0,0,0,0,4004,0,0,0,0,0,-3863,0,4486,0,0,0,0,0,0,-6053,3398,0,3889,0,-3368,-3511,0,0,4113,0
84433085,Team1,0,0,0,0,-2985,3776,0,-3605,0,0,0,3549,-3673,4347,0,-3865,0,0,3745,0,0,0,0,0,0,0,0,3401,0,-4587,-3765,0,0,0,0,0,0,0,4204
84433134,Team0,0,0,3260,0,0,-4311,0,4138,0,3053,-3589,-3768,0,0,0,0,0,4305,0,-4312,0,0,0,0,3835,0,0,0,-4687,0,0,-4795,0,0,0,0,3796,0,0
84433238,Team0,0,0,3107,0,0,0,0,0,0,0,3500,3434,0,3345,3467,-4002,0,-4648,0,0,0,-3658,0,0,0,0,0,0,0,-4064,0,0,0,3784,-4255,-3571,0,0,0
84433264,Team0,0,0,3867,0,0,4600,0,0,0,-4131,0,-4932,0,-4122,4172,0,0,0,0,0,-4046,0,4070,0,0,0,0,-5067,5131,0,0,0,0,0,3722,0,0,-3694,0
84433330,Team0,0,0,3356,0,0,0,0,3638,0,-4617,0,3685,-3464,0,0,0,0,-3665,0,0,3889,-3864,3009,-5384,-3460,0,0,0,0,0,0,0,0,3918,0,0,0,0,0
84433359,Team0,0,0,3911,0,3590,0,-3814,0,0,0,0,0,0,-4987,0,0,0,-3800,-4266,0,0,0,0,0,0,0,0,0,-4942,0,0,0,0,3553,5645,3830,3276,0,-3433
84433408,Team0,0,3694,0,0,0,-4829,0,0,0,0,0,5126,0,-4280,-4828,0,0,0,0,0,3839,3949,0,0,0,-3593,0,0,-4517,0,0,3269,-3508,4388,0,0,0,0,0
84433425,Team1,0,0,0,0,4737,4032,0,0,-4185,-3709,0,-3691,4057,-4173,0,0,0,0,0,0,-4263,3353,0,0,0,0,0,0,0,4314,0,0,0,0,0,-3623,3405,0,0
84066611,Team0,0,0,0,0,0,0,0,0,0,0,0,3329,0,0,0,0,0,0,0,0,0,-3278,0,0,0,0,0,0,0,0,0,0,0,0,0,0,0,0,0
84066641,Team1,0,-3866,-3460,0,0,0,0,-5609,0,0,4122,0,0,4178,-4211,3428,0,0,0,0,0,0,0,0,3538,0,-3433,0,0,0,0,0,0,-5253,0,0,0,3698,4661
84066717,Team0,0,0,0,4201,0,3551,-4420,0,0,0,0,3844,0,0,0,0,-5210,0,0,3450,0,0,-4976,-4620,0,0,0,0,-3732,-3671,0,4509,0,3274,0,0,0,0,0
84066740,Team0,0,0,-3521,0,0,0,0,0,0,0,0,0,0,0,0,0,0,-3540,0,4061,3282,0,-3709,0,0,0,-4046,4110,-4090,-3924,0,0,0,0,2973,0,3678,3862,0
84066810,Team1,0,0,0,0,-3921,0,0,0,0,3911,-3337,0,3608,0,4765,0,0,0,-4981,0,-4303,0,0,0,0,0,0,3977,0,4210,3174,-4102,0,0,-5069,0,0,0,0
84066859,Team1,0,-4371,0,0,0,0,0,0,0,0,0,0,0,0,0,0,0,3840,0,-4028,-4515,3722,0,0,0,0,3722,3614,0,4060,0,0,0,0,-4896,0,-4332,3742,-3919
84066876,Team1,0,3146,-3760,0,0,-3484,4602,0,0,-3653,3299,0,0,4308,-3588,0,0,4261,0,0,0,0,0,0,0,0,5100,0,0,0,0,0,0,0,-4094,0,0,0,-3945
84066877,Team0,0,-5337,0,0,0,3530,0,0,-3716,3382,0,4018,0,0,-4081,0,0,0,0,0,-4134,4446,0,0,0,4387,0,0,4148,0,0,0,0,0,0,0,-3761,-4513,0
84066899,Team0,0,-3575,0,0,3760,4141,0,0,-3956,0,0,0,0,0,0,4243,-3313,0,3466,0,0,4431,0,0,0,-3946,0,0,-4805,3792,0,0,0,0,-4240,0,0,0,0
84066905,Team1,0,6106,0,4344,4682,0,0,0,0,0,0,0,0,0,0,0,0,-3660,-5380,0,0,-4244,3938,-4405,0,0,0,0,-4210,0,0,0,0,0,0,2675,3241,0,-3796
84066946,Team0,0,-3841,-3873,0,0,5912,0,0,-4231,0,0,0,0,-3997,5813,0,0,0,0,0,-2773,3281,0,4847,0,0,0,0,5008,3453,0,0,0,0,0,0,0,0,-3777
84066949,Team0,0,0,5849,0,0,0,0,0,-4256,0,0,4491,0,0,-3499,-4301,4637,0,0,-4684,4891,0,0,0,0,0,0,0,0,-3754,0,4256,0,0,0,4565,-3588,0,0
84066960,Team0,0,0,0,0,0,-3891,-4118,0,0,0,0,4734,4527,0,0,0,0,-3455,0,0,0,0,0,0,0,-3441,3690,3502,0,3620,0,0,0,0,-3369,0,-3274,4222,0
84066997,Team0,0,3800,-3851,0,0,0,0,0,0,0,0,4735,0,-3164,0,0,3624,0,0,3657,0,0,5245,0,-5332,-3620,0,3929,0,0,-4263,0,0,0,0,0,-3534,0,0
84067010,Team1,0,0,0,0,0,0,0,0,0,0,0,0,0,0,0,0,0,0,-3636,0,0,0,0,0,0,0,0,0,0,0,0,0,4340,0,0,0,0,0,0
84184876,Team1,0,4365,0,0,-3705,5001,0,0,0,0,0,4459,0,3570,0,0,0,0,4924,0,-4174,0,0,-3912,0,0,0,0,4066,0,0,0,0,0,-4492,0,-4662,-3803,0
84595285,Team0,0,3444,-5009,0,0,0,0,-3662,0,4801,0,-3773,0,2575,0,0,0,0,-3445,0,-5158,3726,0,0,4450,0,0,0,6018,0,0,0,0,-4092,0,0,0,0,0
84595317,Team0,0,0,4528,0,0,3386,0,0,3421,0,0,0,0,-3913,3662,0,0,0,0,0,4947,0,0,0,-4144,0,0,-4346,0,0,0,-4815,0,-4387,0,0,3563,-4017,0
84595364,Team1,0,0,0,3656,0,0,0,0,0,0,0,0,4075,-4799,0,0,0,0,-4067,3968,3643,0,0,-4296,4327,0,0,0,0,-4488,0,0,0,0,0,3247,0,-4627,-3580
84595603,Team0,0,0,0,0,0,0,-3736,-4891,-2787,0,0,0,0,3204,4074,0,0,-5085,6918,4545,-3696,-3780,0,5494,0,0,0,0,0,600,0,0,0,0,0,0,0,0,0
84595646,Team1,0,3760,0,0,0,-6440,-4873,0,-3431,0,0,-4793,0,0,0,0,0,-4371,-3350,0,4670,2746,0,0,0,0,0,0,3133,0,0,0,0,0,4270,3857,0,0,0
84155658,Team1,0,-4146,0,0,0,3680,3971,0,0,0,0,0,0,-3829,-4456,0,0,0,0,-4340,0,-3911,0,4286,0,0,0,0,5022,0,0,5338,0,5065,0,0,-4379,0,0
84155659,Team1,0,-4243,5408,3950,0,0,3910,0,0,0,0,0,3904,0,0,0,0,-3600,0,-3572,4779,-3722,0,0,0,0,0,0,0,0,0,4509,0,0,-3730,0,-3670,0,0
84155661,Team0,0,0,3873,0,0,-3776,0,-4391,-4126,0,0,3695,0,3215,0,0,0,4219,0,0,0,4375,3487,0,-3699,-4156,0,0,0,0,0,0,0,0,-4134,0,0,0,0
84155716,Team0,0,-3037,0,0,0,-3652,0,0,0,0,0,0,-3529,0,0,0,0,0,0,0,4892,-3972,0,0,0,0,4235,3535,-4066,4636,0,0,3147,0,0,0,3764,-4005,0
84155717,Team0,0,0,0,0,0,0,-4099,0,0,0,-4158,4435,0,-3487,-4001,0,0,4292,0,0,0,4570,0,0,0,-3793,0,0,0,-3813,0,0,0,3395,4838,0,3743,0,0
84155723,Team0,0,-3652,4657,0,0,0,-3958,0,0,0,0,4189,0,0,0,0,3817,0,0,0,-4400,-5408,0,3343,0,0,0,0,0,0,5555,0,0,-3383,3802,0,-3834,0,0
84155731,Team0,0,-2665,0,0,-3757,-3617,0,0,3509,0,0,4254,0,3661,0,-4696,0,0,0,0,0,-3744,0,0,0,4646,0,0,0,0,0,0,0,0,4713,0,-3282,3515,0
84155733,Team1,0,3644,-3695,0,0,0,0,0,0,0,0,0,0,-3301,0,0,0,-4561,-5476,3640,0,-5555,0,0,0,0,4606,0,0,0,0,0,4922,3444,0,0,0,3868,-3264
84155735,Team1,0,0,0,3188,0,3573,0,0,0,0,0,0,0,0,0,-3432,5198,-3676,-3744,0,4597,-3707,0,0,0,0,0,4445,0,0,0,3228,0,0,-3993,0,0,-4093,0
84626753,Team1,0,4631,0,3846,0,4921,0,0,0,-3155,0,0,0,0,0,0,0,0,3945,0,-3350,3332,0,0,3735,0,0,-3915,0,0,-4513,0,-3320,0,-3150,0,0,0,0
84626815,Team0,0,0,3920,0,0,3629,-3964,0,0,0,0,3193,0,0,0,0,3852,-3464,0,0,-3705,0,3454,0,-3667,0,0,4901,0,0,0,-3374,-3531,0,0,0,0,0,0
84626866,Team1,0,0,3832,0,0,3495,3533,0,0,0,0,0,3374,0,0,0,0,3546,-3671,0,-3859,0,4319,-3942,0,-5320,0,0,0,0,0,0,0,-4223,-3437,0,0,0,0
84818351,Team1,0,0,0,0,0,-3626,0,0,0,0,0,0,3600,0,0,3330,0,0,0,0,-4214,-4838,0,3534,0,0,0,0,-3789,4057,0,-3710,0,3050,-4138,0,0,3721,0
84819425,Team0,0,3431,0,0,0,0,0,0,3682,0,0,0,4604,0,0,0,0,0,0,0,-4424,0,0,-4487,0,0,4859,4511,0,-3897,0,-4241,0,-3440,-4074,0,0,3647,0
84501477,Team1,0,4479,0,0,0,3735,0,0,0,0,0,-4126,-5039,0,0,0,0,-3918,0,0,-4479,3729,0,4244,0,0,0,0,0,0,0,-4283,0,-3866,4363,0,0,3795,0
84501818,Team1,0,-4338,0,4607,0,0,0,0,0,0,0,0,0,-3962,0,-3764,0,5241,4069,0,-4149,0,0,0,4118,0,3879,0,0,0,4801,0,0,0,-4222,0,0,-3702,0
84501840,Team1,0,0,3882,0,4766,-3317,4758,-4918,0,3962,3936,0,0,0,0,0,0,0,0,0,0,-3472,0,0,0,0,0,-3888,3327,0,-3778,0,0,0,-3824,0,0,0,0
84501865,Team1,0,0,-3269,0,0,0,0,0,-4688,0,0,0,0,4536,0,0,0,0,4724,-3883,-4542,0,0,4163,0,0,0,4992,0,0,5153,0,0,0,-4918,-3448,0,0,4422
84939838,Team0,0,0,-3840,0,0,0,4144,-3981,0,-3353,0,5940,0,4990,0,0,0,3424,0,0,-4080,0,0,0,0,0,0,-3340,0,0,4663,4551,0,-3858,0,0,0,0,0
84939839,Team0,0,0,-3660,0,0,-3690,0,0,3933,0,-4352,0,0,0,-4011,0,0,0,0,4038,0,-4663,0,0,0,0,3540,-3315,0,3993,3982,0,0,0,0,0,0,0,3534
84939872,Team1,0,3687,-3602,-3544,0,0,0,0,3701,-4446,0,0,-3410,3914,0,0,0,-3860,4876,0,-4857,0,0,0,0,0,0,4006,4202,0,0,0,0,0,0,0,0,0,0
84939907,Team0,0,0,0,0,-3603,0,0,0,0,0,0,4066,0,-3378,0,-3470,4511,-4216,0,0,3242,4244,0,0,3731,0,-4162,0,0,-4467,0,0,0,0,0,0,4374,0,0
84940027,Team1,0,0,0,3415,0,-4034,0,0,3494,-4062,0,-3990,0,0,0,0,0,-3720,0,3528,0,0,0,0,3115,0,0,-4375,0,0,4267,0,-4450,0,4118,0,0,0,0
84940033,Team1,0,0,-3262,3771,-3825,0,0,0,0,0,0,0,-3357,0,3560,0,3770,0,-3929,3236,0,-4845,0,0,0,0,0,0,0,3648,-3944,0,0,0,0,0,3105,0,0
84400731,Team0,0,0,-3442,0,0,0,0,0,0,-3578,0,-3401,0,0,0,0,-3764,3746,0,0,5824,0,0,-4240,-3866,5430,0,0,0,0,0,4370,0,0,5048,0,0,0,3881
84400818,Team0,0,0,-4262,0,-4708,-4410,0,5540,-3606,0,0,4595,0,4127,-3246,0,0,0,0,0,4063,4058,0,0,0,0,0,0,0,0,0,0,0,0,0,3219,-4049,0,0
84400831,Team0,0,3626,4108,0,-3795,0,0,0,0,0,0,0,0,-3572,0,0,0,0,0,0,3594,4191,4523,0,0,0,0,-3694,3943,0,-3502,-3225,0,0,-4112,0,0,0,0
84400878,Team1,0,0,-4661,0,0,0,0,0,3512,3942,0,3929,0,-4985,0,0,0,0,0,3272,4318,0,-3385,0,0,-4029,-3706,0,0,0,-4510,0,0,0,3368,0,0,0,0
84400879,Team1,0,0,0,0,0,0,-4422,0,0,-3497,0,0,0,3450,0,0,0,0,0,4384,-3654,-2830,0,0,3590,0,0,4155,0,0,3741,3654,0,0,-3702,-3092,0,0,0
84400883,Team1,0,0,-3667,0,0,4311,0,-3986,0,0,0,0,0,0,0,-3894,-3571,0,0,0,-3556,0,0,0,3718,0,0,0,0,0,0,0,0,-4265,4015,0,3573,3752,4092
84400899,Team1,0,0,3441,0,0,0,0,0,-4077,0,0,0,0,0,0,0,3711,-2697,0,0,4312,0,0,-4268,0,0,0,0,4250,-4081,0,0,0,0,-4212,3528,3304,-3784,0
84400936,Team0,0,0,0,-4047,0,0,0,0,0,4296,0,0,0,4474,4606,-3670,0,0,0,-4153,0,0,0,4438,0,0,0,0,0,0,0,0,-3260,0,4239,0,-3191,4565,-4128
84400955,Team0,0,0,0,3777,0,0,0,0,0,0,3455,-4060,0,4180,0,0,0,-3848,0,-3523,-3898,4482,0,0,4696,0,0,0,0,4652,0,-3680,0,0,-3952,0,0,0,0
84400971,Team1,0,0,-3721,0,0,0,0,3770,0,0,-3796,0,3768,0,0,0,0,4309,0,0,-3610,-3387,0,0,0,3695,0,4141,0,0,0,0,0,4524,-5701,-3301,0,0,0
84401005,Team0,0,-3719,-4133,0,0,3984,3449,0,0,0,0,4070,0,-4209,-3683,0,0,0,0,-4791,0,4033,3729,0,0,0,0,0,0,3894,0,0,0,0,-4902,0,0,0,0
84401022,Team1,0,4111,-4592,0,0,3669,-4135,0,0,3861,0,3804,0,0,0,-3655,-3530,-4019,0,0,0,4029,0,3850,0,0,0,0,0,0,0,0,0,0,-3738,0,0,0,0
84401093,Team1,0,0,0,0,0,-3931,-4046,0,0,3448,-4420,0,4342,0,-4075,0,0,3971,0,0,0,0,0,-3911,0,4816,0,0,-3781,0,0,0,0,0,5283,0,0,0,3345
84690098,Team0,0,-5126,-4240,0,0,4233,3676,0,-4045,0,0,0,0,0,0,0,0,-3336,0,0,4576,-3556,0,0,0,3599,0,0,0,0,0,0,0,0,0,0,0,0,0
84690170,Team1,0,3383,0,-4035,0,0,3526,0,0,-3405,0,0,0,-3610,0,0,0,3932,0,0,-4169,0,0,0,-4185,0,0,3750,0,-4020,0,0,0,3748,0,0,3864,0,0
84690271,Team1,0,-5266,4097,4395,0,-4363,0,0,3351,0,-3857,-4735,-5117,0,0,0,0,2883,0,0,0,0,0,0,0,0,0,0,5112,-3082,0,0,0,3807,0,0,0,0,0
84690283,Team0,0,0,0,0,4204,0,-4003,0,-3622,0,0,3865,0,-4508,-3703,0,3678,0,0,0,0,3769,0,0,5278,0,0,0,-4791,0,-4654,0,0,0,0,0,4218,0,0
84690300,Team0,0,0,0,4834,0,0,-4147,0,4208,0,0,0,0,0,0,0,0,0,0,4010,5029,-3853,0,-3990,0,0,4149,0,-5185,0,3780,0,0,-3466,0,0,0,-3781,0
84690404,Team1,0,-3043,0,0,0,0,0,0,-3722,0,0,0,0,4359,-4346,0,0,4225,0,0,0,0,0,-4588,0,-4623,0,5352,0,5220,0,4886,0,-3666,0,0,0,0,3653
84690460,Team0,0,3136,0,0,0,0,3615,0,0,-5228,0,5066,3701,-4178,0,0,3645,2933,-3851,0,-3869,0,0,0,0,0,0,-5200,0,-3588,0,0,0,0,0,0,0,0,0
84657567,Team1,0,-3716,0,0,0,3916,0,0,-3875,0,3329,0,0,-5455,0,-4076,0,0,0,0,-5864,0,0,0,0,0,0,4009,0,3628,-3948,0,0,0,3731,0,0,0,3656
84657570,Team0,0,3351,-4097,0,0,-3216,0,0,0,3822,0,0,0,3370,0,3378,0,0,0,0,3630,-4460,0,0,-3797,0,0,0,-4386,3977,0,0,0,0,-4753,0,0,0,0
84657755,Team0,0,0,0,0,0,4354,0,0,4074,-3095,0,0,0,-4378,0,0,0,0,0,0,4687,0,0,4557,0,4079,0,0,-3630,-3855,0,0,-4681,0,3883,0,0,-3731,0
84657797,Team1,0,-3684,-4315,0,0,0,0,0,0,0,0,0,-3451,5770,0,0,0,0,0,0,0,3562,0,0,-4719,3851,0,0,-3973,0,0,0,0,-4273,5070,0,0,4232,4073
84657848,Team0,0,0,-4966,0,-3168,0,3768,3722,0,-4051,0,-3013,-3979,0,0,0,-3687,0,0,0,3530,3046,0,0,0,0,0,0,0,0,0,0,0,5152,0,0,4854,0,0
84658126,Team1,0,0,3922,0,-4356,3328,0,0,0,0,0,-4121,0,-3511,0,0,0,0,-3715,0,4612,0,0,0,0,0,0,0,3535,4736,-4894,4522,0,0,-4139,0,0,0,0
84658204,Team0,0,0,0,0,-4693,0,3247,0,0,3925,0,0,0,0,0,0,0,4686,-5273,0,4521,-4509,-4278,0,0,0,0,4782,-3438,-3102,0,0,3046,0,0,0,0,0,0
84658230,Team1,0,0,3799,0,0,4143,0,0,0,0,0,0,0,-4124,0,-4207,0,4845,0,-4535,-3944,4146,0,4238,0,0,0,0,0,0,0,3657,0,0,0,-3419,-3552,0,0
84281126,Team1,0,0,4362,0,0,0,0,0,0,0,0,0,0,-3882,-3248,4453,0,3461,3323,0,3863,3352,-3840,0,0,0,0,-3737,0,-4525,0,0,0,0,0,0,0,-4291,0
84281138,Team1,0,0,0,0,0,4230,0,3377,-4664,0,0,3798,0,0,0,-4101,3745,-4315,-5134,0,0,0,0,-4564,0,0,0,4833,4295,0,0,0,0,-4485,0,0,0,0,0
84281147,Team0,0,0,0,0,-4391,0,4138,0,0,0,3388,-4264,0,3617,0,0,0,0,0,-4269,-4255,0,0,0,-4673,0,0,4350,0,0,3747,0,0,0,3507,0,-3540,0,0
84281155,Team1,0,0,0,0,0,0,0,4068,0,0,0,-3617,0,0,0,2857,0,3864,-3723,3757,-5993,0,0,0,0,0,0,0,0,0,0,0,0,-4149,3685,0,-5180,3778,-3542
84281183,Team1,0,5124,-4223,0,0,3769,3632,0,0,0,0,3971,0,4016,0,0,0,0,0,0,-3952,-3842,3513,0,-3849,0,0,0,0,0,-3917,-4482,0,0,0,0,0,0,0
84281184,Team1,0,0,-3592,0,0,-4029,0,0,0,0,0,0,3297,0,0,0,0,0,0,3364,3614,-4137,3241,-4017,0,0,0,3715,0,0,0,0,0,0,-3275,0,0,-3760,3211
84281277,Team0,0,0,4055,0,-3328,0,4568,0,0,0,0,-3647,4005,4744,0,4151,-3171,0,0,0,0,-4249,0,-3619,0,0,0,0,-3544,0,0,0,0,0,0,0,3624,0,0
84281352,Team1,0,0,0,0,0,0,0,0,-3361,0,-2871,0,0,-4499,0,0,0,0,0,0,0,0,0,0,0,0,0,0,0,0,0,0,0,0,-4169,0,0,0,0
84035995,Team0,0,-4007,3745,0,4213,0,0,0,0,0,0,0,0,-3826,0,3260,-3628,0,0,0,0,0,4509,0,0,0,0,-4148,-3728,-4025,0,0,0,3409,3555,0,0,0,0
84036036,Team1,0,0,0,3630,-4521,4565,0,0,0,0,0,0,0,-4400,0,0,0,3865,0,0,0,-4374,-4604,-4120,0,3538,3376,0,3852,0,0,0,0,0,0,-4012,0,0,0
84036037,Team0,0,0,4568,-3798,0,0,0,0,0,-3810,0,0,3463,-3788,0,0,3864,3554,0,0,-3775,0,0,0,0,4133,0,-4377,0,0,0,0,0,0,4304,0,0,-3565,0
84036057,Team1,0,0,-3690,0,0,-3683,0,0,3684,0,3688,0,0,0,0,-3139,0,-3818,0,0,0,0,0,0,3652,0,3376,0,0,0,3803,-3952,0,0,-4618,0,0,0,4253
84036083,Team1,0,0,0,0,0,0,3863,0,3611,0,3674,4067,0,-4628,0,0,0,3780,0,-4859,4208,0,0,0,0,0,0,-4841,0,0,0,0,0,0,0,-4826,-3699,-4057,0
84036106,Team1,0,3858,0,0,0,4377,-3272,0,0,0,0,3478,0,-3850,0,0,0,-4037,0,-5349,0,0,0,0,3510,0,0,0,0,0,0,0,3988,0,-4546,4074,-3443,0,0
84036154,Team0,0,0,0,4315,0,0,0,4111,0,0,0,0,0,0,0,0,0,-3815,0,0,3710,-3938,0,-4063,0,0,-4722,0,0,-3404,0,3791,0,3515,0,-4623,0,4141,0
84036209,Team0,0,3810,0,0,0,0,0,0,0,0,0,0,0,3828,4454,3514,0,0,0,3509,0,-3700,3492,0,-3716,0,-4556,0,-3728,0,-3893,0,0,0,0,0,0,-4317,0
84847675,Team0,0,-3854,0,0,0,0,-3811,0,0,-3487,0,0,5367,-3476,-3759,3946,0,5376,3750,4025,0,0,0,0,0,0,0,0,0,4500,0,0,0,0,0,0,0,0,-3060
84847727,Team0,0,0,3431,0,0,0,0,0,-3885,0,0,-3597,4199,-3055,0,-3883,0,-3414,0,-3908,5254,0,0,0,0,0,0,0,0,0,4538,0,0,0,3677,0,0,3360,0
84847743,Team1,0,0,0,0,-3787,-4187,0,0,0,4049,-3450,-3681,0,0,0,0,0,0,0,4873,0,-3249,0,-4296,0,0,0,4284,4763,0,0,0,0,3821,4389,0,0,0,0
84847818,Team0,0,0,0,0,4170,3879,-3647,-3957,0,0,0,0,0,0,0,3598,0,0,0,0,0,-3778,-3814,0,4920,3920,0,0,0,-3251,-3718,0,4134,0,0,0,0,0,0
84847874,Team1,0,0,4264,0,0,0,0,0,0,-5448,3561,0,3314,-3633,0,-3380,0,4381,0,4287,0,-3757,0,0,-3601,0,0,0,0,0,0,0,0,0,4142,0,0,-3713,0
84847920,Team0,0,0,0,0,0,0,4246,0,-4969,0,0,0,0,0,-3542,0,3997,0,0,0,0,-4510,0,0,-4867,0,0,4955,4107,0,4204,0,0,-3843,-4132,0,4191,0,0
84847922,Team1,0,0,0,0,0,0,0,0,-4492,0,0,0,0,0,0,4996,4302,0,0,0,-3117,0,0,4564,0,-3960,-3698,0,-3827,3563,3559,0,0,-3713,0,0,3908,0,0
84847929,Team0,0,0,-3432,-3193,0,0,0,-4326,4844,0,0,0,4761,0,0,0,0,0,3499,0,4096,0,0,0,-3857,3407,0,0,0,0,0,0,0,-4533,0,-3437,0,0,4593
84847951,Team0,0,0,0,0,0,3624,0,0,0,0,0,0,0,0,-4110,0,0,3077,0,-4359,-4107,-3777,0,4165,0,-3182,0,0,3842,3784,0,0,4265,0,0,0,-4001,0,0
84311853,Team0,0,4292,0,0,-3850,0,0,-3859,-3989,0,3798,0,3740,0,3335,0,0,0,0,0,-4223,-2964,0,0,0,0,0,0,0,0,3895,0,0,0,4204,-4220,0,0,0
84311855,Team0,0,-4527,0,0,3276,-4103,0,0,3716,0,-3577,-3939,0,-4314,0,0,0,3662,4260,0,0,-3460,0,0,0,0,4288,0,0,0,0,0,0,0,0,0,0,0,3508
84311856,Team1,0,-3640,0,0,0,0,0,0,0,-3796,4452,0,-3308,0,-3781,0,0,3185,0,0,-4244,4702,0,3831,0,-4583,4636,0,0,4284,0,0,0,0,0,0,0,0,0
84311880,Team1,0,-4515,-4253,0,0,-3673,4156,0,3998,0,0,4329,0,-4179,-4954,0,0,0,0,0,0,0,0,3522,0,3805,3562,0,0,0,0,0,0,0,0,0,-3610,0,0
84311897,Team1,0,0,0,0,0,4473,3923,0,-4587,0,-3795,-3695,0,0,4271,0,0,0,4875,0,4141,0,0,0,-3704,0,0,0,0,0,0,3554,0,-3902,-3884,0,0,0,0
84311925,Team1,0,0,4874,0,4326,-3445,0,0,0,0,0,0,4500,3240,0,-4565,3653,0,0,0,0,0,0,0,0,3938,0,0,-3508,-4019,0,0,0,-5403,0,0,-4251,0,0
84311926,Team0,0,4239,0,0,0,0,-4494,0,3793,3793,0,0,0,3456,0,4398,-3067,0,0,0,3861,0,-3982,-4337,0,0,0,0,-4002,0,0,0,0,0,0,0,0,0,-4736
84311932,Team0,0,0,4310,-4246,0,3917,0,0,-4068,0,0,0,0,0,0,-3310,0,0,0,-3220,3754,0,0,0,0,4053,0,0,0,0,0,3341,0,-4138,3573,0,0,-3528,0
84311945,Team0,0,0,-3612,0,0,-3424,0,0,4217,0,0,0,0,-4316,0,0,0,0,0,0,3282,4154,4247,-4004,0,0,0,0,0,3890,0,0,0,-3991,0,0,-4319,3146,0
84311946,Team0,0,0,-4350,4032,0,3677,0,0,0,4197,0,3413,0,0,0,-3629,0,0,-4523,0,-3177,-3856,0,0,0,0,0,0,0,0,4598,0,4229,-3459,0,0,0,0,0
84311989,Team0,0,0,4561,0,0,0,0,0,0,-4145,5164,-4241,0,-4141,0,0,0,-2517,0,0,0,0,0,0,0,0,0,4173,0,-4694,0,0,-4310,3597,3983,4319,0,0,0
84907082,Team1,0,-4559,4587,0,0,0,0,0,0,0,0,-3670,0,4455,0,0,4147,0,0,0,-4215,0,-4496,0,0,0,0,4517,0,0,0,0,0,0,-3892,0,0,4548,0
84907100,Team1,0,4608,-3478,4176,0,0,0,0,-4394,0,0,-3740,0,3485,0,-3398,0,0,3982,0,4674,0,-3063,0,0,0,0,0,0,-3969,0,0,0,0,0,0,0,4484,0
84907107,Team1,0,0,3354,0,0,-4487,0,0,0,0,0,-4798,0,0,-3292,0,4407,-3501,0,0,4180,0,0,3415,0,0,4928,0,3818,0,0,-3271,0,0,-3300,0,0,0,0
84907227,Team0,0,0,5348,0,0,0,-3089,0,4474,0,0,0,0,0,6080,0,0,4795,4451,0,-3700,0,-2552,-3734,0,0,0,0,0,4069,-4595,0,0,0,-4717,0,0,0,0
84907231,Team1,0,-4190,0,0,0,0,0,3812,0,0,0,-4923,0,3873,0,-3721,-5060,3392,-3822,-4253,0,0,0,4251,0,0,0,0,0,4334,0,0,0,0,5233,0,0,0,0
84907237,Team1,0,-4365,0,0,-3554,0,0,3948,0,0,0,3975,-3775,0,0,0,0,-4730,-3981,3930,4389,0,0,0,0,0,-4423,0,0,0,0,0,0,0,4288,0,0,4016,0
84907249,Team1,0,0,0,0,0,4006,4428,-3834,0,0,-3496,0,-4002,0,0,4792,0,0,4141,0,0,0,0,0,0,0,0,-4576,0,-3384,0,0,0,-3858,0,0,0,4232,3946
84907250,Team0,0,0,4710,0,0,0,0,0,-4610,-3775,0,-4410,0,5185,0,0,0,-3648,0,4356,3389,-3059,0,0,0,0,0,0,0,-5013,0,0,0,0,0,0,4534,0,5082
84907270,Team1,0,-4293,0,0,0,0,3719,0,0,0,0,3644,-4548,0,0,0,3842,3208,0,0,0,0,0,0,0,0,-4608,0,3960,-3445,0,0,3331,0,-3456,0,0,0,-4238
84907297,Team0,0,0,-3609,0,0,0,4671,4119,0,0,0,0,0,0,0,3924,5180,-3320,0,0,2828,-3728,0,-3990,4567,0,0,0,0,0,0,0,0,0,-3689,0,0,-4638,0
84907311,Team0,0,-4678,0,0,0,0,0,0,0,0,0,-3466,0,0,0,-3950,-5683,0,-3351,0,-4598,4108,3336,4920,3982,0,0,3492,0,0,3515,0,0,0,0,0,0,0,0
84907344,Team1,0,0,0,0,0,0,-3812,0,0,-4337,0,3802,-3422,0,0,0,3677,-3787,4213,0,-4306,0,0,0,0,0,0,4240,0,0,0,0,0,0,-4214,4573,0,3709,0
84758331,Team0,0,-3378,0,4745,0,-4251,0,0,0,0,0,0,0,-3717,0,4497,3980,0,0,0,0,0,0,0,0,0,0,0,-3328,3502,0,0,0,4245,4212,0,0,0,0
84758362,Team0,0,5015,3893,-4516,0,3003,0,0,-4569,0,0,0,3617,0,0,0,0,0,0,0,-3248,0,-3313,0,0,-4522,0,0,0,0,0,0,0,-3679,3801,0,0,3573,0
84758427,Team0,0,0,0,0,-3469,-3431,0,0,0,4983,0,-3411,0,0,0,-3495,0,3430,-3646,0,0,4963,0,0,0,3103,-3571,0,0,3536,0,0,0,0,0,0,3768,0,0
84758429,Team1,0,-4801,0,4682,0,0,0,3297,0,0,0,-4225,0,0,0,0,-4139,4472,0,0,4126,-4248,0,0,0,0,0,0,0,3275,0,3725,0,0,0,0,-4545,0,-4394
84758433,Team0,0,-4872,0,4505,0,0,0,-3989,3639,0,0,0,0,0,-3565,0,4011,4019,0,0,0,0,0,0,0,4055,-3562,4481,0,0,0,0,0,0,0,-3789,0,-3492,0
84758457,Team1,0,3793,0,0,0,4306,-3704,0,0,0,0,3548,0,0,0,0,0,-3666,0,0,0,-3704,3275,-4178,0,0,0,0,0,3765,0,0,-3544,0,3597,0,0,-3889,0
84758473,Team1,0,3214,-3537,0,-3687,0,0,0,4344,0,0,0,3840,0,0,0,-3995,0,0,0,3789,-5161,0,0,0,0,0,0,-3628,0,3797,0,0,0,-4706,0,3467,0,0
84758474,Team1,0,0,-4328,-4266,0,-3279,3738,3504,0,0,0,0,0,-4076,0,3237,0,0,0,3552,-4157,0,-3499,0,0,0,0,0,0,0,0,0,0,3408,4046,0,0,0,0
84125951,Team1,0,-3337,0,3693,-3997,0,0,0,0,-3965,0,0,0,-4352,0,-3665,4103,0,0,4068,0,-4012,0,0,0,0,4152,0,3879,3919,0,0,0,0,0,0,0,0,0
84125952,Team0,0,0,3824,0,0,0,0,0,-4512,0,0,0,0,0,-5303,4107,0,0,0,0,3474,0,3429,-3681,0,0,0,0,-3606,-3675,3360,0,0,-4332,4100,0,0,0,0
84125990,Team1,0,3851,0,0,0,-3160,-3880,0,0,0,0,0,0,5138,0,0,0,0,0,0,-4906,0,0,0,0,0,0,-3761,0,4239,4652,-4920,3920,0,0,0,3674,0,-3557
84126011,Team1,0,3984,0,-4644,0,-3771,0,0,0,0,0,0,0,0,0,5418,0,0,0,0,5385,0,0,-3866,0,0,0,0,0,-3713,0,3874,-4566,4276,3618,0,0,-3516,0
84126086,Team0,0,-3677,-4378,0,0,4256,0,0,0,0,-3835,0,0,-3471,0,3539,0,0,0,4327,-3901,0,4258,-4006,0,4333,4138,0,0,0,0,0,0,0,0,0,0,0,0
84126102,Team0,0,0,0,0,-3030,0,0,0,4221,0,0,0,0,0,0,4217,0,-4109,-3823,0,4473,-4089,0,0,-3755,0,4576,0,4221,0,0,4033,0,0,0,0,-3582,0,0
84126107,Team1,0,-3561,-3428,5010,0,0,0,0,0,0,0,3835,0,0,0,0,-3867,3320,-3965,0,0,3298,0,-4694,0,0,0,0,-3513,0,0,4367,0,0,0,0,0,0,3883
84789158,Team1,0,0,-3874,0,0,-3620,-3353,0,0,4458,-4189,0,0,-4215,3847,4735,0,0,4747,0,0,4073,0,0,0,0,0,0,-4315,0,0,0,0,3988,0,0,0,0,0
84789171,Team0,0,0,0,0,0,0,0,0,0,0,-4279,-3511,4187,0,-3515,0,-4159,0,3814,0,3796,0,0,0,0,0,0,-4318,4326,-3797,4322,0,0,0,3663,0,0,0,0
84789192,Team0,0,0,-3918,0,0,0,0,0,0,0,0,5467,-4502,0,0,0,0,-4169,0,0,-3987,0,3368,0,0,4962,0,0,0,4100,0,0,0,4662,-5312,3375,-4920,0,0
84789251,Team1,0,0,3663,0,0,-3952,0,0,0,-4340,0,-4326,0,3736,0,0,0,0,4530,0,0,-4134,0,0,0,0,0,3440,0,-4030,0,4133,0,0,0,0,0,-4364,3455
84789253,Team1,0,0,-4949,0,0,0,0,-3503,-3377,0,0,0,0,0,0,-3716,3500,-3668,0,0,0,0,0,0,0,0,4509,0,4035,4299,3456,0,0,0,0,0,3415,-3323,0
84789308,Team1,0,0,0,4897,0,3535,-4519,3302,0,0,-3258,0,0,-4884,-4045,0,0,0,0,0,3668,4284,0,0,0,0,0,3447,-5062,-3370,0,0,0,0,0,0,0,0,0
84789339,Team0,0,-4555,3876,0,0,0,0,0,3779,0,3970,0,0,-5092,0,-4360,0,0,0,4364,5372,0,0,4660,0,0,0,0,0,0,-3835,-4016,0,0,0,0,0,0,-4619
84003317,Team0,0,0,0,0,0,0,0,-3566,0,0,0,0,0,-5191,0,3320,4158,0,4253,-4855,-4003,-3508,0,-5043,0,0,0,3981,0,0,4078,0,0,0,3755,0,0,0,0
84003323,Team1,0,0,3963,0,0,0,0,0,-4277,0,0,4063,0,4536,-4590,0,3354,3913,0,0,0,0,0,0,0,0,-4156,3400,0,-5332,-3533,0,0,0,0,-4232,0,0,0
84003367,Team0,0,0,3894,0,-3351,0,0,0,0,3837,0,0,0,0,3720,0,0,-3605,3865,-4817,0,-3671,0,0,0,0,-3772,0,0,0,4272,-4364,0,0,0,0,3569,0,0
84003443,Team1,0,-5089,0,0,0,0,0,0,0,0,0,-5096,0,-3450,-4847,0,0,3183,0,0,-5585,4089,-4995,0,0,4823,0,0,0,0,0,0,0,0,0,0,4952,5210,4450
84003500,Team0,0,0,0,0,0,3290,0,0,-3695,3775,0,4030,5239,0,0,0,0,0,-3998,0,3960,-3888,0,0,-3615,4306,0,0,0,0,-4194,0,0,0,0,0,0,0,-4500
84003505,Team0,0,0,0,3767,-4921,0,0,0,0,0,-3353,-3452,0,3398,0,0,-2968,0,0,4657,0,0,0,0,0,3374,0,4753,0,0,4432,0,0,0,-3429,0,0,0,-4093
84003507,Team1,0,0,0,0,0,4135,0,-4042,3974,0,0,0,0,3562,0,0,0,0,0,-4722,-4080,3566,-3933,-3975,0,3818,0,0,3215,0,0,0,0,0,0,0,0,0,-4766
84003508,Team1,0,0,0,3501,3861,0,0,0,0,0,0,0,0,3951,0,-3399,3795,-4007,0,-3985,-3671,0,0,-5290,0,0,0,4794,3759,0,0,-3552,0,0,0,0,0,0,0
84003545,Team1,0,0,0,0,0,3750,0,0,4860,2875,-3333,4125,-3945,0,4968,0,0,-4171,0,-4080,0,0,0,-4144,0,0,0,-5086,0,0,0,0,0,0,0,0,0,0,3366
84003558,Team0,0,4517,0,0,0,0,0,0,0,4180,0,4630,0,-3422,0,0,0,4779,0,-4050,-3487,0,0,0,0,0,4059,0,-3492,0,0,-4775,0,0,0,-4612,0,0,2409
84003565,Team0,0,0,0,-4729,0,0,0,0,-3335,-4424,0,0,0,4245,0,3520,-3753,5108,3595,0,-4096,0,0,0,0,0,0,3684,0,0,3449,0,0,0,0,0,0,-4375,0
84725729,Team0,0,3765,-3784,4063,0,-3795,0,0,0,0,-3350,-3811,0,0,0,3292,0,3526,0,0,0,-3640,0,0,-3553,0,0,0,0,0,4369,0,3952,0,0,0,0,0,0
84725733,Team1,0,0,0,0,0,-2930,3852,0,0,0,3641,-3587,0,-3838,0,0,0,0,0,0,3938,3942,-3715,0,3825,0,0,0,4325,-3894,0,0,0,0,-3407,0,0,0,0
84725859,Team1,0,0,0,-3466,0,-3915,0,0,0,-3725,0,4658,0,0,0,0,3601,3601,3621,0,-3470,3525,0,0,0,0,0,3564,0,-3307,0,0,0,0,-3314,0,0,0,0
84725869,Team0,0,4340,4337,0,0,0,0,0,0,0,0,0,0,0,0,0,0,-3457,0,-3234,3785,0,0,0,-4303,0,4037,0,4466,0,0,-3456,0,3012,-4280,0,0,0,-3499
84725875,Team0,0,3931,0,-4419,0,0,-3812,0,-3287,0,0,0,4276,0,0,-3708,0,0,0,0,-4396,4035,0,3684,-4213,0,0,3535,0,0,0,0,0,0,0,0,0,3577,0
84725992,Team1,0,-4027,0,-3546,0,0,0,0,0,-3653,0,0,0,3677,0,0,-5105,0,0,0,-5032,0,0,0,3605,0,0,-5317,0,0,3783,0,0,0,3783,0,3842,0,4503
84367157,Team0,0,0,3732,0,0,0,0,-3545,0,0,0,0,-3670,3487,0,0,0,3550,-3816,0,-3664,0,0,0,0,0,0,0,0,3269,-3710,0,0,0,-3433,0,3404,0,3590
84367852,Team1,0,0,0,0,0,-3806,0,0,0,0,0,3655,0,3582,0,0,-4230,0,0,-4997,4028,-3579,0,-5015,0,-4355,0,0,0,4580,0,4298,0,3720,0,0,0,0,0
84368366,Team0,0,0,3458,0,0,0,0,0,3493,0,4307,0,0,0,0,-3847,0,3699,0,-4931,-3813,0,-4154,-3616,0,0,0,0,0,0,0,0,0,0,3211,0,0,-4848,3395
84368799,Team0,0,0,0,0,0,0,-4306,0,0,-4401,0,0,-4735,0,0,0,0,-4034,0,3380,3742,-3818,0,3947,0,0,0,0,0,0,3459,0,0,0,3747,0,3140,-4178,0
84466845,Team1,0,0,0,0,0,0,0,0,4193,0,0,4040,0,-4064,0,0,3543,0,0,4730,-3645,-4275,0,0,0,-3870,0,3886,0,0,-4502,-3747,0,0,0,0,0,3682,0
84466862,Team0,0,0,0,0,-4057,0,3131,3725,0,-3563,0,0,4286,3799,-3744,0,0,4433,-3635,0,3905,-3323,0,0,0,0,0,0,0,0,0,0,0,0,-3711,0,0,0,0
84466959,Team1,0,0,-4468,4271,-3798,0,4280,0,0,0,0,0,3497,3976,3606,-3799,-4175,0,3855,0,0,-2896,0,0,0,0,0,0,-3571,0,0,0,0,0,0,0,0,0,0
84466964,Team1,0,0,0,0,4253,-4617,4002,0,4026,0,0,-5066,-5505,0,0,0,0,0,0,-4009,-4469,0,0,3389,0,0,0,0,0,0,0,0,0,4500,3364,0,-4981,0,0
84466977,Team0,0,0,0,0,0,0,-3445,0,3052,0,-3858,0,0,0,0,-4367,0,3755,0,3384,0,0,0,0,0,0,0,3652,0,-3157,0,0,0,-3786,0,0,4149,3792,-3650
84466999,Team1,0,-3467,3046,0,0,0,0,0,0,0,0,0,0,0,0,3724,0,3861,-4729,0,3763,-3388,0,-4367,0,0,0,0,0,0,-4361,0,3666,0,-4920,0,0,3235,0
84467068,Team0,0,0,0,0,0,3704,0,0,0,-3443,0,-3833,0,0,0,0,0,-4476,0,0,-3770,0,0,-4064,0,0,3542,0,4026,3794,0,0,0,3477,-3769,0,3815,0,0
84467082,Team1,0,0,-4647,0,0,0,0,0,3991,4349,-3254,0,0,0,0,0,0,0,0,4072,3711,0,0,5069,4129,0,0,-3902,0,0,0,0,0,-3738,-4578,-3854,0,0,0
84467084,Team1,0,4777,4324,-4752,0,0,0,3441,0,0,0,3488,4241,-3684,0,3796,0,0,0,-4211,-4687,0,0,0,-4677,0,0,0,0,0,0,0,0,0,-5785,0,0,0,0
84467109,Team1,0,3893,0,0,0,-4214,4602,0,0,-3420,0,0,0,-3761,0,0,0,3883,0,0,3787,-3401,0,0,0,0,0,-4580,-3592,0,0,0,0,0,4098,0,3594,0,0
84467134,Team1,0,0,0,0,0,0,0,0,0,4033,0,0,0,0,0,3493,0,0,-3567,4509,4410,-4685,0,0,0,0,0,-5077,-5443,0,0,0,0,-5355,3574,0,0,-2813,3853
84218053,Team0,0,0,0,0,4413,-3825,0,0,-4339,3733,0,-4134,3865,-3506,0,0,4414,0,-3759,0,0,0,0,3631,0,0,0,5304,0,-5004,0,0,0,0,0,0,0,0,0
84218067,Team0,0,0,0,0,0,-3586,0,3710,0,0,0,4302,0,-4061,0,0,0,0,0,0,0,3994,3912,-3387,0,-3905,0,0,0,-4350,3838,0,0,0,0,0,-3443,0,3591
84218081,Team1,0,0,-4029,-5681,0,0,0,0,0,4330,0,2708,0,0,0,2900,0,0,4095,-5517,0,2534,0,0,0,0,0,4944,0,0,0,0,0,-4823,0,-3976,-5065,0,0
84218109,Team1,0,-3764,3152,-3911,0,0,0,3173,0,0,0,0,0,0,0,-4126,0,3777,0,0,0,0,-3826,3728,0,0,0,-4291,0,0,0,0,0,-4050,4872,0,0,3410,0
84218122,Team1,0,3300,-4023,0,0,0,0,0,4117,-4541,0,-4637,0,0,5206,0,4553,0,0,0,-3723,-4274,0,0,0,0,0,0,3656,0,0,0,0,0,4061,0,0,-3515,0
84218124,Team0,0,-4641,0,0,0,0,-4242,0,4166,3637,-4244,4889,0,0,0,0,-3274,3482,0,4622,0,0,0,4785,0,0,0,-4492,-3867,0,0,0,0,0,0,0,0,0,0
84218146,Team0,0,0,-3551,0,0,3801,0,0,5391,0,-4144,0,0,-4824,0,3562,0,0,0,0,-3548,0,0,0,0,3381,0,0,4519,-3984,0,0,0,3488,-4950,0,0,0,0
84218267,Team1,0,0,0,0,-4886,0,0,4070,0,0,0,0,0,0,-3511,0,0,0,-3704,0,0,4626,0,0,0,4096,0,0,4474,0,0,0,0,4759,0,0,0,0,0
84876492,Team0,0,0,0,0,0,0,-3684,0,0,0,0,0,-3965,-3815,0,0,0,0,0,0,0,3963,0,0,0,3872,0,0,0,0,0,4638,0,0,0,0,0,-4680,0
84876594,Team1,0,0,-3168,3970,0,0,4042,0,0,0,-4155,-3933,0,3235,-4487,0,3984,0,0,0,4322,-4048,0,0,0,0,0,0,0,0,0,0,0,0,4270,0,0,0,-3483
84876963,Team1,0,0,0,0,0,0,0,0,0,0,0,0,0,-4200,0,0,0,0,-3821,-3070,-4257,4315,0,0,0,0,0,3646,0,3968,0,0,0,3871,-5617,0,3810,5170,-4180
84877048,Team1,0,0,-3261,0,0,4090,0,-4205,0,0,0,0,0,-3524,-4621,0,0,-3532,0,0,0,-3548,0,3707,0,0,0,0,0,3505,0,0,0,4816,3726,0,2938,0,0
84877314,Team1,0,0,0,0,-3656,-3855,-4332,0,-3679,0,0,4706,0,0,0,4752,0,3066,0,0,0,0,-4426,-4608,0,0,0,0,0,4686,0,3350,0,3309,0,0,0,0,0
84250815,Team1,0,4036,0,0,-3387,0,0,0,4054,0,0,0,0,-3334,-5137,0,0,0,0,-4107,0,-4530,0,0,0,0,0,0,0,0,0,0,0,0,3758,4146,-3760,3877,3794
84250874,Team1,0,-3364,0,0,0,0,0,0,4988,0,0,-4074,0,0,-3362,-3679,-3527,0,0,-3821,4355,4093,0,0,5389,0,0,0,4162,4194,0,0,0,0,0,0,0,0,0
84250877,Team0,0,0,4162,0,0,-3921,0,0,0,0,0,3999,0,4296,0,0,0,0,0,-3398,0,3359,0,5236,0,0,-3749,0,-4874,-4330,0,3477,0,0,0,0,-4201,0,0
84250903,Team0,0,0,0,0,-3497,0,-4234,0,0,3779,0,0,0,0,0,-3205,0,0,0,0,3914,4804,0,0,0,0,0,-3896,4446,0,0,-5531,3834,0,-4079,0,0,3573,0
84250923,Team0,0,0,3433,0,0,0,-4309,0,0,-3945,0,0,3984,-3796,0,0,0,4028,0,4462,-4103,-2576,4173,0,0,0,0,0,-4007,0,0,0,0,0,3406,0,0,0,0
84250962,Team0,0,0,3725,0,4498,3790,-4056,0,0,0,0,-4498,0,3593,-3388,0,-4114,0,-4221,0,0,0,0,4177,0,0,0,0,0,-3644,0,0,0,0,0,0,3624,0,0
84251011,Team1,0,0,-4733,0,3703,0,0,0,-3730,0,0,-4791,-3854,0,0,3646,0,4207,0,0,0,3546,-4841,0,0,-3978,0,0,0,3562,0,0,0,0,0,0,4036,0,0
84565656,Team0,0,0,0,0,0,-4556,-3367,0,-3313,0,3134,0,4136,0,0,0,0,0,0,4566,4846,0,0,0,0,5296,0,0,0,4097,-2983,0,0,0,0,0,-3652,0,-4069
84565666,Team1,0,4101,-4057,0,-3406,0,0,-3869,-5573,0,4071,3775,0,0,0,0,0,0,0,0,-4702,-3777,0,0,3367,0,0,0,0,0,0,0,3170,3747,0,0,0,0,0
84565783,Team1,0,-3532,0,0,0,-5035,0,0,0,0,0,3939,0,3917,-5220,0,0,0,-3872,0,4223,5679,0,0,0,0,-4735,0,0,-4193,0,3763,0,4009,0,0,0,0,0
84565921,Team0,0,3926,0,0,0,3945,-3465,-3495,4892,0,0,0,0,0,0,-5073,-3620,-3685,0,0,3261,-4491,0,0,0,4324,0,0,0,0,0,0,3371,0,0,0,0,0,0
84566036,Team1,0,0,0,0,0,0,0,0,0,0,0,0,0,0,0,3622,0,-4422,0,0,-3962,0,-3720,3583,0,-3745,-4950,-3814,0,3709,3484,4571,0,4161,0,0,0,0,0
84566098,Team0,0,0,0,3176,0,4086,0,-3779,0,0,0,0,0,0,0,0,0,0,-3412,0,0,-3990,0,3645,-3785,3596,0,4875,0,0,0,0,4088,-3487,0,0,0,0,-4116
84566102,Team1,0,0,0,4741,0,0,0,0,-3858,0,0,0,0,0,0,-3827,0,0,3851,0,3553,0,0,4694,-3100,4058,0,0,-4426,-4367,0,0,0,-3666,3903,0,0,0,0
84566136,Team0,0,0,0,0,0,0,0,0,3212,3856,0,0,0,0,0,0,0,4178,0,0,0,0,0,0,0,0,0,0,0,0,0,0,0,0,0,-3734,-4145,0,0
84340656,Team1,-1,0,-3660,0,0,4830,5100,-4390,0,0,0,0,5258,-3994,0,5187,0,0,0,0,-4014,0,0,6144,0,0,0,-4885,5021,-3859,0,0,0,0,0,0,0,0,0
84340667,Team0,0,0,0,0,0,0,0,3621,3185,0,0,0,0,0,0,0,0,3986,0,0,-4702,0,0,-3115,0,0,0,3393,0,-4158,0,0,0,5391,3706,-3999,-5076,0,-4507
84340712,Team0,0,0,0,0,0,-3251,0,0,-4071,3272,0,-3424,4017,0,4371,0,0,0,0,0,0,4248,0,4704,0,4105,0,0,0,0,0,0,0,0,-4204,0,0,-4686,-4249
84972988,Team0,0,0,4219,-3733,-3402,0,0,0,0,-3518,3659,-3632,0,3557,0,0,0,4052,0,0,0,-5119,0,0,0,0,0,0,4285,0,0,0,0,0,3768,0,-5225,0,0
84972996,Team0,0,-4256,0,5029,0,4707,0,0,3906,0,0,3779,0,-5992,0,0,4646,0,0,0,-3637,-4032,0,-4446,-3601,0,0,0,0,0,0,0,0,0,0,0,0,0,5252
84973026,Team1,0,0,3391,4182,0,0,0,3873,0,-3277,0,0,-3642,0,0,0,3935,3610,0,0,0,3617,0,0,0,0,0,0,-4394,-4605,0,0,0,-4576,-3508,0,0,0,0
84973083,Team1,0,5448,0,0,0,0,0,0,3834,-3925,0,4118,-3638,0,0,-3625,0,0,3268,0,-4913,0,0,0,0,0,0,0,0,-4243,0,0,0,-4139,3472,0,0,0,4303
84973085,Team0,0,0,0,0,0,0,-4568,-3664,0,0,0,4779,0,-4504,0,0,0,3459,0,0,-3422,0,0,0,-3913,0,4047,0,3608,0,0,0,5284,3589,0,0,0,-3693,0
84973113,Team1,0,-4326,3166,0,0,0,0,-4182,-4725,0,3426,0,0,4810,3580,5358,0,-3559,0,0,0,0,0,0,0,0,0,3780,0,-4548,0,0,0,0,-3627,0,0,0,0
84973140,Team1,0,0,3916,0,3392,0,0,0,0,-3576,0,0,0,0,3696,-4382,0,0,0,0,-4903,0,0,3374,0,0,0,0,-3457,-3734,5004,0,0,0,0,0,3984,0,-4328
84973142,Team0,0,0,4075,0,0,0,0,0,0,-4155,3365,0,0,3746,0,-3850,0,0,0,0,3663,-4425,0,0,0,-3908,0,0,4374,4590,-2823,0,0,0,0,-3203,0,0,0
84973213,Team0,0,0,5682,0,0,-3100,0,0,-3297,0,-3555,-4704,0,4811,0,0,4915,4566,0,0,0,-3771,0,0,0,-4391,0,3606,0,0,0,0,0,0,0,0,4997,0,0
84973267,Team0,0,0,4003,0,0,4045,4982,0,4996,0,0,-4817,0,-4958,0,0,0,0,0,0,0,-4035,0,0,0,0,0,0,0,-4660,-4905,0,0,0,-5012,4355,0,0,3604
84973269,Team1,0,0,-5299,0,4244,-3959,0,0,0,0,0,-3889,3484,0,0,0,0,3111,4394,0,-4599,0,0,0,0,4911,0,0,0,0,0,-3870,0,0,3687,0,0,-3742,0
84973274,Team0,0,0,0,0,0,4784,0,3603,4363,0,0,4825,-3789,0,0,0,0,4093,0,0,0,3320,0,-5095,0,0,0,0,0,-4675,0,0,0,-3877,-3258,0,0,-3439,0
84973285,Team0,0,0,0,0,4668,3566,0,0,0,0,0,4083,5584,-3907,0,0,0,4897,0,0,-3608,0,0,0,0,0,-4864,0,-2973,0,0,4702,0,0,0,0,0,-4705,-4540
84973306,Team1,0,0,3378,0,0,0,-4462,0,0,0,0,3097,0,-5790,0,3161,0,-4063,-2852,0,-4884,5170,0,0,0,5035,0,0,0,0,0,0,0,0,-4388,0,3888,0,0
84973311,Team0,0,0,0,0,0,0,-3392,0,0,-3668,0,3795,0,0,0,-4385,0,-3659,5074,0,-4172,0,0,4591,0,0,0,0,0,0,4155,0,4868,3608,-4278,0,0,0,0
84973314,Team1,0,-4108,-3655,0,0,-4265,0,-3827,-3564,0,0,3715,0,0,0,3899,3709,4082,3071,0,0,0,0,0,-4060,0,0,0,0,0,0,0,0,0,4331,0,0,0,0
84973315,Team1,0,0,4757,0,0,3996,0,-4514,0,0,0,0,0,0,0,0,0,-3776,0,0,3735,-4807,4356,3908,0,0,3949,-3858,0,0,0,0,0,-2901,-3784,0,0,0,0
84973323,Team0,0,0,0,3664,-4335,0,0,0,4311,0,0,0,0,-3953,0,0,0,4003,3472,0,-4101,0,0,0,0,0,3211,0,-3897,-4833,3050,0,0,0,0,0,-3655,0,0
84534096,Team0,0,0,0,0,-4308,0,-4444,0,-4651,0,0,4892,4340,0,0,4362,0,0,3429,0,0,0,0,0,-3527,0,0,0,0,0,0,3907,-4043,0,0,0,-5061,0,3800
84534117,Team0,0,0,-4475,0,0,-3918,-4787,0,0,3741,0,0,4482,-4006,0,0,0,0,0,0,5069,3686,-4502,0,4105,0,0,0,-5717,0,0,0,0,0,0,0,0,3728,0
84534170,Team0,0,-3419,3516,0,0,4746,0,0,0,0,0,3743,0,-4454,0,-4405,0,3576,3959,0,0,-4241,0,0,0,0,0,0,-4023,0,-4483,0,3321,0,0,0,0,0,0
84534178,Team1,0,3809,-4442,-4048,0,0,-3660,3924,3359,0,0,0,0,4146,0,-3629,0,0,0,0,-3556,0,0,0,0,0,0,0,0,3513,0,0,0,0,0,0,-3998,3537,0
84534253,Team0,0,0,0,0,0,3713,3576,0,0,-3651,0,-7219,0,0,0,0,0,3291,3938,0,0,-4154,0,0,0,0,0,3644,0,-4524,0,0,3851,-3599,0,0,0,0,-3727
84534308,Team1,0,0,0,0,0,-4304,-4372,0,0,0,0,0,0,0,-4263,0,0,0,-3776,0,-4869,0,0,0,0,0,-3675,3961,0,0,3496,3779,0,3847,3265,0,0,0,3460
84534317,Team0,0,4538,0,-3710,0,-3528,0,0,0,0,0,0,4405,0,0,0,0,-4329,-4085,0,3941,0,0,-4352,0,0,-3413,0,0,4415,0,0,0,0,4020,0,0,3999,0
84534337,Team0,0,0,4605,-4478,0,0,0,0,0,0,-3210,0,0,5184,0,0,0,0,0,0,-5039,0,-4005,0,0,0,0,-3947,0,0,4179,0,0,0,4272,0,3645,4866,-3622
84534545,Team0,0,0,0,0,0,0,0,0,-3121,3611,-3230,3842,3731,0,0,4131,0,3431,0,0,-3238,0,0,0,0,0,0,-4529,0,0,-3602,0,0,3722,-3760,0,0,0,0
84534576,Team0,0,0,0,3921,0,0,3582,0,-4328,0,0,0,-3727,0,0,0,4409,3556,0,0,0,-4043,0,3734,0,0,0,0,0,0,-4065,4159,0,0,-3631,0,0,-3294,0
84097339,Team1,0,0,-4003,0,0,0,4899,0,0,0,0,3851,0,-4470,3121,4904,0,0,0,0,-4280,0,-4113,0,0,0,0,-3164,0,0,0,0,3117,0,0,0,0,-4151,3638
84097365,Team1,0,0,0,0,0,5042,0,0,3478,0,0,0,-3353,-3117,0,-3971,0,0,-4822,0,0,0,0,3791,0,0,0,0,-3586,3695,-4485,0,0,0,5256,0,0,0,3627
84097385,Team0,0,0,0,-4669,0,-4335,0,0,-4719,-3856,0,0,4095,3038,0,0,0,3702,0,0,-3736,0,0,0,0,0,0,4474,0,3766,0,0,0,0,-4333,0,4495,0,0
84097406,Team1,0,-4200,0,0,3220,2514,0,0,4044,0,0,0,-3513,0,0,0,-5434,0,0,0,4142,0,0,-4207,0,0,0,0,0,-4369,0,0,0,0,5972,-4700,3069,0,0
84097421,Team1,0,4208,0,3753,0,-3239,-3831,0,3967,0,0,0,0,2930,0,0,0,-3396,0,3355,-4842,0,0,0,0,0,3880,-5363,0,0,0,0,0,0,0,0,-4336,0,0
84097428,Team0,0,-4381,3526,0,0,-3773,0,0,0,0,0,-3547,0,-3531,0,4110,0,0,-3457,3548,0,0,0,-3699,0,0,0,0,0,0,0,0,0,4130,0,0,3310,5530,0
84097445,Team1,0,-3873,0,0,0,-4674,0,0,0,0,-4535,-3809,0,0,-5130,0,0,0,0,0,4377,3743,0,0,0,0,0,-5401,4322,3721,0,0,0,0,3704,4353,0,0,0
84097466,Team1,0,0,0,3607,0,4243,0,3819,0,0,0,0,0,-3645,0,0,0,-4027,0,0,0,-3892,0,-4551,0,0,0,3253,0,-4482,0,0,0,3987,4320,0,-4394,0,0
84432316,Team1,0,0,0,0,0,0,0,0,0,-5178,0,-3153,0,-5087,0,4740,0,0,0,-3872,5018,0,0,0,3060,0,0,0,-4175,0,4331,3500,0,0,3567,0,0,0,-4341
84433569,Team0,0,5698,0,0,4526,-3057,-3970,-3891,0,0,0,-3695,0,4116,5585,0,0,0,-3651,0,-3901,0,0,0,0,0,0,0,0,4281,0,3720,0,0,0,0,0,0,0
84433663,Team1,0,0,3522,0,0,4924,-4581,0,4545,0,-4105,0,0,0,0,3252,0,3931,0,0,-4437,-3898,0,0,0,0,0,0,-4046,0,0,0,0,0,3327,0,0,0,-4089
84184848,Team1,0,3875,0,-4093,0,5071,4303,0,-4220,0,0,0,0,-3333,0,0,0,0,0,-4311,-4063,0,3441,0,-4080,0,0,0,4029,0,0,0,0,0,0,0,0,0,4873
84184865,Team0,0,0,4433,0,3658,-3524,0,-5047,4077,0,0,0,0,4836,0,0,0,-4492,0,0,5007,0,0,0,0,0,0,-3894,0,-3892,0,0,-3501,0,0,0,0,3714,0
84184931,Team1,0,0,2977,0,0,0,3696,0,-4280,0,0,3564,3327,0,0,0,0,3474,-4145,-4307,-4549,-4021,0,0,0,0,0,0,-4175,0,0,4093,0,0,0,0,0,0,0
84184977,Team1,0,0,0,0,0,4481,5107,3906,0,0,0,0,0,-3892,0,0,0,0,0,0,0,3483,0,0,-3701,-3647,-3942,3478,-3702,0,0,0,0,-3416,0,0,0,3904,0
84185195,Team0,0,0,0,0,-3608,0,0,0,4087,3829,0,0,0,-4591,3958,-3911,0,3882,0,0,0,-3805,0,4880,0,0,0,0,0,3603,-4264,0,0,0,0,0,-3486,0,0
84185203,Team0,0,3589,0,0,0,0,0,0,-3923,0,0,0,0,0,0,-3602,0,4562,0,0,-4915,0,3885,0,3374,0,0,0,4030,0,-5258,-4328,3246,0,0,-3580,0,0,0
84185216,Team0,0,0,0,0,0,-5353,0,0,-4117,0,0,0,5264,0,-3877,0,0,3898,3981,-4282,0,0,0,4954,3482,0,0,0,-3721,4643,0,0,0,0,0,0,-4642,0,0
84185268,Team0,0,-3862,3272,0,0,-4407,0,0,3967,0,0,-4685,0,0,0,0,0,0,0,0,4472,-3481,0,0,0,0,0,0,4391,0,4285,0,0,0,4665,0,-4259,-3486,0
84185273,Team0,0,0,0,0,0,0,-4290,0,0,-3699,0,-3851,0,0,0,-4087,0,0,0,0,3635,4630,4283,3799,0,0,0,-3397,0,3720,0,0,0,0,4187,0,-3267,0,0
84185314,Team1,0,0,0,0,0,0,0,3815,0,0,0,-4156,0,0,0,0,0,0,0,0,-3548,4387,0,3472,0,5072,0,-4951,0,0,0,0,0,-3901,0,0,0,-3603,0
84155833,Team1,0,-4816,0,0,0,4618,-4856,0,0,0,0,0,0,-4934,0,0,0,0,0,0,0,0,0,-4184,0,0,0,4124,5587,0,4420,3351,0,-3056,3511,0,-3897,0,0
84155834,Team1,0,0,0,0,0,-3445,0,0,0,0,0,3598,0,0,0,-4292,0,0,0,0,0,3635,3320,0,0,0,0,0,3617,-4155,-4338,-4403,0,3879,-3629,0,0,0,3517
84155884,Team1,0,-3864,0,0,0,3788,-3563,0,0,0,-3530,0,0,0,0,3306,0,0,0,-3687,-3534,0,3681,0,0,0,0,3909,0,0,4190,3907,0,0,-3672,0,0,0,0
84155900,Team1,0,4218,-3514,0,0,0,0,0,0,0,0,3475,0,4117,0,0,0,3513,3679,0,-4979,-5001,0,0,0,0,0,0,-4028,0,-4148,0,0,0,3730,0,-3652,0,0
84155917,Team1,0,0,-4125,0,0,-4187,0,-3616,3652,0,0,0,-3545,0,0,0,0,0,3422,0,0,0,0,3592,0,0,0,0,0,-4315,3576,0,0,0,4411,-5186,0,3938,0
84155969,Team1,0,0,3808,0,0,4396,0,-4052,-3699,0,3523,0,0,0,0,3219,0,0,0,-3403,-4818,-4771,0,0,0,-3553,4621,0,0,0,3869,0,0,0,0,0,0,0,0
84155979,Team0,0,-3646,3588,0,0,0,0,0,0,-3813,3459,0,0,3652,0,-3367,0,3215,0,0,0,-3960,0,0,0,0,0,3664,3746,0,0,0,0,0,0,0,0,-4461,-3209
84595381,Team0,0,0,4148,0,0,0,0,0,0,4258,-3503,-3470,0,-4276,0,3598,0,0,0,0,0,-3599,0,3924,0,-4342,0,3777,-4665,0,0,0,0,0,0,0,4366,0,0
84067010,Team1,0,0,4343,0,0,-4662,0,0,0,0,0,-4050,0,0,0,0,0,-3590,0,0,0,0,3952,0,3622,0,-3714,0,0,3750,3629,0,0,0,-3702,0,0,0,0
84067167,Team0,0,-5348,5279,0,0,3521,0,0,0,3528,0,3852,0,0,0,0,-4997,0,0,0,-3524,5009,0,0,0,0,0,0,0,-3972,0,0,0,0,-4658,0,-3237,3631,0
84067231,Team1,0,4053,0,0,0,0,0,0,-5288,-3324,0,0,0,3265,0,0,0,-3422,0,0,4699,4270,0,0,-3413,0,0,0,-4363,3263,0,0,-3657,0,0,0,3684,0,0
84067285,Team1,0,3324,0,0,0,0,0,0,0,0,0,0,0,0,0,0,0,3668,0,0,-3984,4480,3260,0,0,0,-4752,0,3750,-3861,-4427,0,0,0,4937,-4064,-4121,0,0
84067325,Team1,0,0,0,-3459,0,0,3598,0,-3973,0,0,0,0,0,3844,0,0,0,0,0,-3352,-3772,0,0,0,0,0,0,0,0,0,3894,0,0,0,0,0,4006,0
84819269,Team0,0,0,3799,-4054,0,-4350,-3463,-4390,0,0,-3897,0,0,0,-4448,3329,0,0,0,0,0,0,0,0,0,0,0,0,4028,0,4328,0,3780,3428,0,0,0,0,0
84819300,Team1,0,0,0,0,2588,0,0,0,0,0,0,0,-3803,4805,0,0,0,0,-3705,0,-4676,0,0,-4710,0,0,4358,0,0,3778,0,4580,0,-3317,0,0,0,5561,-3692
84819304,Team0,0,0,-4800,0,0,-3643,0,0,-3809,3683,0,3962,0,0,0,0,3480,3846,0,0,0,-3702,0,0,0,0,0,3134,-4265,-4516,0,0,3883,0,0,0,0,0,0
84819307,Team0,0,0,0,0,-3822,3484,0,-3964,-4609,0,0,-3657,0,0,0,0,-3277,0,0,3473,3270,0,0,0,0,0,0,4609,-4451,0,0,0,0,0,3572,0,4021,0,0
84819337,Team0,0,0,0,4029,-3234,0,-4063,0,0,0,0,0,0,0,0,-4561,0,0,0,0,-4249,4260,0,0,0,0,-4145,3685,3514,0,0,-3229,0,3556,0,0,0,3242,0
84819347,Team1,0,0,3851,-4144,0,4710,-3439,0,0,0,0,0,4085,0,-3296,0,-4093,0,4160,-3435,0,0,0,0,0,0,0,0,0,0,0,0,0,0,-4301,3964,0,0,4716
84819353,Team0,0,0,-4515,-3453,-3427,-4497,0,0,0,-3291,0,0,4244,0,0,3719,0,3861,3428,3548,0,0,0,0,0,0,0,0,0,0,0,0,0,0,-3894,0,0,0,3883
84819381,Team0,0,0,-4499,4198,-3483,-4648,0,-3857,0,0,0,0,0,0,0,0,0,0,0,0,4892,-3625,0,0,0,0,0,0,-5582,4483,4480,0,3884,0,0,0,0,4853,0
84819466,Team0,0,0,3425,0,0,0,0,0,3845,-3929,0,-3309,0,-3653,0,-3674,0,0,0,0,3652,0,0,0,4518,0,0,0,0,-4457,-4378,0,0,0,3506,0,0,4020,0
84819510,Team0,0,0,4492,4586,0,3825,0,0,0,4660,0,-3332,0,0,0,4953,0,-4078,-3711,0,0,-4038,0,0,0,0,0,4375,0,0,0,0,0,0,-3715,0,0,-3310,0
84819512,Team0,0,-3386,0,3937,0,0,0,0,-3769,0,0,4136,0,0,0,0,4301,0,0,0,-3692,3741,0,0,-4305,0,0,0,0,0,3854,-4337,0,-4742,3778,0,0,0,0
84626936,Team0,0,0,-3804,0,0,3491,4362,0,0,0,0,5025,0,4662,0,0,0,0,0,4465,0,-4011,0,0,0,0,0,0,-3872,0,-4266,0,-3622,0,0,0,3250,-4316,0
84626945,Team1,0,0,3544,0,-4011,0,0,0,4439,4118,0,0,0,3879,4004,0,0,3230,-4412,0,0,-4506,0,-3859,0,0,0,0,0,0,-4842,0,-4033,0,0,0,0,0,0
84626970,Team1,0,0,0,0,0,0,-3941,3653,-3986,0,0,0,0,0,0,0,3868,-3650,0,0,0,-4080,0,3810,0,3963,0,3670,-3914,0,4116,0,0,0,0,0,0,-4052,0
84626973,Team0,0,-3768,0,-3783,0,0,0,3574,0,0,0,0,0,0,0,0,0,2876,0,4454,-3615,-3931,3387,0,0,0,0,4459,0,0,0,0,3399,-3991,0,0,-3824,0,0
84626986,Team1,0,0,0,4161,0,-3232,0,0,-3820,-3796,0,-3718,3620,0,-3627,0,0,3311,3205,0,0,-3373,0,0,0,0,0,0,0,0,3736,0,0,0,4219,0,0,0,0
84627303,Team1,0,-3882,0,0,-3453,0,0,0,-2884,-3596,0,0,0,-4058,0,0,0,0,0,3868,3573,3777,0,0,-3476,3240,0,0,0,0,0,0,2801,0,0,0,0,4557,0
84627333,Team1,0,0,0,0,0,-3716,0,0,0,3872,0,0,0,0,0,4645,0,0,0,0,5592,4724,3759,-4953,-3599,0,0,0,0,4909,-4277,0,0,0,-4412,0,-3813,0,0
84627376,Team1,0,0,3031,4143,0,3421,0,-4167,0,4032,0,-3142,0,-3361,0,3529,0,-3326,0,0,3868,0,0,0,0,0,0,0,0,-3824,0,0,0,0,-2972,0,0,0,0
84627414,Team0,0,0,0,0,0,0,-4416,0,0,0,-4063,0,0,0,3668,0,0,-3813,0,4430,0,-4016,0,0,-3573,0,-3583,4217,0,0,0,0,0,0,0,0,3634,3553,3405
84501710,Team1,0,-3431,0,0,0,0,-3982,0,-3674,4054,-4427,3532,0,-4001,0,0,0,3952,0,0,-5094,0,0,0,0,0,0,0,4545,0,0,0,0,0,4408,0,0,0,4130
84501713,Team1,0,0,-3791,3579,0,0,0,-3815,0,0,0,0,0,0,4233,-4238,-4376,-3648,4245,3565,0,0,0,0,0,0,0,-3827,0,0,3587,0,3734,0,0,0,0,0,0
84501719,Team1,0,0,0,0,0,0,0,4036,0,0,-5413,-4043,0,-5641,0,0,0,4176,0,-3834,0,4368,0,0,-4076,0,0,0,0,4114,0,0,0,0,-3662,0,2770,0,3553
84501751,Team1,0,0,0,0,0,0,0,0,0,0,-4175,0,0,-4343,0,0,4377,0,0,0,-4658,0,0,-5007,5486,0,0,4421,3143,0,0,4988,0,4098,-4540,0,0,-3615,0
84501757,Team0,0,0,-3823,0,0,0,0,0,4824,4641,0,0,0,0,0,3670,0,4163,-3312,0,0,3922,0,0,0,0,-3690,0,0,3908,-4441,0,0,0,0,-4257,0,-4043,0
84501797,Team1,0,-3713,0,0,-3613,0,3617,3918,-3716,0,0,3869,0,4344,0,0,4126,0,0,0,-4502,0,-5565,0,0,0,0,0,0,0,0,0,-3207,0,0,4019,0,0,0
84501877,Team0,0,3174,-3665,0,3609,4944,0,0,3849,-3236,0,-3680,0,0,0,0,0,0,0,-3296,0,4633,-3260,0,0,0,0,-3521,0,0,0,0,0,0,3874,0,0,0,0
84501962,Team0,0,0,3759,4461,0,-4042,0,-3766,0,0,3576,0,0,4575,0,0,0,0,0,0,0,5287,0,-4302,0,0,0,-4064,0,0,4037,0,0,-3540,-3614,0,0,0,0
84501997,Team1,0,0,0,0,3446,0,0,0,0,4121,-3306,-5009,0,0,0,0,-4417,0,0,-3581,2765,0,0,-4003,0,-3896,0,0,0,3929,0,3919,0,0,0,0,3985,0,0
84689178,Team0,0,0,0,3961,0,3938,-4234,-4538,0,0,0,0,0,5098,0,0,0,0,4118,0,-4782,0,0,-3749,0,3763,0,0,0,4865,0,0,0,-3654,-3321,0,0,0,0
84689298,Team0,0,-4944,4967,4364,0,0,0,-4628,0,0,0,3224,0,-4703,0,0,4608,4176,0,0,-4744,3693,0,-3618,0,0,0,0,0,-3900,0,0,0,0,0,0,0,0,0
84690280,Team0,0,4093,0,-4191,0,0,0,3608,0,0,0,3694,0,3611,0,0,0,0,0,0,-3837,3720,0,0,0,0,-3767,0,0,0,-3311,-3642,0,0,4456,0,0,0,-3168
84658127,Team0,0,0,-4105,0,0,0,4684,0,0,0,0,0,0,-4849,0,0,0,-3649,0,0,3976,-3779,-2700,0,3578,0,4221,-5788,0,0,0,0,0,0,0,4668,0,0,4357
84658164,Team1,0,4396,0,3411,0,0,0,-3515,0,0,3691,0,3739,-3560,0,0,0,0,0,0,-3679,-3730,-4354,0,0,0,0,0,-3724,5564,0,0,0,4087,0,0,0,0,0
84658175,Team1,0,3918,0,0,-3854,3644,0,0,0,4487,0,4920,0,5208,0,4150,0,0,0,0,0,0,0,-4896,0,0,-3504,0,0,-4154,0,0,0,-4205,-3607,0,0,0,0
84658239,Team1,0,0,-4935,3418,0,0,0,0,0,3799,0,0,0,0,3497,0,-4450,0,0,0,0,0,0,0,0,3870,0,0,-4592,0,4105,-4520,0,0,0,-4322,3713,0,-3478
84658282,Team1,0,0,0,-4371,3727,0,0,0,0,0,3741,-3490,0,-4534,0,3342,-3784,3790,0,-4377,0,0,0,0,0,0,0,3705,-5819,0,0,0,0,0,3441,0,0,0,0
84658454,Team1,0,0,0,3209,0,0,0,0,-4085,0,0,0,0,0,0,0,0,3348,0,0,0,4639,0,0,0,0,3851,-3420,0,3591,-4033,0,3786,0,-3985,-3833,0,-3824,0
84398315,Team1,0,0,4187,0,3427,0,0,0,0,3596,0,0,4223,-4470,0,0,0,-3920,0,-3512,0,0,0,-4357,0,0,0,0,0,-3788,0,0,0,0,0,3988,-4566,0,3895
84399804,Team0,0,4425,0,0,0,0,0,0,-3540,0,0,0,0,-4042,0,0,0,-3135,0,0,4127,4216,0,-3747,0,0,0,0,-4780,-4026,0,0,0,3980,4461,0,3795,0,0
84278973,Team0,0,-3360,0,0,3998,0,4171,3469,0,0,0,-4082,0,0,0,0,0,0,0,0,4308,-3813,-3128,-3956,0,0,0,0,0,0,0,0,5403,-4021,0,0,0,4227,0
84280015,Team0,0,0,0,0,0,0,4976,0,0,4219,0,0,0,0,-4117,4328,0,5633,0,0,-4683,-3551,0,0,-4789,0,0,0,-2824,0,0,0,0,4813,5888,0,-3539,0,0
84280122,Team0,0,0,0,0,3740,3886,-4374,0,0,-4861,0,3780,0,0,-4669,0,0,0,3226,0,0,0,0,0,0,-4762,0,0,0,0,0,0,0,-4799,-3964,0,4267,0,3253
84280339,Team1,0,-4087,-4298,0,0,0,3858,-3667,4323,0,0,0,0,0,0,0,0,3457,0,0,4592,-4049,0,0,0,0,0,0,0,0,-4025,0,0,0,-4171,0,3554,0,4447
84280397,Team0,0,0,0,0,0,-3202,0,-5533,-3900,0,0,-4611,0,4058,0,0,0,0,0,0,-3762,-4172,4673,4394,4290,0,0,0,3817,0,0,0,0,0,0,5537,0,0,0
84280529,Team1,0,3808,-4421,0,3353,0,0,0,0,0,0,0,0,0,0,-3719,0,-4121,0,0,-5662,0,3863,4400,0,0,0,0,0,0,0,-4278,0,0,3983,3924,0,-4595,0
84281476,Team1,0,4060,0,-3463,0,4058,-4932,0,0,-3672,0,0,0,-3695,0,4181,0,0,0,0,0,0,0,0,4240,0,0,0,-3271,4080,0,0,0,-4655,0,0,4780,0,0
84036220,Team1,0,0,0,-3882,0,-4115,0,0,0,0,0,0,3525,0,3937,-4533,-4041,0,0,4432,3653,0,0,-4346,0,0,0,0,-3918,0,0,4162,0,0,0,0,0,3644,0
84036233,Team1,0,3931,0,0,0,0,4554,0,0,0,0,-4193,0,4332,0,0,-4425,0,0,0,-4275,3871,0,-3681,4315,0,0,-3454,0,3930,0,0,0,0,0,0,0,0,-4266
84036255,Team1,0,4983,-2694,0,0,3504,-3160,0,-4190,0,0,-3340,0,0,0,4539,-3444,0,4683,0,0,0,0,0,0,0,0,0,4049,0,-3546,0,0,0,0,4217,0,0,0
84036271,Team1,0,0,4509,0,0,0,0,0,0,4564,0,-3866,4622,4110,-4480,0,-4826,3913,0,0,0,0,0,0,0,0,0,-4241,3167,0,-3460,-4090,0,0,0,0,0,0,0
84036276,Team1,0,0,3712,0,0,0,-4159,-3307,-4346,0,0,0,0,4050,0,0,4322,-4493,0,0,0,-3952,0,0,0,0,0,4474,4077,3724,0,0,0,0,0,-3413,0,0,0
84036295,Team0,0,0,-4245,3884,-4229,0,0,0,0,0,3686,-3182,0,-3355,0,3864,-5049,0,-3792,3478,0,0,0,0,0,0,0,0,0,0,0,0,0,4803,0,0,0,0,4616
84036334,Team0,0,0,0,0,0,0,-4723,0,3560,-3096,0,4962,0,0,0,-3549,0,-3738,0,5218,0,-5084,0,0,0,0,4796,0,0,0,0,0,0,4508,0,0,0,3743,-4212
84036372,Team1,0,0,-3450,0,0,0,3725,3551,4869,0,-3864,-3750,0,0,0,0,0,3738,0,0,-4366,0,0,0,3801,0,-3831,0,0,0,0,0,0,-5217,0,0,0,3445,0
84036419,Team0,0,0,0,3911,-3647,0,0,0,-3496,0,0,0,0,-3327,0,0,0,3675,0,-4460,0,4636,3718,-3592,3807,0,0,0,-3248,3722,0,0,0,0,0,0,0,0,0
84846957,Team1,0,3656,0,0,-3426,-3493,0,0,0,0,0,-4433,0,3810,0,3144,0,0,0,-5239,0,4223,0,0,0,0,0,0,3798,0,3446,0,0,0,-4363,0,-4163,0,0
84847214,Team0,0,-4531,-4462,4500,0,0,0,0,-3493,-3290,0,0,0,0,-3278,0,0,3860,0,0,-3147,3800,0,0,0,0,0,0,0,0,0,4303,0,4687,3564,0,0,0,0
84847358,Team0,0,0,3634,0,0,0,-3904,0,0,0,0,0,0,3689,-4387,0,0,0,-4161,0,-3927,0,0,0,0,0,0,0,4121,0,3954,0,0,0,-4251,0,3417,-3561,4175
84847455,Team1,0,-3904,3800,0,0,2822,3881,0,0,0,0,-4476,0,0,0,0,0,3137,0,-4148,0,0,0,0,0,0,0,0,0,0,0,0,-4734,-4310,3475,0,4186,0,-4783
84847498,Team0,0,0,3853,0,0,0,0,0,-4300,0,-3632,0,0,0,0,3760,3357,0,0,0,-3745,0,0,-4153,0,0,0,3846,5019,-3939,3999,0,0,0,0,0,-3357,0,0
84847510,Team0,0,0,-3470,0,0,-3562,0,0,0,0,0,0,0,0,0,0,0,3505,-4070,0,0,0,0,-4881,0,0,3436,5078,-3793,3586,0,0,0,0,4085,0,0,4994,-3566
84847618,Team0,0,0,0,0,-5287,4291,4933,0,0,0,0,0,3659,0,0,0,0,-3895,0,3513,4625,-3870,0,0,0,0,0,0,0,-3667,0,-4114,0,0,-3745,0,3710,0,0
84847756,Team0,0,0,0,0,4051,3789,-3479,3393,0,-3690,0,0,0,0,0,0,0,-3724,0,0,0,-3833,0,0,3566,0,3721,3704,0,-3968,0,0,0,0,0,0,-4514,0,0
84312070,Team1,0,0,0,0,4068,0,0,3382,-3638,0,-4170,0,0,0,0,0,4469,0,0,0,-3728,3651,0,0,0,0,4964,-5411,4439,0,-3962,0,0,0,0,0,-3521,0,0
84312076,Team1,0,0,-4315,0,-4237,0,4632,-3792,0,0,0,0,0,5223,-3207,0,4142,3333,0,0,0,0,0,4467,0,0,0,0,0,0,0,0,-3882,-4022,0,0,4720,0,0
84312078,Team0,0,-4465,3257,0,0,-3909,3875,0,4634,0,0,0,0,0,0,-4090,3800,0,0,0,3930,-3359,0,0,0,0,0,0,4403,0,0,0,0,0,0,0,-3464,-3444,0
84312081,Team0,0,5663,0,0,0,-3598,-3520,0,0,0,-3467,-3638,0,-3463,0,0,0,0,0,3707,0,0,4569,0,3940,0,3228,0,0,0,0,0,0,0,-3769,0,0,0,3311
84312219,Team1,0,-4244,0,-3818,0,4372,0,0,0,3483,0,4884,4708,0,0,0,0,4638,0,0,-4549,-2717,0,0,0,0,0,4241,0,0,0,0,0,-4195,-4899,0,0,0,0
84312282,Team1,0,0,-3865,0,0,0,0,0,0,3500,0,3520,-3608,4918,0,0,0,0,0,0,0,0,0,-3713,-4857,0,0,-3621,0,3785,0,0,0,-4442,4403,0,4128,0,0
84126175,Team1,0,3820,-4850,-4395,0,-4325,0,0,3504,0,-4088,4175,3241,0,0,0,0,0,0,3507,-4127,0,4338,0,0,0,0,0,0,0,0,0,-4727,0,0,0,0,0,0
84126181,Team0,0,0,-4993,0,0,-4397,0,0,0,0,0,0,0,0,0,4504,0,-3487,0,0,0,5362,0,0,0,0,-4014,-3480,0,4918,0,0,0,4968,-3772,0,3692,4825,0
84126303,Team1,1,0,0,0,0,-3645,4954,0,3970,-3832,-3496,-4479,0,0,6163,0,0,0,0,0,4941,0,5330,0,0,0,0,0,-2991,0,0,0,0,0,-2900,0,0,4259,0
84126304,Team1,0,3603,0,0,3322,3717,-3410,-3861,0,0,0,0,0,-3653,3648,0,0,0,-3925,0,0,0,0,0,-5128,0,0,0,0,0,-3520,0,0,0,4331,0,3990,0,0
84126323,Team0,0,0,0,-4512,0,4299,0,4362,0,0,0,0,0,0,0,0,0,0,-3578,0,-3641,-3869,0,-3274,3793,0,0,3833,0,4432,0,0,0,-2648,4442,0,0,0,0
84126386,Team0,0,0,0,0,-3862,-3970,0,0,-3831,0,4280,4047,0,0,0,4570,0,0,-3907,0,0,3664,0,-4205,0,0,0,0,0,-4177,0,0,0,3970,0,4154,0,0,0
84126413,Team1,0,-3792,3696,4020,0,4492,0,0,0,0,0,0,0,0,0,0,-2710,0,0,0,0,0,0,4053,0,0,4867,-3539,0,-3459,0,0,0,4088,0,0,-4216,0,-3442
84126453,Team0,0,0,0,0,0,-5317,0,0,0,0,0,3777,0,-3668,-3719,0,3890,0,-3767,0,0,0,4557,0,0,0,0,4697,-3814,0,0,0,-3352,0,0,0,0,0,5307
84757484,Team1,0,0,0,0,0,0,4039,0,0,-4109,0,-4229,0,0,0,0,0,0,-4273,4000,4470,-3483,0,-4769,0,0,0,0,3933,0,3671,0,0,0,3150,0,0,-3867,0
84789373,Team1,0,-4210,0,0,0,0,0,-5522,3329,0,0,0,0,0,0,-4046,-3822,0,3744,0,3396,-4438,0,3950,-5285,0,0,0,0,0,3034,0,0,0,3333,0,0,0,0
84789425,Team0,0,0,0,0,0,0,0,0,0,0,-4181,3617,0,0,0,-3173,0,0,0,3657,-3507,-5302,0,0,-3592,0,0,0,0,0,0,0,0,4075,3150,3577,4276,-4145,0
84789451,Team0,0,3604,3758,0,0,0,0,0,5335,0,0,-3789,0,5127,0,0,0,3356,0,0,0,3405,0,0,-3444,0,-3457,0,0,-3786,0,0,0,-3533,0,-3698,0,0,0
84789457,Team0,0,0,0,0,0,3280,-3931,0,3842,0,0,-3852,0,-3652,0,0,-3546,0,-3934,0,0,0,0,4181,-3602,0,0,0,0,5073,0,0,0,0,4063,0,0,0,4002
84789521,Team0,0,4412,0,0,0,0,0,0,4301,0,0,-3785,0,5751,0,-4795,0,3106,0,0,0,0,0,0,-4080,0,0,0,4578,-3732,0,0,-4063,0,4067,0,-5085,0,0
84789531,Team0,0,4129,4916,-4428,0,5045,0,4977,0,0,0,-5206,0,4125,0,0,-4336,0,-3527,0,-5647,0,0,0,-4408,0,0,0,4527,0,0,0,0,0,0,0,0,0,0
84789535,Team0,0,0,3137,0,0,0,-4898,0,0,0,0,0,0,3518,0,0,0,0,4107,-4851,-4151,0,-4431,0,0,3572,0,0,-4166,0,0,0,0,4176,-4587,0,0,0,3631
84789537,Team0,0,0,-3548,0,3869,-3721,0,4149,0,0,0,-3631,0,0,0,0,4335,0,3462,0,0,-3845,0,0,0,0,0,4163,0,0,0,0,0,-4429,3534,0,-3503,0,0
84789595,Team0,0,0,-3969,0,0,0,0,0,0,0,0,3824,0,0,0,-4372,0,0,3634,0,0,-4282,-3642,0,-4189,0,3658,0,0,0,0,0,0,-4247,3907,3369,0,0,3329
84789677,Team1,0,0,0,0,0,0,0,0,0,0,0,-4551,0,3674,0,3908,-3276,0,-4209,4696,0,0,-4454,-3563,0,0,0,0,0,4104,0,3873,0,0,0,0,0,4290,-3851
84789678,Team1,0,0,0,0,0,0,0,0,0,0,-3603,4445,0,0,-4262,0,0,0,0,0,0,0,0,0,4553,0,0,0,-3519,0,0,0,0,0,4356,0,3290,0,0
84907376,Team0,0,0,-3855,3487,0,0,4386,0,0,0,0,0,0,3831,0,0,0,-3692,0,0,4378,4319,-3761,0,0,0,0,0,-3735,-5391,0,-4404,0,4199,0,0,0,0,0
84907412,Team1,0,0,0,-4822,0,0,0,0,0,0,0,-4752,3094,0,0,-3563,0,0,0,4319,0,0,0,4708,0,0,3885,-3654,5295,4300,0,0,-4761,0,0,0,-4320,0,0
84907456,Team1,0,0,0,0,0,4080,0,0,-3334,4215,0,0,3553,0,0,0,0,-4195,-4317,0,3514,-4123,0,0,0,0,0,3781,0,3521,0,0,0,0,-4179,0,0,-3486,0
84907471,Team1,0,0,-3599,0,0,0,0,0,0,0,0,0,0,3982,0,0,0,-3570,0,0,4349,-3645,0,0,0,4517,-3630,0,-3273,0,4104,4643,0,0,4245,0,0,-5141,0
84907546,Team0,0,3926,-3739,0,0,0,-3887,0,0,0,0,0,0,0,0,4370,0,0,0,0,-3622,0,4236,0,0,0,0,-3711,0,3886,0,0,-3783,3921,6291,0,-3931,0,0
84907567,Team1,0,0,-4051,-3877,0,0,0,4146,0,0,0,-4299,0,0,0,0,-3570,-3619,-4959,4415,0,0,0,4547,0,0,0,0,0,3828,0,0,0,0,4871,0,0,4159,0
84907580,Team0,0,0,0,0,3280,0,3690,3333,-4221,0,0,0,0,0,0,-4533,4301,0,0,0,-5108,3650,0,0,0,3722,0,0,0,-4141,-3808,0,0,0,-6352,0,0,0,0
84726048,Team0,0,0,0,0,0,0,0,-4467,0,4893,0,0,0,0,0,4144,0,4413,0,0,-4887,0,0,0,0,-4234,0,3843,0,-5235,4058,0,-3537,0,4781,0,0,-3872,0
84726063,Team0,0,0,3460,0,0,0,0,0,3874,0,0,0,0,0,0,0,5391,0,3548,0,-3765,0,0,0,0,0,-3836,0,3147,-5110,0,0,0,-3679,-4638,0,-3694,4433,0
84726095,Team0,0,0,0,0,0,-3871,0,0,0,0,0,0,0,0,0,0,0,0,0,4808,4208,4155,0,-4286,0,-3064,0,4595,-3717,0,4994,0,0,0,-4127,0,4132,-3748,0
84726117,Team0,0,3474,0,0,0,-4532,0,-3855,0,0,0,3714,-4297,0,0,-4498,0,0,0,-5337,5325,3767,0,0,0,0,0,0,0,-3799,0,3437,4004,0,0,0,0,0,0
84726159,Team1,0,0,0,0,0,-3982,-4893,0,0,4082,0,0,0,3725,3699,5065,0,-3685,0,3814,0,0,0,-4227,0,0,0,0,3960,0,0,0,0,0,-3617,0,-4025,0,0
84726188,Team0,0,-3400,4376,0,0,4108,-4007,0,0,0,0,0,-4062,0,0,0,0,3830,0,-4009,-3427,0,-3535,0,0,0,0,0,0,4504,0,0,0,0,3923,0,3375,0,0
84726196,Team0,0,-4360,0,-4122,0,0,4876,0,4450,0,0,0,0,0,0,0,0,0,0,0,4132,0,0,-4200,0,0,0,0,-3699,4286,5235,4405,0,-3384,-3331,0,0,0,0
84726236,Team1,0,0,0,0,0,3652,0,0,0,4065,-3619,5048,4902,0,-3319,0,0,0,0,0,-4183,0,0,-3725,4435,0,0,0,0,-4499,0,0,0,0,-5314,0,0,3883,0
84726273,Team0,0,0,3893,0,0,-3331,0,-3715,0,3634,0,0,3235,-4174,0,4048,0,0,0,0,0,0,0,0,0,-5592,0,0,-3622,0,0,0,0,3930,-3661,0,0,0,0
84467233,Team0,0,0,0,0,0,0,4512,0,4467,3548,-2694,0,-4879,0,0,0,-4579,0,0,-3984,0,0,0,0,0,0,0,-4470,-3891,0,4061,0,0,0,3911,0,0,0,4630
84467252,Team1,0,-4616,0,3592,0,0,0,0,0,-4730,4029,-3925,0,4245,0,-3643,0,0,0,0,3588,4805,-3407,0,0,0,0,0,0,0,-3955,0,0,0,3430,0,0,0,0
84467295,Team1,0,0,0,3856,0,-4148,-3634,0,0,0,0,-5324,0,4132,0,0,0,3847,0,3830,0,0,-3860,0,-3073,0,0,0,3893,0,0,0,0,0,4265,0,0,0,-4096
84467420,Team0,0,0,4825,0,0,0,0,0,0,0,0,0,4054,0,0,-3575,0,0,3769,0,4096,-4165,0,0,0,0,0,0,4204,-3673,-3828,0,0,4016,-3329,0,0,-3698,0
84467451,Team1,0,-4499,0,0,0,0,5863,-3212,-3963,0,0,-3670,0,4636,0,0,0,5078,0,0,4062,0,0,0,0,4472,0,0,-3797,0,0,5018,-3681,0,0,0,0,0,0
84467473,Team1,0,3878,4618,0,0,4110,-4403,0,3993,0,0,0,3591,0,-3627,0,-4444,0,0,0,3197,0,0,0,0,0,0,-3824,0,0,-4542,0,0,0,0,0,-3516,0,0
84467474,Team0,0,3651,0,0,0,0,-4222,-3980,3865,0,0,0,0,0,-3453,0,0,-3817,3127,0,4792,0,0,0,-4242,0,0,-4064,4140,0,4801,0,0,0,0,0,0,0,0
84467517,Team1,0,3783,0,0,-4319,0,-3999,-3864,0,0,0,0,0,0,0,0,0,-3154,0,0,4316,0,0,0,0,0,0,0,-3723,3821,3947,0,-4779,0,4700,0,3429,0,0
84467529,Team1,0,0,4765,0,0,5278,0,-4581,0,0,0,0,0,-4411,0,-4399,0,0,0,0,3158,0,0,0,0,-5334,0,0,4292,3577,-4412,0,0,0,0,0,3923,0,-4908
84467572,Team0,0,0,0,0,-4094,4236,0,0,0,0,3218,3564,0,-4005,0,-4298,0,-4711,0,0,0,-4126,0,0,3854,3636,0,0,0,0,0,0,0,0,3482,0,-3758,0,0
84218267,Team1,0,0,3570,0,0,0,-4306,0,0,0,0,0,0,-5265,0,0,0,0,0,0,0,0,0,0,0,0,0,0,0,0,0,0,0,0,0,0,0,0,-5078
84218275,Team0,0,-3642,0,0,0,0,0,0,0,0,0,3672,0,-4337,-4249,-3539,3711,0,0,-4534,0,0,0,0,0,4407,0,0,3851,0,0,0,0,3697,3564,0,0,-4268,0
84218293,Team0,0,0,0,3349,0,-3836,-4479,0,0,4196,-4030,0,0,0,4851,0,0,3401,4511,0,0,-3746,0,0,0,-4456,0,0,-3826,0,0,0,0,0,4011,0,0,0,0
84218295,Team0,0,0,-4300,0,4635,0,0,0,0,0,-4550,0,-4268,0,0,0,0,3367,0,0,-5002,4514,0,-4921,0,0,0,0,5431,0,0,0,4338,-4928,3603,0,0,0,0
84218346,Team0,0,0,0,0,0,4315,3606,0,3678,-4180,0,0,0,0,3495,0,-3489,0,0,0,0,0,3891,-4893,0,4545,0,-3311,-3888,-3967,0,0,0,0,0,0,0,0,0
84218399,Team1,0,0,-4033,0,0,0,0,0,5067,0,0,0,0,3649,0,0,-5171,3927,-3932,0,-5353,0,0,0,5005,0,0,0,-4415,4368,0,0,0,0,-4150,0,3608,0,0
84218429,Team0,0,4892,0,0,0,-4625,-3564,0,4063,0,0,4356,0,-3585,0,0,3408,0,0,0,4081,0,0,0,0,0,0,-4722,0,0,0,0,0,0,3232,0,-4491,-4436,0
84218439,Team0,0,0,-5281,0,0,3959,5072,0,0,-3542,4120,3622,4291,0,0,-3359,-4575,0,0,4896,-3017,0,0,0,0,0,0,0,-3421,0,0,0,0,0,0,0,0,0,0
84369696,Team0,0,0,0,0,0,3499,0,0,0,-3795,0,-4036,-4209,-3811,0,0,0,0,0,0,0,3475,0,0,0,3940,0,0,0,-3961,0,0,0,-4202,3896,0,3694,3602,0
84369787,Team1,0,0,0,-3347,0,0,0,0,0,3469,0,-3312,0,0,3539,0,-4173,0,0,0,-3897,4418,0,0,3716,0,0,0,0,5423,0,0,-3872,0,3813,0,0,-2857,0
84369870,Team0,0,0,0,0,0,3520,3593,4166,0,0,-4821,0,3602,0,-4840,0,0,4371,-4271,0,-4814,0,0,0,0,0,0,0,0,-3949,0,0,-4179,0,3777,0,0,0,0
84369910,Team0,0,0,3165,0,0,0,-3288,0,0,3969,0,0,0,-4316,-4874,0,0,4717,0,0,4125,0,0,0,0,0,0,0,0,-3529,0,-3694,3456,-3850,3740,0,0,0,0
84369938,Team0,0,0,-5263,-3537,0,-3864,-3521,0,0,0,0,0,0,3582,0,0,0,0,3491,0,-3597,0,-3704,0,3777,3717,0,0,0,0,0,0,0,3873,4407,0,0,0,0
84369950,Team1,0,3399,-3809,0,0,3666,-4394,0,0,0,0,0,0,3388,0,0,0,0,0,-4147,0,0,0,3792,0,0,0,0,0,0,0,4166,0,0,-5000,0,-3507,2747,-4692
84251102,Team1,0,3689,0,0,0,4005,0,0,0,-3054,0,-3319,0,0,3230,0,0,-4251,0,0,-3658,0,0,0,0,3400,4290,0,4191,0,0,0,-4600,0,-3509,0,0,0,0
84251129,Team1,0,0,2736,0,0,3611,0,0,0,4493,0,0,3200,0,-4638,-3505,-3618,0,0,0,0,0,0,4126,0,0,0,0,0,-4414,0,-5418,0,0,0,4299,0,-4400,0
84251156,Team0,0,3808,-4713,0,0,3968,0,0,0,-4182,0,0,-4617,0,0,0,0,-4536,3992,0,0,0,0,0,3599,0,0,-5124,2982,0,0,0,0,-4113,3316,0,0,0,0
84251169,Team0,0,0,0,0,0,0,-5054,0,0,0,-4400,-5408,0,0,0,0,-5366,3294,0,3385,0,4892,0,0,-4544,0,0,0,-3901,4531,0,2905,0,0,0,0,3915,0,0
84251199,Team1,0,0,0,0,0,0,0,0,0,0,0,-3764,3869,3924,0,0,0,0,4207,0,4133,-3540,0,-4522,-3425,0,0,0,0,4382,0,0,0,-3917,0,3937,0,-4592,0
84251200,Team0,0,3436,0,3677,0,0,0,0,0,0,0,-3294,3664,0,0,-3588,0,0,3893,-3663,3495,-3697,-3806,0,0,0,0,-3501,0,0,3235,0,0,0,0,0,0,0,0
84251210,Team1,0,4839,-5253,0,0,0,3275,4788,0,0,0,0,0,0,3609,0,-3553,-4651,0,0,4108,0,4334,0,0,-3990,0,0,0,0,0,0,0,0,-4769,0,-3498,0,0
84251227,Team1,0,0,-4249,-3868,0,0,5061,0,3963,0,0,0,0,3955,0,0,0,0,0,0,-6030,-3881,0,0,0,0,0,0,0,3808,4326,0,0,0,3176,-3584,0,-6748,0
84565760,Team0,0,3683,-4548,0,0,0,0,0,0,0,-3758,0,4087,0,0,0,0,-4703,3894,0,3932,-3443,0,0,0,0,0,0,-3305,0,3485,0,3788,0,-4563,0,0,0,0
84565777,Team0,0,-3779,0,0,0,0,3303,-3687,0,0,0,-3402,4421,0,0,0,0,0,0,-3750,0,4131,0,0,0,4112,0,0,3180,0,0,0,0,-4021,-3972,0,0,0,5362
84565974,Team1,0,0,-4363,3669,0,-3731,0,0,-3790,3682,0,0,0,3950,-4640,0,0,3273,-4116,0,0,3804,0,3874,0,0,0,0,-4228,0,0,0,0,0,0,0,0,0,0
84566022,Team1,0,0,0,0,0,0,0,0,0,4134,0,3620,0,4285,0,4129,0,-3677,0,0,-4042,-3632,0,0,0,0,0,0,0,-3985,0,0,-3772,3450,0,0,-4393,0,3535
84566059,Team1,0,0,-3904,3746,0,0,0,0,-4520,4119,0,0,3284,-3836,-4529,0,0,0,0,0,3940,0,0,0,0,0,0,0,0,-4796,5273,0,0,0,3300,0,0,-4609,0
84566091,Team1,0,-3006,-5029,0,4521,-3677,0,0,0,-2803,3761,0,-2584,0,0,4177,0,0,0,0,0,0,0,0,0,0,0,0,-4161,0,4268,0,4719,0,3535,0,0,0,0
84566167,Team0,0,3982,-3713,0,0,0,0,-3618,0,3683,0,-3428,0,5171,0,3593,0,0,0,0,0,-4527,0,-3523,0,0,0,4225,0,0,0,0,-4367,3641,0,0,0,0,0
84566211,Team0,0,3301,-4776,0,0,0,0,4422,0,-4173,-3383,0,0,0,-3698,0,0,0,0,3760,-4897,4317,0,0,0,0,0,-3813,3959,0,0,0,0,0,3934,0,0,0,0
84877638,Team0,0,-3402,0,0,-3773,-3376,0,0,-4032,0,0,4160,0,0,0,-3936,3887,0,0,0,4702,0,0,0,0,3381,0,0,0,3546,0,0,0,0,-3849,0,3503,0,0
84877658,Team1,0,-4635,-4625,0,0,5150,3677,0,0,0,0,0,0,0,0,3684,-3634,0,0,0,-3695,0,0,0,0,0,0,0,4392,-4032,0,3942,0,4509,0,0,-3548,0,0
84877661,Team0,0,0,0,0,0,4272,-4178,0,0,0,0,-3787,3807,0,-4416,3839,0,0,4093,0,4483,0,-3687,0,0,0,0,0,0,3793,0,0,0,-4171,0,0,0,-4115,0
84877817,Team1,0,-3988,-5969,0,0,0,0,0,-4557,0,-3339,-3641,0,4613,3438,0,0,0,3670,0,0,3942,0,0,0,0,0,0,0,4638,0,0,0,-3785,0,0,0,0,3663
84877859,Team0,0,4351,-4060,0,0,0,0,0,0,-3323,0,0,0,0,0,-3216,-3929,4272,0,0,0,0,0,0,-4235,0,3592,0,-4298,0,3442,3101,0,0,3495,0,0,0,0
84340843,Team1,0,0,0,0,0,3430,0,0,0,0,0,0,0,3380,0,0,0,0,0,0,-4351,-4071,0,0,3545,0,-3288,4540,-4785,3989,-3278,0,0,0,-4550,0,4133,0,0
84340846,Team0,0,0,0,0,0,3698,0,0,-3703,3383,0,0,0,-4497,4361,4028,0,0,-3533,-3638,-2823,4079,0,-3514,0,0,0,0,0,4726,0,0,0,0,0,0,0,0,0
84340857,Team0,0,0,0,0,0,0,0,0,0,0,4736,0,0,0,4834,0,0,-4992,0,0,-3967,-4369,0,5216,0,0,0,-4884,0,-5485,0,0,0,0,3056,0,-2834,3668,3938
84340858,Team0,0,0,-3512,3539,0,4329,0,3914,0,0,0,3368,0,-4037,0,0,-3967,0,0,0,0,0,0,-3941,0,-4054,0,0,-4355,0,0,0,0,4254,3915,0,0,0,0
84340901,Team1,0,-4522,0,0,0,3945,0,0,0,0,0,3371,-3629,0,0,0,0,4492,0,0,-4244,0,-3727,-4491,0,0,0,3688,0,0,0,3845,0,0,0,0,0,-4197,4263
84340968,Team0,0,0,3625,0,0,0,0,0,-3938,-3747,5489,-3820,0,3298,0,3520,-3248,4160,0,0,0,0,0,0,4194,0,0,0,-3723,-4518,0,0,0,0,0,0,0,0,0
84341042,Team0,0,0,0,0,0,0,0,0,-3748,0,0,0,0,0,0,0,4667,0,-4480,0,-2973,0,0,-4459,4662,3700,0,3926,0,0,-3549,0,4638,0,-3234,0,0,3323,0
84341045,Team0,0,-3902,0,-4721,4355,3267,0,-4197,0,0,0,3031,0,-3606,0,0,0,0,0,0,0,0,0,0,0,0,0,0,0,-3857,0,3318,4548,-2884,0,0,0,4365,0
84972841,Team1,0,-4224,0,3328,0,0,0,0,0,0,0,0,0,3292,0,-4476,0,0,-4166,-4529,-5034,-5272,0,0,0,0,0,0,0,4498,3920,0,0,0,3703,0,0,0,3732
84972858,Team0,0,0,0,0,0,0,0,0,0,0,0,-3065,0,0,0,-3137,-3737,0,3502,-4462,-3541,3511,0,0,0,0,0,0,4534,4291,4038,0,3212,0,0,0,-3353,0,0
84972868,Team0,0,0,5353,0,4793,0,0,-3525,0,0,0,-3591,0,3991,0,0,-4498,-3716,-3421,0,3785,0,3574,0,0,0,0,-5330,0,0,0,4391,0,0,0,0,0,0,0
84972876,Team1,0,-4399,4318,0,0,-4502,-3698,-3776,0,0,0,0,0,0,0,0,0,4554,0,0,4309,0,4676,4529,0,0,0,0,-4719,0,0,0,4733,0,-3590,0,0,0,0
84972879,Team0,0,0,0,-1922,0,4199,0,4790,-4634,0,0,0,0,-4506,0,4144,0,0,0,0,0,-4394,0,0,0,0,3937,0,0,-4239,-3782,0,4366,0,0,0,3217,0,0
84973383,Team0,0,0,0,6986,0,0,0,-3333,0,0,0,0,0,-3662,0,-3446,0,0,0,-4545,7205,0,0,4665,0,0,0,4785,-2967,0,0,5482,0,0,6661,0,0,-4719,0
84973481,Team1,0,0,3432,0,0,0,-4058,-3972,0,0,0,0,0,3361,0,0,0,0,0,0,3835,0,-4226,-4338,-4371,0,0,0,0,0,4819,0,0,-4205,4005,0,4307,0,0
84094614,Team1,0,-4560,3403,0,0,0,4105,0,0,0,0,-4516,0,0,0,0,0,0,0,0,0,0,-4716,-3566,0,0,3747,4697,2759,-4174,4036,0,0,-3800,0,0,0,0,0
84094776,Team0,0,0,0,0,0,0,3878,0,0,0,0,0,0,0,-3437,0,0,0,0,0,-3811,3523,4042,0,0,0,0,0,4106,-4142,0,-2999,0,-3395,-3549,4790,0,5082,0
84094869,Team0,0,0,3236,0,0,4579,0,0,0,0,0,-3734,0,0,0,3004,-4161,0,0,0,-3417,4392,4061,0,-3326,0,0,0,-3892,0,0,0,-3221,0,0,0,0,0,4226
84094988,Team0,0,0,0,0,0,3668,3845,0,-3825,4063,0,3799,0,0,0,4237,4787,-4583,0,0,-3423,0,0,-3427,0,0,0,0,0,-3941,0,-4158,0,0,0,0,0,0,0
84095196,Team1,0,0,0,0,-3395,0,0,0,-3903,0,0,0,0,0,0,0,0,0,0,4504,4053,0,0,3557,0,0,0,0,3680,-4549,-3847,4786,0,0,-4246,0,-4577,0,4168
84097545,Team1,0,3515,0,-3589,0,0,4282,0,0,0,3438,0,0,0,4299,0,-4206,0,-4003,0,-5195,3466,0,0,-4491,0,0,0,0,0,0,0,0,0,-3969,3574,0,0,0
84185314,Team1,0,0,0,0,0,0,0,0,0,0,0,0,0,0,0,0,0,3470,0,0,0,0,0,0,0,0,0,0,0,0,0,-4386,0,0,0,0,0,0,3447
84185323,Team1,0,0,-4626,0,0,-3588,0,3192,0,0,-4042,-3645,0,-4106,0,0,0,0,0,0,4222,2892,0,-4491,0,0,0,0,0,3786,0,0,0,0,0,0,3263,0,1669
84185328,Team1,0,0,0,0,0,0,0,0,0,-3990,0,4488,0,0,0,0,0,-3457,0,3819,0,-3738,3511,0,0,0,4059,0,-4125,-3837,0,0,-3549,3110,0,0,0,0,4296
84185397,Team1,0,0,4168,0,0,-4347,0,0,3783,0,0,0,0,0,0,3909,3677,4420,-4173,0,0,0,0,0,-4278,4353,0,0,-4067,-4869,0,0,0,0,-5461,0,0,0,0
84185400,Team1,0,0,0,0,0,0,0,0,0,-4032,3385,0,0,0,0,0,0,2562,0,0,-8211,0,0,-7133,-6878,2754,0,2467,0,-6962,0,0,2763,0,-6850,0,0,0,2072
84185455,Team1,0,-4478,0,0,0,0,0,0,0,0,0,6591,0,-3697,0,-2778,3955,-3969,0,0,4062,-2967,0,0,0,0,0,0,-3942,0,0,0,0,0,4416,0,3051,4505,0
84185510,Team0,0,0,4308,0,3853,0,-4061,4430,3633,0,-4054,0,0,0,0,0,4941,-4443,0,0,0,-4206,0,4353,0,0,0,0,-4332,0,0,0,0,0,0,0,0,0,-4162
84002530,Team0,0,5784,0,4024,0,0,0,-3252,0,0,3895,-3897,0,3690,0,0,0,0,0,0,4072,-4374,0,0,0,0,0,-3706,0,0,-3291,0,0,0,0,-4038,0,3879,0
84002667,Team0,0,0,-4603,0,0,0,0,0,2696,0,4337,3251,0,-3911,0,0,3871,0,-3979,0,-3524,0,0,0,0,0,0,0,0,3228,-4018,0,-3647,0,0,4033,0,0,0
84002992,Team1,0,0,-3083,0,0,-4198,0,-3484,3408,0,0,-4316,0,3141,0,0,0,-3734,0,0,0,-3760,0,4460,4744,0,0,0,0,3370,4774,0,0,0,0,0,0,0,0
84003431,Team1,0,0,0,0,0,0,0,-3678,3724,3947,0,-4278,0,0,0,0,0,-3323,0,-4858,0,0,0,4690,-3843,0,0,0,0,2975,4274,0,-3488,0,0,0,0,0,3356
84433492,Team0,0,4132,-3604,0,0,0,0,0,0,-3945,0,3431,0,0,0,0,0,0,-3428,3556,0,4384,0,0,0,0,0,0,-3551,0,0,0,0,3493,0,0,4355,-3789,-3695
84433500,Team0,0,0,4267,0,0,5304,-3940,0,0,0,0,0,0,0,0,4089,0,0,-2797,0,0,0,0,0,0,0,5053,-3851,-3209,5206,0,0,0,0,-3947,0,0,4382,-3533
84433574,Team0,0,-3853,-3497,0,0,-3161,0,0,0,3630,0,0,0,0,0,0,0,0,-4032,0,3004,3824,0,0,-3575,0,0,0,3804,5761,0,0,0,0,3829,0,-4460,0,0
84433588,Team0,0,-4004,0,0,0,0,-5185,0,0,-4126,4124,3709,0,0,0,0,0,0,0,0,-4954,4389,0,4235,0,0,0,0,0,4751,4091,0,0,0,0,0,-3416,-4860,0
84433637,Team0,0,5356,-3453,0,-4948,0,0,0,4335,0,0,0,0,0,0,5092,-5196,0,0,0,3175,0,-4046,0,0,0,0,0,-3245,0,0,0,0,0,-3895,0,0,4240,4131
84433652,Team0,0,0,0,-4106,4963,-3569,0,5019,0,0,0,0,0,0,0,0,0,4382,0,-3943,-4137,4905,0,0,0,0,4443,0,-3202,0,0,0,-3775,0,4212,0,0,0,0
84433680,Team0,0,0,0,4128,0,0,3872,0,3360,0,0,0,0,-4130,-3933,0,0,0,0,-3756,-4451,3525,0,0,0,0,0,0,0,0,4812,0,0,5107,-5277,0,-2793,0,0
84433704,Team1,0,-3568,0,0,3961,-4375,0,0,0,0,0,0,-4022,0,0,0,0,0,4441,0,-3471,0,0,0,0,0,0,0,5343,-4106,0,-4429,4077,4136,3727,0,0,0,0
84433727,Team0,0,0,-4577,0,0,4198,3497,0,0,0,0,4123,0,0,-3034,0,0,0,0,0,-3371,-4927,0,0,0,0,0,0,0,4316,-4036,-3719,0,3988,0,0,4754,0,0
84433748,Team1,0,3776,0,0,-4399,4547,0,0,3296,0,0,3327,0,0,0,0,0,0,0,0,-4266,0,4369,0,0,0,-3910,0,4062,-3757,0,0,0,0,0,-3927,-4325,0,0
84433812,Team1,0,-3744,0,0,0,0,-3703,0,3928,0,0,0,-3021,0,3437,0,0,0,4204,0,-4396,0,0,0,0,0,0,6335,-3612,0,3416,0,0,0,-4371,0,0,4308,0
84433848,Team0,0,0,0,0,0,0,0,0,0,0,0,4605,0,-4712,0,0,3865,4125,-3519,0,5847,0,0,-3544,0,0,0,0,0,0,0,3597,3529,-3791,-3636,0,0,0,-3354
84433868,Team0,0,0,5394,0,0,4102,-4010,4542,0,0,0,0,0,0,-4155,0,0,-4203,0,-3949,4114,3728,0,4075,0,0,0,0,0,0,0,0,-3158,0,-4371,0,0,0,0
84534598,Team1,0,0,0,0,0,0,3056,0,0,0,0,0,0,-4259,0,0,0,0,0,3714,-3866,0,3854,0,-4387,-4093,4271,0,3221,-3950,4628,0,0,0,0,0,-3362,0,0
84534733,Team0,0,0,4236,-3537,0,0,0,0,0,0,0,3255,0,0,0,0,0,0,0,-3807,0,3436,0,0,0,0,0,-4971,3220,0,0,3823,0,-3661,0,4620,-3497,-4858,0
84534768,Team1,0,-4448,4924,0,0,-4332,-3348,0,0,0,0,-3870,0,0,0,0,-4862,0,0,0,0,5987,4285,0,0,0,0,0,0,4156,3278,0,0,0,4206,0,-3359,0,0
84534806,Team0,0,0,0,0,0,0,-4434,0,0,0,0,-4131,0,0,-2945,0,-3686,-4420,0,3122,5000,0,0,0,0,0,3577,0,0,5120,0,-4203,0,0,0,3929,3359,0,0
84534850,Team0,0,-3782,0,0,0,3943,-3272,0,-3404,0,0,4397,0,-4997,0,0,0,0,0,0,0,3077,0,0,0,0,0,0,0,3832,0,0,0,3618,0,-4314,3505,-3940,0
84534957,Team1,0,0,3922,0,0,3743,0,0,0,0,0,0,0,0,0,0,0,-4340,4164,0,0,-3109,0,3634,0,0,3850,0,3609,-4148,0,-3615,0,0,-5179,-4204,0,0,0
84534976,Team1,0,-4404,0,0,0,-4030,-4420,0,0,4057,0,4245,3386,-4102,0,0,0,0,0,0,3410,0,0,0,0,0,0,0,0,-4546,3552,-4398,0,0,3996,0,0,0,0
84156029,Team1,0,3274,3606,0,0,0,-4018,0,0,-4479,5065,0,4671,0,0,-3790,0,0,0,0,-4736,-3903,0,0,0,0,0,0,4520,0,0,0,0,3630,0,0,0,-4506,0
84156077,Team1,0,0,-3373,0,0,0,4992,0,4077,0,0,0,0,0,0,0,0,0,0,0,-4082,3302,0,3678,0,0,3409,0,4912,-3589,0,0,0,-4190,-4688,0,-3560,0,0
84156078,Team0,0,0,4859,0,0,3650,-4551,0,0,3877,0,0,0,-3485,0,4961,0,-3901,0,0,3500,0,0,4160,0,0,0,-3911,0,0,0,-3688,0,-3783,0,0,0,0,0
84156183,Team1,0,0,-3792,0,4461,0,0,0,0,0,0,0,0,-3480,0,0,0,0,-3929,0,-4498,-3535,-3457,0,3832,0,0,0,0,0,0,3955,0,0,3647,3724,0,0,3747
84156184,Team1,0,0,0,0,0,0,-3812,0,4008,0,0,-4422,0,-3784,0,0,-2985,3389,0,0,5761,0,0,4642,0,0,0,0,-3387,3896,0,0,0,0,0,-3675,3473,0,0
84594563,Team0,0,0,4988,0,0,0,-4049,0,0,0,0,4180,0,4093,0,5363,3517,0,0,0,0,0,-3526,0,0,0,0,-4858,0,0,3974,0,0,-3511,-4005,0,0,-3196,0
84594757,Team1,0,3236,0,0,3480,0,0,0,0,4215,0,-3867,0,0,0,0,0,0,0,0,0,-4063,0,0,0,0,0,0,4656,-4323,0,-3694,4023,-3177,0,0,0,-4757,4481
84626166,Team1,0,0,0,0,0,0,0,0,-4857,0,4003,-3554,0,-4052,0,0,0,-3420,0,0,4256,0,-3723,4775,0,0,4020,0,0,-3384,4696,0,0,0,4066,0,0,0,0
84817641,Team0,0,4929,-3720,0,0,0,0,0,0,0,0,4744,3966,-3973,0,0,0,0,0,-3277,-4051,3871,0,0,0,0,0,0,-4314,3606,0,0,0,0,4171,0,-3590,0,0
84819096,Team0,0,4431,0,0,0,3727,-4130,-3636,0,3398,0,3937,0,3732,0,0,0,-4487,0,0,0,0,0,-4026,0,0,0,5348,0,0,0,0,0,0,-3950,0,0,-3652,0
84819138,Team0,0,0,4165,0,3527,0,-3665,0,0,0,0,-3536,3377,-3380,0,3638,0,-3554,0,0,0,0,0,0,4648,0,-4113,0,0,0,-4172,0,0,0,3901,0,0,0,0
84690575,Team0,0,5053,-4769,0,0,0,0,3506,0,0,0,3867,-4141,0,0,0,4405,-3854,0,0,0,-3819,0,0,0,0,0,0,-4056,0,0,0,0,5165,0,0,5301,-2968,0
84690601,Team0,0,0,-3543,0,0,0,4198,3906,-4134,0,0,0,0,0,3954,0,3360,-3974,-4254,0,3676,0,0,3463,0,0,0,0,-3438,0,0,0,0,0,0,0,0,0,-3530
84690618,Team1,0,0,0,0,0,4858,0,3360,-3739,0,0,4409,0,0,0,0,-4075,0,0,0,-3377,0,-4724,0,5883,0,0,-4121,0,-4692,0,0,3490,4472,0,0,0,0,0
84690628,Team0,0,0,0,0,0,-3752,0,0,0,0,0,-4649,0,0,3524,0,0,3505,0,3712,0,0,-3555,0,0,3313,0,0,-4360,0,0,0,4488,0,-5031,-4582,3948,0,0
84690707,Team0,0,0,-4229,4282,3470,-3758,0,0,-4078,0,0,-4484,0,4065,0,0,0,0,0,0,0,0,0,0,0,0,3869,0,-3558,0,3587,0,0,0,3243,0,0,-3952,0
84690717,Team0,0,0,0,0,0,3325,-3969,3752,0,0,0,3927,-3548,-4396,0,0,0,-4717,-3875,0,0,0,0,0,0,0,0,3901,0,-4446,0,0,0,3861,3941,0,0,0,0
84690766,Team0,0,0,-4150,-3341,0,-3817,0,0,0,0,0,4392,0,0,0,-3443,3786,0,0,0,0,-3586,0,3521,0,4639,-4398,0,0,0,0,0,0,0,3691,0,0,3494,0
84690768,Team0,0,0,-3235,0,0,0,0,0,0,0,4147,-4221,0,0,0,0,-4653,-4203,4316,0,0,-3715,0,0,0,0,0,3625,0,4039,0,0,0,3998,0,0,-3738,0,4462
84655913,Team1,0,0,3552,-4930,0,-3972,0,0,0,4026,0,0,3636,0,0,0,0,3456,-3409,0,3466,0,0,0,-3491,0,0,0,3194,0,0,0,0,-4017,-4030,0,0,0,0
84658561,Team0,0,0,0,0,0,0,0,0,0,0,-3474,3866,-3477,0,0,0,0,0,0,0,0,0,0,0,-4060,0,0,3711,-3466,0,0,3962,0,-4503,-4459,0,0,0,0
84940234,Team1,0,0,4015,0,0,0,0,3467,0,0,0,0,5122,0,0,0,0,0,0,0,0,0,-3909,3703,0,0,4120,4145,-4023,-4157,-5293,0,-3934,0,-3693,0,0,0,0
84940252,Team0,0,0,4648,0,0,-4011,-4657,-4186,0,0,0,-5879,0,-6435,0,0,3548,0,0,0,0,0,0,0,4328,0,0,0,4268,-6081,0,0,0,0,3813,0,0,0,3873
84940287,Team0,0,0,5589,0,0,-4532,-3868,0,3736,0,0,0,0,0,3716,0,0,0,0,0,-4636,-4020,0,3469,0,-4796,0,0,0,0,3216,0,0,0,0,4237,-3144,0,0
84940357,Team0,0,0,0,-3121,4198,-4201,-3125,0,0,0,0,0,0,4410,0,0,0,-4541,0,0,0,-3606,0,0,0,0,0,0,0,3637,3500,-3845,0,0,3921,0,4382,0,0
84940371,Team0,0,0,0,0,0,0,0,0,0,-5509,4951,-4000,4369,4384,0,0,-4462,0,0,0,0,0,0,-5156,0,0,0,4367,0,4252,0,0,0,4828,-4293,-4422,0,0,0
84940375,Team0,0,0,0,0,0,3950,3694,3821,0,-3251,0,-3715,0,0,4092,0,0,-3778,3571,-3872,0,0,0,-3554,4786,0,0,0,0,0,0,0,-3268,0,0,0,0,0,0
84940480,Team1,0,0,0,0,0,0,4513,3795,0,0,0,0,3743,0,0,-3737,0,-3602,0,0,5335,-4474,0,-3909,0,0,0,0,0,0,-3793,0,0,0,0,0,-3869,3562,3969
84940507,Team0,0,0,0,0,0,0,3415,0,0,-4632,0,-4036,0,-4241,4620,-6035,0,0,3447,0,3946,0,0,0,0,0,-4359,-4288,0,0,0,0,0,0,3700,0,0,4282,0
84940706,Team1,0,0,4320,0,0,-4529,-4203,-4599,3365,0,0,3847,-3982,0,0,0,0,0,0,0,-3725,0,0,0,0,0,0,0,-4463,0,0,0,0,4429,0,0,0,4344,3705
84940708,Team1,0,0,0,0,0,0,0,0,0,0,0,0,0,0,0,0,-4230,0,0,0,0,0,0,0,0,0,0,0,0,0,0,0,0,0,0,0,0,0,0
84281352,Team1,0,0,5734,0,-2810,0,0,0,0,0,0,-4829,0,0,0,0,0,0,0,0,4088,0,0,0,4808,4201,0,0,0,0,0,3502,0,0,0,0,5723,0,0
84281367,Team0,0,0,0,0,-4455,0,0,0,4072,3673,0,-3727,0,0,0,5240,0,0,0,-5849,0,0,0,-5895,0,0,-5163,3547,4060,0,0,0,0,0,-3965,0,3394,0,0
84281460,Team0,0,0,-3668,0,0,0,-3268,0,0,3464,0,4040,-5079,-3429,0,4126,0,-4267,0,0,4272,3365,0,0,0,0,0,4643,0,0,0,0,0,0,0,0,0,-4223,0
84281475,Team0,0,0,0,-3432,-3902,3721,0,0,0,0,0,0,0,0,0,0,-4660,0,3626,0,0,4409,0,0,0,0,0,-3504,4359,0,-4288,0,0,0,4105,0,-3014,3741,0
84281527,Team1,0,3629,-3800,0,0,0,0,0,0,3786,0,-5064,0,0,-4346,0,-3568,0,0,0,0,0,-4860,3683,0,0,3719,0,0,4637,-4589,0,0,2844,0,0,0,0,0
84281561,Team1,0,0,0,0,-3491,-4942,0,0,3301,-3488,0,3045,-3406,0,0,0,0,3402,0,0,0,0,3040,0,0,0,0,-3444,-4990,3893,0,0,0,0,0,0,0,0,3064
84281585,Team0,0,0,0,0,0,3902,4407,-3113,-3973,0,4143,0,0,4327,0,3785,0,0,0,-3918,-3426,0,0,0,0,3625,0,0,0,-3682,0,0,0,0,-3630,0,0,0,0
84281601,Team0,0,0,0,-3713,0,0,0,0,3869,0,4573,4392,0,4729,4119,0,-3789,0,-4010,0,0,-4156,0,0,0,3746,0,0,-4631,0,-3926,0,0,0,0,0,0,0,0
84281619,Team1,-1,0,0,0,0,-4198,-4416,0,0,0,-4468,-4093,0,0,0,0,0,-4155,3665,0,3139,3748,0,0,0,0,0,0,4108,0,0,0,0,0,3619,0,-4238,0,3317
84126453,Team0,0,0,0,0,0,0,0,0,0,0,0,0,0,0,0,3971,0,0,0,0,0,0,0,0,0,0,0,0,0,0,0,0,0,0,0,0,0,0,0
84126457,Team0,0,0,-3640,0,0,0,0,-3688,0,4085,0,-3562,0,4990,0,0,0,0,0,0,4895,0,0,-3395,4099,0,-3853,0,4317,-3412,0,0,0,0,3730,0,0,0,0
84126519,Team0,0,0,0,0,0,0,0,0,0,0,0,-4142,3844,0,0,0,3571,0,4257,-4552,-3381,0,3374,-3530,0,0,-3842,0,4607,0,0,0,0,0,3883,0,0,-4368,0
84126532,Team1,0,0,-4600,0,0,-4988,0,0,-3537,0,0,3512,0,0,0,0,4754,0,0,0,4913,5357,0,0,0,0,0,0,0,3689,0,0,0,0,-3482,0,3485,-4152,-3302
84126533,Team0,0,4982,0,0,0,0,4559,0,-3732,-3987,0,4250,0,3420,0,0,0,0,0,0,-3285,-3638,3869,0,0,0,0,-3738,0,0,0,0,0,3924,0,0,0,-4383,0
84126567,Team1,0,0,0,0,0,-3331,3745,0,0,0,0,0,-3055,5051,0,0,0,4050,0,-3917,0,0,3509,0,0,0,3410,0,-4791,0,0,-3831,0,0,0,0,0,4684,-4796
84126630,Team1,0,0,3115,0,0,-4501,0,0,0,0,0,-5356,0,0,0,-4161,3724,0,0,0,0,0,4089,0,0,0,0,4973,2999,-6522,-4673,-4948,0,0,0,4198,0,0,0
84126682,Team1,0,0,4590,0,0,4359,4974,0,-3442,-3638,0,-3201,0,0,0,0,-5589,4353,0,0,-5339,0,0,0,0,0,0,0,-3924,0,0,0,0,0,4304,0,4284,0,0
84126700,Team1,0,0,0,0,0,3599,0,0,0,0,-3825,0,0,0,0,0,0,0,0,3587,-3771,3523,4179,0,0,0,0,4001,3722,0,0,0,0,0,-3483,-3155,0,0,0
84848074,Team0,0,4304,0,0,0,0,0,0,-3553,0,0,0,0,4362,0,-4506,0,0,0,0,4302,-4064,0,0,-3069,0,0,0,0,0,-3289,4302,0,0,5730,-3593,0,4492,0
84848109,Team0,0,4570,0,-3440,0,0,-4441,0,0,0,0,0,4125,-3434,0,0,0,-4208,0,0,-3049,3372,0,0,3499,0,0,0,0,4187,0,-5204,0,0,2743,0,0,0,0
84848135,Team1,0,0,-3605,0,0,-4010,-3666,0,0,3762,-3560,0,0,0,4273,0,0,0,0,4224,0,-3640,0,0,3901,3752,3724,0,-3974,0,0,0,0,0,0,0,0,0,0
84848202,Team1,0,0,0,0,0,0,0,0,0,4252,-3466,-5801,0,0,0,3775,0,-4189,0,0,0,0,0,0,0,-4353,0,0,4427,4959,0,0,-4623,5252,3178,0,0,0,-3371
84848211,Team1,0,0,0,0,0,0,0,0,0,0,0,0,0,0,0,-3916,3763,0,-4027,0,-3412,-3870,0,-3935,4514,3185,0,0,3532,0,-3776,0,0,0,3989,0,3497,0,0
84848241,Team0,0,0,0,0,0,3661,-3994,-4046,0,0,0,0,3787,0,-5036,0,-3994,0,4043,0,0,3737,0,0,3682,3344,0,0,0,-3542,0,0,0,0,-3663,0,0,0,0
84848242,Team0,0,-4480,4752,3610,0,-3616,0,0,3449,0,0,-4681,-3309,0,0,0,0,-4009,4096,0,0,0,0,0,3688,0,0,3893,0,0,0,0,0,0,0,0,-3801,0,0
84907585,Team1,0,3952,0,0,0,0,0,5023,-4048,0,0,0,4332,-3494,0,-4735,0,-3437,0,0,0,3388,0,0,0,-5221,0,0,3363,-4571,5152,0,0,0,0,0,0,0,0
84907625,Team1,0,0,0,0,0,-3797,0,0,3633,-3428,0,-3356,0,0,3674,0,0,3728,0,3600,-3178,-3557,0,0,0,0,0,0,0,3961,0,3841,0,0,-3813,0,0,0,0
84907637,Team0,0,0,-4096,2980,0,0,0,0,0,-3483,0,4426,-3107,-3951,0,0,0,-4092,3507,0,4730,0,0,0,0,0,3695,0,0,-3844,0,0,0,0,3569,0,0,0,0
84907657,Team1,0,0,0,0,0,0,0,0,0,0,0,0,0,0,0,0,0,0,0,-5647,3491,0,0,-4409,0,0,0,0,4616,3708,3700,-4908,3964,0,0,-4812,3153,-4074,-4176
84907675,Team1,0,0,3155,-3449,0,-4113,0,0,0,0,0,3698,0,0,3453,0,0,-4380,0,0,3819,0,0,0,0,0,0,-4125,0,0,4235,3050,-3744,0,0,-4014,0,0,0
84907695,Team0,0,3680,-3579,0,4001,0,0,0,4243,0,0,0,0,0,0,0,-4043,0,0,0,0,4307,0,0,0,0,0,-4401,-4300,0,-3174,0,0,4476,3867,0,-3514,0,0
84907762,Team1,0,0,-4648,0,-3178,0,0,0,-4557,0,-4305,0,0,3676,0,0,0,0,0,0,-4512,0,0,-2894,0,0,0,4483,4329,4677,3546,4640,0,0,0,0,0,0,0
84907764,Team1,0,0,0,3437,-3550,0,-4865,0,-3692,0,0,4244,0,4040,0,0,0,0,0,3689,-4859,4216,0,0,0,0,0,0,0,0,-3372,-4277,0,4764,0,0,0,0,0
84034396,Team1,0,-4991,0,0,4047,3702,3067,0,0,0,-5643,0,0,-4481,0,4764,0,0,0,0,-4230,0,0,-5742,0,0,0,0,0,-4913,0,0,0,0,0,3286,4842,0,0
84034438,Team1,0,0,3410,0,-3760,-4975,0,0,0,0,-4197,-5126,0,0,0,0,3530,0,4291,0,0,-4341,0,0,0,0,-5235,0,5330,0,4279,0,0,0,0,0,5193,0,0
84034633,Team1,0,0,0,0,0,0,0,0,-4986,0,0,0,0,-3563,0,0,0,4179,0,4533,0,3595,0,3482,0,-3796,0,0,4027,-3699,0,0,3409,0,0,-3559,0,0,-4401
84036009,Team1,0,-3596,0,0,-4833,0,4143,0,0,0,0,0,0,3498,0,3322,0,-3618,3654,0,0,0,-4493,0,0,0,0,-3934,0,0,3350,0,-3997,0,0,0,0,4139,0
84036466,Team0,0,3697,0,0,0,0,0,0,0,3956,-3533,5321,0,4021,-4442,0,0,0,-3412,0,-3804,0,0,0,0,0,3554,-4212,0,-3777,3527,0,0,0,0,0,0,0,0
84758481,Team1,0,0,-3721,0,0,0,0,0,0,3216,0,3703,0,-4151,0,0,0,0,-3840,0,-3533,-3140,0,0,3225,0,0,0,0,-4024,0,3229,0,3783,0,0,0,0,3405
84758482,Team1,0,0,-5211,0,0,0,0,3963,4389,5341,0,0,0,0,4739,-3920,0,0,0,0,0,0,0,0,0,4261,0,0,-3195,0,-4377,0,0,-3426,0,0,-4390,3790,0
84758501,Team1,0,-4061,-4841,0,0,0,0,0,0,4178,0,0,0,0,0,0,0,0,0,0,4933,-3592,0,0,3388,0,0,4307,4165,0,0,0,0,0,-4256,0,-4686,-3892,3641
84758533,Team0,0,0,-4823,0,-4018,0,4094,4810,-3691,0,3427,4366,0,3988,0,0,0,0,0,0,0,-3808,0,-3734,0,0,0,0,0,0,0,0,0,4387,0,0,-3454,0,0
84758535,Team0,0,0,-4362,0,0,0,4806,3823,-3529,0,0,0,0,-3559,0,0,4507,0,0,0,5102,0,0,0,0,0,0,0,0,4363,0,0,0,0,4088,-3415,0,-3938,-3616
84758562,Team1,0,0,-3472,0,0,-5143,0,-3054,0,0,0,0,0,3356,0,0,0,0,3863,0,-3536,-4535,0,0,4217,4235,0,0,0,0,0,0,0,0,4271,0,-3725,4079,0
84758718,Team0,0,0,-4396,3791,0,-3344,0,4356,0,0,0,0,0,0,-3539,0,0,0,0,0,0,0,0,0,0,-4028,0,0,0,4057,0,-3838,0,4968,5629,0,0,4742,-3431
84400753,Team0,0,0,0,3801,0,-3996,0,-3535,-3936,0,0,0,0,4437,0,0,0,3941,0,0,-4681,0,0,4708,0,0,0,0,-4363,0,0,3924,0,4419,-3968,0,0,0,0
84400778,Team1,0,0,3692,0,3996,0,0,3732,0,0,0,0,0,3729,0,0,0,0,0,0,4698,0,3696,0,0,0,0,0,0,-4638,-2989,-4444,0,0,-4968,0,0,-3151,-3478
84789678,Team1,0,0,0,0,0,0,0,0,0,0,0,0,0,0,0,0,0,0,0,0,0,0,0,0,0,-3798,0,-5090,0,4270,0,0,0,-4599,0,0,0,0,4120
84789691,Team0,0,0,-3678,0,0,0,3478,-3669,5301,0,3795,0,0,0,0,0,0,-3746,-3933,4472,3484,0,0,4183,0,0,0,0,0,-4558,0,0,0,0,-4182,0,0,0,0
84789719,Team1,0,0,0,0,0,0,0,0,4168,0,0,0,0,0,3490,-4153,0,0,3689,0,3754,-6202,0,0,0,0,0,-4002,-4218,4696,0,0,0,0,0,-3819,-3499,0,3540
84789724,Team0,0,0,-3694,0,-4169,3663,3800,4193,3870,-3895,0,0,0,0,0,-3574,0,0,0,0,0,0,0,0,4863,0,0,0,0,3474,0,0,0,-3891,-3564,0,0,0,0
84789817,Team0,0,0,-3837,0,0,0,0,0,0,0,-3229,0,0,4967,0,4814,0,4207,0,0,0,-4415,0,3620,0,0,0,0,-3854,0,0,0,0,-4429,-4313,0,4240,3578,0
84789885,Team1,0,0,-5294,0,4588,0,-3912,0,-3706,0,0,-4544,0,4505,0,0,0,0,0,3913,-4411,0,0,0,0,0,0,0,0,0,0,-3683,0,0,3419,0,3890,0,3702
84467130,Team0,0,0,0,0,0,3168,0,0,0,0,0,0,0,0,0,0,0,3797,0,0,-4510,0,0,0,0,0,0,0,0,0,0,0,0,-4097,-3638,0,0,-3986,0
84467212,Team0,0,0,1974,0,0,0,0,3739,4540,-3827,0,0,0,0,-4522,0,0,4963,0,0,-3302,0,0,0,0,0,-5543,0,-4917,-5365,0,0,0,0,3667,0,0,3694,0
84467371,Team0,0,0,5568,0,0,0,0,0,-4271,-2835,2871,4841,0,0,0,0,4818,0,0,0,5042,4718,0,0,0,0,0,-3431,-5288,0,-4615,0,0,0,0,0,0,0,-4561
84467386,Team1,0,3799,0,0,0,3806,0,0,0,-4185,0,2853,0,0,0,-3829,0,0,0,0,-3845,-3477,0,3945,0,0,3399,0,0,0,0,2984,0,0,-4420,0,0,-4827,0
84467619,Team1,0,0,-4083,0,3975,-3831,0,0,0,0,0,3775,0,0,0,0,0,0,0,0,0,0,0,-4376,3333,0,3119,0,-5350,3931,0,-3779,0,0,0,0,3684,-4989,0
84726273,Team0,0,0,0,0,0,0,0,0,0,0,0,0,0,0,0,0,0,5077,0,0,0,0,0,0,0,0,0,0,0,0,0,0,0,0,0,0,0,0,0
84726274,Team0,0,0,3916,0,0,0,-4891,0,4407,0,3205,-4003,0,0,0,5046,-5038,0,-4773,0,3853,0,0,0,0,0,0,0,0,0,0,0,0,5097,0,-4628,0,-3790,0
84726454,Team1,0,5115,0,4099,-3266,0,0,0,0,-3582,0,0,0,3452,0,0,3908,0,0,0,3408,0,0,-3270,0,0,0,0,0,0,-5036,4077,-3472,0,-3183,0,0,0,0
84726457,Team1,0,0,0,3688,0,-4220,0,-4301,0,0,0,-3887,3355,0,0,0,4073,3408,0,0,0,0,0,0,0,0,0,3898,0,-3952,0,0,0,0,-3756,0,0,3566,-3157
84726479,Team0,0,0,0,0,0,0,-3684,4067,0,0,0,-3925,0,0,0,0,-3799,-3398,3785,0,0,-4184,0,4043,0,0,0,0,0,4687,0,0,0,3644,0,0,-4361,0,4322
84726502,Team1,0,0,0,0,3875,0,0,-4543,-5247,0,0,4064,0,0,4201,0,0,0,0,-4066,0,0,0,3757,-5404,0,0,3688,0,0,0,0,0,0,-4250,0,3207,-3870,0
84726541,Team1,0,0,-3768,3919,0,4031,0,0,0,0,3414,0,0,0,-3265,4227,-4767,0,0,0,4202,3726,0,0,0,0,0,0,-3830,0,0,0,0,0,-5361,-3843,0,0,0
84726545,Team1,0,0,3884,3843,-3557,-3781,0,-4347,0,0,0,0,0,0,0,-3749,0,0,0,0,0,-2635,4574,3559,0,-3532,0,4798,0,0,0,3998,0,0,0,0,0,0,0
84726553,Team0,0,0,-3793,0,0,0,0,0,0,4797,0,0,0,-3671,0,3820,0,-3117,0,0,0,2856,-4111,0,4311,0,0,-4596,0,0,0,0,0,0,0,-4543,0,3968,3810
84726592,Team0,0,0,-4456,0,0,0,0,3363,0,0,0,3749,0,-3686,0,-3282,0,-3909,0,0,4765,-3715,0,0,0,0,0,0,0,3909,0,0,0,3707,3706,0,0,-4032,0
84726626,Team0,0,0,-3626,0,0,4399,0,0,0,0,4376,3879,0,0,0,4613,-4407,0,0,0,0,3717,0,0,0,0,0,-4293,-3688,3507,-2877,-3285,0,0,0,0,0,0,0
84726648,Team0,0,0,-2738,0,0,3918,4442,0,0,0,0,0,0,0,0,4233,0,3617,0,0,-4571,-4097,0,-4389,0,4768,0,-4430,0,0,0,0,4187,0,0,0,-4047,0,0
84311189,Team1,0,0,0,0,5008,0,0,0,0,0,0,-2820,0,0,0,0,-3658,-4373,0,0,4181,0,4020,5668,3636,0,0,0,-3595,0,0,0,3269,0,-3710,0,-3832,0,0
84311440,Team0,0,-3703,0,0,0,0,0,0,0,0,0,-3577,0,0,3515,0,0,0,0,0,-3938,0,0,0,3730,0,0,4158,-2790,0,3631,5118,-5096,0,0,4109,-5716,0,0
84311487,Team0,0,0,0,0,-3964,-4501,0,0,0,0,0,4362,0,3328,-3458,0,0,4694,-4351,4791,0,0,0,0,0,0,-4034,0,-3727,0,0,0,0,0,3767,0,3855,0,0
84311870,Team0,0,7023,-4629,3897,-4687,-5203,0,0,0,0,0,0,4782,-3848,4812,0,0,0,0,0,0,0,0,0,0,0,0,0,0,0,0,0,0,3709,-4365,0,-3927,4507,0
84312411,Team0,0,0,0,0,0,0,3764,0,4142,0,0,0,0,0,0,4383,0,0,0,0,0,0,-3363,-3867,3977,0,0,-3829,-3950,-3877,0,3494,0,-3765,0,0,0,0,3628
84185611,Team0,0,-3882,0,0,3228,0,0,0,0,0,-4326,-3753,-3482,0,0,4768,5165,0,0,0,-3515,0,0,0,0,0,0,5691,0,0,5177,4559,0,-3487,0,0,0,0,0
84185626,Team0,0,0,4062,0,4072,3615,0,0,0,0,0,0,0,-3312,0,0,0,-3737,0,-3660,3567,0,0,0,0,0,-4053,0,0,0,0,4482,0,0,4106,0,-3412,0,-4304
84185643,Team0,0,0,0,3645,0,0,0,0,0,-3488,0,0,0,0,0,-4919,-5449,0,0,0,4377,0,0,-3783,0,0,0,-4326,0,0,-4898,3725,0,3526,4678,3399,0,0,0
84185644,Team0,0,0,-4024,0,0,3370,3523,4273,0,0,0,4090,0,0,0,0,0,0,0,0,-4097,-3630,0,0,0,0,0,0,-3716,0,3998,0,3665,-4378,0,0,-3872,0,0
84185677,Team1,0,4289,-4866,0,0,-3359,0,0,3784,0,0,0,0,0,0,0,4624,-4618,0,0,0,0,0,3502,0,0,0,4736,0,0,0,0,0,0,-5358,0,-4352,4961,-3504
84185754,Team1,0,-4689,0,-3021,0,0,4256,0,0,0,0,4260,0,0,0,0,4023,0,0,0,0,0,0,0,3325,0,0,0,0,-5276,0,0,-4038,3620,-4690,0,4310,0,-3177
84185790,Team0,0,0,0,0,0,0,3522,0,0,0,0,0,0,5165,3989,0,-4475,0,4025,0,-3905,0,0,0,0,3962,0,-4702,-4940,-4469,4737,0,0,0,0,0,-4317,0,0
84185809,Team0,0,0,0,0,0,-4368,-3765,0,5229,0,0,0,0,3728,0,0,0,2969,0,3536,0,-4189,-3243,-4964,0,3913,0,0,0,0,0,0,0,0,0,0,3466,0,-4874
84185826,Team1,0,0,0,0,-4275,0,0,0,0,0,0,0,0,3744,0,-4816,0,0,4165,-5039,0,0,0,4787,3783,0,-3555,0,0,0,4071,0,0,-4390,3941,0,-3006,0,0
84185863,Team1,0,0,0,0,0,0,0,0,0,0,0,4705,0,-3767,0,0,0,0,-4029,0,0,0,0,0,0,0,0,0,0,0,0,0,3940,0,3940,0,3340,0,0
